
===========================================================================
report_checks -path_delay max (Setup)
============================================================================
======================= nom_ff_n40C_1v95 Corner ===================================

Startpoint: wbs_adr_i[31] (input port clocked by clk)
Endpoint: _153_ (rising edge-triggered flip-flop clocked by clk)
Path Group: clk
Path Type: max

Fanout         Cap        Slew       Delay        Time   Description
---------------------------------------------------------------------------------------------
                                  0.000000    0.000000   clock clk (rise edge)
                                  5.570000    5.570000   clock network delay (propagated)
                                  3.890000    9.460000 v input external delay
     2    0.003828    0.920000    0.000000    9.460000 v wbs_adr_i[31] (in)
                                                         wbs_adr_i[31] (net)
                      0.920090    0.000046    9.460047 v hold150/A (sky130_fd_sc_hd__dlygate4sd3_1)
     1    0.004199    0.043711    0.629771   10.089817 v hold150/X (sky130_fd_sc_hd__dlygate4sd3_1)
                                                         net424 (net)
                      0.043711    0.000125   10.089943 v input102/A (sky130_fd_sc_hd__clkbuf_8)
     3    0.073303    0.066788    0.130318   10.220261 v input102/X (sky130_fd_sc_hd__clkbuf_8)
                                                         net102 (net)
                      0.074194    0.017360   10.237620 v hold151/A (sky130_fd_sc_hd__dlygate4sd3_1)
     3    0.063573    0.223911    0.558421   10.796041 v hold151/X (sky130_fd_sc_hd__dlygate4sd3_1)
                                                         net425 (net)
                      0.225790    0.017176   10.813217 v _043_/A (sky130_fd_sc_hd__nor4b_1)
     1    0.003365    0.178113    0.260720   11.073937 ^ _043_/Y (sky130_fd_sc_hd__nor4b_1)
                                                         _034_ (net)
                      0.178113    0.000109   11.074047 ^ hold152/A (sky130_fd_sc_hd__dlygate4sd3_1)
     1    0.003392    0.041051    0.403876   11.477923 ^ hold152/X (sky130_fd_sc_hd__dlygate4sd3_1)
                                                         net426 (net)
                      0.041051    0.000107   11.478029 ^ wire266/A (sky130_fd_sc_hd__buf_2)
     1    0.012923    0.052822    0.089879   11.567908 ^ wire266/X (sky130_fd_sc_hd__buf_2)
                                                         net266 (net)
                      0.052833    0.000773   11.568682 ^ hold153/A (sky130_fd_sc_hd__dlygate4sd3_1)
     5    0.040146    0.304099    0.580563   12.149244 ^ hold153/X (sky130_fd_sc_hd__dlygate4sd3_1)
                                                         net427 (net)
                      0.304135    0.003528   12.152773 ^ fanout263/A (sky130_fd_sc_hd__buf_4)
     1    0.004123    0.027283    0.096059   12.248832 ^ fanout263/X (sky130_fd_sc_hd__buf_4)
                                                         net263 (net)
                      0.027283    0.000117   12.248949 ^ hold154/A (sky130_fd_sc_hd__dlygate4sd3_1)
    33    0.120171    0.890399    0.984111   13.233060 ^ hold154/X (sky130_fd_sc_hd__dlygate4sd3_1)
                                                         net428 (net)
                      0.890405    0.002001   13.235061 ^ _120_/B (sky130_fd_sc_hd__and3_1)
     1    0.005247    0.064373    0.128230   13.363291 ^ _120_/X (sky130_fd_sc_hd__and3_1)
                                                         _017_ (net)
                      0.064373    0.000213   13.363503 ^ _153_/D (sky130_fd_sc_hd__dfrtp_4)
                                             13.363503   data arrival time

                                 25.000000   25.000000   clock clk (rise edge)
                                  4.650000   29.650000   clock source latency
     2    0.031002    0.610000    0.000000   29.650000 ^ clk (in)
                                                         clk (net)
                      0.616595    0.003215   29.653214 ^ wire3/A (sky130_fd_sc_hd__buf_4)
     3    0.045136    0.104020    0.149717   29.802931 ^ wire3/X (sky130_fd_sc_hd__buf_4)
                                                         net274 (net)
                      0.104711    0.006548   29.809479 ^ wire2/A (sky130_fd_sc_hd__buf_6)
     3    0.077490    0.119211    0.132324   29.941803 ^ wire2/X (sky130_fd_sc_hd__buf_6)
                                                         net273 (net)
                      0.123514    0.017174   29.958977 ^ wire1/A (sky130_fd_sc_hd__buf_6)
     3    0.079823    0.122571    0.136748   30.095724 ^ wire1/X (sky130_fd_sc_hd__buf_6)
                                                         net272 (net)
                      0.127195    0.018051   30.113775 ^ clkbuf_0_clk/A (sky130_fd_sc_hd__clkbuf_16)
     9    0.099027    0.088852    0.148049   30.261824 ^ clkbuf_0_clk/X (sky130_fd_sc_hd__clkbuf_16)
                                                         clknet_0_clk (net)
                      0.089797    0.007091   30.268915 ^ clkbuf_2_3__f_clk/A (sky130_fd_sc_hd__clkbuf_16)
    21    0.071648    0.068794    0.122146   30.391062 ^ clkbuf_2_3__f_clk/X (sky130_fd_sc_hd__clkbuf_16)
                                                         clknet_2_3__leaf_clk (net)
                      0.072090    0.011344   30.402405 ^ _153_/CLK (sky130_fd_sc_hd__dfrtp_4)
                                 -0.087500   30.314905   clock uncertainty
                                  0.000000   30.314905   clock reconvergence pessimism
                                 -0.039251   30.275656   library setup time
                                             30.275656   data required time
---------------------------------------------------------------------------------------------
                                             30.275656   data required time
                                            -13.363503   data arrival time
---------------------------------------------------------------------------------------------
                                             16.912149   slack (MET)


Startpoint: wbs_adr_i[31] (input port clocked by clk)
Endpoint: _157_ (rising edge-triggered flip-flop clocked by clk)
Path Group: clk
Path Type: max

Fanout         Cap        Slew       Delay        Time   Description
---------------------------------------------------------------------------------------------
                                  0.000000    0.000000   clock clk (rise edge)
                                  5.570000    5.570000   clock network delay (propagated)
                                  3.890000    9.460000 v input external delay
     2    0.003828    0.920000    0.000000    9.460000 v wbs_adr_i[31] (in)
                                                         wbs_adr_i[31] (net)
                      0.920090    0.000046    9.460047 v hold150/A (sky130_fd_sc_hd__dlygate4sd3_1)
     1    0.004199    0.043711    0.629771   10.089817 v hold150/X (sky130_fd_sc_hd__dlygate4sd3_1)
                                                         net424 (net)
                      0.043711    0.000125   10.089943 v input102/A (sky130_fd_sc_hd__clkbuf_8)
     3    0.073303    0.066788    0.130318   10.220261 v input102/X (sky130_fd_sc_hd__clkbuf_8)
                                                         net102 (net)
                      0.074194    0.017360   10.237620 v hold151/A (sky130_fd_sc_hd__dlygate4sd3_1)
     3    0.063573    0.223911    0.558421   10.796041 v hold151/X (sky130_fd_sc_hd__dlygate4sd3_1)
                                                         net425 (net)
                      0.225790    0.017176   10.813217 v _043_/A (sky130_fd_sc_hd__nor4b_1)
     1    0.003365    0.178113    0.260720   11.073937 ^ _043_/Y (sky130_fd_sc_hd__nor4b_1)
                                                         _034_ (net)
                      0.178113    0.000109   11.074047 ^ hold152/A (sky130_fd_sc_hd__dlygate4sd3_1)
     1    0.003392    0.041051    0.403876   11.477923 ^ hold152/X (sky130_fd_sc_hd__dlygate4sd3_1)
                                                         net426 (net)
                      0.041051    0.000107   11.478029 ^ wire266/A (sky130_fd_sc_hd__buf_2)
     1    0.012923    0.052822    0.089879   11.567908 ^ wire266/X (sky130_fd_sc_hd__buf_2)
                                                         net266 (net)
                      0.052833    0.000773   11.568682 ^ hold153/A (sky130_fd_sc_hd__dlygate4sd3_1)
     5    0.040146    0.304099    0.580563   12.149244 ^ hold153/X (sky130_fd_sc_hd__dlygate4sd3_1)
                                                         net427 (net)
                      0.304135    0.003528   12.152773 ^ fanout263/A (sky130_fd_sc_hd__buf_4)
     1    0.004123    0.027283    0.096059   12.248832 ^ fanout263/X (sky130_fd_sc_hd__buf_4)
                                                         net263 (net)
                      0.027283    0.000117   12.248949 ^ hold154/A (sky130_fd_sc_hd__dlygate4sd3_1)
    33    0.120171    0.890399    0.984111   13.233060 ^ hold154/X (sky130_fd_sc_hd__dlygate4sd3_1)
                                                         net428 (net)
                      0.890444    0.005481   13.238541 ^ _124_/B (sky130_fd_sc_hd__and3_1)
     1    0.003480    0.054386    0.116812   13.355352 ^ _124_/X (sky130_fd_sc_hd__and3_1)
                                                         _021_ (net)
                      0.054387    0.000116   13.355469 ^ _157_/D (sky130_fd_sc_hd__dfrtp_4)
                                             13.355469   data arrival time

                                 25.000000   25.000000   clock clk (rise edge)
                                  4.650000   29.650000   clock source latency
     2    0.031002    0.610000    0.000000   29.650000 ^ clk (in)
                                                         clk (net)
                      0.616595    0.003215   29.653214 ^ wire3/A (sky130_fd_sc_hd__buf_4)
     3    0.045136    0.104020    0.149717   29.802931 ^ wire3/X (sky130_fd_sc_hd__buf_4)
                                                         net274 (net)
                      0.104711    0.006548   29.809479 ^ wire2/A (sky130_fd_sc_hd__buf_6)
     3    0.077490    0.119211    0.132324   29.941803 ^ wire2/X (sky130_fd_sc_hd__buf_6)
                                                         net273 (net)
                      0.123514    0.017174   29.958977 ^ wire1/A (sky130_fd_sc_hd__buf_6)
     3    0.079823    0.122571    0.136748   30.095724 ^ wire1/X (sky130_fd_sc_hd__buf_6)
                                                         net272 (net)
                      0.127195    0.018051   30.113775 ^ clkbuf_0_clk/A (sky130_fd_sc_hd__clkbuf_16)
     9    0.099027    0.088852    0.148049   30.261824 ^ clkbuf_0_clk/X (sky130_fd_sc_hd__clkbuf_16)
                                                         clknet_0_clk (net)
                      0.089797    0.007091   30.268915 ^ clkbuf_2_3__f_clk/A (sky130_fd_sc_hd__clkbuf_16)
    21    0.071648    0.068794    0.122146   30.391062 ^ clkbuf_2_3__f_clk/X (sky130_fd_sc_hd__clkbuf_16)
                                                         clknet_2_3__leaf_clk (net)
                      0.071386    0.010012   30.401073 ^ _157_/CLK (sky130_fd_sc_hd__dfrtp_4)
                                 -0.087500   30.313574   clock uncertainty
                                  0.000000   30.313574   clock reconvergence pessimism
                                 -0.038302   30.275270   library setup time
                                             30.275270   data required time
---------------------------------------------------------------------------------------------
                                             30.275270   data required time
                                            -13.355469   data arrival time
---------------------------------------------------------------------------------------------
                                             16.919804   slack (MET)


Startpoint: wbs_adr_i[31] (input port clocked by clk)
Endpoint: _156_ (rising edge-triggered flip-flop clocked by clk)
Path Group: clk
Path Type: max

Fanout         Cap        Slew       Delay        Time   Description
---------------------------------------------------------------------------------------------
                                  0.000000    0.000000   clock clk (rise edge)
                                  5.570000    5.570000   clock network delay (propagated)
                                  3.890000    9.460000 v input external delay
     2    0.003828    0.920000    0.000000    9.460000 v wbs_adr_i[31] (in)
                                                         wbs_adr_i[31] (net)
                      0.920090    0.000046    9.460047 v hold150/A (sky130_fd_sc_hd__dlygate4sd3_1)
     1    0.004199    0.043711    0.629771   10.089817 v hold150/X (sky130_fd_sc_hd__dlygate4sd3_1)
                                                         net424 (net)
                      0.043711    0.000125   10.089943 v input102/A (sky130_fd_sc_hd__clkbuf_8)
     3    0.073303    0.066788    0.130318   10.220261 v input102/X (sky130_fd_sc_hd__clkbuf_8)
                                                         net102 (net)
                      0.074194    0.017360   10.237620 v hold151/A (sky130_fd_sc_hd__dlygate4sd3_1)
     3    0.063573    0.223911    0.558421   10.796041 v hold151/X (sky130_fd_sc_hd__dlygate4sd3_1)
                                                         net425 (net)
                      0.225790    0.017176   10.813217 v _043_/A (sky130_fd_sc_hd__nor4b_1)
     1    0.003365    0.178113    0.260720   11.073937 ^ _043_/Y (sky130_fd_sc_hd__nor4b_1)
                                                         _034_ (net)
                      0.178113    0.000109   11.074047 ^ hold152/A (sky130_fd_sc_hd__dlygate4sd3_1)
     1    0.003392    0.041051    0.403876   11.477923 ^ hold152/X (sky130_fd_sc_hd__dlygate4sd3_1)
                                                         net426 (net)
                      0.041051    0.000107   11.478029 ^ wire266/A (sky130_fd_sc_hd__buf_2)
     1    0.012923    0.052822    0.089879   11.567908 ^ wire266/X (sky130_fd_sc_hd__buf_2)
                                                         net266 (net)
                      0.052833    0.000773   11.568682 ^ hold153/A (sky130_fd_sc_hd__dlygate4sd3_1)
     5    0.040146    0.304099    0.580563   12.149244 ^ hold153/X (sky130_fd_sc_hd__dlygate4sd3_1)
                                                         net427 (net)
                      0.304135    0.003528   12.152773 ^ fanout263/A (sky130_fd_sc_hd__buf_4)
     1    0.004123    0.027283    0.096059   12.248832 ^ fanout263/X (sky130_fd_sc_hd__buf_4)
                                                         net263 (net)
                      0.027283    0.000117   12.248949 ^ hold154/A (sky130_fd_sc_hd__dlygate4sd3_1)
    33    0.120171    0.890399    0.984111   13.233060 ^ hold154/X (sky130_fd_sc_hd__dlygate4sd3_1)
                                                         net428 (net)
                      0.890434    0.004834   13.237894 ^ _123_/B (sky130_fd_sc_hd__and3_1)
     1    0.003482    0.054406    0.116838   13.354732 ^ _123_/X (sky130_fd_sc_hd__and3_1)
                                                         _020_ (net)
                      0.054406    0.000114   13.354846 ^ _156_/D (sky130_fd_sc_hd__dfrtp_4)
                                             13.354846   data arrival time

                                 25.000000   25.000000   clock clk (rise edge)
                                  4.650000   29.650000   clock source latency
     2    0.031002    0.610000    0.000000   29.650000 ^ clk (in)
                                                         clk (net)
                      0.616595    0.003215   29.653214 ^ wire3/A (sky130_fd_sc_hd__buf_4)
     3    0.045136    0.104020    0.149717   29.802931 ^ wire3/X (sky130_fd_sc_hd__buf_4)
                                                         net274 (net)
                      0.104711    0.006548   29.809479 ^ wire2/A (sky130_fd_sc_hd__buf_6)
     3    0.077490    0.119211    0.132324   29.941803 ^ wire2/X (sky130_fd_sc_hd__buf_6)
                                                         net273 (net)
                      0.123514    0.017174   29.958977 ^ wire1/A (sky130_fd_sc_hd__buf_6)
     3    0.079823    0.122571    0.136748   30.095724 ^ wire1/X (sky130_fd_sc_hd__buf_6)
                                                         net272 (net)
                      0.127195    0.018051   30.113775 ^ clkbuf_0_clk/A (sky130_fd_sc_hd__clkbuf_16)
     9    0.099027    0.088852    0.148049   30.261824 ^ clkbuf_0_clk/X (sky130_fd_sc_hd__clkbuf_16)
                                                         clknet_0_clk (net)
                      0.089797    0.007091   30.268915 ^ clkbuf_2_3__f_clk/A (sky130_fd_sc_hd__clkbuf_16)
    21    0.071648    0.068794    0.122146   30.391062 ^ clkbuf_2_3__f_clk/X (sky130_fd_sc_hd__clkbuf_16)
                                                         clknet_2_3__leaf_clk (net)
                      0.071557    0.010349   30.401411 ^ _156_/CLK (sky130_fd_sc_hd__dfrtp_4)
                                 -0.087500   30.313910   clock uncertainty
                                  0.000000   30.313910   clock reconvergence pessimism
                                 -0.038298   30.275612   library setup time
                                             30.275612   data required time
---------------------------------------------------------------------------------------------
                                             30.275612   data required time
                                            -13.354846   data arrival time
---------------------------------------------------------------------------------------------
                                             16.920765   slack (MET)


Startpoint: wbs_adr_i[31] (input port clocked by clk)
Endpoint: _155_ (rising edge-triggered flip-flop clocked by clk)
Path Group: clk
Path Type: max

Fanout         Cap        Slew       Delay        Time   Description
---------------------------------------------------------------------------------------------
                                  0.000000    0.000000   clock clk (rise edge)
                                  5.570000    5.570000   clock network delay (propagated)
                                  3.890000    9.460000 v input external delay
     2    0.003828    0.920000    0.000000    9.460000 v wbs_adr_i[31] (in)
                                                         wbs_adr_i[31] (net)
                      0.920090    0.000046    9.460047 v hold150/A (sky130_fd_sc_hd__dlygate4sd3_1)
     1    0.004199    0.043711    0.629771   10.089817 v hold150/X (sky130_fd_sc_hd__dlygate4sd3_1)
                                                         net424 (net)
                      0.043711    0.000125   10.089943 v input102/A (sky130_fd_sc_hd__clkbuf_8)
     3    0.073303    0.066788    0.130318   10.220261 v input102/X (sky130_fd_sc_hd__clkbuf_8)
                                                         net102 (net)
                      0.074194    0.017360   10.237620 v hold151/A (sky130_fd_sc_hd__dlygate4sd3_1)
     3    0.063573    0.223911    0.558421   10.796041 v hold151/X (sky130_fd_sc_hd__dlygate4sd3_1)
                                                         net425 (net)
                      0.225790    0.017176   10.813217 v _043_/A (sky130_fd_sc_hd__nor4b_1)
     1    0.003365    0.178113    0.260720   11.073937 ^ _043_/Y (sky130_fd_sc_hd__nor4b_1)
                                                         _034_ (net)
                      0.178113    0.000109   11.074047 ^ hold152/A (sky130_fd_sc_hd__dlygate4sd3_1)
     1    0.003392    0.041051    0.403876   11.477923 ^ hold152/X (sky130_fd_sc_hd__dlygate4sd3_1)
                                                         net426 (net)
                      0.041051    0.000107   11.478029 ^ wire266/A (sky130_fd_sc_hd__buf_2)
     1    0.012923    0.052822    0.089879   11.567908 ^ wire266/X (sky130_fd_sc_hd__buf_2)
                                                         net266 (net)
                      0.052833    0.000773   11.568682 ^ hold153/A (sky130_fd_sc_hd__dlygate4sd3_1)
     5    0.040146    0.304099    0.580563   12.149244 ^ hold153/X (sky130_fd_sc_hd__dlygate4sd3_1)
                                                         net427 (net)
                      0.304135    0.003528   12.152773 ^ fanout263/A (sky130_fd_sc_hd__buf_4)
     1    0.004123    0.027283    0.096059   12.248832 ^ fanout263/X (sky130_fd_sc_hd__buf_4)
                                                         net263 (net)
                      0.027283    0.000117   12.248949 ^ hold154/A (sky130_fd_sc_hd__dlygate4sd3_1)
    33    0.120171    0.890399    0.984111   13.233060 ^ hold154/X (sky130_fd_sc_hd__dlygate4sd3_1)
                                                         net428 (net)
                      0.890411    0.002888   13.235948 ^ _122_/B (sky130_fd_sc_hd__and3_1)
     1    0.003830    0.056696    0.119527   13.355474 ^ _122_/X (sky130_fd_sc_hd__and3_1)
                                                         _019_ (net)
                      0.056696    0.000134   13.355609 ^ _155_/D (sky130_fd_sc_hd__dfrtp_4)
                                             13.355609   data arrival time

                                 25.000000   25.000000   clock clk (rise edge)
                                  4.650000   29.650000   clock source latency
     2    0.031002    0.610000    0.000000   29.650000 ^ clk (in)
                                                         clk (net)
                      0.616595    0.003215   29.653214 ^ wire3/A (sky130_fd_sc_hd__buf_4)
     3    0.045136    0.104020    0.149717   29.802931 ^ wire3/X (sky130_fd_sc_hd__buf_4)
                                                         net274 (net)
                      0.104711    0.006548   29.809479 ^ wire2/A (sky130_fd_sc_hd__buf_6)
     3    0.077490    0.119211    0.132324   29.941803 ^ wire2/X (sky130_fd_sc_hd__buf_6)
                                                         net273 (net)
                      0.123514    0.017174   29.958977 ^ wire1/A (sky130_fd_sc_hd__buf_6)
     3    0.079823    0.122571    0.136748   30.095724 ^ wire1/X (sky130_fd_sc_hd__buf_6)
                                                         net272 (net)
                      0.127195    0.018051   30.113775 ^ clkbuf_0_clk/A (sky130_fd_sc_hd__clkbuf_16)
     9    0.099027    0.088852    0.148049   30.261824 ^ clkbuf_0_clk/X (sky130_fd_sc_hd__clkbuf_16)
                                                         clknet_0_clk (net)
                      0.089797    0.007091   30.268915 ^ clkbuf_2_3__f_clk/A (sky130_fd_sc_hd__clkbuf_16)
    21    0.071648    0.068794    0.122146   30.391062 ^ clkbuf_2_3__f_clk/X (sky130_fd_sc_hd__clkbuf_16)
                                                         clknet_2_3__leaf_clk (net)
                      0.072173    0.011493   30.402554 ^ _155_/CLK (sky130_fd_sc_hd__dfrtp_4)
                                 -0.087500   30.315054   clock uncertainty
                                  0.000000   30.315054   clock reconvergence pessimism
                                 -0.038498   30.276558   library setup time
                                             30.276558   data required time
---------------------------------------------------------------------------------------------
                                             30.276558   data required time
                                            -13.355609   data arrival time
---------------------------------------------------------------------------------------------
                                             16.920948   slack (MET)


Startpoint: wbs_adr_i[31] (input port clocked by clk)
Endpoint: _144_ (rising edge-triggered flip-flop clocked by clk)
Path Group: clk
Path Type: max

Fanout         Cap        Slew       Delay        Time   Description
---------------------------------------------------------------------------------------------
                                  0.000000    0.000000   clock clk (rise edge)
                                  5.570000    5.570000   clock network delay (propagated)
                                  3.890000    9.460000 v input external delay
     2    0.003828    0.920000    0.000000    9.460000 v wbs_adr_i[31] (in)
                                                         wbs_adr_i[31] (net)
                      0.920090    0.000046    9.460047 v hold150/A (sky130_fd_sc_hd__dlygate4sd3_1)
     1    0.004199    0.043711    0.629771   10.089817 v hold150/X (sky130_fd_sc_hd__dlygate4sd3_1)
                                                         net424 (net)
                      0.043711    0.000125   10.089943 v input102/A (sky130_fd_sc_hd__clkbuf_8)
     3    0.073303    0.066788    0.130318   10.220261 v input102/X (sky130_fd_sc_hd__clkbuf_8)
                                                         net102 (net)
                      0.074194    0.017360   10.237620 v hold151/A (sky130_fd_sc_hd__dlygate4sd3_1)
     3    0.063573    0.223911    0.558421   10.796041 v hold151/X (sky130_fd_sc_hd__dlygate4sd3_1)
                                                         net425 (net)
                      0.225790    0.017176   10.813217 v _043_/A (sky130_fd_sc_hd__nor4b_1)
     1    0.003365    0.178113    0.260720   11.073937 ^ _043_/Y (sky130_fd_sc_hd__nor4b_1)
                                                         _034_ (net)
                      0.178113    0.000109   11.074047 ^ hold152/A (sky130_fd_sc_hd__dlygate4sd3_1)
     1    0.003392    0.041051    0.403876   11.477923 ^ hold152/X (sky130_fd_sc_hd__dlygate4sd3_1)
                                                         net426 (net)
                      0.041051    0.000107   11.478029 ^ wire266/A (sky130_fd_sc_hd__buf_2)
     1    0.012923    0.052822    0.089879   11.567908 ^ wire266/X (sky130_fd_sc_hd__buf_2)
                                                         net266 (net)
                      0.052833    0.000773   11.568682 ^ hold153/A (sky130_fd_sc_hd__dlygate4sd3_1)
     5    0.040146    0.304099    0.580563   12.149244 ^ hold153/X (sky130_fd_sc_hd__dlygate4sd3_1)
                                                         net427 (net)
                      0.304135    0.003528   12.152773 ^ fanout263/A (sky130_fd_sc_hd__buf_4)
     1    0.004123    0.027283    0.096059   12.248832 ^ fanout263/X (sky130_fd_sc_hd__buf_4)
                                                         net263 (net)
                      0.027283    0.000117   12.248949 ^ hold154/A (sky130_fd_sc_hd__dlygate4sd3_1)
    33    0.120171    0.890399    0.984111   13.233060 ^ hold154/X (sky130_fd_sc_hd__dlygate4sd3_1)
                                                         net428 (net)
                      0.890912    0.018173   13.251232 ^ _111_/B (sky130_fd_sc_hd__and3_1)
     1    0.003233    0.052671    0.114721   13.365953 ^ _111_/X (sky130_fd_sc_hd__and3_1)
                                                         _007_ (net)
                      0.052671    0.000100   13.366054 ^ _144_/D (sky130_fd_sc_hd__dfrtp_2)
                                             13.366054   data arrival time

                                 25.000000   25.000000   clock clk (rise edge)
                                  4.650000   29.650000   clock source latency
     2    0.031002    0.610000    0.000000   29.650000 ^ clk (in)
                                                         clk (net)
                      0.616595    0.003215   29.653214 ^ wire3/A (sky130_fd_sc_hd__buf_4)
     3    0.045136    0.104020    0.149717   29.802931 ^ wire3/X (sky130_fd_sc_hd__buf_4)
                                                         net274 (net)
                      0.104711    0.006548   29.809479 ^ wire2/A (sky130_fd_sc_hd__buf_6)
     3    0.077490    0.119211    0.132324   29.941803 ^ wire2/X (sky130_fd_sc_hd__buf_6)
                                                         net273 (net)
                      0.123514    0.017174   29.958977 ^ wire1/A (sky130_fd_sc_hd__buf_6)
     3    0.079823    0.122571    0.136748   30.095724 ^ wire1/X (sky130_fd_sc_hd__buf_6)
                                                         net272 (net)
                      0.127195    0.018051   30.113775 ^ clkbuf_0_clk/A (sky130_fd_sc_hd__clkbuf_16)
     9    0.099027    0.088852    0.148049   30.261824 ^ clkbuf_0_clk/X (sky130_fd_sc_hd__clkbuf_16)
                                                         clknet_0_clk (net)
                      0.089796    0.007088   30.268911 ^ clkbuf_2_2__f_clk/A (sky130_fd_sc_hd__clkbuf_16)
    17    0.094715    0.085805    0.136112   30.405024 ^ clkbuf_2_2__f_clk/X (sky130_fd_sc_hd__clkbuf_16)
                                                         clknet_2_2__leaf_clk (net)
                      0.086497    0.005986   30.411009 ^ _144_/CLK (sky130_fd_sc_hd__dfrtp_2)
                                 -0.087500   30.323509   clock uncertainty
                                  0.000000   30.323509   clock reconvergence pessimism
                                 -0.036425   30.287085   library setup time
                                             30.287085   data required time
---------------------------------------------------------------------------------------------
                                             30.287085   data required time
                                            -13.366054   data arrival time
---------------------------------------------------------------------------------------------
                                             16.921030   slack (MET)


Startpoint: wbs_adr_i[31] (input port clocked by clk)
Endpoint: _160_ (rising edge-triggered flip-flop clocked by clk)
Path Group: clk
Path Type: max

Fanout         Cap        Slew       Delay        Time   Description
---------------------------------------------------------------------------------------------
                                  0.000000    0.000000   clock clk (rise edge)
                                  5.570000    5.570000   clock network delay (propagated)
                                  3.890000    9.460000 v input external delay
     2    0.003828    0.920000    0.000000    9.460000 v wbs_adr_i[31] (in)
                                                         wbs_adr_i[31] (net)
                      0.920090    0.000046    9.460047 v hold150/A (sky130_fd_sc_hd__dlygate4sd3_1)
     1    0.004199    0.043711    0.629771   10.089817 v hold150/X (sky130_fd_sc_hd__dlygate4sd3_1)
                                                         net424 (net)
                      0.043711    0.000125   10.089943 v input102/A (sky130_fd_sc_hd__clkbuf_8)
     3    0.073303    0.066788    0.130318   10.220261 v input102/X (sky130_fd_sc_hd__clkbuf_8)
                                                         net102 (net)
                      0.074194    0.017360   10.237620 v hold151/A (sky130_fd_sc_hd__dlygate4sd3_1)
     3    0.063573    0.223911    0.558421   10.796041 v hold151/X (sky130_fd_sc_hd__dlygate4sd3_1)
                                                         net425 (net)
                      0.225790    0.017176   10.813217 v _043_/A (sky130_fd_sc_hd__nor4b_1)
     1    0.003365    0.178113    0.260720   11.073937 ^ _043_/Y (sky130_fd_sc_hd__nor4b_1)
                                                         _034_ (net)
                      0.178113    0.000109   11.074047 ^ hold152/A (sky130_fd_sc_hd__dlygate4sd3_1)
     1    0.003392    0.041051    0.403876   11.477923 ^ hold152/X (sky130_fd_sc_hd__dlygate4sd3_1)
                                                         net426 (net)
                      0.041051    0.000107   11.478029 ^ wire266/A (sky130_fd_sc_hd__buf_2)
     1    0.012923    0.052822    0.089879   11.567908 ^ wire266/X (sky130_fd_sc_hd__buf_2)
                                                         net266 (net)
                      0.052833    0.000773   11.568682 ^ hold153/A (sky130_fd_sc_hd__dlygate4sd3_1)
     5    0.040146    0.304099    0.580563   12.149244 ^ hold153/X (sky130_fd_sc_hd__dlygate4sd3_1)
                                                         net427 (net)
                      0.304135    0.003528   12.152773 ^ fanout263/A (sky130_fd_sc_hd__buf_4)
     1    0.004123    0.027283    0.096059   12.248832 ^ fanout263/X (sky130_fd_sc_hd__buf_4)
                                                         net263 (net)
                      0.027283    0.000117   12.248949 ^ hold154/A (sky130_fd_sc_hd__dlygate4sd3_1)
    33    0.120171    0.890399    0.984111   13.233060 ^ hold154/X (sky130_fd_sc_hd__dlygate4sd3_1)
                                                         net428 (net)
                      0.890428    0.004404   13.237464 ^ _127_/B (sky130_fd_sc_hd__and3_1)
     1    0.003414    0.053928    0.116267   13.353731 ^ _127_/X (sky130_fd_sc_hd__and3_1)
                                                         _025_ (net)
                      0.053928    0.000112   13.353843 ^ _160_/D (sky130_fd_sc_hd__dfrtp_4)
                                             13.353843   data arrival time

                                 25.000000   25.000000   clock clk (rise edge)
                                  4.650000   29.650000   clock source latency
     2    0.031002    0.610000    0.000000   29.650000 ^ clk (in)
                                                         clk (net)
                      0.616595    0.003215   29.653214 ^ wire3/A (sky130_fd_sc_hd__buf_4)
     3    0.045136    0.104020    0.149717   29.802931 ^ wire3/X (sky130_fd_sc_hd__buf_4)
                                                         net274 (net)
                      0.104711    0.006548   29.809479 ^ wire2/A (sky130_fd_sc_hd__buf_6)
     3    0.077490    0.119211    0.132324   29.941803 ^ wire2/X (sky130_fd_sc_hd__buf_6)
                                                         net273 (net)
                      0.123514    0.017174   29.958977 ^ wire1/A (sky130_fd_sc_hd__buf_6)
     3    0.079823    0.122571    0.136748   30.095724 ^ wire1/X (sky130_fd_sc_hd__buf_6)
                                                         net272 (net)
                      0.127195    0.018051   30.113775 ^ clkbuf_0_clk/A (sky130_fd_sc_hd__clkbuf_16)
     9    0.099027    0.088852    0.148049   30.261824 ^ clkbuf_0_clk/X (sky130_fd_sc_hd__clkbuf_16)
                                                         clknet_0_clk (net)
                      0.089797    0.007091   30.268915 ^ clkbuf_2_3__f_clk/A (sky130_fd_sc_hd__clkbuf_16)
    21    0.071648    0.068794    0.122146   30.391062 ^ clkbuf_2_3__f_clk/X (sky130_fd_sc_hd__clkbuf_16)
                                                         clknet_2_3__leaf_clk (net)
                      0.071558    0.010349   30.401411 ^ _160_/CLK (sky130_fd_sc_hd__dfrtp_4)
                                 -0.087500   30.313910   clock uncertainty
                                  0.000000   30.313910   clock reconvergence pessimism
                                 -0.038251   30.275658   library setup time
                                             30.275658   data required time
---------------------------------------------------------------------------------------------
                                             30.275658   data required time
                                            -13.353843   data arrival time
---------------------------------------------------------------------------------------------
                                             16.921816   slack (MET)


Startpoint: wbs_adr_i[31] (input port clocked by clk)
Endpoint: _152_ (rising edge-triggered flip-flop clocked by clk)
Path Group: clk
Path Type: max

Fanout         Cap        Slew       Delay        Time   Description
---------------------------------------------------------------------------------------------
                                  0.000000    0.000000   clock clk (rise edge)
                                  5.570000    5.570000   clock network delay (propagated)
                                  3.890000    9.460000 v input external delay
     2    0.003828    0.920000    0.000000    9.460000 v wbs_adr_i[31] (in)
                                                         wbs_adr_i[31] (net)
                      0.920090    0.000046    9.460047 v hold150/A (sky130_fd_sc_hd__dlygate4sd3_1)
     1    0.004199    0.043711    0.629771   10.089817 v hold150/X (sky130_fd_sc_hd__dlygate4sd3_1)
                                                         net424 (net)
                      0.043711    0.000125   10.089943 v input102/A (sky130_fd_sc_hd__clkbuf_8)
     3    0.073303    0.066788    0.130318   10.220261 v input102/X (sky130_fd_sc_hd__clkbuf_8)
                                                         net102 (net)
                      0.074194    0.017360   10.237620 v hold151/A (sky130_fd_sc_hd__dlygate4sd3_1)
     3    0.063573    0.223911    0.558421   10.796041 v hold151/X (sky130_fd_sc_hd__dlygate4sd3_1)
                                                         net425 (net)
                      0.225790    0.017176   10.813217 v _043_/A (sky130_fd_sc_hd__nor4b_1)
     1    0.003365    0.178113    0.260720   11.073937 ^ _043_/Y (sky130_fd_sc_hd__nor4b_1)
                                                         _034_ (net)
                      0.178113    0.000109   11.074047 ^ hold152/A (sky130_fd_sc_hd__dlygate4sd3_1)
     1    0.003392    0.041051    0.403876   11.477923 ^ hold152/X (sky130_fd_sc_hd__dlygate4sd3_1)
                                                         net426 (net)
                      0.041051    0.000107   11.478029 ^ wire266/A (sky130_fd_sc_hd__buf_2)
     1    0.012923    0.052822    0.089879   11.567908 ^ wire266/X (sky130_fd_sc_hd__buf_2)
                                                         net266 (net)
                      0.052833    0.000773   11.568682 ^ hold153/A (sky130_fd_sc_hd__dlygate4sd3_1)
     5    0.040146    0.304099    0.580563   12.149244 ^ hold153/X (sky130_fd_sc_hd__dlygate4sd3_1)
                                                         net427 (net)
                      0.304135    0.003528   12.152773 ^ fanout263/A (sky130_fd_sc_hd__buf_4)
     1    0.004123    0.027283    0.096059   12.248832 ^ fanout263/X (sky130_fd_sc_hd__buf_4)
                                                         net263 (net)
                      0.027283    0.000117   12.248949 ^ hold154/A (sky130_fd_sc_hd__dlygate4sd3_1)
    33    0.120171    0.890399    0.984111   13.233060 ^ hold154/X (sky130_fd_sc_hd__dlygate4sd3_1)
                                                         net428 (net)
                      0.890404    0.001898   13.234958 ^ _119_/B (sky130_fd_sc_hd__and3_1)
     1    0.003836    0.056728    0.119561   13.354519 ^ _119_/X (sky130_fd_sc_hd__and3_1)
                                                         _016_ (net)
                      0.056728    0.000131   13.354650 ^ _152_/D (sky130_fd_sc_hd__dfrtp_4)
                                             13.354650   data arrival time

                                 25.000000   25.000000   clock clk (rise edge)
                                  4.650000   29.650000   clock source latency
     2    0.031002    0.610000    0.000000   29.650000 ^ clk (in)
                                                         clk (net)
                      0.616595    0.003215   29.653214 ^ wire3/A (sky130_fd_sc_hd__buf_4)
     3    0.045136    0.104020    0.149717   29.802931 ^ wire3/X (sky130_fd_sc_hd__buf_4)
                                                         net274 (net)
                      0.104711    0.006548   29.809479 ^ wire2/A (sky130_fd_sc_hd__buf_6)
     3    0.077490    0.119211    0.132324   29.941803 ^ wire2/X (sky130_fd_sc_hd__buf_6)
                                                         net273 (net)
                      0.123514    0.017174   29.958977 ^ wire1/A (sky130_fd_sc_hd__buf_6)
     3    0.079823    0.122571    0.136748   30.095724 ^ wire1/X (sky130_fd_sc_hd__buf_6)
                                                         net272 (net)
                      0.127195    0.018051   30.113775 ^ clkbuf_0_clk/A (sky130_fd_sc_hd__clkbuf_16)
     9    0.099027    0.088852    0.148049   30.261824 ^ clkbuf_0_clk/X (sky130_fd_sc_hd__clkbuf_16)
                                                         clknet_0_clk (net)
                      0.089797    0.007091   30.268915 ^ clkbuf_2_3__f_clk/A (sky130_fd_sc_hd__clkbuf_16)
    21    0.071648    0.068794    0.122146   30.391062 ^ clkbuf_2_3__f_clk/X (sky130_fd_sc_hd__clkbuf_16)
                                                         clknet_2_3__leaf_clk (net)
                      0.072181    0.011507   30.402569 ^ _152_/CLK (sky130_fd_sc_hd__dfrtp_4)
                                 -0.087500   30.315069   clock uncertainty
                                  0.000000   30.315069   clock reconvergence pessimism
                                 -0.038501   30.276567   library setup time
                                             30.276567   data required time
---------------------------------------------------------------------------------------------
                                             30.276567   data required time
                                            -13.354650   data arrival time
---------------------------------------------------------------------------------------------
                                             16.921917   slack (MET)


Startpoint: wbs_adr_i[31] (input port clocked by clk)
Endpoint: _158_ (rising edge-triggered flip-flop clocked by clk)
Path Group: clk
Path Type: max

Fanout         Cap        Slew       Delay        Time   Description
---------------------------------------------------------------------------------------------
                                  0.000000    0.000000   clock clk (rise edge)
                                  5.570000    5.570000   clock network delay (propagated)
                                  3.890000    9.460000 v input external delay
     2    0.003828    0.920000    0.000000    9.460000 v wbs_adr_i[31] (in)
                                                         wbs_adr_i[31] (net)
                      0.920090    0.000046    9.460047 v hold150/A (sky130_fd_sc_hd__dlygate4sd3_1)
     1    0.004199    0.043711    0.629771   10.089817 v hold150/X (sky130_fd_sc_hd__dlygate4sd3_1)
                                                         net424 (net)
                      0.043711    0.000125   10.089943 v input102/A (sky130_fd_sc_hd__clkbuf_8)
     3    0.073303    0.066788    0.130318   10.220261 v input102/X (sky130_fd_sc_hd__clkbuf_8)
                                                         net102 (net)
                      0.074194    0.017360   10.237620 v hold151/A (sky130_fd_sc_hd__dlygate4sd3_1)
     3    0.063573    0.223911    0.558421   10.796041 v hold151/X (sky130_fd_sc_hd__dlygate4sd3_1)
                                                         net425 (net)
                      0.225790    0.017176   10.813217 v _043_/A (sky130_fd_sc_hd__nor4b_1)
     1    0.003365    0.178113    0.260720   11.073937 ^ _043_/Y (sky130_fd_sc_hd__nor4b_1)
                                                         _034_ (net)
                      0.178113    0.000109   11.074047 ^ hold152/A (sky130_fd_sc_hd__dlygate4sd3_1)
     1    0.003392    0.041051    0.403876   11.477923 ^ hold152/X (sky130_fd_sc_hd__dlygate4sd3_1)
                                                         net426 (net)
                      0.041051    0.000107   11.478029 ^ wire266/A (sky130_fd_sc_hd__buf_2)
     1    0.012923    0.052822    0.089879   11.567908 ^ wire266/X (sky130_fd_sc_hd__buf_2)
                                                         net266 (net)
                      0.052833    0.000773   11.568682 ^ hold153/A (sky130_fd_sc_hd__dlygate4sd3_1)
     5    0.040146    0.304099    0.580563   12.149244 ^ hold153/X (sky130_fd_sc_hd__dlygate4sd3_1)
                                                         net427 (net)
                      0.304135    0.003528   12.152773 ^ fanout263/A (sky130_fd_sc_hd__buf_4)
     1    0.004123    0.027283    0.096059   12.248832 ^ fanout263/X (sky130_fd_sc_hd__buf_4)
                                                         net263 (net)
                      0.027283    0.000117   12.248949 ^ hold154/A (sky130_fd_sc_hd__dlygate4sd3_1)
    33    0.120171    0.890399    0.984111   13.233060 ^ hold154/X (sky130_fd_sc_hd__dlygate4sd3_1)
                                                         net428 (net)
                      0.890418    0.003596   13.236655 ^ _125_/B (sky130_fd_sc_hd__and3_1)
     1    0.003458    0.054232    0.116627   13.353282 ^ _125_/X (sky130_fd_sc_hd__and3_1)
                                                         _022_ (net)
                      0.054232    0.000117   13.353399 ^ _158_/D (sky130_fd_sc_hd__dfrtp_4)
                                             13.353399   data arrival time

                                 25.000000   25.000000   clock clk (rise edge)
                                  4.650000   29.650000   clock source latency
     2    0.031002    0.610000    0.000000   29.650000 ^ clk (in)
                                                         clk (net)
                      0.616595    0.003215   29.653214 ^ wire3/A (sky130_fd_sc_hd__buf_4)
     3    0.045136    0.104020    0.149717   29.802931 ^ wire3/X (sky130_fd_sc_hd__buf_4)
                                                         net274 (net)
                      0.104711    0.006548   29.809479 ^ wire2/A (sky130_fd_sc_hd__buf_6)
     3    0.077490    0.119211    0.132324   29.941803 ^ wire2/X (sky130_fd_sc_hd__buf_6)
                                                         net273 (net)
                      0.123514    0.017174   29.958977 ^ wire1/A (sky130_fd_sc_hd__buf_6)
     3    0.079823    0.122571    0.136748   30.095724 ^ wire1/X (sky130_fd_sc_hd__buf_6)
                                                         net272 (net)
                      0.127195    0.018051   30.113775 ^ clkbuf_0_clk/A (sky130_fd_sc_hd__clkbuf_16)
     9    0.099027    0.088852    0.148049   30.261824 ^ clkbuf_0_clk/X (sky130_fd_sc_hd__clkbuf_16)
                                                         clknet_0_clk (net)
                      0.089797    0.007091   30.268915 ^ clkbuf_2_3__f_clk/A (sky130_fd_sc_hd__clkbuf_16)
    21    0.071648    0.068794    0.122146   30.391062 ^ clkbuf_2_3__f_clk/X (sky130_fd_sc_hd__clkbuf_16)
                                                         clknet_2_3__leaf_clk (net)
                      0.071731    0.010683   30.401745 ^ _158_/CLK (sky130_fd_sc_hd__dfrtp_4)
                                 -0.087500   30.314245   clock uncertainty
                                  0.000000   30.314245   clock reconvergence pessimism
                                 -0.038274   30.275970   library setup time
                                             30.275970   data required time
---------------------------------------------------------------------------------------------
                                             30.275970   data required time
                                            -13.353399   data arrival time
---------------------------------------------------------------------------------------------
                                             16.922571   slack (MET)


Startpoint: wbs_adr_i[31] (input port clocked by clk)
Endpoint: _145_ (rising edge-triggered flip-flop clocked by clk)
Path Group: clk
Path Type: max

Fanout         Cap        Slew       Delay        Time   Description
---------------------------------------------------------------------------------------------
                                  0.000000    0.000000   clock clk (rise edge)
                                  5.570000    5.570000   clock network delay (propagated)
                                  3.890000    9.460000 v input external delay
     2    0.003828    0.920000    0.000000    9.460000 v wbs_adr_i[31] (in)
                                                         wbs_adr_i[31] (net)
                      0.920090    0.000046    9.460047 v hold150/A (sky130_fd_sc_hd__dlygate4sd3_1)
     1    0.004199    0.043711    0.629771   10.089817 v hold150/X (sky130_fd_sc_hd__dlygate4sd3_1)
                                                         net424 (net)
                      0.043711    0.000125   10.089943 v input102/A (sky130_fd_sc_hd__clkbuf_8)
     3    0.073303    0.066788    0.130318   10.220261 v input102/X (sky130_fd_sc_hd__clkbuf_8)
                                                         net102 (net)
                      0.074194    0.017360   10.237620 v hold151/A (sky130_fd_sc_hd__dlygate4sd3_1)
     3    0.063573    0.223911    0.558421   10.796041 v hold151/X (sky130_fd_sc_hd__dlygate4sd3_1)
                                                         net425 (net)
                      0.225790    0.017176   10.813217 v _043_/A (sky130_fd_sc_hd__nor4b_1)
     1    0.003365    0.178113    0.260720   11.073937 ^ _043_/Y (sky130_fd_sc_hd__nor4b_1)
                                                         _034_ (net)
                      0.178113    0.000109   11.074047 ^ hold152/A (sky130_fd_sc_hd__dlygate4sd3_1)
     1    0.003392    0.041051    0.403876   11.477923 ^ hold152/X (sky130_fd_sc_hd__dlygate4sd3_1)
                                                         net426 (net)
                      0.041051    0.000107   11.478029 ^ wire266/A (sky130_fd_sc_hd__buf_2)
     1    0.012923    0.052822    0.089879   11.567908 ^ wire266/X (sky130_fd_sc_hd__buf_2)
                                                         net266 (net)
                      0.052833    0.000773   11.568682 ^ hold153/A (sky130_fd_sc_hd__dlygate4sd3_1)
     5    0.040146    0.304099    0.580563   12.149244 ^ hold153/X (sky130_fd_sc_hd__dlygate4sd3_1)
                                                         net427 (net)
                      0.304135    0.003528   12.152773 ^ fanout263/A (sky130_fd_sc_hd__buf_4)
     1    0.004123    0.027283    0.096059   12.248832 ^ fanout263/X (sky130_fd_sc_hd__buf_4)
                                                         net263 (net)
                      0.027283    0.000117   12.248949 ^ hold154/A (sky130_fd_sc_hd__dlygate4sd3_1)
    33    0.120171    0.890399    0.984111   13.233060 ^ hold154/X (sky130_fd_sc_hd__dlygate4sd3_1)
                                                         net428 (net)
                      0.890842    0.016911   13.249970 ^ _112_/B (sky130_fd_sc_hd__and3_1)
     1    0.002943    0.050682    0.112281   13.362251 ^ _112_/X (sky130_fd_sc_hd__and3_1)
                                                         _008_ (net)
                      0.050682    0.000091   13.362342 ^ _145_/D (sky130_fd_sc_hd__dfrtp_2)
                                             13.362342   data arrival time

                                 25.000000   25.000000   clock clk (rise edge)
                                  4.650000   29.650000   clock source latency
     2    0.031002    0.610000    0.000000   29.650000 ^ clk (in)
                                                         clk (net)
                      0.616595    0.003215   29.653214 ^ wire3/A (sky130_fd_sc_hd__buf_4)
     3    0.045136    0.104020    0.149717   29.802931 ^ wire3/X (sky130_fd_sc_hd__buf_4)
                                                         net274 (net)
                      0.104711    0.006548   29.809479 ^ wire2/A (sky130_fd_sc_hd__buf_6)
     3    0.077490    0.119211    0.132324   29.941803 ^ wire2/X (sky130_fd_sc_hd__buf_6)
                                                         net273 (net)
                      0.123514    0.017174   29.958977 ^ wire1/A (sky130_fd_sc_hd__buf_6)
     3    0.079823    0.122571    0.136748   30.095724 ^ wire1/X (sky130_fd_sc_hd__buf_6)
                                                         net272 (net)
                      0.127195    0.018051   30.113775 ^ clkbuf_0_clk/A (sky130_fd_sc_hd__clkbuf_16)
     9    0.099027    0.088852    0.148049   30.261824 ^ clkbuf_0_clk/X (sky130_fd_sc_hd__clkbuf_16)
                                                         clknet_0_clk (net)
                      0.089796    0.007088   30.268911 ^ clkbuf_2_2__f_clk/A (sky130_fd_sc_hd__clkbuf_16)
    17    0.094715    0.085805    0.136112   30.405024 ^ clkbuf_2_2__f_clk/X (sky130_fd_sc_hd__clkbuf_16)
                                                         clknet_2_2__leaf_clk (net)
                      0.086275    0.004974   30.409998 ^ _145_/CLK (sky130_fd_sc_hd__dfrtp_2)
                                 -0.087500   30.322498   clock uncertainty
                                  0.000000   30.322498   clock reconvergence pessimism
                                 -0.036237   30.286261   library setup time
                                             30.286261   data required time
---------------------------------------------------------------------------------------------
                                             30.286261   data required time
                                            -13.362342   data arrival time
---------------------------------------------------------------------------------------------
                                             16.923918   slack (MET)


Startpoint: wbs_adr_i[31] (input port clocked by clk)
Endpoint: _154_ (rising edge-triggered flip-flop clocked by clk)
Path Group: clk
Path Type: max

Fanout         Cap        Slew       Delay        Time   Description
---------------------------------------------------------------------------------------------
                                  0.000000    0.000000   clock clk (rise edge)
                                  5.570000    5.570000   clock network delay (propagated)
                                  3.890000    9.460000 v input external delay
     2    0.003828    0.920000    0.000000    9.460000 v wbs_adr_i[31] (in)
                                                         wbs_adr_i[31] (net)
                      0.920090    0.000046    9.460047 v hold150/A (sky130_fd_sc_hd__dlygate4sd3_1)
     1    0.004199    0.043711    0.629771   10.089817 v hold150/X (sky130_fd_sc_hd__dlygate4sd3_1)
                                                         net424 (net)
                      0.043711    0.000125   10.089943 v input102/A (sky130_fd_sc_hd__clkbuf_8)
     3    0.073303    0.066788    0.130318   10.220261 v input102/X (sky130_fd_sc_hd__clkbuf_8)
                                                         net102 (net)
                      0.074194    0.017360   10.237620 v hold151/A (sky130_fd_sc_hd__dlygate4sd3_1)
     3    0.063573    0.223911    0.558421   10.796041 v hold151/X (sky130_fd_sc_hd__dlygate4sd3_1)
                                                         net425 (net)
                      0.225790    0.017176   10.813217 v _043_/A (sky130_fd_sc_hd__nor4b_1)
     1    0.003365    0.178113    0.260720   11.073937 ^ _043_/Y (sky130_fd_sc_hd__nor4b_1)
                                                         _034_ (net)
                      0.178113    0.000109   11.074047 ^ hold152/A (sky130_fd_sc_hd__dlygate4sd3_1)
     1    0.003392    0.041051    0.403876   11.477923 ^ hold152/X (sky130_fd_sc_hd__dlygate4sd3_1)
                                                         net426 (net)
                      0.041051    0.000107   11.478029 ^ wire266/A (sky130_fd_sc_hd__buf_2)
     1    0.012923    0.052822    0.089879   11.567908 ^ wire266/X (sky130_fd_sc_hd__buf_2)
                                                         net266 (net)
                      0.052833    0.000773   11.568682 ^ hold153/A (sky130_fd_sc_hd__dlygate4sd3_1)
     5    0.040146    0.304099    0.580563   12.149244 ^ hold153/X (sky130_fd_sc_hd__dlygate4sd3_1)
                                                         net427 (net)
                      0.304135    0.003528   12.152773 ^ fanout263/A (sky130_fd_sc_hd__buf_4)
     1    0.004123    0.027283    0.096059   12.248832 ^ fanout263/X (sky130_fd_sc_hd__buf_4)
                                                         net263 (net)
                      0.027283    0.000117   12.248949 ^ hold154/A (sky130_fd_sc_hd__dlygate4sd3_1)
    33    0.120171    0.890399    0.984111   13.233060 ^ hold154/X (sky130_fd_sc_hd__dlygate4sd3_1)
                                                         net428 (net)
                      0.890405    0.002031   13.235090 ^ _121_/B (sky130_fd_sc_hd__and3_1)
     1    0.003386    0.053729    0.116031   13.351122 ^ _121_/X (sky130_fd_sc_hd__and3_1)
                                                         _018_ (net)
                      0.053729    0.000107   13.351228 ^ _154_/D (sky130_fd_sc_hd__dfrtp_4)
                                             13.351228   data arrival time

                                 25.000000   25.000000   clock clk (rise edge)
                                  4.650000   29.650000   clock source latency
     2    0.031002    0.610000    0.000000   29.650000 ^ clk (in)
                                                         clk (net)
                      0.616595    0.003215   29.653214 ^ wire3/A (sky130_fd_sc_hd__buf_4)
     3    0.045136    0.104020    0.149717   29.802931 ^ wire3/X (sky130_fd_sc_hd__buf_4)
                                                         net274 (net)
                      0.104711    0.006548   29.809479 ^ wire2/A (sky130_fd_sc_hd__buf_6)
     3    0.077490    0.119211    0.132324   29.941803 ^ wire2/X (sky130_fd_sc_hd__buf_6)
                                                         net273 (net)
                      0.123514    0.017174   29.958977 ^ wire1/A (sky130_fd_sc_hd__buf_6)
     3    0.079823    0.122571    0.136748   30.095724 ^ wire1/X (sky130_fd_sc_hd__buf_6)
                                                         net272 (net)
                      0.127195    0.018051   30.113775 ^ clkbuf_0_clk/A (sky130_fd_sc_hd__clkbuf_16)
     9    0.099027    0.088852    0.148049   30.261824 ^ clkbuf_0_clk/X (sky130_fd_sc_hd__clkbuf_16)
                                                         clknet_0_clk (net)
                      0.089797    0.007091   30.268915 ^ clkbuf_2_3__f_clk/A (sky130_fd_sc_hd__clkbuf_16)
    21    0.071648    0.068794    0.122146   30.391062 ^ clkbuf_2_3__f_clk/X (sky130_fd_sc_hd__clkbuf_16)
                                                         clknet_2_3__leaf_clk (net)
                      0.072150    0.011450   30.402512 ^ _154_/CLK (sky130_fd_sc_hd__dfrtp_4)
                                 -0.087500   30.315012   clock uncertainty
                                  0.000000   30.315012   clock reconvergence pessimism
                                 -0.038209   30.276802   library setup time
                                             30.276802   data required time
---------------------------------------------------------------------------------------------
                                             30.276802   data required time
                                            -13.351228   data arrival time
---------------------------------------------------------------------------------------------
                                             16.925575   slack (MET)


Startpoint: wbs_adr_i[31] (input port clocked by clk)
Endpoint: _147_ (rising edge-triggered flip-flop clocked by clk)
Path Group: clk
Path Type: max

Fanout         Cap        Slew       Delay        Time   Description
---------------------------------------------------------------------------------------------
                                  0.000000    0.000000   clock clk (rise edge)
                                  5.570000    5.570000   clock network delay (propagated)
                                  3.890000    9.460000 v input external delay
     2    0.003828    0.920000    0.000000    9.460000 v wbs_adr_i[31] (in)
                                                         wbs_adr_i[31] (net)
                      0.920090    0.000046    9.460047 v hold150/A (sky130_fd_sc_hd__dlygate4sd3_1)
     1    0.004199    0.043711    0.629771   10.089817 v hold150/X (sky130_fd_sc_hd__dlygate4sd3_1)
                                                         net424 (net)
                      0.043711    0.000125   10.089943 v input102/A (sky130_fd_sc_hd__clkbuf_8)
     3    0.073303    0.066788    0.130318   10.220261 v input102/X (sky130_fd_sc_hd__clkbuf_8)
                                                         net102 (net)
                      0.074194    0.017360   10.237620 v hold151/A (sky130_fd_sc_hd__dlygate4sd3_1)
     3    0.063573    0.223911    0.558421   10.796041 v hold151/X (sky130_fd_sc_hd__dlygate4sd3_1)
                                                         net425 (net)
                      0.225790    0.017176   10.813217 v _043_/A (sky130_fd_sc_hd__nor4b_1)
     1    0.003365    0.178113    0.260720   11.073937 ^ _043_/Y (sky130_fd_sc_hd__nor4b_1)
                                                         _034_ (net)
                      0.178113    0.000109   11.074047 ^ hold152/A (sky130_fd_sc_hd__dlygate4sd3_1)
     1    0.003392    0.041051    0.403876   11.477923 ^ hold152/X (sky130_fd_sc_hd__dlygate4sd3_1)
                                                         net426 (net)
                      0.041051    0.000107   11.478029 ^ wire266/A (sky130_fd_sc_hd__buf_2)
     1    0.012923    0.052822    0.089879   11.567908 ^ wire266/X (sky130_fd_sc_hd__buf_2)
                                                         net266 (net)
                      0.052833    0.000773   11.568682 ^ hold153/A (sky130_fd_sc_hd__dlygate4sd3_1)
     5    0.040146    0.304099    0.580563   12.149244 ^ hold153/X (sky130_fd_sc_hd__dlygate4sd3_1)
                                                         net427 (net)
                      0.304135    0.003528   12.152773 ^ fanout263/A (sky130_fd_sc_hd__buf_4)
     1    0.004123    0.027283    0.096059   12.248832 ^ fanout263/X (sky130_fd_sc_hd__buf_4)
                                                         net263 (net)
                      0.027283    0.000117   12.248949 ^ hold154/A (sky130_fd_sc_hd__dlygate4sd3_1)
    33    0.120171    0.890399    0.984111   13.233060 ^ hold154/X (sky130_fd_sc_hd__dlygate4sd3_1)
                                                         net428 (net)
                      0.890560    0.010278   13.243338 ^ _114_/B (sky130_fd_sc_hd__and3_1)
     1    0.003664    0.055699    0.118360   13.361697 ^ _114_/X (sky130_fd_sc_hd__and3_1)
                                                         _010_ (net)
                      0.055699    0.000120   13.361817 ^ _147_/D (sky130_fd_sc_hd__dfrtp_2)
                                             13.361817   data arrival time

                                 25.000000   25.000000   clock clk (rise edge)
                                  4.650000   29.650000   clock source latency
     2    0.031002    0.610000    0.000000   29.650000 ^ clk (in)
                                                         clk (net)
                      0.616595    0.003215   29.653214 ^ wire3/A (sky130_fd_sc_hd__buf_4)
     3    0.045136    0.104020    0.149717   29.802931 ^ wire3/X (sky130_fd_sc_hd__buf_4)
                                                         net274 (net)
                      0.104711    0.006548   29.809479 ^ wire2/A (sky130_fd_sc_hd__buf_6)
     3    0.077490    0.119211    0.132324   29.941803 ^ wire2/X (sky130_fd_sc_hd__buf_6)
                                                         net273 (net)
                      0.123514    0.017174   29.958977 ^ wire1/A (sky130_fd_sc_hd__buf_6)
     3    0.079823    0.122571    0.136748   30.095724 ^ wire1/X (sky130_fd_sc_hd__buf_6)
                                                         net272 (net)
                      0.127195    0.018051   30.113775 ^ clkbuf_0_clk/A (sky130_fd_sc_hd__clkbuf_16)
     9    0.099027    0.088852    0.148049   30.261824 ^ clkbuf_0_clk/X (sky130_fd_sc_hd__clkbuf_16)
                                                         clknet_0_clk (net)
                      0.089796    0.007088   30.268911 ^ clkbuf_2_2__f_clk/A (sky130_fd_sc_hd__clkbuf_16)
    17    0.094715    0.085805    0.136112   30.405024 ^ clkbuf_2_2__f_clk/X (sky130_fd_sc_hd__clkbuf_16)
                                                         clknet_2_2__leaf_clk (net)
                      0.086953    0.007656   30.412680 ^ _147_/CLK (sky130_fd_sc_hd__dfrtp_2)
                                 -0.087500   30.325180   clock uncertainty
                                  0.000000   30.325180   clock reconvergence pessimism
                                 -0.036708   30.288473   library setup time
                                             30.288473   data required time
---------------------------------------------------------------------------------------------
                                             30.288473   data required time
                                            -13.361817   data arrival time
---------------------------------------------------------------------------------------------
                                             16.926657   slack (MET)


Startpoint: wbs_adr_i[31] (input port clocked by clk)
Endpoint: _151_ (rising edge-triggered flip-flop clocked by clk)
Path Group: clk
Path Type: max

Fanout         Cap        Slew       Delay        Time   Description
---------------------------------------------------------------------------------------------
                                  0.000000    0.000000   clock clk (rise edge)
                                  5.570000    5.570000   clock network delay (propagated)
                                  3.890000    9.460000 v input external delay
     2    0.003828    0.920000    0.000000    9.460000 v wbs_adr_i[31] (in)
                                                         wbs_adr_i[31] (net)
                      0.920090    0.000046    9.460047 v hold150/A (sky130_fd_sc_hd__dlygate4sd3_1)
     1    0.004199    0.043711    0.629771   10.089817 v hold150/X (sky130_fd_sc_hd__dlygate4sd3_1)
                                                         net424 (net)
                      0.043711    0.000125   10.089943 v input102/A (sky130_fd_sc_hd__clkbuf_8)
     3    0.073303    0.066788    0.130318   10.220261 v input102/X (sky130_fd_sc_hd__clkbuf_8)
                                                         net102 (net)
                      0.074194    0.017360   10.237620 v hold151/A (sky130_fd_sc_hd__dlygate4sd3_1)
     3    0.063573    0.223911    0.558421   10.796041 v hold151/X (sky130_fd_sc_hd__dlygate4sd3_1)
                                                         net425 (net)
                      0.225790    0.017176   10.813217 v _043_/A (sky130_fd_sc_hd__nor4b_1)
     1    0.003365    0.178113    0.260720   11.073937 ^ _043_/Y (sky130_fd_sc_hd__nor4b_1)
                                                         _034_ (net)
                      0.178113    0.000109   11.074047 ^ hold152/A (sky130_fd_sc_hd__dlygate4sd3_1)
     1    0.003392    0.041051    0.403876   11.477923 ^ hold152/X (sky130_fd_sc_hd__dlygate4sd3_1)
                                                         net426 (net)
                      0.041051    0.000107   11.478029 ^ wire266/A (sky130_fd_sc_hd__buf_2)
     1    0.012923    0.052822    0.089879   11.567908 ^ wire266/X (sky130_fd_sc_hd__buf_2)
                                                         net266 (net)
                      0.052833    0.000773   11.568682 ^ hold153/A (sky130_fd_sc_hd__dlygate4sd3_1)
     5    0.040146    0.304099    0.580563   12.149244 ^ hold153/X (sky130_fd_sc_hd__dlygate4sd3_1)
                                                         net427 (net)
                      0.304135    0.003528   12.152773 ^ fanout263/A (sky130_fd_sc_hd__buf_4)
     1    0.004123    0.027283    0.096059   12.248832 ^ fanout263/X (sky130_fd_sc_hd__buf_4)
                                                         net263 (net)
                      0.027283    0.000117   12.248949 ^ hold154/A (sky130_fd_sc_hd__dlygate4sd3_1)
    33    0.120171    0.890399    0.984111   13.233060 ^ hold154/X (sky130_fd_sc_hd__dlygate4sd3_1)
                                                         net428 (net)
                      0.890415    0.003247   13.236306 ^ _118_/B (sky130_fd_sc_hd__and3_1)
     1    0.002872    0.050199    0.111711   13.348018 ^ _118_/X (sky130_fd_sc_hd__and3_1)
                                                         _015_ (net)
                      0.050199    0.000085   13.348103 ^ _151_/D (sky130_fd_sc_hd__dfrtp_4)
                                             13.348103   data arrival time

                                 25.000000   25.000000   clock clk (rise edge)
                                  4.650000   29.650000   clock source latency
     2    0.031002    0.610000    0.000000   29.650000 ^ clk (in)
                                                         clk (net)
                      0.616595    0.003215   29.653214 ^ wire3/A (sky130_fd_sc_hd__buf_4)
     3    0.045136    0.104020    0.149717   29.802931 ^ wire3/X (sky130_fd_sc_hd__buf_4)
                                                         net274 (net)
                      0.104711    0.006548   29.809479 ^ wire2/A (sky130_fd_sc_hd__buf_6)
     3    0.077490    0.119211    0.132324   29.941803 ^ wire2/X (sky130_fd_sc_hd__buf_6)
                                                         net273 (net)
                      0.123514    0.017174   29.958977 ^ wire1/A (sky130_fd_sc_hd__buf_6)
     3    0.079823    0.122571    0.136748   30.095724 ^ wire1/X (sky130_fd_sc_hd__buf_6)
                                                         net272 (net)
                      0.127195    0.018051   30.113775 ^ clkbuf_0_clk/A (sky130_fd_sc_hd__clkbuf_16)
     9    0.099027    0.088852    0.148049   30.261824 ^ clkbuf_0_clk/X (sky130_fd_sc_hd__clkbuf_16)
                                                         clknet_0_clk (net)
                      0.089797    0.007091   30.268915 ^ clkbuf_2_3__f_clk/A (sky130_fd_sc_hd__clkbuf_16)
    21    0.071648    0.068794    0.122146   30.391062 ^ clkbuf_2_3__f_clk/X (sky130_fd_sc_hd__clkbuf_16)
                                                         clknet_2_3__leaf_clk (net)
                      0.072206    0.011550   30.402611 ^ _151_/CLK (sky130_fd_sc_hd__dfrtp_4)
                                 -0.087500   30.315111   clock uncertainty
                                  0.000000   30.315111   clock reconvergence pessimism
                                 -0.037862   30.277250   library setup time
                                             30.277250   data required time
---------------------------------------------------------------------------------------------
                                             30.277250   data required time
                                            -13.348103   data arrival time
---------------------------------------------------------------------------------------------
                                             16.929146   slack (MET)


Startpoint: wbs_adr_i[31] (input port clocked by clk)
Endpoint: _148_ (rising edge-triggered flip-flop clocked by clk)
Path Group: clk
Path Type: max

Fanout         Cap        Slew       Delay        Time   Description
---------------------------------------------------------------------------------------------
                                  0.000000    0.000000   clock clk (rise edge)
                                  5.570000    5.570000   clock network delay (propagated)
                                  3.890000    9.460000 v input external delay
     2    0.003828    0.920000    0.000000    9.460000 v wbs_adr_i[31] (in)
                                                         wbs_adr_i[31] (net)
                      0.920090    0.000046    9.460047 v hold150/A (sky130_fd_sc_hd__dlygate4sd3_1)
     1    0.004199    0.043711    0.629771   10.089817 v hold150/X (sky130_fd_sc_hd__dlygate4sd3_1)
                                                         net424 (net)
                      0.043711    0.000125   10.089943 v input102/A (sky130_fd_sc_hd__clkbuf_8)
     3    0.073303    0.066788    0.130318   10.220261 v input102/X (sky130_fd_sc_hd__clkbuf_8)
                                                         net102 (net)
                      0.074194    0.017360   10.237620 v hold151/A (sky130_fd_sc_hd__dlygate4sd3_1)
     3    0.063573    0.223911    0.558421   10.796041 v hold151/X (sky130_fd_sc_hd__dlygate4sd3_1)
                                                         net425 (net)
                      0.225790    0.017176   10.813217 v _043_/A (sky130_fd_sc_hd__nor4b_1)
     1    0.003365    0.178113    0.260720   11.073937 ^ _043_/Y (sky130_fd_sc_hd__nor4b_1)
                                                         _034_ (net)
                      0.178113    0.000109   11.074047 ^ hold152/A (sky130_fd_sc_hd__dlygate4sd3_1)
     1    0.003392    0.041051    0.403876   11.477923 ^ hold152/X (sky130_fd_sc_hd__dlygate4sd3_1)
                                                         net426 (net)
                      0.041051    0.000107   11.478029 ^ wire266/A (sky130_fd_sc_hd__buf_2)
     1    0.012923    0.052822    0.089879   11.567908 ^ wire266/X (sky130_fd_sc_hd__buf_2)
                                                         net266 (net)
                      0.052833    0.000773   11.568682 ^ hold153/A (sky130_fd_sc_hd__dlygate4sd3_1)
     5    0.040146    0.304099    0.580563   12.149244 ^ hold153/X (sky130_fd_sc_hd__dlygate4sd3_1)
                                                         net427 (net)
                      0.304135    0.003528   12.152773 ^ fanout263/A (sky130_fd_sc_hd__buf_4)
     1    0.004123    0.027283    0.096059   12.248832 ^ fanout263/X (sky130_fd_sc_hd__buf_4)
                                                         net263 (net)
                      0.027283    0.000117   12.248949 ^ hold154/A (sky130_fd_sc_hd__dlygate4sd3_1)
    33    0.120171    0.890399    0.984111   13.233060 ^ hold154/X (sky130_fd_sc_hd__dlygate4sd3_1)
                                                         net428 (net)
                      0.890474    0.007074   13.240134 ^ _115_/B (sky130_fd_sc_hd__and3_1)
     1    0.003570    0.055025    0.117574   13.357707 ^ _115_/X (sky130_fd_sc_hd__and3_1)
                                                         _011_ (net)
                      0.055025    0.000112   13.357820 ^ _148_/D (sky130_fd_sc_hd__dfrtp_4)
                                             13.357820   data arrival time

                                 25.000000   25.000000   clock clk (rise edge)
                                  4.650000   29.650000   clock source latency
     2    0.031002    0.610000    0.000000   29.650000 ^ clk (in)
                                                         clk (net)
                      0.616595    0.003215   29.653214 ^ wire3/A (sky130_fd_sc_hd__buf_4)
     3    0.045136    0.104020    0.149717   29.802931 ^ wire3/X (sky130_fd_sc_hd__buf_4)
                                                         net274 (net)
                      0.104711    0.006548   29.809479 ^ wire2/A (sky130_fd_sc_hd__buf_6)
     3    0.077490    0.119211    0.132324   29.941803 ^ wire2/X (sky130_fd_sc_hd__buf_6)
                                                         net273 (net)
                      0.123514    0.017174   29.958977 ^ wire1/A (sky130_fd_sc_hd__buf_6)
     3    0.079823    0.122571    0.136748   30.095724 ^ wire1/X (sky130_fd_sc_hd__buf_6)
                                                         net272 (net)
                      0.127195    0.018051   30.113775 ^ clkbuf_0_clk/A (sky130_fd_sc_hd__clkbuf_16)
     9    0.099027    0.088852    0.148049   30.261824 ^ clkbuf_0_clk/X (sky130_fd_sc_hd__clkbuf_16)
                                                         clknet_0_clk (net)
                      0.089796    0.007088   30.268911 ^ clkbuf_2_2__f_clk/A (sky130_fd_sc_hd__clkbuf_16)
    17    0.094715    0.085805    0.136112   30.405024 ^ clkbuf_2_2__f_clk/X (sky130_fd_sc_hd__clkbuf_16)
                                                         clknet_2_2__leaf_clk (net)
                      0.087296    0.008718   30.413742 ^ _148_/CLK (sky130_fd_sc_hd__dfrtp_4)
                                 -0.087500   30.326242   clock uncertainty
                                  0.000000   30.326242   clock reconvergence pessimism
                                 -0.037754   30.288486   library setup time
                                             30.288486   data required time
---------------------------------------------------------------------------------------------
                                             30.288486   data required time
                                            -13.357820   data arrival time
---------------------------------------------------------------------------------------------
                                             16.930668   slack (MET)


Startpoint: wbs_adr_i[31] (input port clocked by clk)
Endpoint: _159_ (rising edge-triggered flip-flop clocked by clk)
Path Group: clk
Path Type: max

Fanout         Cap        Slew       Delay        Time   Description
---------------------------------------------------------------------------------------------
                                  0.000000    0.000000   clock clk (rise edge)
                                  5.570000    5.570000   clock network delay (propagated)
                                  3.890000    9.460000 v input external delay
     2    0.003828    0.920000    0.000000    9.460000 v wbs_adr_i[31] (in)
                                                         wbs_adr_i[31] (net)
                      0.920090    0.000046    9.460047 v hold150/A (sky130_fd_sc_hd__dlygate4sd3_1)
     1    0.004199    0.043711    0.629771   10.089817 v hold150/X (sky130_fd_sc_hd__dlygate4sd3_1)
                                                         net424 (net)
                      0.043711    0.000125   10.089943 v input102/A (sky130_fd_sc_hd__clkbuf_8)
     3    0.073303    0.066788    0.130318   10.220261 v input102/X (sky130_fd_sc_hd__clkbuf_8)
                                                         net102 (net)
                      0.074194    0.017360   10.237620 v hold151/A (sky130_fd_sc_hd__dlygate4sd3_1)
     3    0.063573    0.223911    0.558421   10.796041 v hold151/X (sky130_fd_sc_hd__dlygate4sd3_1)
                                                         net425 (net)
                      0.225790    0.017176   10.813217 v _043_/A (sky130_fd_sc_hd__nor4b_1)
     1    0.003365    0.178113    0.260720   11.073937 ^ _043_/Y (sky130_fd_sc_hd__nor4b_1)
                                                         _034_ (net)
                      0.178113    0.000109   11.074047 ^ hold152/A (sky130_fd_sc_hd__dlygate4sd3_1)
     1    0.003392    0.041051    0.403876   11.477923 ^ hold152/X (sky130_fd_sc_hd__dlygate4sd3_1)
                                                         net426 (net)
                      0.041051    0.000107   11.478029 ^ wire266/A (sky130_fd_sc_hd__buf_2)
     1    0.012923    0.052822    0.089879   11.567908 ^ wire266/X (sky130_fd_sc_hd__buf_2)
                                                         net266 (net)
                      0.052833    0.000773   11.568682 ^ hold153/A (sky130_fd_sc_hd__dlygate4sd3_1)
     5    0.040146    0.304099    0.580563   12.149244 ^ hold153/X (sky130_fd_sc_hd__dlygate4sd3_1)
                                                         net427 (net)
                      0.304135    0.003528   12.152773 ^ fanout263/A (sky130_fd_sc_hd__buf_4)
     1    0.004123    0.027283    0.096059   12.248832 ^ fanout263/X (sky130_fd_sc_hd__buf_4)
                                                         net263 (net)
                      0.027283    0.000117   12.248949 ^ hold154/A (sky130_fd_sc_hd__dlygate4sd3_1)
    33    0.120171    0.890399    0.984111   13.233060 ^ hold154/X (sky130_fd_sc_hd__dlygate4sd3_1)
                                                         net428 (net)
                      0.890405    0.002007   13.235066 ^ _126_/B (sky130_fd_sc_hd__and3_1)
     1    0.004075    0.058015    0.121039   13.356106 ^ _126_/X (sky130_fd_sc_hd__and3_1)
                                                         _024_ (net)
                      0.058015    0.000134   13.356240 ^ _159_/D (sky130_fd_sc_hd__dfrtp_4)
                                             13.356240   data arrival time

                                 25.000000   25.000000   clock clk (rise edge)
                                  4.650000   29.650000   clock source latency
     2    0.031002    0.610000    0.000000   29.650000 ^ clk (in)
                                                         clk (net)
                      0.616595    0.003215   29.653214 ^ wire3/A (sky130_fd_sc_hd__buf_4)
     3    0.045136    0.104020    0.149717   29.802931 ^ wire3/X (sky130_fd_sc_hd__buf_4)
                                                         net274 (net)
                      0.104711    0.006548   29.809479 ^ wire2/A (sky130_fd_sc_hd__buf_6)
     3    0.077490    0.119211    0.132324   29.941803 ^ wire2/X (sky130_fd_sc_hd__buf_6)
                                                         net273 (net)
                      0.123514    0.017174   29.958977 ^ wire1/A (sky130_fd_sc_hd__buf_6)
     3    0.079823    0.122571    0.136748   30.095724 ^ wire1/X (sky130_fd_sc_hd__buf_6)
                                                         net272 (net)
                      0.127195    0.018051   30.113775 ^ clkbuf_0_clk/A (sky130_fd_sc_hd__clkbuf_16)
     9    0.099027    0.088852    0.148049   30.261824 ^ clkbuf_0_clk/X (sky130_fd_sc_hd__clkbuf_16)
                                                         clknet_0_clk (net)
                      0.089796    0.007088   30.268911 ^ clkbuf_2_2__f_clk/A (sky130_fd_sc_hd__clkbuf_16)
    17    0.094715    0.085805    0.136112   30.405024 ^ clkbuf_2_2__f_clk/X (sky130_fd_sc_hd__clkbuf_16)
                                                         clknet_2_2__leaf_clk (net)
                      0.087612    0.009603   30.414627 ^ _159_/CLK (sky130_fd_sc_hd__dfrtp_4)
                                 -0.087500   30.327127   clock uncertainty
                                  0.000000   30.327127   clock reconvergence pessimism
                                 -0.038032   30.289095   library setup time
                                             30.289095   data required time
---------------------------------------------------------------------------------------------
                                             30.289095   data required time
                                            -13.356240   data arrival time
---------------------------------------------------------------------------------------------
                                             16.932856   slack (MET)


Startpoint: wbs_adr_i[31] (input port clocked by clk)
Endpoint: _149_ (rising edge-triggered flip-flop clocked by clk)
Path Group: clk
Path Type: max

Fanout         Cap        Slew       Delay        Time   Description
---------------------------------------------------------------------------------------------
                                  0.000000    0.000000   clock clk (rise edge)
                                  5.570000    5.570000   clock network delay (propagated)
                                  3.890000    9.460000 v input external delay
     2    0.003828    0.920000    0.000000    9.460000 v wbs_adr_i[31] (in)
                                                         wbs_adr_i[31] (net)
                      0.920090    0.000046    9.460047 v hold150/A (sky130_fd_sc_hd__dlygate4sd3_1)
     1    0.004199    0.043711    0.629771   10.089817 v hold150/X (sky130_fd_sc_hd__dlygate4sd3_1)
                                                         net424 (net)
                      0.043711    0.000125   10.089943 v input102/A (sky130_fd_sc_hd__clkbuf_8)
     3    0.073303    0.066788    0.130318   10.220261 v input102/X (sky130_fd_sc_hd__clkbuf_8)
                                                         net102 (net)
                      0.074194    0.017360   10.237620 v hold151/A (sky130_fd_sc_hd__dlygate4sd3_1)
     3    0.063573    0.223911    0.558421   10.796041 v hold151/X (sky130_fd_sc_hd__dlygate4sd3_1)
                                                         net425 (net)
                      0.225790    0.017176   10.813217 v _043_/A (sky130_fd_sc_hd__nor4b_1)
     1    0.003365    0.178113    0.260720   11.073937 ^ _043_/Y (sky130_fd_sc_hd__nor4b_1)
                                                         _034_ (net)
                      0.178113    0.000109   11.074047 ^ hold152/A (sky130_fd_sc_hd__dlygate4sd3_1)
     1    0.003392    0.041051    0.403876   11.477923 ^ hold152/X (sky130_fd_sc_hd__dlygate4sd3_1)
                                                         net426 (net)
                      0.041051    0.000107   11.478029 ^ wire266/A (sky130_fd_sc_hd__buf_2)
     1    0.012923    0.052822    0.089879   11.567908 ^ wire266/X (sky130_fd_sc_hd__buf_2)
                                                         net266 (net)
                      0.052833    0.000773   11.568682 ^ hold153/A (sky130_fd_sc_hd__dlygate4sd3_1)
     5    0.040146    0.304099    0.580563   12.149244 ^ hold153/X (sky130_fd_sc_hd__dlygate4sd3_1)
                                                         net427 (net)
                      0.304135    0.003528   12.152773 ^ fanout263/A (sky130_fd_sc_hd__buf_4)
     1    0.004123    0.027283    0.096059   12.248832 ^ fanout263/X (sky130_fd_sc_hd__buf_4)
                                                         net263 (net)
                      0.027283    0.000117   12.248949 ^ hold154/A (sky130_fd_sc_hd__dlygate4sd3_1)
    33    0.120171    0.890399    0.984111   13.233060 ^ hold154/X (sky130_fd_sc_hd__dlygate4sd3_1)
                                                         net428 (net)
                      0.890434    0.004852   13.237911 ^ _116_/B (sky130_fd_sc_hd__and3_1)
     1    0.003546    0.054855    0.117370   13.355282 ^ _116_/X (sky130_fd_sc_hd__and3_1)
                                                         _013_ (net)
                      0.054855    0.000115   13.355396 ^ _149_/D (sky130_fd_sc_hd__dfrtp_4)
                                             13.355396   data arrival time

                                 25.000000   25.000000   clock clk (rise edge)
                                  4.650000   29.650000   clock source latency
     2    0.031002    0.610000    0.000000   29.650000 ^ clk (in)
                                                         clk (net)
                      0.616595    0.003215   29.653214 ^ wire3/A (sky130_fd_sc_hd__buf_4)
     3    0.045136    0.104020    0.149717   29.802931 ^ wire3/X (sky130_fd_sc_hd__buf_4)
                                                         net274 (net)
                      0.104711    0.006548   29.809479 ^ wire2/A (sky130_fd_sc_hd__buf_6)
     3    0.077490    0.119211    0.132324   29.941803 ^ wire2/X (sky130_fd_sc_hd__buf_6)
                                                         net273 (net)
                      0.123514    0.017174   29.958977 ^ wire1/A (sky130_fd_sc_hd__buf_6)
     3    0.079823    0.122571    0.136748   30.095724 ^ wire1/X (sky130_fd_sc_hd__buf_6)
                                                         net272 (net)
                      0.127195    0.018051   30.113775 ^ clkbuf_0_clk/A (sky130_fd_sc_hd__clkbuf_16)
     9    0.099027    0.088852    0.148049   30.261824 ^ clkbuf_0_clk/X (sky130_fd_sc_hd__clkbuf_16)
                                                         clknet_0_clk (net)
                      0.089796    0.007088   30.268911 ^ clkbuf_2_2__f_clk/A (sky130_fd_sc_hd__clkbuf_16)
    17    0.094715    0.085805    0.136112   30.405024 ^ clkbuf_2_2__f_clk/X (sky130_fd_sc_hd__clkbuf_16)
                                                         clknet_2_2__leaf_clk (net)
                      0.087440    0.009130   30.414154 ^ _149_/CLK (sky130_fd_sc_hd__dfrtp_4)
                                 -0.087500   30.326654   clock uncertainty
                                  0.000000   30.326654   clock reconvergence pessimism
                                 -0.037732   30.288921   library setup time
                                             30.288921   data required time
---------------------------------------------------------------------------------------------
                                             30.288921   data required time
                                            -13.355396   data arrival time
---------------------------------------------------------------------------------------------
                                             16.933523   slack (MET)


Startpoint: wbs_adr_i[31] (input port clocked by clk)
Endpoint: _150_ (rising edge-triggered flip-flop clocked by clk)
Path Group: clk
Path Type: max

Fanout         Cap        Slew       Delay        Time   Description
---------------------------------------------------------------------------------------------
                                  0.000000    0.000000   clock clk (rise edge)
                                  5.570000    5.570000   clock network delay (propagated)
                                  3.890000    9.460000 v input external delay
     2    0.003828    0.920000    0.000000    9.460000 v wbs_adr_i[31] (in)
                                                         wbs_adr_i[31] (net)
                      0.920090    0.000046    9.460047 v hold150/A (sky130_fd_sc_hd__dlygate4sd3_1)
     1    0.004199    0.043711    0.629771   10.089817 v hold150/X (sky130_fd_sc_hd__dlygate4sd3_1)
                                                         net424 (net)
                      0.043711    0.000125   10.089943 v input102/A (sky130_fd_sc_hd__clkbuf_8)
     3    0.073303    0.066788    0.130318   10.220261 v input102/X (sky130_fd_sc_hd__clkbuf_8)
                                                         net102 (net)
                      0.074194    0.017360   10.237620 v hold151/A (sky130_fd_sc_hd__dlygate4sd3_1)
     3    0.063573    0.223911    0.558421   10.796041 v hold151/X (sky130_fd_sc_hd__dlygate4sd3_1)
                                                         net425 (net)
                      0.225790    0.017176   10.813217 v _043_/A (sky130_fd_sc_hd__nor4b_1)
     1    0.003365    0.178113    0.260720   11.073937 ^ _043_/Y (sky130_fd_sc_hd__nor4b_1)
                                                         _034_ (net)
                      0.178113    0.000109   11.074047 ^ hold152/A (sky130_fd_sc_hd__dlygate4sd3_1)
     1    0.003392    0.041051    0.403876   11.477923 ^ hold152/X (sky130_fd_sc_hd__dlygate4sd3_1)
                                                         net426 (net)
                      0.041051    0.000107   11.478029 ^ wire266/A (sky130_fd_sc_hd__buf_2)
     1    0.012923    0.052822    0.089879   11.567908 ^ wire266/X (sky130_fd_sc_hd__buf_2)
                                                         net266 (net)
                      0.052833    0.000773   11.568682 ^ hold153/A (sky130_fd_sc_hd__dlygate4sd3_1)
     5    0.040146    0.304099    0.580563   12.149244 ^ hold153/X (sky130_fd_sc_hd__dlygate4sd3_1)
                                                         net427 (net)
                      0.304135    0.003528   12.152773 ^ fanout263/A (sky130_fd_sc_hd__buf_4)
     1    0.004123    0.027283    0.096059   12.248832 ^ fanout263/X (sky130_fd_sc_hd__buf_4)
                                                         net263 (net)
                      0.027283    0.000117   12.248949 ^ hold154/A (sky130_fd_sc_hd__dlygate4sd3_1)
    33    0.120171    0.890399    0.984111   13.233060 ^ hold154/X (sky130_fd_sc_hd__dlygate4sd3_1)
                                                         net428 (net)
                      0.890422    0.003935   13.236994 ^ _117_/B (sky130_fd_sc_hd__and3_1)
     1    0.003632    0.055469    0.118098   13.355092 ^ _117_/X (sky130_fd_sc_hd__and3_1)
                                                         _014_ (net)
                      0.055469    0.000121   13.355212 ^ _150_/D (sky130_fd_sc_hd__dfrtp_4)
                                             13.355212   data arrival time

                                 25.000000   25.000000   clock clk (rise edge)
                                  4.650000   29.650000   clock source latency
     2    0.031002    0.610000    0.000000   29.650000 ^ clk (in)
                                                         clk (net)
                      0.616595    0.003215   29.653214 ^ wire3/A (sky130_fd_sc_hd__buf_4)
     3    0.045136    0.104020    0.149717   29.802931 ^ wire3/X (sky130_fd_sc_hd__buf_4)
                                                         net274 (net)
                      0.104711    0.006548   29.809479 ^ wire2/A (sky130_fd_sc_hd__buf_6)
     3    0.077490    0.119211    0.132324   29.941803 ^ wire2/X (sky130_fd_sc_hd__buf_6)
                                                         net273 (net)
                      0.123514    0.017174   29.958977 ^ wire1/A (sky130_fd_sc_hd__buf_6)
     3    0.079823    0.122571    0.136748   30.095724 ^ wire1/X (sky130_fd_sc_hd__buf_6)
                                                         net272 (net)
                      0.127195    0.018051   30.113775 ^ clkbuf_0_clk/A (sky130_fd_sc_hd__clkbuf_16)
     9    0.099027    0.088852    0.148049   30.261824 ^ clkbuf_0_clk/X (sky130_fd_sc_hd__clkbuf_16)
                                                         clknet_0_clk (net)
                      0.089796    0.007088   30.268911 ^ clkbuf_2_2__f_clk/A (sky130_fd_sc_hd__clkbuf_16)
    17    0.094715    0.085805    0.136112   30.405024 ^ clkbuf_2_2__f_clk/X (sky130_fd_sc_hd__clkbuf_16)
                                                         clknet_2_2__leaf_clk (net)
                      0.087540    0.009404   30.414427 ^ _150_/CLK (sky130_fd_sc_hd__dfrtp_4)
                                 -0.087500   30.326927   clock uncertainty
                                  0.000000   30.326927   clock reconvergence pessimism
                                 -0.037788   30.289141   library setup time
                                             30.289141   data required time
---------------------------------------------------------------------------------------------
                                             30.289141   data required time
                                            -13.355212   data arrival time
---------------------------------------------------------------------------------------------
                                             16.933929   slack (MET)


Startpoint: wbs_adr_i[17] (input port clocked by clk)
Endpoint: _146_ (rising edge-triggered flip-flop clocked by clk)
Path Group: clk
Path Type: max

Fanout         Cap        Slew       Delay        Time   Description
---------------------------------------------------------------------------------------------
                                  0.000000    0.000000   clock clk (rise edge)
                                  5.570000    5.570000   clock network delay (propagated)
                                  3.890000    9.460000 v input external delay
     2    0.004084    0.920000    0.000000    9.460000 v wbs_adr_i[17] (in)
                                                         wbs_adr_i[17] (net)
                      0.920087    0.000044    9.460045 v hold1/A (sky130_fd_sc_hd__dlygate4sd3_1)
     1    0.002725    0.037766    0.621565   10.081610 v hold1/X (sky130_fd_sc_hd__dlygate4sd3_1)
                                                         net275 (net)
                      0.037766    0.000083   10.081692 v input87/A (sky130_fd_sc_hd__clkbuf_1)
     1    0.002932    0.018996    0.061209   10.142901 v input87/X (sky130_fd_sc_hd__clkbuf_1)
                                                         net87 (net)
                      0.018996    0.000072   10.142973 v hold2/A (sky130_fd_sc_hd__dlygate4sd3_1)
     1    0.003043    0.039226    0.366102   10.509075 v hold2/X (sky130_fd_sc_hd__dlygate4sd3_1)
                                                         net276 (net)
                      0.039226    0.000075   10.509151 v _044_/A (sky130_fd_sc_hd__or4_1)
     1    0.004074    0.059384    0.309423   10.818573 v _044_/X (sky130_fd_sc_hd__or4_1)
                                                         _035_ (net)
                      0.059384    0.000148   10.818722 v hold3/A (sky130_fd_sc_hd__dlygate4sd3_1)
     1    0.004593    0.044233    0.389677   11.208398 v hold3/X (sky130_fd_sc_hd__dlygate4sd3_1)
                                                         net277 (net)
                      0.044233    0.000134   11.208532 v _048_/A (sky130_fd_sc_hd__nor4_1)
     1    0.007682    0.262776    0.271801   11.480333 ^ _048_/Y (sky130_fd_sc_hd__nor4_1)
                                                         _039_ (net)
                      0.262776    0.000398   11.480731 ^ hold4/A (sky130_fd_sc_hd__dlygate4sd3_1)
     1    0.007532    0.069338    0.433110   11.913841 ^ hold4/X (sky130_fd_sc_hd__dlygate4sd3_1)
                                                         net278 (net)
                      0.069338    0.000377   11.914218 ^ wire262/A (sky130_fd_sc_hd__buf_2)
     1    0.011521    0.048301    0.093811   12.008029 ^ wire262/X (sky130_fd_sc_hd__buf_2)
                                                         net262 (net)
                      0.048309    0.000663   12.008691 ^ hold5/A (sky130_fd_sc_hd__dlygate4sd3_1)
     7    0.056912    0.426079    0.666077   12.674768 ^ hold5/X (sky130_fd_sc_hd__dlygate4sd3_1)
                                                         net279 (net)
                      0.426079    0.001140   12.675908 ^ _113_/C (sky130_fd_sc_hd__and3_1)
     1    0.002627    0.040072    0.115138   12.791046 ^ _113_/X (sky130_fd_sc_hd__and3_1)
                                                         _009_ (net)
                      0.040072    0.000080   12.791126 ^ hold6/A (sky130_fd_sc_hd__dlygate4sd3_1)
     1    0.002429    0.035119    0.379605   13.170731 ^ hold6/X (sky130_fd_sc_hd__dlygate4sd3_1)
                                                         net280 (net)
                      0.035119    0.000069   13.170800 ^ _146_/D (sky130_fd_sc_hd__dfrtp_2)
                                             13.170800   data arrival time

                                 25.000000   25.000000   clock clk (rise edge)
                                  4.650000   29.650000   clock source latency
     2    0.031002    0.610000    0.000000   29.650000 ^ clk (in)
                                                         clk (net)
                      0.616595    0.003215   29.653214 ^ wire3/A (sky130_fd_sc_hd__buf_4)
     3    0.045136    0.104020    0.149717   29.802931 ^ wire3/X (sky130_fd_sc_hd__buf_4)
                                                         net274 (net)
                      0.104711    0.006548   29.809479 ^ wire2/A (sky130_fd_sc_hd__buf_6)
     3    0.077490    0.119211    0.132324   29.941803 ^ wire2/X (sky130_fd_sc_hd__buf_6)
                                                         net273 (net)
                      0.123514    0.017174   29.958977 ^ wire1/A (sky130_fd_sc_hd__buf_6)
     3    0.079823    0.122571    0.136748   30.095724 ^ wire1/X (sky130_fd_sc_hd__buf_6)
                                                         net272 (net)
                      0.127195    0.018051   30.113775 ^ clkbuf_0_clk/A (sky130_fd_sc_hd__clkbuf_16)
     9    0.099027    0.088852    0.148049   30.261824 ^ clkbuf_0_clk/X (sky130_fd_sc_hd__clkbuf_16)
                                                         clknet_0_clk (net)
                      0.089797    0.007091   30.268915 ^ clkbuf_2_3__f_clk/A (sky130_fd_sc_hd__clkbuf_16)
    21    0.071648    0.068794    0.122146   30.391062 ^ clkbuf_2_3__f_clk/X (sky130_fd_sc_hd__clkbuf_16)
                                                         clknet_2_3__leaf_clk (net)
                      0.069099    0.003570   30.394632 ^ _146_/CLK (sky130_fd_sc_hd__dfrtp_2)
                                 -0.087500   30.307133   clock uncertainty
                                  0.000000   30.307133   clock reconvergence pessimism
                                 -0.035339   30.271793   library setup time
                                             30.271793   data required time
---------------------------------------------------------------------------------------------
                                             30.271793   data required time
                                            -13.170800   data arrival time
---------------------------------------------------------------------------------------------
                                             17.100992   slack (MET)


Startpoint: wbs_adr_i[17] (input port clocked by clk)
Endpoint: _133_ (rising edge-triggered flip-flop clocked by clk)
Path Group: clk
Path Type: max

Fanout         Cap        Slew       Delay        Time   Description
---------------------------------------------------------------------------------------------
                                  0.000000    0.000000   clock clk (rise edge)
                                  5.570000    5.570000   clock network delay (propagated)
                                  3.890000    9.460000 v input external delay
     2    0.004084    0.920000    0.000000    9.460000 v wbs_adr_i[17] (in)
                                                         wbs_adr_i[17] (net)
                      0.920087    0.000044    9.460045 v hold1/A (sky130_fd_sc_hd__dlygate4sd3_1)
     1    0.002725    0.037766    0.621565   10.081610 v hold1/X (sky130_fd_sc_hd__dlygate4sd3_1)
                                                         net275 (net)
                      0.037766    0.000083   10.081692 v input87/A (sky130_fd_sc_hd__clkbuf_1)
     1    0.002932    0.018996    0.061209   10.142901 v input87/X (sky130_fd_sc_hd__clkbuf_1)
                                                         net87 (net)
                      0.018996    0.000072   10.142973 v hold2/A (sky130_fd_sc_hd__dlygate4sd3_1)
     1    0.003043    0.039226    0.366102   10.509075 v hold2/X (sky130_fd_sc_hd__dlygate4sd3_1)
                                                         net276 (net)
                      0.039226    0.000075   10.509151 v _044_/A (sky130_fd_sc_hd__or4_1)
     1    0.004074    0.059384    0.309423   10.818573 v _044_/X (sky130_fd_sc_hd__or4_1)
                                                         _035_ (net)
                      0.059384    0.000148   10.818722 v hold3/A (sky130_fd_sc_hd__dlygate4sd3_1)
     1    0.004593    0.044233    0.389677   11.208398 v hold3/X (sky130_fd_sc_hd__dlygate4sd3_1)
                                                         net277 (net)
                      0.044233    0.000134   11.208532 v _048_/A (sky130_fd_sc_hd__nor4_1)
     1    0.007682    0.262776    0.271801   11.480333 ^ _048_/Y (sky130_fd_sc_hd__nor4_1)
                                                         _039_ (net)
                      0.262776    0.000398   11.480731 ^ hold4/A (sky130_fd_sc_hd__dlygate4sd3_1)
     1    0.007532    0.069338    0.433110   11.913841 ^ hold4/X (sky130_fd_sc_hd__dlygate4sd3_1)
                                                         net278 (net)
                      0.069338    0.000377   11.914218 ^ wire262/A (sky130_fd_sc_hd__buf_2)
     1    0.011521    0.048301    0.093811   12.008029 ^ wire262/X (sky130_fd_sc_hd__buf_2)
                                                         net262 (net)
                      0.048309    0.000663   12.008691 ^ hold5/A (sky130_fd_sc_hd__dlygate4sd3_1)
     7    0.056912    0.426079    0.666077   12.674768 ^ hold5/X (sky130_fd_sc_hd__dlygate4sd3_1)
                                                         net279 (net)
                      0.426366    0.006361   12.681129 ^ fanout261/A (sky130_fd_sc_hd__buf_4)
    33    0.127034    0.264014    0.262191   12.943320 ^ fanout261/X (sky130_fd_sc_hd__buf_4)
                                                         net261 (net)
                      0.268864    0.029253   12.972573 ^ _100_/C (sky130_fd_sc_hd__and3_1)
     1    0.004396    0.048811    0.125985   13.098559 ^ _100_/X (sky130_fd_sc_hd__and3_1)
                                                         _027_ (net)
                      0.048811    0.000157   13.098717 ^ _133_/D (sky130_fd_sc_hd__dfrtp_4)
                                             13.098717   data arrival time

                                 25.000000   25.000000   clock clk (rise edge)
                                  4.650000   29.650000   clock source latency
     2    0.031002    0.610000    0.000000   29.650000 ^ clk (in)
                                                         clk (net)
                      0.616595    0.003215   29.653214 ^ wire3/A (sky130_fd_sc_hd__buf_4)
     3    0.045136    0.104020    0.149717   29.802931 ^ wire3/X (sky130_fd_sc_hd__buf_4)
                                                         net274 (net)
                      0.104711    0.006548   29.809479 ^ wire2/A (sky130_fd_sc_hd__buf_6)
     3    0.077490    0.119211    0.132324   29.941803 ^ wire2/X (sky130_fd_sc_hd__buf_6)
                                                         net273 (net)
                      0.123514    0.017174   29.958977 ^ wire1/A (sky130_fd_sc_hd__buf_6)
     3    0.079823    0.122571    0.136748   30.095724 ^ wire1/X (sky130_fd_sc_hd__buf_6)
                                                         net272 (net)
                      0.127195    0.018051   30.113775 ^ clkbuf_0_clk/A (sky130_fd_sc_hd__clkbuf_16)
     9    0.099027    0.088852    0.148049   30.261824 ^ clkbuf_0_clk/X (sky130_fd_sc_hd__clkbuf_16)
                                                         clknet_0_clk (net)
                      0.090013    0.007848   30.269672 ^ clkbuf_2_1__f_clk/A (sky130_fd_sc_hd__clkbuf_16)
    21    0.084406    0.078353    0.128871   30.398542 ^ clkbuf_2_1__f_clk/X (sky130_fd_sc_hd__clkbuf_16)
                                                         clknet_2_1__leaf_clk (net)
                      0.081904    0.012687   30.411230 ^ _133_/CLK (sky130_fd_sc_hd__dfrtp_4)
                                 -0.087500   30.323730   clock uncertainty
                                  0.000000   30.323730   clock reconvergence pessimism
                                 -0.037357   30.286373   library setup time
                                             30.286373   data required time
---------------------------------------------------------------------------------------------
                                             30.286373   data required time
                                            -13.098717   data arrival time
---------------------------------------------------------------------------------------------
                                             17.187656   slack (MET)


Startpoint: wbs_adr_i[17] (input port clocked by clk)
Endpoint: _132_ (rising edge-triggered flip-flop clocked by clk)
Path Group: clk
Path Type: max

Fanout         Cap        Slew       Delay        Time   Description
---------------------------------------------------------------------------------------------
                                  0.000000    0.000000   clock clk (rise edge)
                                  5.570000    5.570000   clock network delay (propagated)
                                  3.890000    9.460000 v input external delay
     2    0.004084    0.920000    0.000000    9.460000 v wbs_adr_i[17] (in)
                                                         wbs_adr_i[17] (net)
                      0.920087    0.000044    9.460045 v hold1/A (sky130_fd_sc_hd__dlygate4sd3_1)
     1    0.002725    0.037766    0.621565   10.081610 v hold1/X (sky130_fd_sc_hd__dlygate4sd3_1)
                                                         net275 (net)
                      0.037766    0.000083   10.081692 v input87/A (sky130_fd_sc_hd__clkbuf_1)
     1    0.002932    0.018996    0.061209   10.142901 v input87/X (sky130_fd_sc_hd__clkbuf_1)
                                                         net87 (net)
                      0.018996    0.000072   10.142973 v hold2/A (sky130_fd_sc_hd__dlygate4sd3_1)
     1    0.003043    0.039226    0.366102   10.509075 v hold2/X (sky130_fd_sc_hd__dlygate4sd3_1)
                                                         net276 (net)
                      0.039226    0.000075   10.509151 v _044_/A (sky130_fd_sc_hd__or4_1)
     1    0.004074    0.059384    0.309423   10.818573 v _044_/X (sky130_fd_sc_hd__or4_1)
                                                         _035_ (net)
                      0.059384    0.000148   10.818722 v hold3/A (sky130_fd_sc_hd__dlygate4sd3_1)
     1    0.004593    0.044233    0.389677   11.208398 v hold3/X (sky130_fd_sc_hd__dlygate4sd3_1)
                                                         net277 (net)
                      0.044233    0.000134   11.208532 v _048_/A (sky130_fd_sc_hd__nor4_1)
     1    0.007682    0.262776    0.271801   11.480333 ^ _048_/Y (sky130_fd_sc_hd__nor4_1)
                                                         _039_ (net)
                      0.262776    0.000398   11.480731 ^ hold4/A (sky130_fd_sc_hd__dlygate4sd3_1)
     1    0.007532    0.069338    0.433110   11.913841 ^ hold4/X (sky130_fd_sc_hd__dlygate4sd3_1)
                                                         net278 (net)
                      0.069338    0.000377   11.914218 ^ wire262/A (sky130_fd_sc_hd__buf_2)
     1    0.011521    0.048301    0.093811   12.008029 ^ wire262/X (sky130_fd_sc_hd__buf_2)
                                                         net262 (net)
                      0.048309    0.000663   12.008691 ^ hold5/A (sky130_fd_sc_hd__dlygate4sd3_1)
     7    0.056912    0.426079    0.666077   12.674768 ^ hold5/X (sky130_fd_sc_hd__dlygate4sd3_1)
                                                         net279 (net)
                      0.426366    0.006361   12.681129 ^ fanout261/A (sky130_fd_sc_hd__buf_4)
    33    0.127034    0.264014    0.262191   12.943320 ^ fanout261/X (sky130_fd_sc_hd__buf_4)
                                                         net261 (net)
                      0.268858    0.029236   12.972557 ^ _099_/C (sky130_fd_sc_hd__and3_1)
     1    0.003980    0.045605    0.123689   13.096246 ^ _099_/X (sky130_fd_sc_hd__and3_1)
                                                         _026_ (net)
                      0.045605    0.000131   13.096376 ^ _132_/D (sky130_fd_sc_hd__dfrtp_4)
                                             13.096376   data arrival time

                                 25.000000   25.000000   clock clk (rise edge)
                                  4.650000   29.650000   clock source latency
     2    0.031002    0.610000    0.000000   29.650000 ^ clk (in)
                                                         clk (net)
                      0.616595    0.003215   29.653214 ^ wire3/A (sky130_fd_sc_hd__buf_4)
     3    0.045136    0.104020    0.149717   29.802931 ^ wire3/X (sky130_fd_sc_hd__buf_4)
                                                         net274 (net)
                      0.104711    0.006548   29.809479 ^ wire2/A (sky130_fd_sc_hd__buf_6)
     3    0.077490    0.119211    0.132324   29.941803 ^ wire2/X (sky130_fd_sc_hd__buf_6)
                                                         net273 (net)
                      0.123514    0.017174   29.958977 ^ wire1/A (sky130_fd_sc_hd__buf_6)
     3    0.079823    0.122571    0.136748   30.095724 ^ wire1/X (sky130_fd_sc_hd__buf_6)
                                                         net272 (net)
                      0.127195    0.018051   30.113775 ^ clkbuf_0_clk/A (sky130_fd_sc_hd__clkbuf_16)
     9    0.099027    0.088852    0.148049   30.261824 ^ clkbuf_0_clk/X (sky130_fd_sc_hd__clkbuf_16)
                                                         clknet_0_clk (net)
                      0.090013    0.007848   30.269672 ^ clkbuf_2_1__f_clk/A (sky130_fd_sc_hd__clkbuf_16)
    21    0.084406    0.078353    0.128871   30.398542 ^ clkbuf_2_1__f_clk/X (sky130_fd_sc_hd__clkbuf_16)
                                                         clknet_2_1__leaf_clk (net)
                      0.081877    0.012641   30.411184 ^ _132_/CLK (sky130_fd_sc_hd__dfrtp_4)
                                 -0.087500   30.323685   clock uncertainty
                                  0.000000   30.323685   clock reconvergence pessimism
                                 -0.037046   30.286636   library setup time
                                             30.286636   data required time
---------------------------------------------------------------------------------------------
                                             30.286636   data required time
                                            -13.096376   data arrival time
---------------------------------------------------------------------------------------------
                                             17.190260   slack (MET)


Startpoint: wbs_adr_i[17] (input port clocked by clk)
Endpoint: _129_ (rising edge-triggered flip-flop clocked by clk)
Path Group: clk
Path Type: max

Fanout         Cap        Slew       Delay        Time   Description
---------------------------------------------------------------------------------------------
                                  0.000000    0.000000   clock clk (rise edge)
                                  5.570000    5.570000   clock network delay (propagated)
                                  3.890000    9.460000 v input external delay
     2    0.004084    0.920000    0.000000    9.460000 v wbs_adr_i[17] (in)
                                                         wbs_adr_i[17] (net)
                      0.920087    0.000044    9.460045 v hold1/A (sky130_fd_sc_hd__dlygate4sd3_1)
     1    0.002725    0.037766    0.621565   10.081610 v hold1/X (sky130_fd_sc_hd__dlygate4sd3_1)
                                                         net275 (net)
                      0.037766    0.000083   10.081692 v input87/A (sky130_fd_sc_hd__clkbuf_1)
     1    0.002932    0.018996    0.061209   10.142901 v input87/X (sky130_fd_sc_hd__clkbuf_1)
                                                         net87 (net)
                      0.018996    0.000072   10.142973 v hold2/A (sky130_fd_sc_hd__dlygate4sd3_1)
     1    0.003043    0.039226    0.366102   10.509075 v hold2/X (sky130_fd_sc_hd__dlygate4sd3_1)
                                                         net276 (net)
                      0.039226    0.000075   10.509151 v _044_/A (sky130_fd_sc_hd__or4_1)
     1    0.004074    0.059384    0.309423   10.818573 v _044_/X (sky130_fd_sc_hd__or4_1)
                                                         _035_ (net)
                      0.059384    0.000148   10.818722 v hold3/A (sky130_fd_sc_hd__dlygate4sd3_1)
     1    0.004593    0.044233    0.389677   11.208398 v hold3/X (sky130_fd_sc_hd__dlygate4sd3_1)
                                                         net277 (net)
                      0.044233    0.000134   11.208532 v _048_/A (sky130_fd_sc_hd__nor4_1)
     1    0.007682    0.262776    0.271801   11.480333 ^ _048_/Y (sky130_fd_sc_hd__nor4_1)
                                                         _039_ (net)
                      0.262776    0.000398   11.480731 ^ hold4/A (sky130_fd_sc_hd__dlygate4sd3_1)
     1    0.007532    0.069338    0.433110   11.913841 ^ hold4/X (sky130_fd_sc_hd__dlygate4sd3_1)
                                                         net278 (net)
                      0.069338    0.000377   11.914218 ^ wire262/A (sky130_fd_sc_hd__buf_2)
     1    0.011521    0.048301    0.093811   12.008029 ^ wire262/X (sky130_fd_sc_hd__buf_2)
                                                         net262 (net)
                      0.048309    0.000663   12.008691 ^ hold5/A (sky130_fd_sc_hd__dlygate4sd3_1)
     7    0.056912    0.426079    0.666077   12.674768 ^ hold5/X (sky130_fd_sc_hd__dlygate4sd3_1)
                                                         net279 (net)
                      0.426366    0.006361   12.681129 ^ fanout261/A (sky130_fd_sc_hd__buf_4)
    33    0.127034    0.264014    0.262191   12.943320 ^ fanout261/X (sky130_fd_sc_hd__buf_4)
                                                         net261 (net)
                      0.268257    0.027430   12.970750 ^ _096_/C (sky130_fd_sc_hd__and3_1)
     1    0.003507    0.042688    0.120761   13.091512 ^ _096_/X (sky130_fd_sc_hd__and3_1)
                                                         _001_ (net)
                      0.042688    0.000116   13.091628 ^ _129_/D (sky130_fd_sc_hd__dfrtp_4)
                                             13.091628   data arrival time

                                 25.000000   25.000000   clock clk (rise edge)
                                  4.650000   29.650000   clock source latency
     2    0.031002    0.610000    0.000000   29.650000 ^ clk (in)
                                                         clk (net)
                      0.616595    0.003215   29.653214 ^ wire3/A (sky130_fd_sc_hd__buf_4)
     3    0.045136    0.104020    0.149717   29.802931 ^ wire3/X (sky130_fd_sc_hd__buf_4)
                                                         net274 (net)
                      0.104711    0.006548   29.809479 ^ wire2/A (sky130_fd_sc_hd__buf_6)
     3    0.077490    0.119211    0.132324   29.941803 ^ wire2/X (sky130_fd_sc_hd__buf_6)
                                                         net273 (net)
                      0.123514    0.017174   29.958977 ^ wire1/A (sky130_fd_sc_hd__buf_6)
     3    0.079823    0.122571    0.136748   30.095724 ^ wire1/X (sky130_fd_sc_hd__buf_6)
                                                         net272 (net)
                      0.127195    0.018051   30.113775 ^ clkbuf_0_clk/A (sky130_fd_sc_hd__clkbuf_16)
     9    0.099027    0.088852    0.148049   30.261824 ^ clkbuf_0_clk/X (sky130_fd_sc_hd__clkbuf_16)
                                                         clknet_0_clk (net)
                      0.090013    0.007848   30.269672 ^ clkbuf_2_1__f_clk/A (sky130_fd_sc_hd__clkbuf_16)
    21    0.084406    0.078353    0.128871   30.398542 ^ clkbuf_2_1__f_clk/X (sky130_fd_sc_hd__clkbuf_16)
                                                         clknet_2_1__leaf_clk (net)
                      0.081026    0.010974   30.409517 ^ _129_/CLK (sky130_fd_sc_hd__dfrtp_4)
                                 -0.087500   30.322018   clock uncertainty
                                  0.000000   30.322018   clock reconvergence pessimism
                                 -0.036795   30.285223   library setup time
                                             30.285223   data required time
---------------------------------------------------------------------------------------------
                                             30.285223   data required time
                                            -13.091628   data arrival time
---------------------------------------------------------------------------------------------
                                             17.193594   slack (MET)


Startpoint: wbs_adr_i[17] (input port clocked by clk)
Endpoint: _130_ (rising edge-triggered flip-flop clocked by clk)
Path Group: clk
Path Type: max

Fanout         Cap        Slew       Delay        Time   Description
---------------------------------------------------------------------------------------------
                                  0.000000    0.000000   clock clk (rise edge)
                                  5.570000    5.570000   clock network delay (propagated)
                                  3.890000    9.460000 v input external delay
     2    0.004084    0.920000    0.000000    9.460000 v wbs_adr_i[17] (in)
                                                         wbs_adr_i[17] (net)
                      0.920087    0.000044    9.460045 v hold1/A (sky130_fd_sc_hd__dlygate4sd3_1)
     1    0.002725    0.037766    0.621565   10.081610 v hold1/X (sky130_fd_sc_hd__dlygate4sd3_1)
                                                         net275 (net)
                      0.037766    0.000083   10.081692 v input87/A (sky130_fd_sc_hd__clkbuf_1)
     1    0.002932    0.018996    0.061209   10.142901 v input87/X (sky130_fd_sc_hd__clkbuf_1)
                                                         net87 (net)
                      0.018996    0.000072   10.142973 v hold2/A (sky130_fd_sc_hd__dlygate4sd3_1)
     1    0.003043    0.039226    0.366102   10.509075 v hold2/X (sky130_fd_sc_hd__dlygate4sd3_1)
                                                         net276 (net)
                      0.039226    0.000075   10.509151 v _044_/A (sky130_fd_sc_hd__or4_1)
     1    0.004074    0.059384    0.309423   10.818573 v _044_/X (sky130_fd_sc_hd__or4_1)
                                                         _035_ (net)
                      0.059384    0.000148   10.818722 v hold3/A (sky130_fd_sc_hd__dlygate4sd3_1)
     1    0.004593    0.044233    0.389677   11.208398 v hold3/X (sky130_fd_sc_hd__dlygate4sd3_1)
                                                         net277 (net)
                      0.044233    0.000134   11.208532 v _048_/A (sky130_fd_sc_hd__nor4_1)
     1    0.007682    0.262776    0.271801   11.480333 ^ _048_/Y (sky130_fd_sc_hd__nor4_1)
                                                         _039_ (net)
                      0.262776    0.000398   11.480731 ^ hold4/A (sky130_fd_sc_hd__dlygate4sd3_1)
     1    0.007532    0.069338    0.433110   11.913841 ^ hold4/X (sky130_fd_sc_hd__dlygate4sd3_1)
                                                         net278 (net)
                      0.069338    0.000377   11.914218 ^ wire262/A (sky130_fd_sc_hd__buf_2)
     1    0.011521    0.048301    0.093811   12.008029 ^ wire262/X (sky130_fd_sc_hd__buf_2)
                                                         net262 (net)
                      0.048309    0.000663   12.008691 ^ hold5/A (sky130_fd_sc_hd__dlygate4sd3_1)
     7    0.056912    0.426079    0.666077   12.674768 ^ hold5/X (sky130_fd_sc_hd__dlygate4sd3_1)
                                                         net279 (net)
                      0.426366    0.006361   12.681129 ^ fanout261/A (sky130_fd_sc_hd__buf_4)
    33    0.127034    0.264014    0.262191   12.943320 ^ fanout261/X (sky130_fd_sc_hd__buf_4)
                                                         net261 (net)
                      0.268771    0.028982   12.972302 ^ _097_/C (sky130_fd_sc_hd__and3_1)
     1    0.003414    0.042120    0.120177   13.092480 ^ _097_/X (sky130_fd_sc_hd__and3_1)
                                                         _012_ (net)
                      0.042120    0.000111   13.092590 ^ _130_/D (sky130_fd_sc_hd__dfrtp_4)
                                             13.092590   data arrival time

                                 25.000000   25.000000   clock clk (rise edge)
                                  4.650000   29.650000   clock source latency
     2    0.031002    0.610000    0.000000   29.650000 ^ clk (in)
                                                         clk (net)
                      0.616595    0.003215   29.653214 ^ wire3/A (sky130_fd_sc_hd__buf_4)
     3    0.045136    0.104020    0.149717   29.802931 ^ wire3/X (sky130_fd_sc_hd__buf_4)
                                                         net274 (net)
                      0.104711    0.006548   29.809479 ^ wire2/A (sky130_fd_sc_hd__buf_6)
     3    0.077490    0.119211    0.132324   29.941803 ^ wire2/X (sky130_fd_sc_hd__buf_6)
                                                         net273 (net)
                      0.123514    0.017174   29.958977 ^ wire1/A (sky130_fd_sc_hd__buf_6)
     3    0.079823    0.122571    0.136748   30.095724 ^ wire1/X (sky130_fd_sc_hd__buf_6)
                                                         net272 (net)
                      0.127195    0.018051   30.113775 ^ clkbuf_0_clk/A (sky130_fd_sc_hd__clkbuf_16)
     9    0.099027    0.088852    0.148049   30.261824 ^ clkbuf_0_clk/X (sky130_fd_sc_hd__clkbuf_16)
                                                         clknet_0_clk (net)
                      0.090013    0.007848   30.269672 ^ clkbuf_2_1__f_clk/A (sky130_fd_sc_hd__clkbuf_16)
    21    0.084406    0.078353    0.128871   30.398542 ^ clkbuf_2_1__f_clk/X (sky130_fd_sc_hd__clkbuf_16)
                                                         clknet_2_1__leaf_clk (net)
                      0.081861    0.012609   30.411152 ^ _130_/CLK (sky130_fd_sc_hd__dfrtp_4)
                                 -0.087500   30.323652   clock uncertainty
                                  0.000000   30.323652   clock reconvergence pessimism
                                 -0.036708   30.286945   library setup time
                                             30.286945   data required time
---------------------------------------------------------------------------------------------
                                             30.286945   data required time
                                            -13.092590   data arrival time
---------------------------------------------------------------------------------------------
                                             17.194355   slack (MET)


Startpoint: wbs_adr_i[17] (input port clocked by clk)
Endpoint: _139_ (rising edge-triggered flip-flop clocked by clk)
Path Group: clk
Path Type: max

Fanout         Cap        Slew       Delay        Time   Description
---------------------------------------------------------------------------------------------
                                  0.000000    0.000000   clock clk (rise edge)
                                  5.570000    5.570000   clock network delay (propagated)
                                  3.890000    9.460000 v input external delay
     2    0.004084    0.920000    0.000000    9.460000 v wbs_adr_i[17] (in)
                                                         wbs_adr_i[17] (net)
                      0.920087    0.000044    9.460045 v hold1/A (sky130_fd_sc_hd__dlygate4sd3_1)
     1    0.002725    0.037766    0.621565   10.081610 v hold1/X (sky130_fd_sc_hd__dlygate4sd3_1)
                                                         net275 (net)
                      0.037766    0.000083   10.081692 v input87/A (sky130_fd_sc_hd__clkbuf_1)
     1    0.002932    0.018996    0.061209   10.142901 v input87/X (sky130_fd_sc_hd__clkbuf_1)
                                                         net87 (net)
                      0.018996    0.000072   10.142973 v hold2/A (sky130_fd_sc_hd__dlygate4sd3_1)
     1    0.003043    0.039226    0.366102   10.509075 v hold2/X (sky130_fd_sc_hd__dlygate4sd3_1)
                                                         net276 (net)
                      0.039226    0.000075   10.509151 v _044_/A (sky130_fd_sc_hd__or4_1)
     1    0.004074    0.059384    0.309423   10.818573 v _044_/X (sky130_fd_sc_hd__or4_1)
                                                         _035_ (net)
                      0.059384    0.000148   10.818722 v hold3/A (sky130_fd_sc_hd__dlygate4sd3_1)
     1    0.004593    0.044233    0.389677   11.208398 v hold3/X (sky130_fd_sc_hd__dlygate4sd3_1)
                                                         net277 (net)
                      0.044233    0.000134   11.208532 v _048_/A (sky130_fd_sc_hd__nor4_1)
     1    0.007682    0.262776    0.271801   11.480333 ^ _048_/Y (sky130_fd_sc_hd__nor4_1)
                                                         _039_ (net)
                      0.262776    0.000398   11.480731 ^ hold4/A (sky130_fd_sc_hd__dlygate4sd3_1)
     1    0.007532    0.069338    0.433110   11.913841 ^ hold4/X (sky130_fd_sc_hd__dlygate4sd3_1)
                                                         net278 (net)
                      0.069338    0.000377   11.914218 ^ wire262/A (sky130_fd_sc_hd__buf_2)
     1    0.011521    0.048301    0.093811   12.008029 ^ wire262/X (sky130_fd_sc_hd__buf_2)
                                                         net262 (net)
                      0.048309    0.000663   12.008691 ^ hold5/A (sky130_fd_sc_hd__dlygate4sd3_1)
     7    0.056912    0.426079    0.666077   12.674768 ^ hold5/X (sky130_fd_sc_hd__dlygate4sd3_1)
                                                         net279 (net)
                      0.426366    0.006361   12.681129 ^ fanout261/A (sky130_fd_sc_hd__buf_4)
    33    0.127034    0.264014    0.262191   12.943320 ^ fanout261/X (sky130_fd_sc_hd__buf_4)
                                                         net261 (net)
                      0.268030    0.026715   12.970036 ^ _106_/C (sky130_fd_sc_hd__and3_1)
     1    0.003307    0.041448    0.119409   13.089444 ^ _106_/X (sky130_fd_sc_hd__and3_1)
                                                         _002_ (net)
                      0.041448    0.000104   13.089548 ^ _139_/D (sky130_fd_sc_hd__dfrtp_4)
                                             13.089548   data arrival time

                                 25.000000   25.000000   clock clk (rise edge)
                                  4.650000   29.650000   clock source latency
     2    0.031002    0.610000    0.000000   29.650000 ^ clk (in)
                                                         clk (net)
                      0.616595    0.003215   29.653214 ^ wire3/A (sky130_fd_sc_hd__buf_4)
     3    0.045136    0.104020    0.149717   29.802931 ^ wire3/X (sky130_fd_sc_hd__buf_4)
                                                         net274 (net)
                      0.104711    0.006548   29.809479 ^ wire2/A (sky130_fd_sc_hd__buf_6)
     3    0.077490    0.119211    0.132324   29.941803 ^ wire2/X (sky130_fd_sc_hd__buf_6)
                                                         net273 (net)
                      0.123514    0.017174   29.958977 ^ wire1/A (sky130_fd_sc_hd__buf_6)
     3    0.079823    0.122571    0.136748   30.095724 ^ wire1/X (sky130_fd_sc_hd__buf_6)
                                                         net272 (net)
                      0.127195    0.018051   30.113775 ^ clkbuf_0_clk/A (sky130_fd_sc_hd__clkbuf_16)
     9    0.099027    0.088852    0.148049   30.261824 ^ clkbuf_0_clk/X (sky130_fd_sc_hd__clkbuf_16)
                                                         clknet_0_clk (net)
                      0.090013    0.007848   30.269672 ^ clkbuf_2_1__f_clk/A (sky130_fd_sc_hd__clkbuf_16)
    21    0.084406    0.078353    0.128871   30.398542 ^ clkbuf_2_1__f_clk/X (sky130_fd_sc_hd__clkbuf_16)
                                                         clknet_2_1__leaf_clk (net)
                      0.080945    0.010804   30.409348 ^ _139_/CLK (sky130_fd_sc_hd__dfrtp_4)
                                 -0.087500   30.321848   clock uncertainty
                                  0.000000   30.321848   clock reconvergence pessimism
                                 -0.036677   30.285170   library setup time
                                             30.285170   data required time
---------------------------------------------------------------------------------------------
                                             30.285170   data required time
                                            -13.089548   data arrival time
---------------------------------------------------------------------------------------------
                                             17.195621   slack (MET)


Startpoint: wbs_adr_i[17] (input port clocked by clk)
Endpoint: _138_ (rising edge-triggered flip-flop clocked by clk)
Path Group: clk
Path Type: max

Fanout         Cap        Slew       Delay        Time   Description
---------------------------------------------------------------------------------------------
                                  0.000000    0.000000   clock clk (rise edge)
                                  5.570000    5.570000   clock network delay (propagated)
                                  3.890000    9.460000 v input external delay
     2    0.004084    0.920000    0.000000    9.460000 v wbs_adr_i[17] (in)
                                                         wbs_adr_i[17] (net)
                      0.920087    0.000044    9.460045 v hold1/A (sky130_fd_sc_hd__dlygate4sd3_1)
     1    0.002725    0.037766    0.621565   10.081610 v hold1/X (sky130_fd_sc_hd__dlygate4sd3_1)
                                                         net275 (net)
                      0.037766    0.000083   10.081692 v input87/A (sky130_fd_sc_hd__clkbuf_1)
     1    0.002932    0.018996    0.061209   10.142901 v input87/X (sky130_fd_sc_hd__clkbuf_1)
                                                         net87 (net)
                      0.018996    0.000072   10.142973 v hold2/A (sky130_fd_sc_hd__dlygate4sd3_1)
     1    0.003043    0.039226    0.366102   10.509075 v hold2/X (sky130_fd_sc_hd__dlygate4sd3_1)
                                                         net276 (net)
                      0.039226    0.000075   10.509151 v _044_/A (sky130_fd_sc_hd__or4_1)
     1    0.004074    0.059384    0.309423   10.818573 v _044_/X (sky130_fd_sc_hd__or4_1)
                                                         _035_ (net)
                      0.059384    0.000148   10.818722 v hold3/A (sky130_fd_sc_hd__dlygate4sd3_1)
     1    0.004593    0.044233    0.389677   11.208398 v hold3/X (sky130_fd_sc_hd__dlygate4sd3_1)
                                                         net277 (net)
                      0.044233    0.000134   11.208532 v _048_/A (sky130_fd_sc_hd__nor4_1)
     1    0.007682    0.262776    0.271801   11.480333 ^ _048_/Y (sky130_fd_sc_hd__nor4_1)
                                                         _039_ (net)
                      0.262776    0.000398   11.480731 ^ hold4/A (sky130_fd_sc_hd__dlygate4sd3_1)
     1    0.007532    0.069338    0.433110   11.913841 ^ hold4/X (sky130_fd_sc_hd__dlygate4sd3_1)
                                                         net278 (net)
                      0.069338    0.000377   11.914218 ^ wire262/A (sky130_fd_sc_hd__buf_2)
     1    0.011521    0.048301    0.093811   12.008029 ^ wire262/X (sky130_fd_sc_hd__buf_2)
                                                         net262 (net)
                      0.048309    0.000663   12.008691 ^ hold5/A (sky130_fd_sc_hd__dlygate4sd3_1)
     7    0.056912    0.426079    0.666077   12.674768 ^ hold5/X (sky130_fd_sc_hd__dlygate4sd3_1)
                                                         net279 (net)
                      0.426366    0.006361   12.681129 ^ fanout261/A (sky130_fd_sc_hd__buf_4)
    33    0.127034    0.264014    0.262191   12.943320 ^ fanout261/X (sky130_fd_sc_hd__buf_4)
                                                         net261 (net)
                      0.268415    0.027914   12.971234 ^ _105_/C (sky130_fd_sc_hd__and3_1)
     1    0.003021    0.039693    0.117515   13.088749 ^ _105_/X (sky130_fd_sc_hd__and3_1)
                                                         _032_ (net)
                      0.039693    0.000091   13.088840 ^ _138_/D (sky130_fd_sc_hd__dfrtp_4)
                                             13.088840   data arrival time

                                 25.000000   25.000000   clock clk (rise edge)
                                  4.650000   29.650000   clock source latency
     2    0.031002    0.610000    0.000000   29.650000 ^ clk (in)
                                                         clk (net)
                      0.616595    0.003215   29.653214 ^ wire3/A (sky130_fd_sc_hd__buf_4)
     3    0.045136    0.104020    0.149717   29.802931 ^ wire3/X (sky130_fd_sc_hd__buf_4)
                                                         net274 (net)
                      0.104711    0.006548   29.809479 ^ wire2/A (sky130_fd_sc_hd__buf_6)
     3    0.077490    0.119211    0.132324   29.941803 ^ wire2/X (sky130_fd_sc_hd__buf_6)
                                                         net273 (net)
                      0.123514    0.017174   29.958977 ^ wire1/A (sky130_fd_sc_hd__buf_6)
     3    0.079823    0.122571    0.136748   30.095724 ^ wire1/X (sky130_fd_sc_hd__buf_6)
                                                         net272 (net)
                      0.127195    0.018051   30.113775 ^ clkbuf_0_clk/A (sky130_fd_sc_hd__clkbuf_16)
     9    0.099027    0.088852    0.148049   30.261824 ^ clkbuf_0_clk/X (sky130_fd_sc_hd__clkbuf_16)
                                                         clknet_0_clk (net)
                      0.090013    0.007848   30.269672 ^ clkbuf_2_1__f_clk/A (sky130_fd_sc_hd__clkbuf_16)
    21    0.084406    0.078353    0.128871   30.398542 ^ clkbuf_2_1__f_clk/X (sky130_fd_sc_hd__clkbuf_16)
                                                         clknet_2_1__leaf_clk (net)
                      0.081355    0.011642   30.410185 ^ _138_/CLK (sky130_fd_sc_hd__dfrtp_4)
                                 -0.087500   30.322685   clock uncertainty
                                  0.000000   30.322685   clock reconvergence pessimism
                                 -0.036491   30.286196   library setup time
                                             30.286196   data required time
---------------------------------------------------------------------------------------------
                                             30.286196   data required time
                                            -13.088840   data arrival time
---------------------------------------------------------------------------------------------
                                             17.197355   slack (MET)


Startpoint: wbs_adr_i[17] (input port clocked by clk)
Endpoint: _134_ (rising edge-triggered flip-flop clocked by clk)
Path Group: clk
Path Type: max

Fanout         Cap        Slew       Delay        Time   Description
---------------------------------------------------------------------------------------------
                                  0.000000    0.000000   clock clk (rise edge)
                                  5.570000    5.570000   clock network delay (propagated)
                                  3.890000    9.460000 v input external delay
     2    0.004084    0.920000    0.000000    9.460000 v wbs_adr_i[17] (in)
                                                         wbs_adr_i[17] (net)
                      0.920087    0.000044    9.460045 v hold1/A (sky130_fd_sc_hd__dlygate4sd3_1)
     1    0.002725    0.037766    0.621565   10.081610 v hold1/X (sky130_fd_sc_hd__dlygate4sd3_1)
                                                         net275 (net)
                      0.037766    0.000083   10.081692 v input87/A (sky130_fd_sc_hd__clkbuf_1)
     1    0.002932    0.018996    0.061209   10.142901 v input87/X (sky130_fd_sc_hd__clkbuf_1)
                                                         net87 (net)
                      0.018996    0.000072   10.142973 v hold2/A (sky130_fd_sc_hd__dlygate4sd3_1)
     1    0.003043    0.039226    0.366102   10.509075 v hold2/X (sky130_fd_sc_hd__dlygate4sd3_1)
                                                         net276 (net)
                      0.039226    0.000075   10.509151 v _044_/A (sky130_fd_sc_hd__or4_1)
     1    0.004074    0.059384    0.309423   10.818573 v _044_/X (sky130_fd_sc_hd__or4_1)
                                                         _035_ (net)
                      0.059384    0.000148   10.818722 v hold3/A (sky130_fd_sc_hd__dlygate4sd3_1)
     1    0.004593    0.044233    0.389677   11.208398 v hold3/X (sky130_fd_sc_hd__dlygate4sd3_1)
                                                         net277 (net)
                      0.044233    0.000134   11.208532 v _048_/A (sky130_fd_sc_hd__nor4_1)
     1    0.007682    0.262776    0.271801   11.480333 ^ _048_/Y (sky130_fd_sc_hd__nor4_1)
                                                         _039_ (net)
                      0.262776    0.000398   11.480731 ^ hold4/A (sky130_fd_sc_hd__dlygate4sd3_1)
     1    0.007532    0.069338    0.433110   11.913841 ^ hold4/X (sky130_fd_sc_hd__dlygate4sd3_1)
                                                         net278 (net)
                      0.069338    0.000377   11.914218 ^ wire262/A (sky130_fd_sc_hd__buf_2)
     1    0.011521    0.048301    0.093811   12.008029 ^ wire262/X (sky130_fd_sc_hd__buf_2)
                                                         net262 (net)
                      0.048309    0.000663   12.008691 ^ hold5/A (sky130_fd_sc_hd__dlygate4sd3_1)
     7    0.056912    0.426079    0.666077   12.674768 ^ hold5/X (sky130_fd_sc_hd__dlygate4sd3_1)
                                                         net279 (net)
                      0.426366    0.006361   12.681129 ^ fanout261/A (sky130_fd_sc_hd__buf_4)
    33    0.127034    0.264014    0.262191   12.943320 ^ fanout261/X (sky130_fd_sc_hd__buf_4)
                                                         net261 (net)
                      0.268791    0.029041   12.972362 ^ _101_/C (sky130_fd_sc_hd__and3_1)
     1    0.003792    0.044466    0.122643   13.095005 ^ _101_/X (sky130_fd_sc_hd__and3_1)
                                                         _028_ (net)
                      0.044466    0.000118   13.095122 ^ _134_/D (sky130_fd_sc_hd__dfrtp_4)
                                             13.095122   data arrival time

                                 25.000000   25.000000   clock clk (rise edge)
                                  4.650000   29.650000   clock source latency
     2    0.031002    0.610000    0.000000   29.650000 ^ clk (in)
                                                         clk (net)
                      0.616595    0.003215   29.653214 ^ wire3/A (sky130_fd_sc_hd__buf_4)
     3    0.045136    0.104020    0.149717   29.802931 ^ wire3/X (sky130_fd_sc_hd__buf_4)
                                                         net274 (net)
                      0.104711    0.006548   29.809479 ^ wire2/A (sky130_fd_sc_hd__buf_6)
     3    0.077490    0.119211    0.132324   29.941803 ^ wire2/X (sky130_fd_sc_hd__buf_6)
                                                         net273 (net)
                      0.123514    0.017174   29.958977 ^ wire1/A (sky130_fd_sc_hd__buf_6)
     3    0.079823    0.122571    0.136748   30.095724 ^ wire1/X (sky130_fd_sc_hd__buf_6)
                                                         net272 (net)
                      0.127195    0.018051   30.113775 ^ clkbuf_0_clk/A (sky130_fd_sc_hd__clkbuf_16)
     9    0.099027    0.088852    0.148049   30.261824 ^ clkbuf_0_clk/X (sky130_fd_sc_hd__clkbuf_16)
                                                         clknet_0_clk (net)
                      0.090050    0.007972   30.269796 ^ clkbuf_2_0__f_clk/A (sky130_fd_sc_hd__clkbuf_16)
    17    0.096864    0.087461    0.137103   30.406898 ^ clkbuf_2_0__f_clk/X (sky130_fd_sc_hd__clkbuf_16)
                                                         clknet_2_0__leaf_clk (net)
                      0.089338    0.009877   30.416777 ^ _134_/CLK (sky130_fd_sc_hd__dfrtp_4)
                                 -0.087500   30.329275   clock uncertainty
                                  0.000000   30.329275   clock reconvergence pessimism
                                 -0.036653   30.292624   library setup time
                                             30.292624   data required time
---------------------------------------------------------------------------------------------
                                             30.292624   data required time
                                            -13.095122   data arrival time
---------------------------------------------------------------------------------------------
                                             17.197500   slack (MET)


Startpoint: wbs_adr_i[17] (input port clocked by clk)
Endpoint: _131_ (rising edge-triggered flip-flop clocked by clk)
Path Group: clk
Path Type: max

Fanout         Cap        Slew       Delay        Time   Description
---------------------------------------------------------------------------------------------
                                  0.000000    0.000000   clock clk (rise edge)
                                  5.570000    5.570000   clock network delay (propagated)
                                  3.890000    9.460000 v input external delay
     2    0.004084    0.920000    0.000000    9.460000 v wbs_adr_i[17] (in)
                                                         wbs_adr_i[17] (net)
                      0.920087    0.000044    9.460045 v hold1/A (sky130_fd_sc_hd__dlygate4sd3_1)
     1    0.002725    0.037766    0.621565   10.081610 v hold1/X (sky130_fd_sc_hd__dlygate4sd3_1)
                                                         net275 (net)
                      0.037766    0.000083   10.081692 v input87/A (sky130_fd_sc_hd__clkbuf_1)
     1    0.002932    0.018996    0.061209   10.142901 v input87/X (sky130_fd_sc_hd__clkbuf_1)
                                                         net87 (net)
                      0.018996    0.000072   10.142973 v hold2/A (sky130_fd_sc_hd__dlygate4sd3_1)
     1    0.003043    0.039226    0.366102   10.509075 v hold2/X (sky130_fd_sc_hd__dlygate4sd3_1)
                                                         net276 (net)
                      0.039226    0.000075   10.509151 v _044_/A (sky130_fd_sc_hd__or4_1)
     1    0.004074    0.059384    0.309423   10.818573 v _044_/X (sky130_fd_sc_hd__or4_1)
                                                         _035_ (net)
                      0.059384    0.000148   10.818722 v hold3/A (sky130_fd_sc_hd__dlygate4sd3_1)
     1    0.004593    0.044233    0.389677   11.208398 v hold3/X (sky130_fd_sc_hd__dlygate4sd3_1)
                                                         net277 (net)
                      0.044233    0.000134   11.208532 v _048_/A (sky130_fd_sc_hd__nor4_1)
     1    0.007682    0.262776    0.271801   11.480333 ^ _048_/Y (sky130_fd_sc_hd__nor4_1)
                                                         _039_ (net)
                      0.262776    0.000398   11.480731 ^ hold4/A (sky130_fd_sc_hd__dlygate4sd3_1)
     1    0.007532    0.069338    0.433110   11.913841 ^ hold4/X (sky130_fd_sc_hd__dlygate4sd3_1)
                                                         net278 (net)
                      0.069338    0.000377   11.914218 ^ wire262/A (sky130_fd_sc_hd__buf_2)
     1    0.011521    0.048301    0.093811   12.008029 ^ wire262/X (sky130_fd_sc_hd__buf_2)
                                                         net262 (net)
                      0.048309    0.000663   12.008691 ^ hold5/A (sky130_fd_sc_hd__dlygate4sd3_1)
     7    0.056912    0.426079    0.666077   12.674768 ^ hold5/X (sky130_fd_sc_hd__dlygate4sd3_1)
                                                         net279 (net)
                      0.426366    0.006361   12.681129 ^ fanout261/A (sky130_fd_sc_hd__buf_4)
    33    0.127034    0.264014    0.262191   12.943320 ^ fanout261/X (sky130_fd_sc_hd__buf_4)
                                                         net261 (net)
                      0.268786    0.029025   12.972345 ^ _098_/C (sky130_fd_sc_hd__and3_1)
     1    0.002785    0.038325    0.115962   13.088307 ^ _098_/X (sky130_fd_sc_hd__and3_1)
                                                         _023_ (net)
                      0.038325    0.000083   13.088391 ^ _131_/D (sky130_fd_sc_hd__dfrtp_4)
                                             13.088391   data arrival time

                                 25.000000   25.000000   clock clk (rise edge)
                                  4.650000   29.650000   clock source latency
     2    0.031002    0.610000    0.000000   29.650000 ^ clk (in)
                                                         clk (net)
                      0.616595    0.003215   29.653214 ^ wire3/A (sky130_fd_sc_hd__buf_4)
     3    0.045136    0.104020    0.149717   29.802931 ^ wire3/X (sky130_fd_sc_hd__buf_4)
                                                         net274 (net)
                      0.104711    0.006548   29.809479 ^ wire2/A (sky130_fd_sc_hd__buf_6)
     3    0.077490    0.119211    0.132324   29.941803 ^ wire2/X (sky130_fd_sc_hd__buf_6)
                                                         net273 (net)
                      0.123514    0.017174   29.958977 ^ wire1/A (sky130_fd_sc_hd__buf_6)
     3    0.079823    0.122571    0.136748   30.095724 ^ wire1/X (sky130_fd_sc_hd__buf_6)
                                                         net272 (net)
                      0.127195    0.018051   30.113775 ^ clkbuf_0_clk/A (sky130_fd_sc_hd__clkbuf_16)
     9    0.099027    0.088852    0.148049   30.261824 ^ clkbuf_0_clk/X (sky130_fd_sc_hd__clkbuf_16)
                                                         clknet_0_clk (net)
                      0.090013    0.007848   30.269672 ^ clkbuf_2_1__f_clk/A (sky130_fd_sc_hd__clkbuf_16)
    21    0.084406    0.078353    0.128871   30.398542 ^ clkbuf_2_1__f_clk/X (sky130_fd_sc_hd__clkbuf_16)
                                                         clknet_2_1__leaf_clk (net)
                      0.081853    0.012594   30.411137 ^ _131_/CLK (sky130_fd_sc_hd__dfrtp_4)
                                 -0.087500   30.323637   clock uncertainty
                                  0.000000   30.323637   clock reconvergence pessimism
                                 -0.036339   30.287296   library setup time
                                             30.287296   data required time
---------------------------------------------------------------------------------------------
                                             30.287296   data required time
                                            -13.088391   data arrival time
---------------------------------------------------------------------------------------------
                                             17.198906   slack (MET)


Startpoint: wbs_adr_i[17] (input port clocked by clk)
Endpoint: _137_ (rising edge-triggered flip-flop clocked by clk)
Path Group: clk
Path Type: max

Fanout         Cap        Slew       Delay        Time   Description
---------------------------------------------------------------------------------------------
                                  0.000000    0.000000   clock clk (rise edge)
                                  5.570000    5.570000   clock network delay (propagated)
                                  3.890000    9.460000 v input external delay
     2    0.004084    0.920000    0.000000    9.460000 v wbs_adr_i[17] (in)
                                                         wbs_adr_i[17] (net)
                      0.920087    0.000044    9.460045 v hold1/A (sky130_fd_sc_hd__dlygate4sd3_1)
     1    0.002725    0.037766    0.621565   10.081610 v hold1/X (sky130_fd_sc_hd__dlygate4sd3_1)
                                                         net275 (net)
                      0.037766    0.000083   10.081692 v input87/A (sky130_fd_sc_hd__clkbuf_1)
     1    0.002932    0.018996    0.061209   10.142901 v input87/X (sky130_fd_sc_hd__clkbuf_1)
                                                         net87 (net)
                      0.018996    0.000072   10.142973 v hold2/A (sky130_fd_sc_hd__dlygate4sd3_1)
     1    0.003043    0.039226    0.366102   10.509075 v hold2/X (sky130_fd_sc_hd__dlygate4sd3_1)
                                                         net276 (net)
                      0.039226    0.000075   10.509151 v _044_/A (sky130_fd_sc_hd__or4_1)
     1    0.004074    0.059384    0.309423   10.818573 v _044_/X (sky130_fd_sc_hd__or4_1)
                                                         _035_ (net)
                      0.059384    0.000148   10.818722 v hold3/A (sky130_fd_sc_hd__dlygate4sd3_1)
     1    0.004593    0.044233    0.389677   11.208398 v hold3/X (sky130_fd_sc_hd__dlygate4sd3_1)
                                                         net277 (net)
                      0.044233    0.000134   11.208532 v _048_/A (sky130_fd_sc_hd__nor4_1)
     1    0.007682    0.262776    0.271801   11.480333 ^ _048_/Y (sky130_fd_sc_hd__nor4_1)
                                                         _039_ (net)
                      0.262776    0.000398   11.480731 ^ hold4/A (sky130_fd_sc_hd__dlygate4sd3_1)
     1    0.007532    0.069338    0.433110   11.913841 ^ hold4/X (sky130_fd_sc_hd__dlygate4sd3_1)
                                                         net278 (net)
                      0.069338    0.000377   11.914218 ^ wire262/A (sky130_fd_sc_hd__buf_2)
     1    0.011521    0.048301    0.093811   12.008029 ^ wire262/X (sky130_fd_sc_hd__buf_2)
                                                         net262 (net)
                      0.048309    0.000663   12.008691 ^ hold5/A (sky130_fd_sc_hd__dlygate4sd3_1)
     7    0.056912    0.426079    0.666077   12.674768 ^ hold5/X (sky130_fd_sc_hd__dlygate4sd3_1)
                                                         net279 (net)
                      0.426366    0.006361   12.681129 ^ fanout261/A (sky130_fd_sc_hd__buf_4)
    33    0.127034    0.264014    0.262191   12.943320 ^ fanout261/X (sky130_fd_sc_hd__buf_4)
                                                         net261 (net)
                      0.268593    0.028454   12.971774 ^ _104_/C (sky130_fd_sc_hd__and3_1)
     1    0.003150    0.040489    0.118400   13.090174 ^ _104_/X (sky130_fd_sc_hd__and3_1)
                                                         _031_ (net)
                      0.040489    0.000095   13.090269 ^ _137_/D (sky130_fd_sc_hd__dfrtp_4)
                                             13.090269   data arrival time

                                 25.000000   25.000000   clock clk (rise edge)
                                  4.650000   29.650000   clock source latency
     2    0.031002    0.610000    0.000000   29.650000 ^ clk (in)
                                                         clk (net)
                      0.616595    0.003215   29.653214 ^ wire3/A (sky130_fd_sc_hd__buf_4)
     3    0.045136    0.104020    0.149717   29.802931 ^ wire3/X (sky130_fd_sc_hd__buf_4)
                                                         net274 (net)
                      0.104711    0.006548   29.809479 ^ wire2/A (sky130_fd_sc_hd__buf_6)
     3    0.077490    0.119211    0.132324   29.941803 ^ wire2/X (sky130_fd_sc_hd__buf_6)
                                                         net273 (net)
                      0.123514    0.017174   29.958977 ^ wire1/A (sky130_fd_sc_hd__buf_6)
     3    0.079823    0.122571    0.136748   30.095724 ^ wire1/X (sky130_fd_sc_hd__buf_6)
                                                         net272 (net)
                      0.127195    0.018051   30.113775 ^ clkbuf_0_clk/A (sky130_fd_sc_hd__clkbuf_16)
     9    0.099027    0.088852    0.148049   30.261824 ^ clkbuf_0_clk/X (sky130_fd_sc_hd__clkbuf_16)
                                                         clknet_0_clk (net)
                      0.090050    0.007972   30.269796 ^ clkbuf_2_0__f_clk/A (sky130_fd_sc_hd__clkbuf_16)
    17    0.096864    0.087461    0.137103   30.406898 ^ clkbuf_2_0__f_clk/X (sky130_fd_sc_hd__clkbuf_16)
                                                         clknet_2_0__leaf_clk (net)
                      0.089238    0.009610   30.416510 ^ _137_/CLK (sky130_fd_sc_hd__dfrtp_4)
                                 -0.087500   30.329010   clock uncertainty
                                  0.000000   30.329010   clock reconvergence pessimism
                                 -0.036272   30.292736   library setup time
                                             30.292736   data required time
---------------------------------------------------------------------------------------------
                                             30.292736   data required time
                                            -13.090269   data arrival time
---------------------------------------------------------------------------------------------
                                             17.202467   slack (MET)


Startpoint: wbs_adr_i[17] (input port clocked by clk)
Endpoint: _136_ (rising edge-triggered flip-flop clocked by clk)
Path Group: clk
Path Type: max

Fanout         Cap        Slew       Delay        Time   Description
---------------------------------------------------------------------------------------------
                                  0.000000    0.000000   clock clk (rise edge)
                                  5.570000    5.570000   clock network delay (propagated)
                                  3.890000    9.460000 v input external delay
     2    0.004084    0.920000    0.000000    9.460000 v wbs_adr_i[17] (in)
                                                         wbs_adr_i[17] (net)
                      0.920087    0.000044    9.460045 v hold1/A (sky130_fd_sc_hd__dlygate4sd3_1)
     1    0.002725    0.037766    0.621565   10.081610 v hold1/X (sky130_fd_sc_hd__dlygate4sd3_1)
                                                         net275 (net)
                      0.037766    0.000083   10.081692 v input87/A (sky130_fd_sc_hd__clkbuf_1)
     1    0.002932    0.018996    0.061209   10.142901 v input87/X (sky130_fd_sc_hd__clkbuf_1)
                                                         net87 (net)
                      0.018996    0.000072   10.142973 v hold2/A (sky130_fd_sc_hd__dlygate4sd3_1)
     1    0.003043    0.039226    0.366102   10.509075 v hold2/X (sky130_fd_sc_hd__dlygate4sd3_1)
                                                         net276 (net)
                      0.039226    0.000075   10.509151 v _044_/A (sky130_fd_sc_hd__or4_1)
     1    0.004074    0.059384    0.309423   10.818573 v _044_/X (sky130_fd_sc_hd__or4_1)
                                                         _035_ (net)
                      0.059384    0.000148   10.818722 v hold3/A (sky130_fd_sc_hd__dlygate4sd3_1)
     1    0.004593    0.044233    0.389677   11.208398 v hold3/X (sky130_fd_sc_hd__dlygate4sd3_1)
                                                         net277 (net)
                      0.044233    0.000134   11.208532 v _048_/A (sky130_fd_sc_hd__nor4_1)
     1    0.007682    0.262776    0.271801   11.480333 ^ _048_/Y (sky130_fd_sc_hd__nor4_1)
                                                         _039_ (net)
                      0.262776    0.000398   11.480731 ^ hold4/A (sky130_fd_sc_hd__dlygate4sd3_1)
     1    0.007532    0.069338    0.433110   11.913841 ^ hold4/X (sky130_fd_sc_hd__dlygate4sd3_1)
                                                         net278 (net)
                      0.069338    0.000377   11.914218 ^ wire262/A (sky130_fd_sc_hd__buf_2)
     1    0.011521    0.048301    0.093811   12.008029 ^ wire262/X (sky130_fd_sc_hd__buf_2)
                                                         net262 (net)
                      0.048309    0.000663   12.008691 ^ hold5/A (sky130_fd_sc_hd__dlygate4sd3_1)
     7    0.056912    0.426079    0.666077   12.674768 ^ hold5/X (sky130_fd_sc_hd__dlygate4sd3_1)
                                                         net279 (net)
                      0.426366    0.006361   12.681129 ^ fanout261/A (sky130_fd_sc_hd__buf_4)
    33    0.127034    0.264014    0.262191   12.943320 ^ fanout261/X (sky130_fd_sc_hd__buf_4)
                                                         net261 (net)
                      0.268726    0.028848   12.972169 ^ _103_/C (sky130_fd_sc_hd__and3_1)
     1    0.002865    0.038751    0.116493   13.088662 ^ _103_/X (sky130_fd_sc_hd__and3_1)
                                                         _030_ (net)
                      0.038751    0.000087   13.088749 ^ _136_/D (sky130_fd_sc_hd__dfrtp_4)
                                             13.088749   data arrival time

                                 25.000000   25.000000   clock clk (rise edge)
                                  4.650000   29.650000   clock source latency
     2    0.031002    0.610000    0.000000   29.650000 ^ clk (in)
                                                         clk (net)
                      0.616595    0.003215   29.653214 ^ wire3/A (sky130_fd_sc_hd__buf_4)
     3    0.045136    0.104020    0.149717   29.802931 ^ wire3/X (sky130_fd_sc_hd__buf_4)
                                                         net274 (net)
                      0.104711    0.006548   29.809479 ^ wire2/A (sky130_fd_sc_hd__buf_6)
     3    0.077490    0.119211    0.132324   29.941803 ^ wire2/X (sky130_fd_sc_hd__buf_6)
                                                         net273 (net)
                      0.123514    0.017174   29.958977 ^ wire1/A (sky130_fd_sc_hd__buf_6)
     3    0.079823    0.122571    0.136748   30.095724 ^ wire1/X (sky130_fd_sc_hd__buf_6)
                                                         net272 (net)
                      0.127195    0.018051   30.113775 ^ clkbuf_0_clk/A (sky130_fd_sc_hd__clkbuf_16)
     9    0.099027    0.088852    0.148049   30.261824 ^ clkbuf_0_clk/X (sky130_fd_sc_hd__clkbuf_16)
                                                         clknet_0_clk (net)
                      0.090050    0.007972   30.269796 ^ clkbuf_2_0__f_clk/A (sky130_fd_sc_hd__clkbuf_16)
    17    0.096864    0.087461    0.137103   30.406898 ^ clkbuf_2_0__f_clk/X (sky130_fd_sc_hd__clkbuf_16)
                                                         clknet_2_0__leaf_clk (net)
                      0.089319    0.009827   30.416725 ^ _136_/CLK (sky130_fd_sc_hd__dfrtp_4)
                                 -0.087500   30.329226   clock uncertainty
                                  0.000000   30.329226   clock reconvergence pessimism
                                 -0.036100   30.293127   library setup time
                                             30.293127   data required time
---------------------------------------------------------------------------------------------
                                             30.293127   data required time
                                            -13.088749   data arrival time
---------------------------------------------------------------------------------------------
                                             17.204378   slack (MET)


Startpoint: wbs_adr_i[17] (input port clocked by clk)
Endpoint: _135_ (rising edge-triggered flip-flop clocked by clk)
Path Group: clk
Path Type: max

Fanout         Cap        Slew       Delay        Time   Description
---------------------------------------------------------------------------------------------
                                  0.000000    0.000000   clock clk (rise edge)
                                  5.570000    5.570000   clock network delay (propagated)
                                  3.890000    9.460000 v input external delay
     2    0.004084    0.920000    0.000000    9.460000 v wbs_adr_i[17] (in)
                                                         wbs_adr_i[17] (net)
                      0.920087    0.000044    9.460045 v hold1/A (sky130_fd_sc_hd__dlygate4sd3_1)
     1    0.002725    0.037766    0.621565   10.081610 v hold1/X (sky130_fd_sc_hd__dlygate4sd3_1)
                                                         net275 (net)
                      0.037766    0.000083   10.081692 v input87/A (sky130_fd_sc_hd__clkbuf_1)
     1    0.002932    0.018996    0.061209   10.142901 v input87/X (sky130_fd_sc_hd__clkbuf_1)
                                                         net87 (net)
                      0.018996    0.000072   10.142973 v hold2/A (sky130_fd_sc_hd__dlygate4sd3_1)
     1    0.003043    0.039226    0.366102   10.509075 v hold2/X (sky130_fd_sc_hd__dlygate4sd3_1)
                                                         net276 (net)
                      0.039226    0.000075   10.509151 v _044_/A (sky130_fd_sc_hd__or4_1)
     1    0.004074    0.059384    0.309423   10.818573 v _044_/X (sky130_fd_sc_hd__or4_1)
                                                         _035_ (net)
                      0.059384    0.000148   10.818722 v hold3/A (sky130_fd_sc_hd__dlygate4sd3_1)
     1    0.004593    0.044233    0.389677   11.208398 v hold3/X (sky130_fd_sc_hd__dlygate4sd3_1)
                                                         net277 (net)
                      0.044233    0.000134   11.208532 v _048_/A (sky130_fd_sc_hd__nor4_1)
     1    0.007682    0.262776    0.271801   11.480333 ^ _048_/Y (sky130_fd_sc_hd__nor4_1)
                                                         _039_ (net)
                      0.262776    0.000398   11.480731 ^ hold4/A (sky130_fd_sc_hd__dlygate4sd3_1)
     1    0.007532    0.069338    0.433110   11.913841 ^ hold4/X (sky130_fd_sc_hd__dlygate4sd3_1)
                                                         net278 (net)
                      0.069338    0.000377   11.914218 ^ wire262/A (sky130_fd_sc_hd__buf_2)
     1    0.011521    0.048301    0.093811   12.008029 ^ wire262/X (sky130_fd_sc_hd__buf_2)
                                                         net262 (net)
                      0.048309    0.000663   12.008691 ^ hold5/A (sky130_fd_sc_hd__dlygate4sd3_1)
     7    0.056912    0.426079    0.666077   12.674768 ^ hold5/X (sky130_fd_sc_hd__dlygate4sd3_1)
                                                         net279 (net)
                      0.426366    0.006361   12.681129 ^ fanout261/A (sky130_fd_sc_hd__buf_4)
    33    0.127034    0.264014    0.262191   12.943320 ^ fanout261/X (sky130_fd_sc_hd__buf_4)
                                                         net261 (net)
                      0.268201    0.027256   12.970576 ^ _102_/C (sky130_fd_sc_hd__and3_1)
     1    0.002982    0.039451    0.117237   13.087813 ^ _102_/X (sky130_fd_sc_hd__and3_1)
                                                         _029_ (net)
                      0.039451    0.000091   13.087904 ^ _135_/D (sky130_fd_sc_hd__dfrtp_4)
                                             13.087904   data arrival time

                                 25.000000   25.000000   clock clk (rise edge)
                                  4.650000   29.650000   clock source latency
     2    0.031002    0.610000    0.000000   29.650000 ^ clk (in)
                                                         clk (net)
                      0.616595    0.003215   29.653214 ^ wire3/A (sky130_fd_sc_hd__buf_4)
     3    0.045136    0.104020    0.149717   29.802931 ^ wire3/X (sky130_fd_sc_hd__buf_4)
                                                         net274 (net)
                      0.104711    0.006548   29.809479 ^ wire2/A (sky130_fd_sc_hd__buf_6)
     3    0.077490    0.119211    0.132324   29.941803 ^ wire2/X (sky130_fd_sc_hd__buf_6)
                                                         net273 (net)
                      0.123514    0.017174   29.958977 ^ wire1/A (sky130_fd_sc_hd__buf_6)
     3    0.079823    0.122571    0.136748   30.095724 ^ wire1/X (sky130_fd_sc_hd__buf_6)
                                                         net272 (net)
                      0.127195    0.018051   30.113775 ^ clkbuf_0_clk/A (sky130_fd_sc_hd__clkbuf_16)
     9    0.099027    0.088852    0.148049   30.261824 ^ clkbuf_0_clk/X (sky130_fd_sc_hd__clkbuf_16)
                                                         clknet_0_clk (net)
                      0.090050    0.007972   30.269796 ^ clkbuf_2_0__f_clk/A (sky130_fd_sc_hd__clkbuf_16)
    17    0.096864    0.087461    0.137103   30.406898 ^ clkbuf_2_0__f_clk/X (sky130_fd_sc_hd__clkbuf_16)
                                                         clknet_2_0__leaf_clk (net)
                      0.089059    0.009113   30.416012 ^ _135_/CLK (sky130_fd_sc_hd__dfrtp_4)
                                 -0.087500   30.328512   clock uncertainty
                                  0.000000   30.328512   clock reconvergence pessimism
                                 -0.036178   30.292336   library setup time
                                             30.292336   data required time
---------------------------------------------------------------------------------------------
                                             30.292336   data required time
                                            -13.087904   data arrival time
---------------------------------------------------------------------------------------------
                                             17.204432   slack (MET)


Startpoint: wbs_adr_i[17] (input port clocked by clk)
Endpoint: _140_ (rising edge-triggered flip-flop clocked by clk)
Path Group: clk
Path Type: max

Fanout         Cap        Slew       Delay        Time   Description
---------------------------------------------------------------------------------------------
                                  0.000000    0.000000   clock clk (rise edge)
                                  5.570000    5.570000   clock network delay (propagated)
                                  3.890000    9.460000 v input external delay
     2    0.004084    0.920000    0.000000    9.460000 v wbs_adr_i[17] (in)
                                                         wbs_adr_i[17] (net)
                      0.920087    0.000044    9.460045 v hold1/A (sky130_fd_sc_hd__dlygate4sd3_1)
     1    0.002725    0.037766    0.621565   10.081610 v hold1/X (sky130_fd_sc_hd__dlygate4sd3_1)
                                                         net275 (net)
                      0.037766    0.000083   10.081692 v input87/A (sky130_fd_sc_hd__clkbuf_1)
     1    0.002932    0.018996    0.061209   10.142901 v input87/X (sky130_fd_sc_hd__clkbuf_1)
                                                         net87 (net)
                      0.018996    0.000072   10.142973 v hold2/A (sky130_fd_sc_hd__dlygate4sd3_1)
     1    0.003043    0.039226    0.366102   10.509075 v hold2/X (sky130_fd_sc_hd__dlygate4sd3_1)
                                                         net276 (net)
                      0.039226    0.000075   10.509151 v _044_/A (sky130_fd_sc_hd__or4_1)
     1    0.004074    0.059384    0.309423   10.818573 v _044_/X (sky130_fd_sc_hd__or4_1)
                                                         _035_ (net)
                      0.059384    0.000148   10.818722 v hold3/A (sky130_fd_sc_hd__dlygate4sd3_1)
     1    0.004593    0.044233    0.389677   11.208398 v hold3/X (sky130_fd_sc_hd__dlygate4sd3_1)
                                                         net277 (net)
                      0.044233    0.000134   11.208532 v _048_/A (sky130_fd_sc_hd__nor4_1)
     1    0.007682    0.262776    0.271801   11.480333 ^ _048_/Y (sky130_fd_sc_hd__nor4_1)
                                                         _039_ (net)
                      0.262776    0.000398   11.480731 ^ hold4/A (sky130_fd_sc_hd__dlygate4sd3_1)
     1    0.007532    0.069338    0.433110   11.913841 ^ hold4/X (sky130_fd_sc_hd__dlygate4sd3_1)
                                                         net278 (net)
                      0.069338    0.000377   11.914218 ^ wire262/A (sky130_fd_sc_hd__buf_2)
     1    0.011521    0.048301    0.093811   12.008029 ^ wire262/X (sky130_fd_sc_hd__buf_2)
                                                         net262 (net)
                      0.048309    0.000663   12.008691 ^ hold5/A (sky130_fd_sc_hd__dlygate4sd3_1)
     7    0.056912    0.426079    0.666077   12.674768 ^ hold5/X (sky130_fd_sc_hd__dlygate4sd3_1)
                                                         net279 (net)
                      0.426366    0.006361   12.681129 ^ fanout261/A (sky130_fd_sc_hd__buf_4)
    33    0.127034    0.264014    0.262191   12.943320 ^ fanout261/X (sky130_fd_sc_hd__buf_4)
                                                         net261 (net)
                      0.266962    0.023053   12.966373 ^ _107_/C (sky130_fd_sc_hd__and3_1)
     1    0.002402    0.036378    0.113255   13.079628 ^ _107_/X (sky130_fd_sc_hd__and3_1)
                                                         _003_ (net)
                      0.036378    0.000070   13.079699 ^ _140_/D (sky130_fd_sc_hd__dfrtp_2)
                                             13.079699   data arrival time

                                 25.000000   25.000000   clock clk (rise edge)
                                  4.650000   29.650000   clock source latency
     2    0.031002    0.610000    0.000000   29.650000 ^ clk (in)
                                                         clk (net)
                      0.616595    0.003215   29.653214 ^ wire3/A (sky130_fd_sc_hd__buf_4)
     3    0.045136    0.104020    0.149717   29.802931 ^ wire3/X (sky130_fd_sc_hd__buf_4)
                                                         net274 (net)
                      0.104711    0.006548   29.809479 ^ wire2/A (sky130_fd_sc_hd__buf_6)
     3    0.077490    0.119211    0.132324   29.941803 ^ wire2/X (sky130_fd_sc_hd__buf_6)
                                                         net273 (net)
                      0.123514    0.017174   29.958977 ^ wire1/A (sky130_fd_sc_hd__buf_6)
     3    0.079823    0.122571    0.136748   30.095724 ^ wire1/X (sky130_fd_sc_hd__buf_6)
                                                         net272 (net)
                      0.127195    0.018051   30.113775 ^ clkbuf_0_clk/A (sky130_fd_sc_hd__clkbuf_16)
     9    0.099027    0.088852    0.148049   30.261824 ^ clkbuf_0_clk/X (sky130_fd_sc_hd__clkbuf_16)
                                                         clknet_0_clk (net)
                      0.090013    0.007848   30.269672 ^ clkbuf_2_1__f_clk/A (sky130_fd_sc_hd__clkbuf_16)
    21    0.084406    0.078353    0.128871   30.398542 ^ clkbuf_2_1__f_clk/X (sky130_fd_sc_hd__clkbuf_16)
                                                         clknet_2_1__leaf_clk (net)
                      0.080071    0.008797   30.407339 ^ _140_/CLK (sky130_fd_sc_hd__dfrtp_2)
                                 -0.087500   30.319839   clock uncertainty
                                  0.000000   30.319839   clock reconvergence pessimism
                                 -0.035052   30.284788   library setup time
                                             30.284788   data required time
---------------------------------------------------------------------------------------------
                                             30.284788   data required time
                                            -13.079699   data arrival time
---------------------------------------------------------------------------------------------
                                             17.205090   slack (MET)


Startpoint: wbs_adr_i[17] (input port clocked by clk)
Endpoint: _141_ (rising edge-triggered flip-flop clocked by clk)
Path Group: clk
Path Type: max

Fanout         Cap        Slew       Delay        Time   Description
---------------------------------------------------------------------------------------------
                                  0.000000    0.000000   clock clk (rise edge)
                                  5.570000    5.570000   clock network delay (propagated)
                                  3.890000    9.460000 v input external delay
     2    0.004084    0.920000    0.000000    9.460000 v wbs_adr_i[17] (in)
                                                         wbs_adr_i[17] (net)
                      0.920087    0.000044    9.460045 v hold1/A (sky130_fd_sc_hd__dlygate4sd3_1)
     1    0.002725    0.037766    0.621565   10.081610 v hold1/X (sky130_fd_sc_hd__dlygate4sd3_1)
                                                         net275 (net)
                      0.037766    0.000083   10.081692 v input87/A (sky130_fd_sc_hd__clkbuf_1)
     1    0.002932    0.018996    0.061209   10.142901 v input87/X (sky130_fd_sc_hd__clkbuf_1)
                                                         net87 (net)
                      0.018996    0.000072   10.142973 v hold2/A (sky130_fd_sc_hd__dlygate4sd3_1)
     1    0.003043    0.039226    0.366102   10.509075 v hold2/X (sky130_fd_sc_hd__dlygate4sd3_1)
                                                         net276 (net)
                      0.039226    0.000075   10.509151 v _044_/A (sky130_fd_sc_hd__or4_1)
     1    0.004074    0.059384    0.309423   10.818573 v _044_/X (sky130_fd_sc_hd__or4_1)
                                                         _035_ (net)
                      0.059384    0.000148   10.818722 v hold3/A (sky130_fd_sc_hd__dlygate4sd3_1)
     1    0.004593    0.044233    0.389677   11.208398 v hold3/X (sky130_fd_sc_hd__dlygate4sd3_1)
                                                         net277 (net)
                      0.044233    0.000134   11.208532 v _048_/A (sky130_fd_sc_hd__nor4_1)
     1    0.007682    0.262776    0.271801   11.480333 ^ _048_/Y (sky130_fd_sc_hd__nor4_1)
                                                         _039_ (net)
                      0.262776    0.000398   11.480731 ^ hold4/A (sky130_fd_sc_hd__dlygate4sd3_1)
     1    0.007532    0.069338    0.433110   11.913841 ^ hold4/X (sky130_fd_sc_hd__dlygate4sd3_1)
                                                         net278 (net)
                      0.069338    0.000377   11.914218 ^ wire262/A (sky130_fd_sc_hd__buf_2)
     1    0.011521    0.048301    0.093811   12.008029 ^ wire262/X (sky130_fd_sc_hd__buf_2)
                                                         net262 (net)
                      0.048309    0.000663   12.008691 ^ hold5/A (sky130_fd_sc_hd__dlygate4sd3_1)
     7    0.056912    0.426079    0.666077   12.674768 ^ hold5/X (sky130_fd_sc_hd__dlygate4sd3_1)
                                                         net279 (net)
                      0.426366    0.006361   12.681129 ^ fanout261/A (sky130_fd_sc_hd__buf_4)
    33    0.127034    0.264014    0.262191   12.943320 ^ fanout261/X (sky130_fd_sc_hd__buf_4)
                                                         net261 (net)
                      0.265372    0.015980   12.959301 ^ _108_/C (sky130_fd_sc_hd__and3_1)
     1    0.003262    0.041513    0.118895   13.078196 ^ _108_/X (sky130_fd_sc_hd__and3_1)
                                                         _004_ (net)
                      0.041513    0.000104   13.078300 ^ _141_/D (sky130_fd_sc_hd__dfrtp_2)
                                             13.078300   data arrival time

                                 25.000000   25.000000   clock clk (rise edge)
                                  4.650000   29.650000   clock source latency
     2    0.031002    0.610000    0.000000   29.650000 ^ clk (in)
                                                         clk (net)
                      0.616595    0.003215   29.653214 ^ wire3/A (sky130_fd_sc_hd__buf_4)
     3    0.045136    0.104020    0.149717   29.802931 ^ wire3/X (sky130_fd_sc_hd__buf_4)
                                                         net274 (net)
                      0.104711    0.006548   29.809479 ^ wire2/A (sky130_fd_sc_hd__buf_6)
     3    0.077490    0.119211    0.132324   29.941803 ^ wire2/X (sky130_fd_sc_hd__buf_6)
                                                         net273 (net)
                      0.123514    0.017174   29.958977 ^ wire1/A (sky130_fd_sc_hd__buf_6)
     3    0.079823    0.122571    0.136748   30.095724 ^ wire1/X (sky130_fd_sc_hd__buf_6)
                                                         net272 (net)
                      0.127195    0.018051   30.113775 ^ clkbuf_0_clk/A (sky130_fd_sc_hd__clkbuf_16)
     9    0.099027    0.088852    0.148049   30.261824 ^ clkbuf_0_clk/X (sky130_fd_sc_hd__clkbuf_16)
                                                         clknet_0_clk (net)
                      0.090050    0.007972   30.269796 ^ clkbuf_2_0__f_clk/A (sky130_fd_sc_hd__clkbuf_16)
    17    0.096864    0.087461    0.137103   30.406898 ^ clkbuf_2_0__f_clk/X (sky130_fd_sc_hd__clkbuf_16)
                                                         clknet_2_0__leaf_clk (net)
                      0.087772    0.004139   30.411037 ^ _141_/CLK (sky130_fd_sc_hd__dfrtp_2)
                                 -0.087500   30.323538   clock uncertainty
                                  0.000000   30.323538   clock reconvergence pessimism
                                 -0.035271   30.288267   library setup time
                                             30.288267   data required time
---------------------------------------------------------------------------------------------
                                             30.288267   data required time
                                            -13.078300   data arrival time
---------------------------------------------------------------------------------------------
                                             17.209967   slack (MET)


Startpoint: wbs_adr_i[17] (input port clocked by clk)
Endpoint: _142_ (rising edge-triggered flip-flop clocked by clk)
Path Group: clk
Path Type: max

Fanout         Cap        Slew       Delay        Time   Description
---------------------------------------------------------------------------------------------
                                  0.000000    0.000000   clock clk (rise edge)
                                  5.570000    5.570000   clock network delay (propagated)
                                  3.890000    9.460000 v input external delay
     2    0.004084    0.920000    0.000000    9.460000 v wbs_adr_i[17] (in)
                                                         wbs_adr_i[17] (net)
                      0.920087    0.000044    9.460045 v hold1/A (sky130_fd_sc_hd__dlygate4sd3_1)
     1    0.002725    0.037766    0.621565   10.081610 v hold1/X (sky130_fd_sc_hd__dlygate4sd3_1)
                                                         net275 (net)
                      0.037766    0.000083   10.081692 v input87/A (sky130_fd_sc_hd__clkbuf_1)
     1    0.002932    0.018996    0.061209   10.142901 v input87/X (sky130_fd_sc_hd__clkbuf_1)
                                                         net87 (net)
                      0.018996    0.000072   10.142973 v hold2/A (sky130_fd_sc_hd__dlygate4sd3_1)
     1    0.003043    0.039226    0.366102   10.509075 v hold2/X (sky130_fd_sc_hd__dlygate4sd3_1)
                                                         net276 (net)
                      0.039226    0.000075   10.509151 v _044_/A (sky130_fd_sc_hd__or4_1)
     1    0.004074    0.059384    0.309423   10.818573 v _044_/X (sky130_fd_sc_hd__or4_1)
                                                         _035_ (net)
                      0.059384    0.000148   10.818722 v hold3/A (sky130_fd_sc_hd__dlygate4sd3_1)
     1    0.004593    0.044233    0.389677   11.208398 v hold3/X (sky130_fd_sc_hd__dlygate4sd3_1)
                                                         net277 (net)
                      0.044233    0.000134   11.208532 v _048_/A (sky130_fd_sc_hd__nor4_1)
     1    0.007682    0.262776    0.271801   11.480333 ^ _048_/Y (sky130_fd_sc_hd__nor4_1)
                                                         _039_ (net)
                      0.262776    0.000398   11.480731 ^ hold4/A (sky130_fd_sc_hd__dlygate4sd3_1)
     1    0.007532    0.069338    0.433110   11.913841 ^ hold4/X (sky130_fd_sc_hd__dlygate4sd3_1)
                                                         net278 (net)
                      0.069338    0.000377   11.914218 ^ wire262/A (sky130_fd_sc_hd__buf_2)
     1    0.011521    0.048301    0.093811   12.008029 ^ wire262/X (sky130_fd_sc_hd__buf_2)
                                                         net262 (net)
                      0.048309    0.000663   12.008691 ^ hold5/A (sky130_fd_sc_hd__dlygate4sd3_1)
     7    0.056912    0.426079    0.666077   12.674768 ^ hold5/X (sky130_fd_sc_hd__dlygate4sd3_1)
                                                         net279 (net)
                      0.426366    0.006361   12.681129 ^ fanout261/A (sky130_fd_sc_hd__buf_4)
    33    0.127034    0.264014    0.262191   12.943320 ^ fanout261/X (sky130_fd_sc_hd__buf_4)
                                                         net261 (net)
                      0.264451    0.009307   12.952628 ^ _109_/C (sky130_fd_sc_hd__and3_1)
     1    0.003316    0.041427    0.119189   13.071816 ^ _109_/X (sky130_fd_sc_hd__and3_1)
                                                         _005_ (net)
                      0.041427    0.000104   13.071920 ^ _142_/D (sky130_fd_sc_hd__dfrtp_2)
                                             13.071920   data arrival time

                                 25.000000   25.000000   clock clk (rise edge)
                                  4.650000   29.650000   clock source latency
     2    0.031002    0.610000    0.000000   29.650000 ^ clk (in)
                                                         clk (net)
                      0.616595    0.003215   29.653214 ^ wire3/A (sky130_fd_sc_hd__buf_4)
     3    0.045136    0.104020    0.149717   29.802931 ^ wire3/X (sky130_fd_sc_hd__buf_4)
                                                         net274 (net)
                      0.104711    0.006548   29.809479 ^ wire2/A (sky130_fd_sc_hd__buf_6)
     3    0.077490    0.119211    0.132324   29.941803 ^ wire2/X (sky130_fd_sc_hd__buf_6)
                                                         net273 (net)
                      0.123514    0.017174   29.958977 ^ wire1/A (sky130_fd_sc_hd__buf_6)
     3    0.079823    0.122571    0.136748   30.095724 ^ wire1/X (sky130_fd_sc_hd__buf_6)
                                                         net272 (net)
                      0.127195    0.018051   30.113775 ^ clkbuf_0_clk/A (sky130_fd_sc_hd__clkbuf_16)
     9    0.099027    0.088852    0.148049   30.261824 ^ clkbuf_0_clk/X (sky130_fd_sc_hd__clkbuf_16)
                                                         clknet_0_clk (net)
                      0.090050    0.007972   30.269796 ^ clkbuf_2_0__f_clk/A (sky130_fd_sc_hd__clkbuf_16)
    17    0.096864    0.087461    0.137103   30.406898 ^ clkbuf_2_0__f_clk/X (sky130_fd_sc_hd__clkbuf_16)
                                                         clknet_2_0__leaf_clk (net)
                      0.088052    0.005610   30.412508 ^ _142_/CLK (sky130_fd_sc_hd__dfrtp_2)
                                 -0.087500   30.325008   clock uncertainty
                                  0.000000   30.325008   clock reconvergence pessimism
                                 -0.035252   30.289755   library setup time
                                             30.289755   data required time
---------------------------------------------------------------------------------------------
                                             30.289755   data required time
                                            -13.071920   data arrival time
---------------------------------------------------------------------------------------------
                                             17.217834   slack (MET)


Startpoint: wbs_adr_i[17] (input port clocked by clk)
Endpoint: _143_ (rising edge-triggered flip-flop clocked by clk)
Path Group: clk
Path Type: max

Fanout         Cap        Slew       Delay        Time   Description
---------------------------------------------------------------------------------------------
                                  0.000000    0.000000   clock clk (rise edge)
                                  5.570000    5.570000   clock network delay (propagated)
                                  3.890000    9.460000 v input external delay
     2    0.004084    0.920000    0.000000    9.460000 v wbs_adr_i[17] (in)
                                                         wbs_adr_i[17] (net)
                      0.920087    0.000044    9.460045 v hold1/A (sky130_fd_sc_hd__dlygate4sd3_1)
     1    0.002725    0.037766    0.621565   10.081610 v hold1/X (sky130_fd_sc_hd__dlygate4sd3_1)
                                                         net275 (net)
                      0.037766    0.000083   10.081692 v input87/A (sky130_fd_sc_hd__clkbuf_1)
     1    0.002932    0.018996    0.061209   10.142901 v input87/X (sky130_fd_sc_hd__clkbuf_1)
                                                         net87 (net)
                      0.018996    0.000072   10.142973 v hold2/A (sky130_fd_sc_hd__dlygate4sd3_1)
     1    0.003043    0.039226    0.366102   10.509075 v hold2/X (sky130_fd_sc_hd__dlygate4sd3_1)
                                                         net276 (net)
                      0.039226    0.000075   10.509151 v _044_/A (sky130_fd_sc_hd__or4_1)
     1    0.004074    0.059384    0.309423   10.818573 v _044_/X (sky130_fd_sc_hd__or4_1)
                                                         _035_ (net)
                      0.059384    0.000148   10.818722 v hold3/A (sky130_fd_sc_hd__dlygate4sd3_1)
     1    0.004593    0.044233    0.389677   11.208398 v hold3/X (sky130_fd_sc_hd__dlygate4sd3_1)
                                                         net277 (net)
                      0.044233    0.000134   11.208532 v _048_/A (sky130_fd_sc_hd__nor4_1)
     1    0.007682    0.262776    0.271801   11.480333 ^ _048_/Y (sky130_fd_sc_hd__nor4_1)
                                                         _039_ (net)
                      0.262776    0.000398   11.480731 ^ hold4/A (sky130_fd_sc_hd__dlygate4sd3_1)
     1    0.007532    0.069338    0.433110   11.913841 ^ hold4/X (sky130_fd_sc_hd__dlygate4sd3_1)
                                                         net278 (net)
                      0.069338    0.000377   11.914218 ^ wire262/A (sky130_fd_sc_hd__buf_2)
     1    0.011521    0.048301    0.093811   12.008029 ^ wire262/X (sky130_fd_sc_hd__buf_2)
                                                         net262 (net)
                      0.048309    0.000663   12.008691 ^ hold5/A (sky130_fd_sc_hd__dlygate4sd3_1)
     7    0.056912    0.426079    0.666077   12.674768 ^ hold5/X (sky130_fd_sc_hd__dlygate4sd3_1)
                                                         net279 (net)
                      0.426366    0.006361   12.681129 ^ fanout261/A (sky130_fd_sc_hd__buf_4)
    33    0.127034    0.264014    0.262191   12.943320 ^ fanout261/X (sky130_fd_sc_hd__buf_4)
                                                         net261 (net)
                      0.264024    0.001445   12.944766 ^ _110_/C (sky130_fd_sc_hd__and3_1)
     1    0.002708    0.037704    0.115087   13.059853 ^ _110_/X (sky130_fd_sc_hd__and3_1)
                                                         _006_ (net)
                      0.037704    0.000079   13.059932 ^ _143_/D (sky130_fd_sc_hd__dfrtp_2)
                                             13.059932   data arrival time

                                 25.000000   25.000000   clock clk (rise edge)
                                  4.650000   29.650000   clock source latency
     2    0.031002    0.610000    0.000000   29.650000 ^ clk (in)
                                                         clk (net)
                      0.616595    0.003215   29.653214 ^ wire3/A (sky130_fd_sc_hd__buf_4)
     3    0.045136    0.104020    0.149717   29.802931 ^ wire3/X (sky130_fd_sc_hd__buf_4)
                                                         net274 (net)
                      0.104711    0.006548   29.809479 ^ wire2/A (sky130_fd_sc_hd__buf_6)
     3    0.077490    0.119211    0.132324   29.941803 ^ wire2/X (sky130_fd_sc_hd__buf_6)
                                                         net273 (net)
                      0.123514    0.017174   29.958977 ^ wire1/A (sky130_fd_sc_hd__buf_6)
     3    0.079823    0.122571    0.136748   30.095724 ^ wire1/X (sky130_fd_sc_hd__buf_6)
                                                         net272 (net)
                      0.127195    0.018051   30.113775 ^ clkbuf_0_clk/A (sky130_fd_sc_hd__clkbuf_16)
     9    0.099027    0.088852    0.148049   30.261824 ^ clkbuf_0_clk/X (sky130_fd_sc_hd__clkbuf_16)
                                                         clknet_0_clk (net)
                      0.090050    0.007972   30.269796 ^ clkbuf_2_0__f_clk/A (sky130_fd_sc_hd__clkbuf_16)
    17    0.096864    0.087461    0.137103   30.406898 ^ clkbuf_2_0__f_clk/X (sky130_fd_sc_hd__clkbuf_16)
                                                         clknet_2_0__leaf_clk (net)
                      0.088314    0.006693   30.413593 ^ _143_/CLK (sky130_fd_sc_hd__dfrtp_2)
                                 -0.087500   30.326092   clock uncertainty
                                  0.000000   30.326092   clock reconvergence pessimism
                                 -0.034874   30.291220   library setup time
                                             30.291220   data required time
---------------------------------------------------------------------------------------------
                                             30.291220   data required time
                                            -13.059932   data arrival time
---------------------------------------------------------------------------------------------
                                             17.231287   slack (MET)


Startpoint: _160_ (rising edge-triggered flip-flop clocked by clk)
Endpoint: wbs_dat_o[31] (output port clocked by clk)
Path Group: clk
Path Type: max

Fanout         Cap        Slew       Delay        Time   Description
---------------------------------------------------------------------------------------------
                                  0.000000    0.000000   clock clk (rise edge)
                                  5.570000    5.570000   clock source latency
     2    0.031002    0.610000    0.000000    5.570000 ^ clk (in)
                                                         clk (net)
                      0.616595    0.003380    5.573380 ^ wire3/A (sky130_fd_sc_hd__buf_4)
     3    0.045136    0.104020    0.157396    5.730776 ^ wire3/X (sky130_fd_sc_hd__buf_4)
                                                         net274 (net)
                      0.104711    0.006883    5.737659 ^ wire2/A (sky130_fd_sc_hd__buf_6)
     3    0.077490    0.119211    0.139108    5.876767 ^ wire2/X (sky130_fd_sc_hd__buf_6)
                                                         net273 (net)
                      0.123514    0.018058    5.894825 ^ wire1/A (sky130_fd_sc_hd__buf_6)
     3    0.079823    0.122571    0.143757    6.038581 ^ wire1/X (sky130_fd_sc_hd__buf_6)
                                                         net272 (net)
                      0.127195    0.018980    6.057562 ^ clkbuf_0_clk/A (sky130_fd_sc_hd__clkbuf_16)
     9    0.099027    0.088852    0.155639    6.213201 ^ clkbuf_0_clk/X (sky130_fd_sc_hd__clkbuf_16)
                                                         clknet_0_clk (net)
                      0.089797    0.007454    6.220655 ^ clkbuf_2_3__f_clk/A (sky130_fd_sc_hd__clkbuf_16)
    21    0.071648    0.068794    0.128408    6.349064 ^ clkbuf_2_3__f_clk/X (sky130_fd_sc_hd__clkbuf_16)
                                                         clknet_2_3__leaf_clk (net)
                      0.071558    0.010881    6.359944 ^ _160_/CLK (sky130_fd_sc_hd__dfrtp_4)
     3    0.170172    0.356766    0.479689    6.839633 ^ _160_/Q (sky130_fd_sc_hd__dfrtp_4)
                                                         net252 (net)
                      0.389448    0.084352    6.923985 ^ output252/A (sky130_fd_sc_hd__buf_12)
     1    0.191174    0.168164    0.183129    7.107113 ^ output252/X (sky130_fd_sc_hd__buf_12)
                                                         wbs_dat_o[31] (net)
                      0.168349    0.004713    7.111826 ^ wbs_dat_o[31] (out)
                                              7.111826   data arrival time

                                 25.000000   25.000000   clock clk (rise edge)
                                  4.650000   29.650000   clock network delay (propagated)
                                 -0.087500   29.562500   clock uncertainty
                                  0.000000   29.562500   clock reconvergence pessimism
                                 -3.620000   25.942499   output external delay
                                             25.942499   data required time
---------------------------------------------------------------------------------------------
                                             25.942499   data required time
                                             -7.111826   data arrival time
---------------------------------------------------------------------------------------------
                                             18.830673   slack (MET)


Startpoint: _159_ (rising edge-triggered flip-flop clocked by clk)
Endpoint: wbs_dat_o[30] (output port clocked by clk)
Path Group: clk
Path Type: max

Fanout         Cap        Slew       Delay        Time   Description
---------------------------------------------------------------------------------------------
                                  0.000000    0.000000   clock clk (rise edge)
                                  5.570000    5.570000   clock source latency
     2    0.031002    0.610000    0.000000    5.570000 ^ clk (in)
                                                         clk (net)
                      0.616595    0.003380    5.573380 ^ wire3/A (sky130_fd_sc_hd__buf_4)
     3    0.045136    0.104020    0.157396    5.730776 ^ wire3/X (sky130_fd_sc_hd__buf_4)
                                                         net274 (net)
                      0.104711    0.006883    5.737659 ^ wire2/A (sky130_fd_sc_hd__buf_6)
     3    0.077490    0.119211    0.139108    5.876767 ^ wire2/X (sky130_fd_sc_hd__buf_6)
                                                         net273 (net)
                      0.123514    0.018058    5.894825 ^ wire1/A (sky130_fd_sc_hd__buf_6)
     3    0.079823    0.122571    0.143757    6.038581 ^ wire1/X (sky130_fd_sc_hd__buf_6)
                                                         net272 (net)
                      0.127195    0.018980    6.057562 ^ clkbuf_0_clk/A (sky130_fd_sc_hd__clkbuf_16)
     9    0.099027    0.088852    0.155639    6.213201 ^ clkbuf_0_clk/X (sky130_fd_sc_hd__clkbuf_16)
                                                         clknet_0_clk (net)
                      0.089796    0.007451    6.220652 ^ clkbuf_2_2__f_clk/A (sky130_fd_sc_hd__clkbuf_16)
    17    0.094715    0.085805    0.143094    6.363745 ^ clkbuf_2_2__f_clk/X (sky130_fd_sc_hd__clkbuf_16)
                                                         clknet_2_2__leaf_clk (net)
                      0.087612    0.010092    6.373837 ^ _159_/CLK (sky130_fd_sc_hd__dfrtp_4)
     3    0.153121    0.323257    0.465377    6.839215 ^ _159_/Q (sky130_fd_sc_hd__dfrtp_4)
                                                         net251 (net)
                      0.347721    0.069802    6.909017 ^ output251/A (sky130_fd_sc_hd__buf_12)
     1    0.191174    0.167953    0.184464    7.093481 ^ output251/X (sky130_fd_sc_hd__buf_12)
                                                         wbs_dat_o[30] (net)
                      0.168138    0.004713    7.098194 ^ wbs_dat_o[30] (out)
                                              7.098194   data arrival time

                                 25.000000   25.000000   clock clk (rise edge)
                                  4.650000   29.650000   clock network delay (propagated)
                                 -0.087500   29.562500   clock uncertainty
                                  0.000000   29.562500   clock reconvergence pessimism
                                 -3.620000   25.942499   output external delay
                                             25.942499   data required time
---------------------------------------------------------------------------------------------
                                             25.942499   data required time
                                             -7.098194   data arrival time
---------------------------------------------------------------------------------------------
                                             18.844305   slack (MET)


Startpoint: _129_ (rising edge-triggered flip-flop clocked by clk)
Endpoint: wbs_dat_o[0] (output port clocked by clk)
Path Group: clk
Path Type: max

Fanout         Cap        Slew       Delay        Time   Description
---------------------------------------------------------------------------------------------
                                  0.000000    0.000000   clock clk (rise edge)
                                  5.570000    5.570000   clock source latency
     2    0.031002    0.610000    0.000000    5.570000 ^ clk (in)
                                                         clk (net)
                      0.616595    0.003380    5.573380 ^ wire3/A (sky130_fd_sc_hd__buf_4)
     3    0.045136    0.104020    0.157396    5.730776 ^ wire3/X (sky130_fd_sc_hd__buf_4)
                                                         net274 (net)
                      0.104711    0.006883    5.737659 ^ wire2/A (sky130_fd_sc_hd__buf_6)
     3    0.077490    0.119211    0.139108    5.876767 ^ wire2/X (sky130_fd_sc_hd__buf_6)
                                                         net273 (net)
                      0.123514    0.018058    5.894825 ^ wire1/A (sky130_fd_sc_hd__buf_6)
     3    0.079823    0.122571    0.143757    6.038581 ^ wire1/X (sky130_fd_sc_hd__buf_6)
                                                         net272 (net)
                      0.127195    0.018980    6.057562 ^ clkbuf_0_clk/A (sky130_fd_sc_hd__clkbuf_16)
     9    0.099027    0.088852    0.155639    6.213201 ^ clkbuf_0_clk/X (sky130_fd_sc_hd__clkbuf_16)
                                                         clknet_0_clk (net)
                      0.090013    0.008250    6.221451 ^ clkbuf_2_1__f_clk/A (sky130_fd_sc_hd__clkbuf_16)
    21    0.084406    0.078353    0.135479    6.356930 ^ clkbuf_2_1__f_clk/X (sky130_fd_sc_hd__clkbuf_16)
                                                         clknet_2_1__leaf_clk (net)
                      0.081026    0.011539    6.368469 ^ _129_/CLK (sky130_fd_sc_hd__dfrtp_4)
     3    0.121367    0.259863    0.421952    6.790421 ^ _129_/Q (sky130_fd_sc_hd__dfrtp_4)
                                                         net228 (net)
                      0.281522    0.059118    6.849540 ^ output228/A (sky130_fd_sc_hd__buf_12)
     1    0.190951    0.167384    0.186705    7.036245 ^ output228/X (sky130_fd_sc_hd__buf_12)
                                                         wbs_dat_o[0] (net)
                      0.167542    0.004353    7.040597 ^ wbs_dat_o[0] (out)
                                              7.040597   data arrival time

                                 25.000000   25.000000   clock clk (rise edge)
                                  4.650000   29.650000   clock network delay (propagated)
                                 -0.087500   29.562500   clock uncertainty
                                  0.000000   29.562500   clock reconvergence pessimism
                                 -3.620000   25.942499   output external delay
                                             25.942499   data required time
---------------------------------------------------------------------------------------------
                                             25.942499   data required time
                                             -7.040597   data arrival time
---------------------------------------------------------------------------------------------
                                             18.901901   slack (MET)


Startpoint: _158_ (rising edge-triggered flip-flop clocked by clk)
Endpoint: wbs_dat_o[29] (output port clocked by clk)
Path Group: clk
Path Type: max

Fanout         Cap        Slew       Delay        Time   Description
---------------------------------------------------------------------------------------------
                                  0.000000    0.000000   clock clk (rise edge)
                                  5.570000    5.570000   clock source latency
     2    0.031002    0.610000    0.000000    5.570000 ^ clk (in)
                                                         clk (net)
                      0.616595    0.003380    5.573380 ^ wire3/A (sky130_fd_sc_hd__buf_4)
     3    0.045136    0.104020    0.157396    5.730776 ^ wire3/X (sky130_fd_sc_hd__buf_4)
                                                         net274 (net)
                      0.104711    0.006883    5.737659 ^ wire2/A (sky130_fd_sc_hd__buf_6)
     3    0.077490    0.119211    0.139108    5.876767 ^ wire2/X (sky130_fd_sc_hd__buf_6)
                                                         net273 (net)
                      0.123514    0.018058    5.894825 ^ wire1/A (sky130_fd_sc_hd__buf_6)
     3    0.079823    0.122571    0.143757    6.038581 ^ wire1/X (sky130_fd_sc_hd__buf_6)
                                                         net272 (net)
                      0.127195    0.018980    6.057562 ^ clkbuf_0_clk/A (sky130_fd_sc_hd__clkbuf_16)
     9    0.099027    0.088852    0.155639    6.213201 ^ clkbuf_0_clk/X (sky130_fd_sc_hd__clkbuf_16)
                                                         clknet_0_clk (net)
                      0.089797    0.007454    6.220655 ^ clkbuf_2_3__f_clk/A (sky130_fd_sc_hd__clkbuf_16)
    21    0.071648    0.068794    0.128408    6.349064 ^ clkbuf_2_3__f_clk/X (sky130_fd_sc_hd__clkbuf_16)
                                                         clknet_2_3__leaf_clk (net)
                      0.071731    0.011231    6.360294 ^ _158_/CLK (sky130_fd_sc_hd__dfrtp_4)
     3    0.120559    0.258869    0.412796    6.773090 ^ _158_/Q (sky130_fd_sc_hd__dfrtp_4)
                                                         net249 (net)
                      0.283001    0.061930    6.835020 ^ output249/A (sky130_fd_sc_hd__buf_12)
     1    0.191329    0.167752    0.186622    7.021642 ^ output249/X (sky130_fd_sc_hd__buf_12)
                                                         wbs_dat_o[29] (net)
                      0.167938    0.004718    7.026360 ^ wbs_dat_o[29] (out)
                                              7.026360   data arrival time

                                 25.000000   25.000000   clock clk (rise edge)
                                  4.650000   29.650000   clock network delay (propagated)
                                 -0.087500   29.562500   clock uncertainty
                                  0.000000   29.562500   clock reconvergence pessimism
                                 -3.620000   25.942499   output external delay
                                             25.942499   data required time
---------------------------------------------------------------------------------------------
                                             25.942499   data required time
                                             -7.026360   data arrival time
---------------------------------------------------------------------------------------------
                                             18.916138   slack (MET)


Startpoint: _130_ (rising edge-triggered flip-flop clocked by clk)
Endpoint: wbs_dat_o[1] (output port clocked by clk)
Path Group: clk
Path Type: max

Fanout         Cap        Slew       Delay        Time   Description
---------------------------------------------------------------------------------------------
                                  0.000000    0.000000   clock clk (rise edge)
                                  5.570000    5.570000   clock source latency
     2    0.031002    0.610000    0.000000    5.570000 ^ clk (in)
                                                         clk (net)
                      0.616595    0.003380    5.573380 ^ wire3/A (sky130_fd_sc_hd__buf_4)
     3    0.045136    0.104020    0.157396    5.730776 ^ wire3/X (sky130_fd_sc_hd__buf_4)
                                                         net274 (net)
                      0.104711    0.006883    5.737659 ^ wire2/A (sky130_fd_sc_hd__buf_6)
     3    0.077490    0.119211    0.139108    5.876767 ^ wire2/X (sky130_fd_sc_hd__buf_6)
                                                         net273 (net)
                      0.123514    0.018058    5.894825 ^ wire1/A (sky130_fd_sc_hd__buf_6)
     3    0.079823    0.122571    0.143757    6.038581 ^ wire1/X (sky130_fd_sc_hd__buf_6)
                                                         net272 (net)
                      0.127195    0.018980    6.057562 ^ clkbuf_0_clk/A (sky130_fd_sc_hd__clkbuf_16)
     9    0.099027    0.088852    0.155639    6.213201 ^ clkbuf_0_clk/X (sky130_fd_sc_hd__clkbuf_16)
                                                         clknet_0_clk (net)
                      0.090013    0.008250    6.221451 ^ clkbuf_2_1__f_clk/A (sky130_fd_sc_hd__clkbuf_16)
    21    0.084406    0.078353    0.135479    6.356930 ^ clkbuf_2_1__f_clk/X (sky130_fd_sc_hd__clkbuf_16)
                                                         clknet_2_1__leaf_clk (net)
                      0.081861    0.013259    6.370189 ^ _130_/CLK (sky130_fd_sc_hd__dfrtp_4)
     3    0.110811    0.239325    0.412327    6.782515 ^ _130_/Q (sky130_fd_sc_hd__dfrtp_4)
                                                         net239 (net)
                      0.254254    0.047376    6.829892 ^ output239/A (sky130_fd_sc_hd__buf_12)
     1    0.190951    0.167247    0.187578    7.017470 ^ output239/X (sky130_fd_sc_hd__buf_12)
                                                         wbs_dat_o[1] (net)
                      0.167405    0.004353    7.021822 ^ wbs_dat_o[1] (out)
                                              7.021822   data arrival time

                                 25.000000   25.000000   clock clk (rise edge)
                                  4.650000   29.650000   clock network delay (propagated)
                                 -0.087500   29.562500   clock uncertainty
                                  0.000000   29.562500   clock reconvergence pessimism
                                 -3.620000   25.942499   output external delay
                                             25.942499   data required time
---------------------------------------------------------------------------------------------
                                             25.942499   data required time
                                             -7.021822   data arrival time
---------------------------------------------------------------------------------------------
                                             18.920677   slack (MET)


Startpoint: _157_ (rising edge-triggered flip-flop clocked by clk)
Endpoint: wbs_dat_o[28] (output port clocked by clk)
Path Group: clk
Path Type: max

Fanout         Cap        Slew       Delay        Time   Description
---------------------------------------------------------------------------------------------
                                  0.000000    0.000000   clock clk (rise edge)
                                  5.570000    5.570000   clock source latency
     2    0.031002    0.610000    0.000000    5.570000 ^ clk (in)
                                                         clk (net)
                      0.616595    0.003380    5.573380 ^ wire3/A (sky130_fd_sc_hd__buf_4)
     3    0.045136    0.104020    0.157396    5.730776 ^ wire3/X (sky130_fd_sc_hd__buf_4)
                                                         net274 (net)
                      0.104711    0.006883    5.737659 ^ wire2/A (sky130_fd_sc_hd__buf_6)
     3    0.077490    0.119211    0.139108    5.876767 ^ wire2/X (sky130_fd_sc_hd__buf_6)
                                                         net273 (net)
                      0.123514    0.018058    5.894825 ^ wire1/A (sky130_fd_sc_hd__buf_6)
     3    0.079823    0.122571    0.143757    6.038581 ^ wire1/X (sky130_fd_sc_hd__buf_6)
                                                         net272 (net)
                      0.127195    0.018980    6.057562 ^ clkbuf_0_clk/A (sky130_fd_sc_hd__clkbuf_16)
     9    0.099027    0.088852    0.155639    6.213201 ^ clkbuf_0_clk/X (sky130_fd_sc_hd__clkbuf_16)
                                                         clknet_0_clk (net)
                      0.089797    0.007454    6.220655 ^ clkbuf_2_3__f_clk/A (sky130_fd_sc_hd__clkbuf_16)
    21    0.071648    0.068794    0.128408    6.349064 ^ clkbuf_2_3__f_clk/X (sky130_fd_sc_hd__clkbuf_16)
                                                         clknet_2_3__leaf_clk (net)
                      0.071386    0.010527    6.359591 ^ _157_/CLK (sky130_fd_sc_hd__dfrtp_4)
     3    0.114074    0.246108    0.406431    6.766022 ^ _157_/Q (sky130_fd_sc_hd__dfrtp_4)
                                                         net248 (net)
                      0.266655    0.055946    6.821968 ^ output248/A (sky130_fd_sc_hd__buf_12)
     1    0.191221    0.167582    0.187083    7.009051 ^ output248/X (sky130_fd_sc_hd__buf_12)
                                                         wbs_dat_o[28] (net)
                      0.167768    0.004715    7.013766 ^ wbs_dat_o[28] (out)
                                              7.013766   data arrival time

                                 25.000000   25.000000   clock clk (rise edge)
                                  4.650000   29.650000   clock network delay (propagated)
                                 -0.087500   29.562500   clock uncertainty
                                  0.000000   29.562500   clock reconvergence pessimism
                                 -3.620000   25.942499   output external delay
                                             25.942499   data required time
---------------------------------------------------------------------------------------------
                                             25.942499   data required time
                                             -7.013766   data arrival time
---------------------------------------------------------------------------------------------
                                             18.928734   slack (MET)


Startpoint: _131_ (rising edge-triggered flip-flop clocked by clk)
Endpoint: wbs_dat_o[2] (output port clocked by clk)
Path Group: clk
Path Type: max

Fanout         Cap        Slew       Delay        Time   Description
---------------------------------------------------------------------------------------------
                                  0.000000    0.000000   clock clk (rise edge)
                                  5.570000    5.570000   clock source latency
     2    0.031002    0.610000    0.000000    5.570000 ^ clk (in)
                                                         clk (net)
                      0.616595    0.003380    5.573380 ^ wire3/A (sky130_fd_sc_hd__buf_4)
     3    0.045136    0.104020    0.157396    5.730776 ^ wire3/X (sky130_fd_sc_hd__buf_4)
                                                         net274 (net)
                      0.104711    0.006883    5.737659 ^ wire2/A (sky130_fd_sc_hd__buf_6)
     3    0.077490    0.119211    0.139108    5.876767 ^ wire2/X (sky130_fd_sc_hd__buf_6)
                                                         net273 (net)
                      0.123514    0.018058    5.894825 ^ wire1/A (sky130_fd_sc_hd__buf_6)
     3    0.079823    0.122571    0.143757    6.038581 ^ wire1/X (sky130_fd_sc_hd__buf_6)
                                                         net272 (net)
                      0.127195    0.018980    6.057562 ^ clkbuf_0_clk/A (sky130_fd_sc_hd__clkbuf_16)
     9    0.099027    0.088852    0.155639    6.213201 ^ clkbuf_0_clk/X (sky130_fd_sc_hd__clkbuf_16)
                                                         clknet_0_clk (net)
                      0.090013    0.008250    6.221451 ^ clkbuf_2_1__f_clk/A (sky130_fd_sc_hd__clkbuf_16)
    21    0.084406    0.078353    0.135479    6.356930 ^ clkbuf_2_1__f_clk/X (sky130_fd_sc_hd__clkbuf_16)
                                                         clknet_2_1__leaf_clk (net)
                      0.081853    0.013243    6.370173 ^ _131_/CLK (sky130_fd_sc_hd__dfrtp_4)
     3    0.096742    0.211277    0.395183    6.765356 ^ _131_/Q (sky130_fd_sc_hd__dfrtp_4)
                                                         net250 (net)
                      0.222005    0.037902    6.803258 ^ output250/A (sky130_fd_sc_hd__buf_12)
     1    0.190951    0.167088    0.188447    6.991704 ^ output250/X (sky130_fd_sc_hd__buf_12)
                                                         wbs_dat_o[2] (net)
                      0.167247    0.004353    6.996057 ^ wbs_dat_o[2] (out)
                                              6.996057   data arrival time

                                 25.000000   25.000000   clock clk (rise edge)
                                  4.650000   29.650000   clock network delay (propagated)
                                 -0.087500   29.562500   clock uncertainty
                                  0.000000   29.562500   clock reconvergence pessimism
                                 -3.620000   25.942499   output external delay
                                             25.942499   data required time
---------------------------------------------------------------------------------------------
                                             25.942499   data required time
                                             -6.996057   data arrival time
---------------------------------------------------------------------------------------------
                                             18.946442   slack (MET)


Startpoint: _156_ (rising edge-triggered flip-flop clocked by clk)
Endpoint: wbs_dat_o[27] (output port clocked by clk)
Path Group: clk
Path Type: max

Fanout         Cap        Slew       Delay        Time   Description
---------------------------------------------------------------------------------------------
                                  0.000000    0.000000   clock clk (rise edge)
                                  5.570000    5.570000   clock source latency
     2    0.031002    0.610000    0.000000    5.570000 ^ clk (in)
                                                         clk (net)
                      0.616595    0.003380    5.573380 ^ wire3/A (sky130_fd_sc_hd__buf_4)
     3    0.045136    0.104020    0.157396    5.730776 ^ wire3/X (sky130_fd_sc_hd__buf_4)
                                                         net274 (net)
                      0.104711    0.006883    5.737659 ^ wire2/A (sky130_fd_sc_hd__buf_6)
     3    0.077490    0.119211    0.139108    5.876767 ^ wire2/X (sky130_fd_sc_hd__buf_6)
                                                         net273 (net)
                      0.123514    0.018058    5.894825 ^ wire1/A (sky130_fd_sc_hd__buf_6)
     3    0.079823    0.122571    0.143757    6.038581 ^ wire1/X (sky130_fd_sc_hd__buf_6)
                                                         net272 (net)
                      0.127195    0.018980    6.057562 ^ clkbuf_0_clk/A (sky130_fd_sc_hd__clkbuf_16)
     9    0.099027    0.088852    0.155639    6.213201 ^ clkbuf_0_clk/X (sky130_fd_sc_hd__clkbuf_16)
                                                         clknet_0_clk (net)
                      0.089797    0.007454    6.220655 ^ clkbuf_2_3__f_clk/A (sky130_fd_sc_hd__clkbuf_16)
    21    0.071648    0.068794    0.128408    6.349064 ^ clkbuf_2_3__f_clk/X (sky130_fd_sc_hd__clkbuf_16)
                                                         clknet_2_3__leaf_clk (net)
                      0.071557    0.010880    6.359943 ^ _156_/CLK (sky130_fd_sc_hd__dfrtp_4)
     3    0.103597    0.225318    0.396389    6.756332 ^ _156_/Q (sky130_fd_sc_hd__dfrtp_4)
                                                         net247 (net)
                      0.240699    0.046653    6.802986 ^ output247/A (sky130_fd_sc_hd__buf_12)
     1    0.191201    0.167436    0.187903    6.990889 ^ output247/X (sky130_fd_sc_hd__buf_12)
                                                         wbs_dat_o[27] (net)
                      0.167622    0.004714    6.995603 ^ wbs_dat_o[27] (out)
                                              6.995603   data arrival time

                                 25.000000   25.000000   clock clk (rise edge)
                                  4.650000   29.650000   clock network delay (propagated)
                                 -0.087500   29.562500   clock uncertainty
                                  0.000000   29.562500   clock reconvergence pessimism
                                 -3.620000   25.942499   output external delay
                                             25.942499   data required time
---------------------------------------------------------------------------------------------
                                             25.942499   data required time
                                             -6.995603   data arrival time
---------------------------------------------------------------------------------------------
                                             18.946896   slack (MET)


Startpoint: _132_ (rising edge-triggered flip-flop clocked by clk)
Endpoint: wbs_dat_o[3] (output port clocked by clk)
Path Group: clk
Path Type: max

Fanout         Cap        Slew       Delay        Time   Description
---------------------------------------------------------------------------------------------
                                  0.000000    0.000000   clock clk (rise edge)
                                  5.570000    5.570000   clock source latency
     2    0.031002    0.610000    0.000000    5.570000 ^ clk (in)
                                                         clk (net)
                      0.616595    0.003380    5.573380 ^ wire3/A (sky130_fd_sc_hd__buf_4)
     3    0.045136    0.104020    0.157396    5.730776 ^ wire3/X (sky130_fd_sc_hd__buf_4)
                                                         net274 (net)
                      0.104711    0.006883    5.737659 ^ wire2/A (sky130_fd_sc_hd__buf_6)
     3    0.077490    0.119211    0.139108    5.876767 ^ wire2/X (sky130_fd_sc_hd__buf_6)
                                                         net273 (net)
                      0.123514    0.018058    5.894825 ^ wire1/A (sky130_fd_sc_hd__buf_6)
     3    0.079823    0.122571    0.143757    6.038581 ^ wire1/X (sky130_fd_sc_hd__buf_6)
                                                         net272 (net)
                      0.127195    0.018980    6.057562 ^ clkbuf_0_clk/A (sky130_fd_sc_hd__clkbuf_16)
     9    0.099027    0.088852    0.155639    6.213201 ^ clkbuf_0_clk/X (sky130_fd_sc_hd__clkbuf_16)
                                                         clknet_0_clk (net)
                      0.090013    0.008250    6.221451 ^ clkbuf_2_1__f_clk/A (sky130_fd_sc_hd__clkbuf_16)
    21    0.084406    0.078353    0.135479    6.356930 ^ clkbuf_2_1__f_clk/X (sky130_fd_sc_hd__clkbuf_16)
                                                         clknet_2_1__leaf_clk (net)
                      0.081877    0.013289    6.370219 ^ _132_/CLK (sky130_fd_sc_hd__dfrtp_4)
     3    0.095968    0.210066    0.390413    6.760632 ^ _132_/Q (sky130_fd_sc_hd__dfrtp_4)
                                                         net253 (net)
                      0.221795    0.039478    6.800109 ^ output253/A (sky130_fd_sc_hd__buf_12)
     1    0.190951    0.167088    0.188432    6.988541 ^ output253/X (sky130_fd_sc_hd__buf_12)
                                                         wbs_dat_o[3] (net)
                      0.167246    0.004353    6.992894 ^ wbs_dat_o[3] (out)
                                              6.992894   data arrival time

                                 25.000000   25.000000   clock clk (rise edge)
                                  4.650000   29.650000   clock network delay (propagated)
                                 -0.087500   29.562500   clock uncertainty
                                  0.000000   29.562500   clock reconvergence pessimism
                                 -3.620000   25.942499   output external delay
                                             25.942499   data required time
---------------------------------------------------------------------------------------------
                                             25.942499   data required time
                                             -6.992894   data arrival time
---------------------------------------------------------------------------------------------
                                             18.949606   slack (MET)


Startpoint: _135_ (rising edge-triggered flip-flop clocked by clk)
Endpoint: wbs_dat_o[6] (output port clocked by clk)
Path Group: clk
Path Type: max

Fanout         Cap        Slew       Delay        Time   Description
---------------------------------------------------------------------------------------------
                                  0.000000    0.000000   clock clk (rise edge)
                                  5.570000    5.570000   clock source latency
     2    0.031002    0.610000    0.000000    5.570000 ^ clk (in)
                                                         clk (net)
                      0.616595    0.003380    5.573380 ^ wire3/A (sky130_fd_sc_hd__buf_4)
     3    0.045136    0.104020    0.157396    5.730776 ^ wire3/X (sky130_fd_sc_hd__buf_4)
                                                         net274 (net)
                      0.104711    0.006883    5.737659 ^ wire2/A (sky130_fd_sc_hd__buf_6)
     3    0.077490    0.119211    0.139108    5.876767 ^ wire2/X (sky130_fd_sc_hd__buf_6)
                                                         net273 (net)
                      0.123514    0.018058    5.894825 ^ wire1/A (sky130_fd_sc_hd__buf_6)
     3    0.079823    0.122571    0.143757    6.038581 ^ wire1/X (sky130_fd_sc_hd__buf_6)
                                                         net272 (net)
                      0.127195    0.018980    6.057562 ^ clkbuf_0_clk/A (sky130_fd_sc_hd__clkbuf_16)
     9    0.099027    0.088852    0.155639    6.213201 ^ clkbuf_0_clk/X (sky130_fd_sc_hd__clkbuf_16)
                                                         clknet_0_clk (net)
                      0.090050    0.008380    6.221581 ^ clkbuf_2_0__f_clk/A (sky130_fd_sc_hd__clkbuf_16)
    17    0.096864    0.087461    0.144135    6.365716 ^ clkbuf_2_0__f_clk/X (sky130_fd_sc_hd__clkbuf_16)
                                                         clknet_2_0__leaf_clk (net)
                      0.089059    0.009579    6.375296 ^ _135_/CLK (sky130_fd_sc_hd__dfrtp_4)
     3    0.089459    0.197431    0.385155    6.760451 ^ _135_/Q (sky130_fd_sc_hd__dfrtp_4)
                                                         net256 (net)
                      0.205206    0.031454    6.791904 ^ output256/A (sky130_fd_sc_hd__buf_12)
     1    0.190981    0.167069    0.187280    6.979185 ^ output256/X (sky130_fd_sc_hd__buf_12)
                                                         wbs_dat_o[6] (net)
                      0.167228    0.004353    6.983538 ^ wbs_dat_o[6] (out)
                                              6.983538   data arrival time

                                 25.000000   25.000000   clock clk (rise edge)
                                  4.650000   29.650000   clock network delay (propagated)
                                 -0.087500   29.562500   clock uncertainty
                                  0.000000   29.562500   clock reconvergence pessimism
                                 -3.620000   25.942499   output external delay
                                             25.942499   data required time
---------------------------------------------------------------------------------------------
                                             25.942499   data required time
                                             -6.983538   data arrival time
---------------------------------------------------------------------------------------------
                                             18.958961   slack (MET)


Startpoint: _155_ (rising edge-triggered flip-flop clocked by clk)
Endpoint: wbs_dat_o[26] (output port clocked by clk)
Path Group: clk
Path Type: max

Fanout         Cap        Slew       Delay        Time   Description
---------------------------------------------------------------------------------------------
                                  0.000000    0.000000   clock clk (rise edge)
                                  5.570000    5.570000   clock source latency
     2    0.031002    0.610000    0.000000    5.570000 ^ clk (in)
                                                         clk (net)
                      0.616595    0.003380    5.573380 ^ wire3/A (sky130_fd_sc_hd__buf_4)
     3    0.045136    0.104020    0.157396    5.730776 ^ wire3/X (sky130_fd_sc_hd__buf_4)
                                                         net274 (net)
                      0.104711    0.006883    5.737659 ^ wire2/A (sky130_fd_sc_hd__buf_6)
     3    0.077490    0.119211    0.139108    5.876767 ^ wire2/X (sky130_fd_sc_hd__buf_6)
                                                         net273 (net)
                      0.123514    0.018058    5.894825 ^ wire1/A (sky130_fd_sc_hd__buf_6)
     3    0.079823    0.122571    0.143757    6.038581 ^ wire1/X (sky130_fd_sc_hd__buf_6)
                                                         net272 (net)
                      0.127195    0.018980    6.057562 ^ clkbuf_0_clk/A (sky130_fd_sc_hd__clkbuf_16)
     9    0.099027    0.088852    0.155639    6.213201 ^ clkbuf_0_clk/X (sky130_fd_sc_hd__clkbuf_16)
                                                         clknet_0_clk (net)
                      0.089797    0.007454    6.220655 ^ clkbuf_2_3__f_clk/A (sky130_fd_sc_hd__clkbuf_16)
    21    0.071648    0.068794    0.128408    6.349064 ^ clkbuf_2_3__f_clk/X (sky130_fd_sc_hd__clkbuf_16)
                                                         clknet_2_3__leaf_clk (net)
                      0.072173    0.012083    6.361146 ^ _155_/CLK (sky130_fd_sc_hd__dfrtp_4)
     3    0.096971    0.211907    0.390982    6.752129 ^ _155_/Q (sky130_fd_sc_hd__dfrtp_4)
                                                         net246 (net)
                      0.222200    0.037235    6.789364 ^ output246/A (sky130_fd_sc_hd__buf_12)
     1    0.191342    0.167407    0.188432    6.977796 ^ output246/X (sky130_fd_sc_hd__buf_12)
                                                         wbs_dat_o[26] (net)
                      0.167593    0.004718    6.982514 ^ wbs_dat_o[26] (out)
                                              6.982514   data arrival time

                                 25.000000   25.000000   clock clk (rise edge)
                                  4.650000   29.650000   clock network delay (propagated)
                                 -0.087500   29.562500   clock uncertainty
                                  0.000000   29.562500   clock reconvergence pessimism
                                 -3.620000   25.942499   output external delay
                                             25.942499   data required time
---------------------------------------------------------------------------------------------
                                             25.942499   data required time
                                             -6.982514   data arrival time
---------------------------------------------------------------------------------------------
                                             18.959984   slack (MET)


Startpoint: _133_ (rising edge-triggered flip-flop clocked by clk)
Endpoint: wbs_dat_o[4] (output port clocked by clk)
Path Group: clk
Path Type: max

Fanout         Cap        Slew       Delay        Time   Description
---------------------------------------------------------------------------------------------
                                  0.000000    0.000000   clock clk (rise edge)
                                  5.570000    5.570000   clock source latency
     2    0.031002    0.610000    0.000000    5.570000 ^ clk (in)
                                                         clk (net)
                      0.616595    0.003380    5.573380 ^ wire3/A (sky130_fd_sc_hd__buf_4)
     3    0.045136    0.104020    0.157396    5.730776 ^ wire3/X (sky130_fd_sc_hd__buf_4)
                                                         net274 (net)
                      0.104711    0.006883    5.737659 ^ wire2/A (sky130_fd_sc_hd__buf_6)
     3    0.077490    0.119211    0.139108    5.876767 ^ wire2/X (sky130_fd_sc_hd__buf_6)
                                                         net273 (net)
                      0.123514    0.018058    5.894825 ^ wire1/A (sky130_fd_sc_hd__buf_6)
     3    0.079823    0.122571    0.143757    6.038581 ^ wire1/X (sky130_fd_sc_hd__buf_6)
                                                         net272 (net)
                      0.127195    0.018980    6.057562 ^ clkbuf_0_clk/A (sky130_fd_sc_hd__clkbuf_16)
     9    0.099027    0.088852    0.155639    6.213201 ^ clkbuf_0_clk/X (sky130_fd_sc_hd__clkbuf_16)
                                                         clknet_0_clk (net)
                      0.090013    0.008250    6.221451 ^ clkbuf_2_1__f_clk/A (sky130_fd_sc_hd__clkbuf_16)
    21    0.084406    0.078353    0.135479    6.356930 ^ clkbuf_2_1__f_clk/X (sky130_fd_sc_hd__clkbuf_16)
                                                         clknet_2_1__leaf_clk (net)
                      0.081904    0.013340    6.370270 ^ _133_/CLK (sky130_fd_sc_hd__dfrtp_4)
     3    0.075997    0.106296    0.387843    6.758113 v _133_/Q (sky130_fd_sc_hd__dfrtp_4)
                                                         net254 (net)
                      0.114452    0.023115    6.781228 v output254/A (sky130_fd_sc_hd__buf_12)
     1    0.190963    0.077349    0.170667    6.951895 v output254/X (sky130_fd_sc_hd__buf_12)
                                                         wbs_dat_o[4] (net)
                      0.077662    0.004331    6.956226 v wbs_dat_o[4] (out)
                                              6.956226   data arrival time

                                 25.000000   25.000000   clock clk (rise edge)
                                  4.650000   29.650000   clock network delay (propagated)
                                 -0.087500   29.562500   clock uncertainty
                                  0.000000   29.562500   clock reconvergence pessimism
                                 -3.620000   25.942499   output external delay
                                             25.942499   data required time
---------------------------------------------------------------------------------------------
                                             25.942499   data required time
                                             -6.956226   data arrival time
---------------------------------------------------------------------------------------------
                                             18.986273   slack (MET)


Startpoint: _154_ (rising edge-triggered flip-flop clocked by clk)
Endpoint: wbs_dat_o[25] (output port clocked by clk)
Path Group: clk
Path Type: max

Fanout         Cap        Slew       Delay        Time   Description
---------------------------------------------------------------------------------------------
                                  0.000000    0.000000   clock clk (rise edge)
                                  5.570000    5.570000   clock source latency
     2    0.031002    0.610000    0.000000    5.570000 ^ clk (in)
                                                         clk (net)
                      0.616595    0.003380    5.573380 ^ wire3/A (sky130_fd_sc_hd__buf_4)
     3    0.045136    0.104020    0.157396    5.730776 ^ wire3/X (sky130_fd_sc_hd__buf_4)
                                                         net274 (net)
                      0.104711    0.006883    5.737659 ^ wire2/A (sky130_fd_sc_hd__buf_6)
     3    0.077490    0.119211    0.139108    5.876767 ^ wire2/X (sky130_fd_sc_hd__buf_6)
                                                         net273 (net)
                      0.123514    0.018058    5.894825 ^ wire1/A (sky130_fd_sc_hd__buf_6)
     3    0.079823    0.122571    0.143757    6.038581 ^ wire1/X (sky130_fd_sc_hd__buf_6)
                                                         net272 (net)
                      0.127195    0.018980    6.057562 ^ clkbuf_0_clk/A (sky130_fd_sc_hd__clkbuf_16)
     9    0.099027    0.088852    0.155639    6.213201 ^ clkbuf_0_clk/X (sky130_fd_sc_hd__clkbuf_16)
                                                         clknet_0_clk (net)
                      0.089797    0.007454    6.220655 ^ clkbuf_2_3__f_clk/A (sky130_fd_sc_hd__clkbuf_16)
    21    0.071648    0.068794    0.128408    6.349064 ^ clkbuf_2_3__f_clk/X (sky130_fd_sc_hd__clkbuf_16)
                                                         clknet_2_3__leaf_clk (net)
                      0.072150    0.012038    6.361102 ^ _154_/CLK (sky130_fd_sc_hd__dfrtp_4)
     3    0.078305    0.174142    0.370928    6.732030 ^ _154_/Q (sky130_fd_sc_hd__dfrtp_4)
                                                         net245 (net)
                      0.180232    0.026126    6.758155 ^ output245/A (sky130_fd_sc_hd__buf_12)
     1    0.191342    0.167351    0.185474    6.943629 ^ output245/X (sky130_fd_sc_hd__buf_12)
                                                         wbs_dat_o[25] (net)
                      0.167537    0.004718    6.948348 ^ wbs_dat_o[25] (out)
                                              6.948348   data arrival time

                                 25.000000   25.000000   clock clk (rise edge)
                                  4.650000   29.650000   clock network delay (propagated)
                                 -0.087500   29.562500   clock uncertainty
                                  0.000000   29.562500   clock reconvergence pessimism
                                 -3.620000   25.942499   output external delay
                                             25.942499   data required time
---------------------------------------------------------------------------------------------
                                             25.942499   data required time
                                             -6.948348   data arrival time
---------------------------------------------------------------------------------------------
                                             18.994150   slack (MET)


Startpoint: _134_ (rising edge-triggered flip-flop clocked by clk)
Endpoint: wbs_dat_o[5] (output port clocked by clk)
Path Group: clk
Path Type: max

Fanout         Cap        Slew       Delay        Time   Description
---------------------------------------------------------------------------------------------
                                  0.000000    0.000000   clock clk (rise edge)
                                  5.570000    5.570000   clock source latency
     2    0.031002    0.610000    0.000000    5.570000 ^ clk (in)
                                                         clk (net)
                      0.616595    0.003380    5.573380 ^ wire3/A (sky130_fd_sc_hd__buf_4)
     3    0.045136    0.104020    0.157396    5.730776 ^ wire3/X (sky130_fd_sc_hd__buf_4)
                                                         net274 (net)
                      0.104711    0.006883    5.737659 ^ wire2/A (sky130_fd_sc_hd__buf_6)
     3    0.077490    0.119211    0.139108    5.876767 ^ wire2/X (sky130_fd_sc_hd__buf_6)
                                                         net273 (net)
                      0.123514    0.018058    5.894825 ^ wire1/A (sky130_fd_sc_hd__buf_6)
     3    0.079823    0.122571    0.143757    6.038581 ^ wire1/X (sky130_fd_sc_hd__buf_6)
                                                         net272 (net)
                      0.127195    0.018980    6.057562 ^ clkbuf_0_clk/A (sky130_fd_sc_hd__clkbuf_16)
     9    0.099027    0.088852    0.155639    6.213201 ^ clkbuf_0_clk/X (sky130_fd_sc_hd__clkbuf_16)
                                                         clknet_0_clk (net)
                      0.090050    0.008380    6.221581 ^ clkbuf_2_0__f_clk/A (sky130_fd_sc_hd__clkbuf_16)
    17    0.096864    0.087461    0.144135    6.365716 ^ clkbuf_2_0__f_clk/X (sky130_fd_sc_hd__clkbuf_16)
                                                         clknet_2_0__leaf_clk (net)
                      0.089338    0.010384    6.376100 ^ _134_/CLK (sky130_fd_sc_hd__dfrtp_4)
     3    0.061880    0.103158    0.378087    6.754188 v _134_/Q (sky130_fd_sc_hd__dfrtp_4)
                                                         net255 (net)
                      0.106888    0.015776    6.769963 v output255/A (sky130_fd_sc_hd__buf_12)
     1    0.190981    0.077247    0.167468    6.937432 v output255/X (sky130_fd_sc_hd__buf_12)
                                                         wbs_dat_o[5] (net)
                      0.077560    0.004332    6.941763 v wbs_dat_o[5] (out)
                                              6.941763   data arrival time

                                 25.000000   25.000000   clock clk (rise edge)
                                  4.650000   29.650000   clock network delay (propagated)
                                 -0.087500   29.562500   clock uncertainty
                                  0.000000   29.562500   clock reconvergence pessimism
                                 -3.620000   25.942499   output external delay
                                             25.942499   data required time
---------------------------------------------------------------------------------------------
                                             25.942499   data required time
                                             -6.941763   data arrival time
---------------------------------------------------------------------------------------------
                                             19.000736   slack (MET)


Startpoint: _152_ (rising edge-triggered flip-flop clocked by clk)
Endpoint: wbs_dat_o[23] (output port clocked by clk)
Path Group: clk
Path Type: max

Fanout         Cap        Slew       Delay        Time   Description
---------------------------------------------------------------------------------------------
                                  0.000000    0.000000   clock clk (rise edge)
                                  5.570000    5.570000   clock source latency
     2    0.031002    0.610000    0.000000    5.570000 ^ clk (in)
                                                         clk (net)
                      0.616595    0.003380    5.573380 ^ wire3/A (sky130_fd_sc_hd__buf_4)
     3    0.045136    0.104020    0.157396    5.730776 ^ wire3/X (sky130_fd_sc_hd__buf_4)
                                                         net274 (net)
                      0.104711    0.006883    5.737659 ^ wire2/A (sky130_fd_sc_hd__buf_6)
     3    0.077490    0.119211    0.139108    5.876767 ^ wire2/X (sky130_fd_sc_hd__buf_6)
                                                         net273 (net)
                      0.123514    0.018058    5.894825 ^ wire1/A (sky130_fd_sc_hd__buf_6)
     3    0.079823    0.122571    0.143757    6.038581 ^ wire1/X (sky130_fd_sc_hd__buf_6)
                                                         net272 (net)
                      0.127195    0.018980    6.057562 ^ clkbuf_0_clk/A (sky130_fd_sc_hd__clkbuf_16)
     9    0.099027    0.088852    0.155639    6.213201 ^ clkbuf_0_clk/X (sky130_fd_sc_hd__clkbuf_16)
                                                         clknet_0_clk (net)
                      0.089797    0.007454    6.220655 ^ clkbuf_2_3__f_clk/A (sky130_fd_sc_hd__clkbuf_16)
    21    0.071648    0.068794    0.128408    6.349064 ^ clkbuf_2_3__f_clk/X (sky130_fd_sc_hd__clkbuf_16)
                                                         clknet_2_3__leaf_clk (net)
                      0.072181    0.012098    6.361162 ^ _152_/CLK (sky130_fd_sc_hd__dfrtp_4)
     3    0.076475    0.170396    0.371908    6.733069 ^ _152_/Q (sky130_fd_sc_hd__dfrtp_4)
                                                         net243 (net)
                      0.173500    0.018669    6.751739 ^ output243/A (sky130_fd_sc_hd__buf_12)
     1    0.191342    0.167333    0.185000    6.936738 ^ output243/X (sky130_fd_sc_hd__buf_12)
                                                         wbs_dat_o[23] (net)
                      0.167519    0.004718    6.941456 ^ wbs_dat_o[23] (out)
                                              6.941456   data arrival time

                                 25.000000   25.000000   clock clk (rise edge)
                                  4.650000   29.650000   clock network delay (propagated)
                                 -0.087500   29.562500   clock uncertainty
                                  0.000000   29.562500   clock reconvergence pessimism
                                 -3.620000   25.942499   output external delay
                                             25.942499   data required time
---------------------------------------------------------------------------------------------
                                             25.942499   data required time
                                             -6.941456   data arrival time
---------------------------------------------------------------------------------------------
                                             19.001043   slack (MET)


Startpoint: _153_ (rising edge-triggered flip-flop clocked by clk)
Endpoint: wbs_dat_o[24] (output port clocked by clk)
Path Group: clk
Path Type: max

Fanout         Cap        Slew       Delay        Time   Description
---------------------------------------------------------------------------------------------
                                  0.000000    0.000000   clock clk (rise edge)
                                  5.570000    5.570000   clock source latency
     2    0.031002    0.610000    0.000000    5.570000 ^ clk (in)
                                                         clk (net)
                      0.616595    0.003380    5.573380 ^ wire3/A (sky130_fd_sc_hd__buf_4)
     3    0.045136    0.104020    0.157396    5.730776 ^ wire3/X (sky130_fd_sc_hd__buf_4)
                                                         net274 (net)
                      0.104711    0.006883    5.737659 ^ wire2/A (sky130_fd_sc_hd__buf_6)
     3    0.077490    0.119211    0.139108    5.876767 ^ wire2/X (sky130_fd_sc_hd__buf_6)
                                                         net273 (net)
                      0.123514    0.018058    5.894825 ^ wire1/A (sky130_fd_sc_hd__buf_6)
     3    0.079823    0.122571    0.143757    6.038581 ^ wire1/X (sky130_fd_sc_hd__buf_6)
                                                         net272 (net)
                      0.127195    0.018980    6.057562 ^ clkbuf_0_clk/A (sky130_fd_sc_hd__clkbuf_16)
     9    0.099027    0.088852    0.155639    6.213201 ^ clkbuf_0_clk/X (sky130_fd_sc_hd__clkbuf_16)
                                                         clknet_0_clk (net)
                      0.089797    0.007454    6.220655 ^ clkbuf_2_3__f_clk/A (sky130_fd_sc_hd__clkbuf_16)
    21    0.071648    0.068794    0.128408    6.349064 ^ clkbuf_2_3__f_clk/X (sky130_fd_sc_hd__clkbuf_16)
                                                         clknet_2_3__leaf_clk (net)
                      0.072090    0.011925    6.360989 ^ _153_/CLK (sky130_fd_sc_hd__dfrtp_4)
     3    0.067547    0.098168    0.378432    6.739421 v _153_/Q (sky130_fd_sc_hd__dfrtp_4)
                                                         net244 (net)
                      0.104753    0.019912    6.759333 v output244/A (sky130_fd_sc_hd__buf_12)
     1    0.191342    0.077458    0.166385    6.925718 v output244/X (sky130_fd_sc_hd__buf_12)
                                                         wbs_dat_o[24] (net)
                      0.077885    0.004692    6.930410 v wbs_dat_o[24] (out)
                                              6.930410   data arrival time

                                 25.000000   25.000000   clock clk (rise edge)
                                  4.650000   29.650000   clock network delay (propagated)
                                 -0.087500   29.562500   clock uncertainty
                                  0.000000   29.562500   clock reconvergence pessimism
                                 -3.620000   25.942499   output external delay
                                             25.942499   data required time
---------------------------------------------------------------------------------------------
                                             25.942499   data required time
                                             -6.930410   data arrival time
---------------------------------------------------------------------------------------------
                                             19.012089   slack (MET)


Startpoint: _151_ (rising edge-triggered flip-flop clocked by clk)
Endpoint: wbs_dat_o[22] (output port clocked by clk)
Path Group: clk
Path Type: max

Fanout         Cap        Slew       Delay        Time   Description
---------------------------------------------------------------------------------------------
                                  0.000000    0.000000   clock clk (rise edge)
                                  5.570000    5.570000   clock source latency
     2    0.031002    0.610000    0.000000    5.570000 ^ clk (in)
                                                         clk (net)
                      0.616595    0.003380    5.573380 ^ wire3/A (sky130_fd_sc_hd__buf_4)
     3    0.045136    0.104020    0.157396    5.730776 ^ wire3/X (sky130_fd_sc_hd__buf_4)
                                                         net274 (net)
                      0.104711    0.006883    5.737659 ^ wire2/A (sky130_fd_sc_hd__buf_6)
     3    0.077490    0.119211    0.139108    5.876767 ^ wire2/X (sky130_fd_sc_hd__buf_6)
                                                         net273 (net)
                      0.123514    0.018058    5.894825 ^ wire1/A (sky130_fd_sc_hd__buf_6)
     3    0.079823    0.122571    0.143757    6.038581 ^ wire1/X (sky130_fd_sc_hd__buf_6)
                                                         net272 (net)
                      0.127195    0.018980    6.057562 ^ clkbuf_0_clk/A (sky130_fd_sc_hd__clkbuf_16)
     9    0.099027    0.088852    0.155639    6.213201 ^ clkbuf_0_clk/X (sky130_fd_sc_hd__clkbuf_16)
                                                         clknet_0_clk (net)
                      0.089797    0.007454    6.220655 ^ clkbuf_2_3__f_clk/A (sky130_fd_sc_hd__clkbuf_16)
    21    0.071648    0.068794    0.128408    6.349064 ^ clkbuf_2_3__f_clk/X (sky130_fd_sc_hd__clkbuf_16)
                                                         clknet_2_3__leaf_clk (net)
                      0.072206    0.012144    6.361207 ^ _151_/CLK (sky130_fd_sc_hd__dfrtp_4)
     3    0.068183    0.099231    0.380083    6.741291 v _151_/Q (sky130_fd_sc_hd__dfrtp_4)
                                                         net242 (net)
                      0.103911    0.016755    6.758045 v output242/A (sky130_fd_sc_hd__buf_12)
     1    0.191483    0.077585    0.165854    6.923900 v output242/X (sky130_fd_sc_hd__buf_12)
                                                         wbs_dat_o[22] (net)
                      0.078062    0.004971    6.928870 v wbs_dat_o[22] (out)
                                              6.928870   data arrival time

                                 25.000000   25.000000   clock clk (rise edge)
                                  4.650000   29.650000   clock network delay (propagated)
                                 -0.087500   29.562500   clock uncertainty
                                  0.000000   29.562500   clock reconvergence pessimism
                                 -3.620000   25.942499   output external delay
                                             25.942499   data required time
---------------------------------------------------------------------------------------------
                                             25.942499   data required time
                                             -6.928870   data arrival time
---------------------------------------------------------------------------------------------
                                             19.013628   slack (MET)


Startpoint: _136_ (rising edge-triggered flip-flop clocked by clk)
Endpoint: wbs_dat_o[7] (output port clocked by clk)
Path Group: clk
Path Type: max

Fanout         Cap        Slew       Delay        Time   Description
---------------------------------------------------------------------------------------------
                                  0.000000    0.000000   clock clk (rise edge)
                                  5.570000    5.570000   clock source latency
     2    0.031002    0.610000    0.000000    5.570000 ^ clk (in)
                                                         clk (net)
                      0.616595    0.003380    5.573380 ^ wire3/A (sky130_fd_sc_hd__buf_4)
     3    0.045136    0.104020    0.157396    5.730776 ^ wire3/X (sky130_fd_sc_hd__buf_4)
                                                         net274 (net)
                      0.104711    0.006883    5.737659 ^ wire2/A (sky130_fd_sc_hd__buf_6)
     3    0.077490    0.119211    0.139108    5.876767 ^ wire2/X (sky130_fd_sc_hd__buf_6)
                                                         net273 (net)
                      0.123514    0.018058    5.894825 ^ wire1/A (sky130_fd_sc_hd__buf_6)
     3    0.079823    0.122571    0.143757    6.038581 ^ wire1/X (sky130_fd_sc_hd__buf_6)
                                                         net272 (net)
                      0.127195    0.018980    6.057562 ^ clkbuf_0_clk/A (sky130_fd_sc_hd__clkbuf_16)
     9    0.099027    0.088852    0.155639    6.213201 ^ clkbuf_0_clk/X (sky130_fd_sc_hd__clkbuf_16)
                                                         clknet_0_clk (net)
                      0.090050    0.008380    6.221581 ^ clkbuf_2_0__f_clk/A (sky130_fd_sc_hd__clkbuf_16)
    17    0.096864    0.087461    0.144135    6.365716 ^ clkbuf_2_0__f_clk/X (sky130_fd_sc_hd__clkbuf_16)
                                                         clknet_2_0__leaf_clk (net)
                      0.089319    0.010330    6.376047 ^ _136_/CLK (sky130_fd_sc_hd__dfrtp_4)
     3    0.046039    0.083975    0.363430    6.739476 v _136_/Q (sky130_fd_sc_hd__dfrtp_4)
                                                         net257 (net)
                      0.085742    0.009362    6.748838 v output257/A (sky130_fd_sc_hd__buf_12)
     1    0.190994    0.076948    0.158518    6.907356 v output257/X (sky130_fd_sc_hd__buf_12)
                                                         wbs_dat_o[7] (net)
                      0.077315    0.004332    6.911688 v wbs_dat_o[7] (out)
                                              6.911688   data arrival time

                                 25.000000   25.000000   clock clk (rise edge)
                                  4.650000   29.650000   clock network delay (propagated)
                                 -0.087500   29.562500   clock uncertainty
                                  0.000000   29.562500   clock reconvergence pessimism
                                 -3.620000   25.942499   output external delay
                                             25.942499   data required time
---------------------------------------------------------------------------------------------
                                             25.942499   data required time
                                             -6.911688   data arrival time
---------------------------------------------------------------------------------------------
                                             19.030811   slack (MET)


Startpoint: _150_ (rising edge-triggered flip-flop clocked by clk)
Endpoint: wbs_dat_o[21] (output port clocked by clk)
Path Group: clk
Path Type: max

Fanout         Cap        Slew       Delay        Time   Description
---------------------------------------------------------------------------------------------
                                  0.000000    0.000000   clock clk (rise edge)
                                  5.570000    5.570000   clock source latency
     2    0.031002    0.610000    0.000000    5.570000 ^ clk (in)
                                                         clk (net)
                      0.616595    0.003380    5.573380 ^ wire3/A (sky130_fd_sc_hd__buf_4)
     3    0.045136    0.104020    0.157396    5.730776 ^ wire3/X (sky130_fd_sc_hd__buf_4)
                                                         net274 (net)
                      0.104711    0.006883    5.737659 ^ wire2/A (sky130_fd_sc_hd__buf_6)
     3    0.077490    0.119211    0.139108    5.876767 ^ wire2/X (sky130_fd_sc_hd__buf_6)
                                                         net273 (net)
                      0.123514    0.018058    5.894825 ^ wire1/A (sky130_fd_sc_hd__buf_6)
     3    0.079823    0.122571    0.143757    6.038581 ^ wire1/X (sky130_fd_sc_hd__buf_6)
                                                         net272 (net)
                      0.127195    0.018980    6.057562 ^ clkbuf_0_clk/A (sky130_fd_sc_hd__clkbuf_16)
     9    0.099027    0.088852    0.155639    6.213201 ^ clkbuf_0_clk/X (sky130_fd_sc_hd__clkbuf_16)
                                                         clknet_0_clk (net)
                      0.089796    0.007451    6.220652 ^ clkbuf_2_2__f_clk/A (sky130_fd_sc_hd__clkbuf_16)
    17    0.094715    0.085805    0.143094    6.363745 ^ clkbuf_2_2__f_clk/X (sky130_fd_sc_hd__clkbuf_16)
                                                         clknet_2_2__leaf_clk (net)
                      0.087540    0.009885    6.373631 ^ _150_/CLK (sky130_fd_sc_hd__dfrtp_4)
     3    0.047235    0.085450    0.364053    6.737684 v _150_/Q (sky130_fd_sc_hd__dfrtp_4)
                                                         net241 (net)
                      0.087176    0.009437    6.747121 v output241/A (sky130_fd_sc_hd__buf_12)
     1    0.191491    0.077345    0.158768    6.905889 v output241/X (sky130_fd_sc_hd__buf_12)
                                                         wbs_dat_o[21] (net)
                      0.077823    0.004971    6.910860 v wbs_dat_o[21] (out)
                                              6.910860   data arrival time

                                 25.000000   25.000000   clock clk (rise edge)
                                  4.650000   29.650000   clock network delay (propagated)
                                 -0.087500   29.562500   clock uncertainty
                                  0.000000   29.562500   clock reconvergence pessimism
                                 -3.620000   25.942499   output external delay
                                             25.942499   data required time
---------------------------------------------------------------------------------------------
                                             25.942499   data required time
                                             -6.910860   data arrival time
---------------------------------------------------------------------------------------------
                                             19.031639   slack (MET)


Startpoint: _137_ (rising edge-triggered flip-flop clocked by clk)
Endpoint: wbs_dat_o[8] (output port clocked by clk)
Path Group: clk
Path Type: max

Fanout         Cap        Slew       Delay        Time   Description
---------------------------------------------------------------------------------------------
                                  0.000000    0.000000   clock clk (rise edge)
                                  5.570000    5.570000   clock source latency
     2    0.031002    0.610000    0.000000    5.570000 ^ clk (in)
                                                         clk (net)
                      0.616595    0.003380    5.573380 ^ wire3/A (sky130_fd_sc_hd__buf_4)
     3    0.045136    0.104020    0.157396    5.730776 ^ wire3/X (sky130_fd_sc_hd__buf_4)
                                                         net274 (net)
                      0.104711    0.006883    5.737659 ^ wire2/A (sky130_fd_sc_hd__buf_6)
     3    0.077490    0.119211    0.139108    5.876767 ^ wire2/X (sky130_fd_sc_hd__buf_6)
                                                         net273 (net)
                      0.123514    0.018058    5.894825 ^ wire1/A (sky130_fd_sc_hd__buf_6)
     3    0.079823    0.122571    0.143757    6.038581 ^ wire1/X (sky130_fd_sc_hd__buf_6)
                                                         net272 (net)
                      0.127195    0.018980    6.057562 ^ clkbuf_0_clk/A (sky130_fd_sc_hd__clkbuf_16)
     9    0.099027    0.088852    0.155639    6.213201 ^ clkbuf_0_clk/X (sky130_fd_sc_hd__clkbuf_16)
                                                         clknet_0_clk (net)
                      0.090050    0.008380    6.221581 ^ clkbuf_2_0__f_clk/A (sky130_fd_sc_hd__clkbuf_16)
    17    0.096864    0.087461    0.144135    6.365716 ^ clkbuf_2_0__f_clk/X (sky130_fd_sc_hd__clkbuf_16)
                                                         clknet_2_0__leaf_clk (net)
                      0.089238    0.010101    6.375817 ^ _137_/CLK (sky130_fd_sc_hd__dfrtp_4)
     3    0.046024    0.083766    0.363792    6.739609 v _137_/Q (sky130_fd_sc_hd__dfrtp_4)
                                                         net258 (net)
                      0.085109    0.008054    6.747663 v output258/A (sky130_fd_sc_hd__buf_12)
     1    0.190994    0.076940    0.158249    6.905912 v output258/X (sky130_fd_sc_hd__buf_12)
                                                         wbs_dat_o[8] (net)
                      0.077307    0.004332    6.910244 v wbs_dat_o[8] (out)
                                              6.910244   data arrival time

                                 25.000000   25.000000   clock clk (rise edge)
                                  4.650000   29.650000   clock network delay (propagated)
                                 -0.087500   29.562500   clock uncertainty
                                  0.000000   29.562500   clock reconvergence pessimism
                                 -3.620000   25.942499   output external delay
                                             25.942499   data required time
---------------------------------------------------------------------------------------------
                                             25.942499   data required time
                                             -6.910244   data arrival time
---------------------------------------------------------------------------------------------
                                             19.032255   slack (MET)


Startpoint: _149_ (rising edge-triggered flip-flop clocked by clk)
Endpoint: wbs_dat_o[20] (output port clocked by clk)
Path Group: clk
Path Type: max

Fanout         Cap        Slew       Delay        Time   Description
---------------------------------------------------------------------------------------------
                                  0.000000    0.000000   clock clk (rise edge)
                                  5.570000    5.570000   clock source latency
     2    0.031002    0.610000    0.000000    5.570000 ^ clk (in)
                                                         clk (net)
                      0.616595    0.003380    5.573380 ^ wire3/A (sky130_fd_sc_hd__buf_4)
     3    0.045136    0.104020    0.157396    5.730776 ^ wire3/X (sky130_fd_sc_hd__buf_4)
                                                         net274 (net)
                      0.104711    0.006883    5.737659 ^ wire2/A (sky130_fd_sc_hd__buf_6)
     3    0.077490    0.119211    0.139108    5.876767 ^ wire2/X (sky130_fd_sc_hd__buf_6)
                                                         net273 (net)
                      0.123514    0.018058    5.894825 ^ wire1/A (sky130_fd_sc_hd__buf_6)
     3    0.079823    0.122571    0.143757    6.038581 ^ wire1/X (sky130_fd_sc_hd__buf_6)
                                                         net272 (net)
                      0.127195    0.018980    6.057562 ^ clkbuf_0_clk/A (sky130_fd_sc_hd__clkbuf_16)
     9    0.099027    0.088852    0.155639    6.213201 ^ clkbuf_0_clk/X (sky130_fd_sc_hd__clkbuf_16)
                                                         clknet_0_clk (net)
                      0.089796    0.007451    6.220652 ^ clkbuf_2_2__f_clk/A (sky130_fd_sc_hd__clkbuf_16)
    17    0.094715    0.085805    0.143094    6.363745 ^ clkbuf_2_2__f_clk/X (sky130_fd_sc_hd__clkbuf_16)
                                                         clknet_2_2__leaf_clk (net)
                      0.087440    0.009597    6.373343 ^ _149_/CLK (sky130_fd_sc_hd__dfrtp_4)
     3    0.041335    0.078628    0.358662    6.732005 v _149_/Q (sky130_fd_sc_hd__dfrtp_4)
                                                         net240 (net)
                      0.079420    0.006664    6.738669 v output240/A (sky130_fd_sc_hd__buf_12)
     1    0.191479    0.077230    0.155480    6.894148 v output240/X (sky130_fd_sc_hd__buf_12)
                                                         wbs_dat_o[20] (net)
                      0.077708    0.004970    6.899119 v wbs_dat_o[20] (out)
                                              6.899119   data arrival time

                                 25.000000   25.000000   clock clk (rise edge)
                                  4.650000   29.650000   clock network delay (propagated)
                                 -0.087500   29.562500   clock uncertainty
                                  0.000000   29.562500   clock reconvergence pessimism
                                 -3.620000   25.942499   output external delay
                                             25.942499   data required time
---------------------------------------------------------------------------------------------
                                             25.942499   data required time
                                             -6.899119   data arrival time
---------------------------------------------------------------------------------------------
                                             19.043381   slack (MET)


Startpoint: _148_ (rising edge-triggered flip-flop clocked by clk)
Endpoint: wbs_dat_o[19] (output port clocked by clk)
Path Group: clk
Path Type: max

Fanout         Cap        Slew       Delay        Time   Description
---------------------------------------------------------------------------------------------
                                  0.000000    0.000000   clock clk (rise edge)
                                  5.570000    5.570000   clock source latency
     2    0.031002    0.610000    0.000000    5.570000 ^ clk (in)
                                                         clk (net)
                      0.616595    0.003380    5.573380 ^ wire3/A (sky130_fd_sc_hd__buf_4)
     3    0.045136    0.104020    0.157396    5.730776 ^ wire3/X (sky130_fd_sc_hd__buf_4)
                                                         net274 (net)
                      0.104711    0.006883    5.737659 ^ wire2/A (sky130_fd_sc_hd__buf_6)
     3    0.077490    0.119211    0.139108    5.876767 ^ wire2/X (sky130_fd_sc_hd__buf_6)
                                                         net273 (net)
                      0.123514    0.018058    5.894825 ^ wire1/A (sky130_fd_sc_hd__buf_6)
     3    0.079823    0.122571    0.143757    6.038581 ^ wire1/X (sky130_fd_sc_hd__buf_6)
                                                         net272 (net)
                      0.127195    0.018980    6.057562 ^ clkbuf_0_clk/A (sky130_fd_sc_hd__clkbuf_16)
     9    0.099027    0.088852    0.155639    6.213201 ^ clkbuf_0_clk/X (sky130_fd_sc_hd__clkbuf_16)
                                                         clknet_0_clk (net)
                      0.089796    0.007451    6.220652 ^ clkbuf_2_2__f_clk/A (sky130_fd_sc_hd__clkbuf_16)
    17    0.094715    0.085805    0.143094    6.363745 ^ clkbuf_2_2__f_clk/X (sky130_fd_sc_hd__clkbuf_16)
                                                         clknet_2_2__leaf_clk (net)
                      0.087296    0.009163    6.372908 ^ _148_/CLK (sky130_fd_sc_hd__dfrtp_4)
     3    0.030974    0.067984    0.347793    6.720702 v _148_/Q (sky130_fd_sc_hd__dfrtp_4)
                                                         net238 (net)
                      0.068354    0.004195    6.724896 v output238/A (sky130_fd_sc_hd__buf_12)
     1    0.191479    0.077205    0.150578    6.875474 v output238/X (sky130_fd_sc_hd__buf_12)
                                                         wbs_dat_o[19] (net)
                      0.077684    0.004970    6.880445 v wbs_dat_o[19] (out)
                                              6.880445   data arrival time

                                 25.000000   25.000000   clock clk (rise edge)
                                  4.650000   29.650000   clock network delay (propagated)
                                 -0.087500   29.562500   clock uncertainty
                                  0.000000   29.562500   clock reconvergence pessimism
                                 -3.620000   25.942499   output external delay
                                             25.942499   data required time
---------------------------------------------------------------------------------------------
                                             25.942499   data required time
                                             -6.880445   data arrival time
---------------------------------------------------------------------------------------------
                                             19.062054   slack (MET)


Startpoint: _138_ (rising edge-triggered flip-flop clocked by clk)
Endpoint: wbs_dat_o[9] (output port clocked by clk)
Path Group: clk
Path Type: max

Fanout         Cap        Slew       Delay        Time   Description
---------------------------------------------------------------------------------------------
                                  0.000000    0.000000   clock clk (rise edge)
                                  5.570000    5.570000   clock source latency
     2    0.031002    0.610000    0.000000    5.570000 ^ clk (in)
                                                         clk (net)
                      0.616595    0.003380    5.573380 ^ wire3/A (sky130_fd_sc_hd__buf_4)
     3    0.045136    0.104020    0.157396    5.730776 ^ wire3/X (sky130_fd_sc_hd__buf_4)
                                                         net274 (net)
                      0.104711    0.006883    5.737659 ^ wire2/A (sky130_fd_sc_hd__buf_6)
     3    0.077490    0.119211    0.139108    5.876767 ^ wire2/X (sky130_fd_sc_hd__buf_6)
                                                         net273 (net)
                      0.123514    0.018058    5.894825 ^ wire1/A (sky130_fd_sc_hd__buf_6)
     3    0.079823    0.122571    0.143757    6.038581 ^ wire1/X (sky130_fd_sc_hd__buf_6)
                                                         net272 (net)
                      0.127195    0.018980    6.057562 ^ clkbuf_0_clk/A (sky130_fd_sc_hd__clkbuf_16)
     9    0.099027    0.088852    0.155639    6.213201 ^ clkbuf_0_clk/X (sky130_fd_sc_hd__clkbuf_16)
                                                         clknet_0_clk (net)
                      0.090013    0.008250    6.221451 ^ clkbuf_2_1__f_clk/A (sky130_fd_sc_hd__clkbuf_16)
    21    0.084406    0.078353    0.135479    6.356930 ^ clkbuf_2_1__f_clk/X (sky130_fd_sc_hd__clkbuf_16)
                                                         clknet_2_1__leaf_clk (net)
                      0.081355    0.012241    6.369171 ^ _138_/CLK (sky130_fd_sc_hd__dfrtp_4)
     3    0.034205    0.071003    0.349869    6.719040 v _138_/Q (sky130_fd_sc_hd__dfrtp_4)
                                                         net259 (net)
                      0.071404    0.004546    6.723586 v output259/A (sky130_fd_sc_hd__buf_12)
     1    0.190994    0.076841    0.152289    6.875875 v output259/X (sky130_fd_sc_hd__buf_12)
                                                         wbs_dat_o[9] (net)
                      0.077209    0.004332    6.880207 v wbs_dat_o[9] (out)
                                              6.880207   data arrival time

                                 25.000000   25.000000   clock clk (rise edge)
                                  4.650000   29.650000   clock network delay (propagated)
                                 -0.087500   29.562500   clock uncertainty
                                  0.000000   29.562500   clock reconvergence pessimism
                                 -3.620000   25.942499   output external delay
                                             25.942499   data required time
---------------------------------------------------------------------------------------------
                                             25.942499   data required time
                                             -6.880207   data arrival time
---------------------------------------------------------------------------------------------
                                             19.062292   slack (MET)


Startpoint: _139_ (rising edge-triggered flip-flop clocked by clk)
Endpoint: wbs_dat_o[10] (output port clocked by clk)
Path Group: clk
Path Type: max

Fanout         Cap        Slew       Delay        Time   Description
---------------------------------------------------------------------------------------------
                                  0.000000    0.000000   clock clk (rise edge)
                                  5.570000    5.570000   clock source latency
     2    0.031002    0.610000    0.000000    5.570000 ^ clk (in)
                                                         clk (net)
                      0.616595    0.003380    5.573380 ^ wire3/A (sky130_fd_sc_hd__buf_4)
     3    0.045136    0.104020    0.157396    5.730776 ^ wire3/X (sky130_fd_sc_hd__buf_4)
                                                         net274 (net)
                      0.104711    0.006883    5.737659 ^ wire2/A (sky130_fd_sc_hd__buf_6)
     3    0.077490    0.119211    0.139108    5.876767 ^ wire2/X (sky130_fd_sc_hd__buf_6)
                                                         net273 (net)
                      0.123514    0.018058    5.894825 ^ wire1/A (sky130_fd_sc_hd__buf_6)
     3    0.079823    0.122571    0.143757    6.038581 ^ wire1/X (sky130_fd_sc_hd__buf_6)
                                                         net272 (net)
                      0.127195    0.018980    6.057562 ^ clkbuf_0_clk/A (sky130_fd_sc_hd__clkbuf_16)
     9    0.099027    0.088852    0.155639    6.213201 ^ clkbuf_0_clk/X (sky130_fd_sc_hd__clkbuf_16)
                                                         clknet_0_clk (net)
                      0.090013    0.008250    6.221451 ^ clkbuf_2_1__f_clk/A (sky130_fd_sc_hd__clkbuf_16)
    21    0.084406    0.078353    0.135479    6.356930 ^ clkbuf_2_1__f_clk/X (sky130_fd_sc_hd__clkbuf_16)
                                                         clknet_2_1__leaf_clk (net)
                      0.080945    0.011361    6.368290 ^ _139_/CLK (sky130_fd_sc_hd__dfrtp_4)
     3    0.027318    0.064391    0.342213    6.710504 v _139_/Q (sky130_fd_sc_hd__dfrtp_4)
                                                         net229 (net)
                      0.064713    0.003225    6.713729 v output229/A (sky130_fd_sc_hd__buf_12)
     1    0.190951    0.076813    0.149314    6.863043 v output229/X (sky130_fd_sc_hd__buf_12)
                                                         wbs_dat_o[10] (net)
                      0.077181    0.004330    6.867373 v wbs_dat_o[10] (out)
                                              6.867373   data arrival time

                                 25.000000   25.000000   clock clk (rise edge)
                                  4.650000   29.650000   clock network delay (propagated)
                                 -0.087500   29.562500   clock uncertainty
                                  0.000000   29.562500   clock reconvergence pessimism
                                 -3.620000   25.942499   output external delay
                                             25.942499   data required time
---------------------------------------------------------------------------------------------
                                             25.942499   data required time
                                             -6.867373   data arrival time
---------------------------------------------------------------------------------------------
                                             19.075127   slack (MET)


Startpoint: _143_ (rising edge-triggered flip-flop clocked by clk)
Endpoint: wbs_dat_o[14] (output port clocked by clk)
Path Group: clk
Path Type: max

Fanout         Cap        Slew       Delay        Time   Description
---------------------------------------------------------------------------------------------
                                  0.000000    0.000000   clock clk (rise edge)
                                  5.570000    5.570000   clock source latency
     2    0.031002    0.610000    0.000000    5.570000 ^ clk (in)
                                                         clk (net)
                      0.616595    0.003380    5.573380 ^ wire3/A (sky130_fd_sc_hd__buf_4)
     3    0.045136    0.104020    0.157396    5.730776 ^ wire3/X (sky130_fd_sc_hd__buf_4)
                                                         net274 (net)
                      0.104711    0.006883    5.737659 ^ wire2/A (sky130_fd_sc_hd__buf_6)
     3    0.077490    0.119211    0.139108    5.876767 ^ wire2/X (sky130_fd_sc_hd__buf_6)
                                                         net273 (net)
                      0.123514    0.018058    5.894825 ^ wire1/A (sky130_fd_sc_hd__buf_6)
     3    0.079823    0.122571    0.143757    6.038581 ^ wire1/X (sky130_fd_sc_hd__buf_6)
                                                         net272 (net)
                      0.127195    0.018980    6.057562 ^ clkbuf_0_clk/A (sky130_fd_sc_hd__clkbuf_16)
     9    0.099027    0.088852    0.155639    6.213201 ^ clkbuf_0_clk/X (sky130_fd_sc_hd__clkbuf_16)
                                                         clknet_0_clk (net)
                      0.090050    0.008380    6.221581 ^ clkbuf_2_0__f_clk/A (sky130_fd_sc_hd__clkbuf_16)
    17    0.096864    0.087461    0.144135    6.365716 ^ clkbuf_2_0__f_clk/X (sky130_fd_sc_hd__clkbuf_16)
                                                         clknet_2_0__leaf_clk (net)
                      0.088314    0.007037    6.372753 ^ _143_/CLK (sky130_fd_sc_hd__dfrtp_2)
     3    0.027193    0.104596    0.294896    6.667649 ^ _143_/Q (sky130_fd_sc_hd__dfrtp_2)
                                                         net233 (net)
                      0.104697    0.003065    6.670714 ^ output233/A (sky130_fd_sc_hd__buf_12)
     1    0.190938    0.166770    0.180174    6.850889 ^ output233/X (sky130_fd_sc_hd__buf_12)
                                                         wbs_dat_o[14] (net)
                      0.166929    0.004353    6.855241 ^ wbs_dat_o[14] (out)
                                              6.855241   data arrival time

                                 25.000000   25.000000   clock clk (rise edge)
                                  4.650000   29.650000   clock network delay (propagated)
                                 -0.087500   29.562500   clock uncertainty
                                  0.000000   29.562500   clock reconvergence pessimism
                                 -3.620000   25.942499   output external delay
                                             25.942499   data required time
---------------------------------------------------------------------------------------------
                                             25.942499   data required time
                                             -6.855241   data arrival time
---------------------------------------------------------------------------------------------
                                             19.087257   slack (MET)


Startpoint: _147_ (rising edge-triggered flip-flop clocked by clk)
Endpoint: wbs_dat_o[18] (output port clocked by clk)
Path Group: clk
Path Type: max

Fanout         Cap        Slew       Delay        Time   Description
---------------------------------------------------------------------------------------------
                                  0.000000    0.000000   clock clk (rise edge)
                                  5.570000    5.570000   clock source latency
     2    0.031002    0.610000    0.000000    5.570000 ^ clk (in)
                                                         clk (net)
                      0.616595    0.003380    5.573380 ^ wire3/A (sky130_fd_sc_hd__buf_4)
     3    0.045136    0.104020    0.157396    5.730776 ^ wire3/X (sky130_fd_sc_hd__buf_4)
                                                         net274 (net)
                      0.104711    0.006883    5.737659 ^ wire2/A (sky130_fd_sc_hd__buf_6)
     3    0.077490    0.119211    0.139108    5.876767 ^ wire2/X (sky130_fd_sc_hd__buf_6)
                                                         net273 (net)
                      0.123514    0.018058    5.894825 ^ wire1/A (sky130_fd_sc_hd__buf_6)
     3    0.079823    0.122571    0.143757    6.038581 ^ wire1/X (sky130_fd_sc_hd__buf_6)
                                                         net272 (net)
                      0.127195    0.018980    6.057562 ^ clkbuf_0_clk/A (sky130_fd_sc_hd__clkbuf_16)
     9    0.099027    0.088852    0.155639    6.213201 ^ clkbuf_0_clk/X (sky130_fd_sc_hd__clkbuf_16)
                                                         clknet_0_clk (net)
                      0.089796    0.007451    6.220652 ^ clkbuf_2_2__f_clk/A (sky130_fd_sc_hd__clkbuf_16)
    17    0.094715    0.085805    0.143094    6.363745 ^ clkbuf_2_2__f_clk/X (sky130_fd_sc_hd__clkbuf_16)
                                                         clknet_2_2__leaf_clk (net)
                      0.086953    0.008047    6.371793 ^ _147_/CLK (sky130_fd_sc_hd__dfrtp_2)
     3    0.026850    0.103438    0.293670    6.665462 ^ _147_/Q (sky130_fd_sc_hd__dfrtp_2)
                                                         net237 (net)
                      0.103540    0.003055    6.668518 ^ output237/A (sky130_fd_sc_hd__buf_12)
     1    0.191479    0.167301    0.179951    6.848469 ^ output237/X (sky130_fd_sc_hd__buf_12)
                                                         wbs_dat_o[18] (net)
                      0.167510    0.005000    6.853469 ^ wbs_dat_o[18] (out)
                                              6.853469   data arrival time

                                 25.000000   25.000000   clock clk (rise edge)
                                  4.650000   29.650000   clock network delay (propagated)
                                 -0.087500   29.562500   clock uncertainty
                                  0.000000   29.562500   clock reconvergence pessimism
                                 -3.620000   25.942499   output external delay
                                             25.942499   data required time
---------------------------------------------------------------------------------------------
                                             25.942499   data required time
                                             -6.853469   data arrival time
---------------------------------------------------------------------------------------------
                                             19.089029   slack (MET)


Startpoint: _144_ (rising edge-triggered flip-flop clocked by clk)
Endpoint: wbs_dat_o[15] (output port clocked by clk)
Path Group: clk
Path Type: max

Fanout         Cap        Slew       Delay        Time   Description
---------------------------------------------------------------------------------------------
                                  0.000000    0.000000   clock clk (rise edge)
                                  5.570000    5.570000   clock source latency
     2    0.031002    0.610000    0.000000    5.570000 ^ clk (in)
                                                         clk (net)
                      0.616595    0.003380    5.573380 ^ wire3/A (sky130_fd_sc_hd__buf_4)
     3    0.045136    0.104020    0.157396    5.730776 ^ wire3/X (sky130_fd_sc_hd__buf_4)
                                                         net274 (net)
                      0.104711    0.006883    5.737659 ^ wire2/A (sky130_fd_sc_hd__buf_6)
     3    0.077490    0.119211    0.139108    5.876767 ^ wire2/X (sky130_fd_sc_hd__buf_6)
                                                         net273 (net)
                      0.123514    0.018058    5.894825 ^ wire1/A (sky130_fd_sc_hd__buf_6)
     3    0.079823    0.122571    0.143757    6.038581 ^ wire1/X (sky130_fd_sc_hd__buf_6)
                                                         net272 (net)
                      0.127195    0.018980    6.057562 ^ clkbuf_0_clk/A (sky130_fd_sc_hd__clkbuf_16)
     9    0.099027    0.088852    0.155639    6.213201 ^ clkbuf_0_clk/X (sky130_fd_sc_hd__clkbuf_16)
                                                         clknet_0_clk (net)
                      0.089796    0.007451    6.220652 ^ clkbuf_2_2__f_clk/A (sky130_fd_sc_hd__clkbuf_16)
    17    0.094715    0.085805    0.143094    6.363745 ^ clkbuf_2_2__f_clk/X (sky130_fd_sc_hd__clkbuf_16)
                                                         clknet_2_2__leaf_clk (net)
                      0.086497    0.006291    6.370036 ^ _144_/CLK (sky130_fd_sc_hd__dfrtp_2)
     3    0.027563    0.105834    0.295307    6.665343 ^ _144_/Q (sky130_fd_sc_hd__dfrtp_2)
                                                         net234 (net)
                      0.105937    0.003115    6.668458 ^ output234/A (sky130_fd_sc_hd__buf_12)
     1    0.190955    0.166788    0.180271    6.848729 ^ output234/X (sky130_fd_sc_hd__buf_12)
                                                         wbs_dat_o[15] (net)
                      0.166947    0.004353    6.853082 ^ wbs_dat_o[15] (out)
                                              6.853082   data arrival time

                                 25.000000   25.000000   clock clk (rise edge)
                                  4.650000   29.650000   clock network delay (propagated)
                                 -0.087500   29.562500   clock uncertainty
                                  0.000000   29.562500   clock reconvergence pessimism
                                 -3.620000   25.942499   output external delay
                                             25.942499   data required time
---------------------------------------------------------------------------------------------
                                             25.942499   data required time
                                             -6.853082   data arrival time
---------------------------------------------------------------------------------------------
                                             19.089417   slack (MET)


Startpoint: _142_ (rising edge-triggered flip-flop clocked by clk)
Endpoint: wbs_dat_o[13] (output port clocked by clk)
Path Group: clk
Path Type: max

Fanout         Cap        Slew       Delay        Time   Description
---------------------------------------------------------------------------------------------
                                  0.000000    0.000000   clock clk (rise edge)
                                  5.570000    5.570000   clock source latency
     2    0.031002    0.610000    0.000000    5.570000 ^ clk (in)
                                                         clk (net)
                      0.616595    0.003380    5.573380 ^ wire3/A (sky130_fd_sc_hd__buf_4)
     3    0.045136    0.104020    0.157396    5.730776 ^ wire3/X (sky130_fd_sc_hd__buf_4)
                                                         net274 (net)
                      0.104711    0.006883    5.737659 ^ wire2/A (sky130_fd_sc_hd__buf_6)
     3    0.077490    0.119211    0.139108    5.876767 ^ wire2/X (sky130_fd_sc_hd__buf_6)
                                                         net273 (net)
                      0.123514    0.018058    5.894825 ^ wire1/A (sky130_fd_sc_hd__buf_6)
     3    0.079823    0.122571    0.143757    6.038581 ^ wire1/X (sky130_fd_sc_hd__buf_6)
                                                         net272 (net)
                      0.127195    0.018980    6.057562 ^ clkbuf_0_clk/A (sky130_fd_sc_hd__clkbuf_16)
     9    0.099027    0.088852    0.155639    6.213201 ^ clkbuf_0_clk/X (sky130_fd_sc_hd__clkbuf_16)
                                                         clknet_0_clk (net)
                      0.090050    0.008380    6.221581 ^ clkbuf_2_0__f_clk/A (sky130_fd_sc_hd__clkbuf_16)
    17    0.096864    0.087461    0.144135    6.365716 ^ clkbuf_2_0__f_clk/X (sky130_fd_sc_hd__clkbuf_16)
                                                         clknet_2_0__leaf_clk (net)
                      0.088052    0.005896    6.371613 ^ _142_/CLK (sky130_fd_sc_hd__dfrtp_2)
     3    0.026261    0.101465    0.292566    6.664179 ^ _142_/Q (sky130_fd_sc_hd__dfrtp_2)
                                                         net232 (net)
                      0.101556    0.002886    6.667065 ^ output232/A (sky130_fd_sc_hd__buf_12)
     1    0.191174    0.167006    0.179837    6.846901 ^ output232/X (sky130_fd_sc_hd__buf_12)
                                                         wbs_dat_o[13] (net)
                      0.167192    0.004713    6.851614 ^ wbs_dat_o[13] (out)
                                              6.851614   data arrival time

                                 25.000000   25.000000   clock clk (rise edge)
                                  4.650000   29.650000   clock network delay (propagated)
                                 -0.087500   29.562500   clock uncertainty
                                  0.000000   29.562500   clock reconvergence pessimism
                                 -3.620000   25.942499   output external delay
                                             25.942499   data required time
---------------------------------------------------------------------------------------------
                                             25.942499   data required time
                                             -6.851614   data arrival time
---------------------------------------------------------------------------------------------
                                             19.090883   slack (MET)


Startpoint: _141_ (rising edge-triggered flip-flop clocked by clk)
Endpoint: wbs_dat_o[12] (output port clocked by clk)
Path Group: clk
Path Type: max

Fanout         Cap        Slew       Delay        Time   Description
---------------------------------------------------------------------------------------------
                                  0.000000    0.000000   clock clk (rise edge)
                                  5.570000    5.570000   clock source latency
     2    0.031002    0.610000    0.000000    5.570000 ^ clk (in)
                                                         clk (net)
                      0.616595    0.003380    5.573380 ^ wire3/A (sky130_fd_sc_hd__buf_4)
     3    0.045136    0.104020    0.157396    5.730776 ^ wire3/X (sky130_fd_sc_hd__buf_4)
                                                         net274 (net)
                      0.104711    0.006883    5.737659 ^ wire2/A (sky130_fd_sc_hd__buf_6)
     3    0.077490    0.119211    0.139108    5.876767 ^ wire2/X (sky130_fd_sc_hd__buf_6)
                                                         net273 (net)
                      0.123514    0.018058    5.894825 ^ wire1/A (sky130_fd_sc_hd__buf_6)
     3    0.079823    0.122571    0.143757    6.038581 ^ wire1/X (sky130_fd_sc_hd__buf_6)
                                                         net272 (net)
                      0.127195    0.018980    6.057562 ^ clkbuf_0_clk/A (sky130_fd_sc_hd__clkbuf_16)
     9    0.099027    0.088852    0.155639    6.213201 ^ clkbuf_0_clk/X (sky130_fd_sc_hd__clkbuf_16)
                                                         clknet_0_clk (net)
                      0.090050    0.008380    6.221581 ^ clkbuf_2_0__f_clk/A (sky130_fd_sc_hd__clkbuf_16)
    17    0.096864    0.087461    0.144135    6.365716 ^ clkbuf_2_0__f_clk/X (sky130_fd_sc_hd__clkbuf_16)
                                                         clknet_2_0__leaf_clk (net)
                      0.087772    0.004352    6.370068 ^ _141_/CLK (sky130_fd_sc_hd__dfrtp_2)
     3    0.026158    0.101118    0.292173    6.662241 ^ _141_/Q (sky130_fd_sc_hd__dfrtp_2)
                                                         net231 (net)
                      0.101213    0.002928    6.665169 ^ output231/A (sky130_fd_sc_hd__buf_12)
     1    0.191457    0.167276    0.179775    6.844944 ^ output231/X (sky130_fd_sc_hd__buf_12)
                                                         wbs_dat_o[12] (net)
                      0.167486    0.005000    6.849944 ^ wbs_dat_o[12] (out)
                                              6.849944   data arrival time

                                 25.000000   25.000000   clock clk (rise edge)
                                  4.650000   29.650000   clock network delay (propagated)
                                 -0.087500   29.562500   clock uncertainty
                                  0.000000   29.562500   clock reconvergence pessimism
                                 -3.620000   25.942499   output external delay
                                             25.942499   data required time
---------------------------------------------------------------------------------------------
                                             25.942499   data required time
                                             -6.849944   data arrival time
---------------------------------------------------------------------------------------------
                                             19.092556   slack (MET)


Startpoint: _145_ (rising edge-triggered flip-flop clocked by clk)
Endpoint: wbs_dat_o[16] (output port clocked by clk)
Path Group: clk
Path Type: max

Fanout         Cap        Slew       Delay        Time   Description
---------------------------------------------------------------------------------------------
                                  0.000000    0.000000   clock clk (rise edge)
                                  5.570000    5.570000   clock source latency
     2    0.031002    0.610000    0.000000    5.570000 ^ clk (in)
                                                         clk (net)
                      0.616595    0.003380    5.573380 ^ wire3/A (sky130_fd_sc_hd__buf_4)
     3    0.045136    0.104020    0.157396    5.730776 ^ wire3/X (sky130_fd_sc_hd__buf_4)
                                                         net274 (net)
                      0.104711    0.006883    5.737659 ^ wire2/A (sky130_fd_sc_hd__buf_6)
     3    0.077490    0.119211    0.139108    5.876767 ^ wire2/X (sky130_fd_sc_hd__buf_6)
                                                         net273 (net)
                      0.123514    0.018058    5.894825 ^ wire1/A (sky130_fd_sc_hd__buf_6)
     3    0.079823    0.122571    0.143757    6.038581 ^ wire1/X (sky130_fd_sc_hd__buf_6)
                                                         net272 (net)
                      0.127195    0.018980    6.057562 ^ clkbuf_0_clk/A (sky130_fd_sc_hd__clkbuf_16)
     9    0.099027    0.088852    0.155639    6.213201 ^ clkbuf_0_clk/X (sky130_fd_sc_hd__clkbuf_16)
                                                         clknet_0_clk (net)
                      0.089796    0.007451    6.220652 ^ clkbuf_2_2__f_clk/A (sky130_fd_sc_hd__clkbuf_16)
    17    0.094715    0.085805    0.143094    6.363745 ^ clkbuf_2_2__f_clk/X (sky130_fd_sc_hd__clkbuf_16)
                                                         clknet_2_2__leaf_clk (net)
                      0.086275    0.005228    6.368973 ^ _145_/CLK (sky130_fd_sc_hd__dfrtp_2)
     3    0.026554    0.102444    0.292809    6.661782 ^ _145_/Q (sky130_fd_sc_hd__dfrtp_2)
                                                         net235 (net)
                      0.102536    0.002904    6.664686 ^ output235/A (sky130_fd_sc_hd__buf_12)
     1    0.191371    0.167170    0.180015    6.844701 ^ output235/X (sky130_fd_sc_hd__buf_12)
                                                         wbs_dat_o[16] (net)
                      0.167357    0.004720    6.849421 ^ wbs_dat_o[16] (out)
                                              6.849421   data arrival time

                                 25.000000   25.000000   clock clk (rise edge)
                                  4.650000   29.650000   clock network delay (propagated)
                                 -0.087500   29.562500   clock uncertainty
                                  0.000000   29.562500   clock reconvergence pessimism
                                 -3.620000   25.942499   output external delay
                                             25.942499   data required time
---------------------------------------------------------------------------------------------
                                             25.942499   data required time
                                             -6.849421   data arrival time
---------------------------------------------------------------------------------------------
                                             19.093079   slack (MET)


Startpoint: _140_ (rising edge-triggered flip-flop clocked by clk)
Endpoint: wbs_dat_o[11] (output port clocked by clk)
Path Group: clk
Path Type: max

Fanout         Cap        Slew       Delay        Time   Description
---------------------------------------------------------------------------------------------
                                  0.000000    0.000000   clock clk (rise edge)
                                  5.570000    5.570000   clock source latency
     2    0.031002    0.610000    0.000000    5.570000 ^ clk (in)
                                                         clk (net)
                      0.616595    0.003380    5.573380 ^ wire3/A (sky130_fd_sc_hd__buf_4)
     3    0.045136    0.104020    0.157396    5.730776 ^ wire3/X (sky130_fd_sc_hd__buf_4)
                                                         net274 (net)
                      0.104711    0.006883    5.737659 ^ wire2/A (sky130_fd_sc_hd__buf_6)
     3    0.077490    0.119211    0.139108    5.876767 ^ wire2/X (sky130_fd_sc_hd__buf_6)
                                                         net273 (net)
                      0.123514    0.018058    5.894825 ^ wire1/A (sky130_fd_sc_hd__buf_6)
     3    0.079823    0.122571    0.143757    6.038581 ^ wire1/X (sky130_fd_sc_hd__buf_6)
                                                         net272 (net)
                      0.127195    0.018980    6.057562 ^ clkbuf_0_clk/A (sky130_fd_sc_hd__clkbuf_16)
     9    0.099027    0.088852    0.155639    6.213201 ^ clkbuf_0_clk/X (sky130_fd_sc_hd__clkbuf_16)
                                                         clknet_0_clk (net)
                      0.090013    0.008250    6.221451 ^ clkbuf_2_1__f_clk/A (sky130_fd_sc_hd__clkbuf_16)
    21    0.084406    0.078353    0.135479    6.356930 ^ clkbuf_2_1__f_clk/X (sky130_fd_sc_hd__clkbuf_16)
                                                         clknet_2_1__leaf_clk (net)
                      0.080071    0.009247    6.366177 ^ _140_/CLK (sky130_fd_sc_hd__dfrtp_2)
     3    0.027931    0.107053    0.294293    6.660470 ^ _140_/Q (sky130_fd_sc_hd__dfrtp_2)
                                                         net230 (net)
                      0.107181    0.003438    6.663908 ^ output230/A (sky130_fd_sc_hd__buf_12)
     1    0.190929    0.166770    0.180344    6.844252 ^ output230/X (sky130_fd_sc_hd__buf_12)
                                                         wbs_dat_o[11] (net)
                      0.166929    0.004352    6.848604 ^ wbs_dat_o[11] (out)
                                              6.848604   data arrival time

                                 25.000000   25.000000   clock clk (rise edge)
                                  4.650000   29.650000   clock network delay (propagated)
                                 -0.087500   29.562500   clock uncertainty
                                  0.000000   29.562500   clock reconvergence pessimism
                                 -3.620000   25.942499   output external delay
                                             25.942499   data required time
---------------------------------------------------------------------------------------------
                                             25.942499   data required time
                                             -6.848604   data arrival time
---------------------------------------------------------------------------------------------
                                             19.093895   slack (MET)


Startpoint: _146_ (rising edge-triggered flip-flop clocked by clk)
Endpoint: wbs_dat_o[17] (output port clocked by clk)
Path Group: clk
Path Type: max

Fanout         Cap        Slew       Delay        Time   Description
---------------------------------------------------------------------------------------------
                                  0.000000    0.000000   clock clk (rise edge)
                                  5.570000    5.570000   clock source latency
     2    0.031002    0.610000    0.000000    5.570000 ^ clk (in)
                                                         clk (net)
                      0.616595    0.003380    5.573380 ^ wire3/A (sky130_fd_sc_hd__buf_4)
     3    0.045136    0.104020    0.157396    5.730776 ^ wire3/X (sky130_fd_sc_hd__buf_4)
                                                         net274 (net)
                      0.104711    0.006883    5.737659 ^ wire2/A (sky130_fd_sc_hd__buf_6)
     3    0.077490    0.119211    0.139108    5.876767 ^ wire2/X (sky130_fd_sc_hd__buf_6)
                                                         net273 (net)
                      0.123514    0.018058    5.894825 ^ wire1/A (sky130_fd_sc_hd__buf_6)
     3    0.079823    0.122571    0.143757    6.038581 ^ wire1/X (sky130_fd_sc_hd__buf_6)
                                                         net272 (net)
                      0.127195    0.018980    6.057562 ^ clkbuf_0_clk/A (sky130_fd_sc_hd__clkbuf_16)
     9    0.099027    0.088852    0.155639    6.213201 ^ clkbuf_0_clk/X (sky130_fd_sc_hd__clkbuf_16)
                                                         clknet_0_clk (net)
                      0.089797    0.007454    6.220655 ^ clkbuf_2_3__f_clk/A (sky130_fd_sc_hd__clkbuf_16)
    21    0.071648    0.068794    0.128408    6.349064 ^ clkbuf_2_3__f_clk/X (sky130_fd_sc_hd__clkbuf_16)
                                                         clknet_2_3__leaf_clk (net)
                      0.069099    0.003757    6.352820 ^ _146_/CLK (sky130_fd_sc_hd__dfrtp_2)
     3    0.028057    0.107445    0.291734    6.644555 ^ _146_/Q (sky130_fd_sc_hd__dfrtp_2)
                                                         net236 (net)
                      0.107557    0.003276    6.647831 ^ output236/A (sky130_fd_sc_hd__buf_12)
     1    0.190955    0.166792    0.180385    6.828217 ^ output236/X (sky130_fd_sc_hd__buf_12)
                                                         wbs_dat_o[17] (net)
                      0.166950    0.004353    6.832570 ^ wbs_dat_o[17] (out)
                                              6.832570   data arrival time

                                 25.000000   25.000000   clock clk (rise edge)
                                  4.650000   29.650000   clock network delay (propagated)
                                 -0.087500   29.562500   clock uncertainty
                                  0.000000   29.562500   clock reconvergence pessimism
                                 -3.620000   25.942499   output external delay
                                             25.942499   data required time
---------------------------------------------------------------------------------------------
                                             25.942499   data required time
                                             -6.832570   data arrival time
---------------------------------------------------------------------------------------------
                                             19.109930   slack (MET)


Startpoint: _128_ (rising edge-triggered flip-flop clocked by clk)
Endpoint: wbs_ack_o (output port clocked by clk)
Path Group: clk
Path Type: max

Fanout         Cap        Slew       Delay        Time   Description
---------------------------------------------------------------------------------------------
                                  0.000000    0.000000   clock clk (rise edge)
                                  5.570000    5.570000   clock source latency
     2    0.031002    0.610000    0.000000    5.570000 ^ clk (in)
                                                         clk (net)
                      0.616595    0.003380    5.573380 ^ wire3/A (sky130_fd_sc_hd__buf_4)
     3    0.045136    0.104020    0.157396    5.730776 ^ wire3/X (sky130_fd_sc_hd__buf_4)
                                                         net274 (net)
                      0.104711    0.006883    5.737659 ^ wire2/A (sky130_fd_sc_hd__buf_6)
     3    0.077490    0.119211    0.139108    5.876767 ^ wire2/X (sky130_fd_sc_hd__buf_6)
                                                         net273 (net)
                      0.123514    0.018058    5.894825 ^ wire1/A (sky130_fd_sc_hd__buf_6)
     3    0.079823    0.122571    0.143757    6.038581 ^ wire1/X (sky130_fd_sc_hd__buf_6)
                                                         net272 (net)
                      0.127195    0.018980    6.057562 ^ clkbuf_0_clk/A (sky130_fd_sc_hd__clkbuf_16)
     9    0.099027    0.088852    0.155639    6.213201 ^ clkbuf_0_clk/X (sky130_fd_sc_hd__clkbuf_16)
                                                         clknet_0_clk (net)
                      0.090013    0.008250    6.221451 ^ clkbuf_2_1__f_clk/A (sky130_fd_sc_hd__clkbuf_16)
    21    0.084406    0.078353    0.135479    6.356930 ^ clkbuf_2_1__f_clk/X (sky130_fd_sc_hd__clkbuf_16)
                                                         clknet_2_1__leaf_clk (net)
                      0.079761    0.008388    6.365318 ^ _128_/CLK (sky130_fd_sc_hd__dfrtp_4)
     3    0.172888    0.367323    0.476649    6.841966 ^ _128_/Q (sky130_fd_sc_hd__dfrtp_4)
                                                         net227 (net)
                      0.401588    0.088332    6.930298 ^ output227/A (sky130_fd_sc_hd__buf_12)
     1    0.190938    0.167980    0.182855    7.113153 ^ output227/X (sky130_fd_sc_hd__buf_12)
                                                         wbs_ack_o (net)
                      0.168138    0.004352    7.117505 ^ wbs_ack_o (out)
                                              7.117505   data arrival time

                                 50.000000   50.000000   clock clk (rise edge)
                                  4.650000   54.650002   clock network delay (propagated)
                                 -0.087500   54.562500   clock uncertainty
                                  0.000000   54.562500   clock reconvergence pessimism
                                 -8.410000   46.152500   output external delay
                                             46.152500   data required time
---------------------------------------------------------------------------------------------
                                             46.152500   data required time
                                             -7.117505   data arrival time
---------------------------------------------------------------------------------------------
                                             39.034996   slack (MET)


Startpoint: wbs_cyc_i (input port clocked by clk)
Endpoint: _128_ (rising edge-triggered flip-flop clocked by clk)
Path Group: clk
Path Type: max

Fanout         Cap        Slew       Delay        Time   Description
---------------------------------------------------------------------------------------------
                                  0.000000    0.000000   clock clk (rise edge)
                                  5.570000    5.570000   clock network delay (propagated)
                                  4.740000   10.310000 v input external delay
     2    0.003870    0.170000    0.000000   10.310000 v wbs_cyc_i (in)
                                                         wbs_cyc_i (net)
                      0.170091    0.000047   10.310047 v hold193/A (sky130_fd_sc_hd__dlygate4sd3_1)
     1    0.007055    0.052804    0.445022   10.755069 v hold193/X (sky130_fd_sc_hd__dlygate4sd3_1)
                                                         net467 (net)
                      0.052804    0.000212   10.755281 v input110/A (sky130_fd_sc_hd__buf_8)
     3    0.180322    0.044281    0.108472   10.863753 v input110/X (sky130_fd_sc_hd__buf_8)
                                                         net110 (net)
                      0.260695    0.127520   10.991274 v _041_/A (sky130_fd_sc_hd__and2_4)
     5    0.083506    0.083080    0.240115   11.231389 v _041_/X (sky130_fd_sc_hd__and2_4)
                                                         _000_ (net)
                      0.083240    0.002770   11.234159 v hold194/A (sky130_fd_sc_hd__dlygate4sd3_1)
     1    0.002852    0.038276    0.390452   11.624611 v hold194/X (sky130_fd_sc_hd__dlygate4sd3_1)
                                                         net468 (net)
                      0.038276    0.000084   11.624696 v _128_/D (sky130_fd_sc_hd__dfrtp_4)
                                             11.624696   data arrival time

                                 50.000000   50.000000   clock clk (rise edge)
                                  4.650000   54.650002   clock source latency
     2    0.031002    0.610000    0.000000   54.650002 ^ clk (in)
                                                         clk (net)
                      0.616595    0.003215   54.653214 ^ wire3/A (sky130_fd_sc_hd__buf_4)
     3    0.045136    0.104020    0.149715   54.802929 ^ wire3/X (sky130_fd_sc_hd__buf_4)
                                                         net274 (net)
                      0.104711    0.006548   54.809479 ^ wire2/A (sky130_fd_sc_hd__buf_6)
     3    0.077490    0.119211    0.132324   54.941803 ^ wire2/X (sky130_fd_sc_hd__buf_6)
                                                         net273 (net)
                      0.123514    0.017174   54.958977 ^ wire1/A (sky130_fd_sc_hd__buf_6)
     3    0.079823    0.122571    0.136748   55.095722 ^ wire1/X (sky130_fd_sc_hd__buf_6)
                                                         net272 (net)
                      0.127195    0.018051   55.113773 ^ clkbuf_0_clk/A (sky130_fd_sc_hd__clkbuf_16)
     9    0.099027    0.088852    0.148049   55.261822 ^ clkbuf_0_clk/X (sky130_fd_sc_hd__clkbuf_16)
                                                         clknet_0_clk (net)
                      0.090013    0.007848   55.269672 ^ clkbuf_2_1__f_clk/A (sky130_fd_sc_hd__clkbuf_16)
    21    0.084406    0.078353    0.128871   55.398544 ^ clkbuf_2_1__f_clk/X (sky130_fd_sc_hd__clkbuf_16)
                                                         clknet_2_1__leaf_clk (net)
                      0.079761    0.007976   55.406517 ^ _128_/CLK (sky130_fd_sc_hd__dfrtp_4)
                                 -0.087500   55.319019   clock uncertainty
                                  0.000000   55.319019   clock reconvergence pessimism
                                 -0.070249   55.248772   library setup time
                                             55.248772   data required time
---------------------------------------------------------------------------------------------
                                             55.248772   data required time
                                            -11.624696   data arrival time
---------------------------------------------------------------------------------------------
                                             43.624073   slack (MET)



