
===========================================================================
report_checks -path_delay min (Hold)
============================================================================
======================= nom_ff_n40C_1v95 Corner ===================================

Startpoint: wbs_adr_i[18] (input port clocked by clk)
Endpoint: _143_ (rising edge-triggered flip-flop clocked by clk)
Path Group: clk
Path Type: min

Fanout         Cap        Slew       Delay        Time   Description
---------------------------------------------------------------------------------------------
                                  0.000000    0.000000   clock clk (rise edge)
                                  4.650000    4.650000   clock network delay (propagated)
                                  0.790000    5.440000 ^ input external delay
     2    0.004484    0.070000    0.000000    5.440000 ^ wbs_adr_i[18] (in)
                                                         wbs_adr_i[18] (net)
                      0.070100    0.000049    5.440049 ^ input88/A (sky130_fd_sc_hd__clkbuf_1)
     1    0.004313    0.044854    0.064568    5.504617 ^ input88/X (sky130_fd_sc_hd__clkbuf_1)
                                                         net88 (net)
                      0.044854    0.000157    5.504774 ^ _045_/D (sky130_fd_sc_hd__or4_2)
     3    0.022543    0.088085    0.116544    5.621318 ^ _045_/X (sky130_fd_sc_hd__or4_2)
                                                         _036_ (net)
                      0.088174    0.002225    5.623543 ^ _048_/B (sky130_fd_sc_hd__nor4_1)
     1    0.007512    0.030491    0.051265    5.674808 v _048_/Y (sky130_fd_sc_hd__nor4_1)
                                                         _039_ (net)
                      0.030499    0.000365    5.675172 v hold4/A (sky130_fd_sc_hd__dlygate4sd3_1)
     1    0.007373    0.054132    0.371535    6.046707 v hold4/X (sky130_fd_sc_hd__dlygate4sd3_1)
                                                         net278 (net)
                      0.054132    0.000346    6.047054 v wire262/A (sky130_fd_sc_hd__buf_2)
     1    0.011351    0.030246    0.093959    6.141012 v wire262/X (sky130_fd_sc_hd__buf_2)
                                                         net262 (net)
                      0.030261    0.000615    6.141627 v hold5/A (sky130_fd_sc_hd__dlygate4sd3_1)
     7    0.056112    0.198684    0.502761    6.644389 v hold5/X (sky130_fd_sc_hd__dlygate4sd3_1)
                                                         net279 (net)
                      0.198914    0.005955    6.650343 v fanout261/A (sky130_fd_sc_hd__buf_4)
    33    0.124086    0.114562    0.219883    6.870227 v fanout261/X (sky130_fd_sc_hd__buf_4)
                                                         net261 (net)
                      0.114586    0.001339    6.871566 v _110_/C (sky130_fd_sc_hd__and3_1)
     1    0.002680    0.023993    0.140010    7.011576 v _110_/X (sky130_fd_sc_hd__and3_1)
                                                         _006_ (net)
                      0.023993    0.000075    7.011650 v _143_/D (sky130_fd_sc_hd__dfrtp_2)
                                              7.011650   data arrival time

                                  0.000000    0.000000   clock clk (rise edge)
                                  5.570000    5.570000   clock source latency
     2    0.031002    0.610000    0.000000    5.570000 ^ clk (in)
                                                         clk (net)
                      0.616595    0.003380    5.573380 ^ wire3/A (sky130_fd_sc_hd__buf_4)
     3    0.045136    0.104020    0.157396    5.730776 ^ wire3/X (sky130_fd_sc_hd__buf_4)
                                                         net274 (net)
                      0.104711    0.006883    5.737659 ^ wire2/A (sky130_fd_sc_hd__buf_6)
     3    0.077490    0.119211    0.139108    5.876767 ^ wire2/X (sky130_fd_sc_hd__buf_6)
                                                         net273 (net)
                      0.123514    0.018058    5.894825 ^ wire1/A (sky130_fd_sc_hd__buf_6)
     3    0.079823    0.122571    0.143757    6.038581 ^ wire1/X (sky130_fd_sc_hd__buf_6)
                                                         net272 (net)
                      0.127195    0.018980    6.057562 ^ clkbuf_0_clk/A (sky130_fd_sc_hd__clkbuf_16)
     9    0.099027    0.088852    0.155639    6.213201 ^ clkbuf_0_clk/X (sky130_fd_sc_hd__clkbuf_16)
                                                         clknet_0_clk (net)
                      0.090050    0.008380    6.221581 ^ clkbuf_2_0__f_clk/A (sky130_fd_sc_hd__clkbuf_16)
    17    0.096864    0.087461    0.144135    6.365716 ^ clkbuf_2_0__f_clk/X (sky130_fd_sc_hd__clkbuf_16)
                                                         clknet_2_0__leaf_clk (net)
                      0.088314    0.007037    6.372753 ^ _143_/CLK (sky130_fd_sc_hd__dfrtp_2)
                                  0.087500    6.460253   clock uncertainty
                                  0.000000    6.460253   clock reconvergence pessimism
                                 -0.021440    6.438813   library hold time
                                              6.438813   data required time
---------------------------------------------------------------------------------------------
                                              6.438813   data required time
                                             -7.011650   data arrival time
---------------------------------------------------------------------------------------------
                                              0.572837   slack (MET)


Startpoint: wbs_adr_i[18] (input port clocked by clk)
Endpoint: _145_ (rising edge-triggered flip-flop clocked by clk)
Path Group: clk
Path Type: min

Fanout         Cap        Slew       Delay        Time   Description
---------------------------------------------------------------------------------------------
                                  0.000000    0.000000   clock clk (rise edge)
                                  4.650000    4.650000   clock network delay (propagated)
                                  0.790000    5.440000 ^ input external delay
     2    0.004484    0.070000    0.000000    5.440000 ^ wbs_adr_i[18] (in)
                                                         wbs_adr_i[18] (net)
                      0.070100    0.000049    5.440049 ^ input88/A (sky130_fd_sc_hd__clkbuf_1)
     1    0.004313    0.044854    0.064568    5.504617 ^ input88/X (sky130_fd_sc_hd__clkbuf_1)
                                                         net88 (net)
                      0.044854    0.000157    5.504774 ^ _045_/D (sky130_fd_sc_hd__or4_2)
     3    0.022543    0.088085    0.116544    5.621318 ^ _045_/X (sky130_fd_sc_hd__or4_2)
                                                         _036_ (net)
                      0.088174    0.002225    5.623543 ^ _048_/B (sky130_fd_sc_hd__nor4_1)
     1    0.007512    0.030491    0.051265    5.674808 v _048_/Y (sky130_fd_sc_hd__nor4_1)
                                                         _039_ (net)
                      0.030499    0.000365    5.675172 v hold4/A (sky130_fd_sc_hd__dlygate4sd3_1)
     1    0.007373    0.054132    0.371535    6.046707 v hold4/X (sky130_fd_sc_hd__dlygate4sd3_1)
                                                         net278 (net)
                      0.054132    0.000346    6.047054 v wire262/A (sky130_fd_sc_hd__buf_2)
     1    0.011351    0.030246    0.093959    6.141012 v wire262/X (sky130_fd_sc_hd__buf_2)
                                                         net262 (net)
                      0.030261    0.000615    6.141627 v hold5/A (sky130_fd_sc_hd__dlygate4sd3_1)
     7    0.056112    0.198684    0.502761    6.644389 v hold5/X (sky130_fd_sc_hd__dlygate4sd3_1)
                                                         net279 (net)
                      0.198715    0.002538    6.646927 v fanout260/A (sky130_fd_sc_hd__buf_4)
    33    0.118901    0.109834    0.221901    6.868828 v fanout260/X (sky130_fd_sc_hd__buf_4)
                                                         net260 (net)
                      0.109887    0.002074    6.870902 v _112_/C (sky130_fd_sc_hd__and3_1)
     1    0.002915    0.025265    0.139164    7.010067 v _112_/X (sky130_fd_sc_hd__and3_1)
                                                         _008_ (net)
                      0.025265    0.000085    7.010151 v _145_/D (sky130_fd_sc_hd__dfrtp_2)
                                              7.010151   data arrival time

                                  0.000000    0.000000   clock clk (rise edge)
                                  5.570000    5.570000   clock source latency
     2    0.031002    0.610000    0.000000    5.570000 ^ clk (in)
                                                         clk (net)
                      0.616595    0.003380    5.573380 ^ wire3/A (sky130_fd_sc_hd__buf_4)
     3    0.045136    0.104020    0.157396    5.730776 ^ wire3/X (sky130_fd_sc_hd__buf_4)
                                                         net274 (net)
                      0.104711    0.006883    5.737659 ^ wire2/A (sky130_fd_sc_hd__buf_6)
     3    0.077490    0.119211    0.139108    5.876767 ^ wire2/X (sky130_fd_sc_hd__buf_6)
                                                         net273 (net)
                      0.123514    0.018058    5.894825 ^ wire1/A (sky130_fd_sc_hd__buf_6)
     3    0.079823    0.122571    0.143757    6.038581 ^ wire1/X (sky130_fd_sc_hd__buf_6)
                                                         net272 (net)
                      0.127195    0.018980    6.057562 ^ clkbuf_0_clk/A (sky130_fd_sc_hd__clkbuf_16)
     9    0.099027    0.088852    0.155639    6.213201 ^ clkbuf_0_clk/X (sky130_fd_sc_hd__clkbuf_16)
                                                         clknet_0_clk (net)
                      0.089796    0.007451    6.220652 ^ clkbuf_2_2__f_clk/A (sky130_fd_sc_hd__clkbuf_16)
    17    0.094715    0.085805    0.143094    6.363745 ^ clkbuf_2_2__f_clk/X (sky130_fd_sc_hd__clkbuf_16)
                                                         clknet_2_2__leaf_clk (net)
                      0.086275    0.005228    6.368973 ^ _145_/CLK (sky130_fd_sc_hd__dfrtp_2)
                                  0.087500    6.456473   clock uncertainty
                                  0.000000    6.456473   clock reconvergence pessimism
                                 -0.022053    6.434420   library hold time
                                              6.434420   data required time
---------------------------------------------------------------------------------------------
                                              6.434420   data required time
                                             -7.010151   data arrival time
---------------------------------------------------------------------------------------------
                                              0.575732   slack (MET)


Startpoint: wbs_adr_i[18] (input port clocked by clk)
Endpoint: _144_ (rising edge-triggered flip-flop clocked by clk)
Path Group: clk
Path Type: min

Fanout         Cap        Slew       Delay        Time   Description
---------------------------------------------------------------------------------------------
                                  0.000000    0.000000   clock clk (rise edge)
                                  4.650000    4.650000   clock network delay (propagated)
                                  0.790000    5.440000 ^ input external delay
     2    0.004484    0.070000    0.000000    5.440000 ^ wbs_adr_i[18] (in)
                                                         wbs_adr_i[18] (net)
                      0.070100    0.000049    5.440049 ^ input88/A (sky130_fd_sc_hd__clkbuf_1)
     1    0.004313    0.044854    0.064568    5.504617 ^ input88/X (sky130_fd_sc_hd__clkbuf_1)
                                                         net88 (net)
                      0.044854    0.000157    5.504774 ^ _045_/D (sky130_fd_sc_hd__or4_2)
     3    0.022543    0.088085    0.116544    5.621318 ^ _045_/X (sky130_fd_sc_hd__or4_2)
                                                         _036_ (net)
                      0.088174    0.002225    5.623543 ^ _048_/B (sky130_fd_sc_hd__nor4_1)
     1    0.007512    0.030491    0.051265    5.674808 v _048_/Y (sky130_fd_sc_hd__nor4_1)
                                                         _039_ (net)
                      0.030499    0.000365    5.675172 v hold4/A (sky130_fd_sc_hd__dlygate4sd3_1)
     1    0.007373    0.054132    0.371535    6.046707 v hold4/X (sky130_fd_sc_hd__dlygate4sd3_1)
                                                         net278 (net)
                      0.054132    0.000346    6.047054 v wire262/A (sky130_fd_sc_hd__buf_2)
     1    0.011351    0.030246    0.093959    6.141012 v wire262/X (sky130_fd_sc_hd__buf_2)
                                                         net262 (net)
                      0.030261    0.000615    6.141627 v hold5/A (sky130_fd_sc_hd__dlygate4sd3_1)
     7    0.056112    0.198684    0.502761    6.644389 v hold5/X (sky130_fd_sc_hd__dlygate4sd3_1)
                                                         net279 (net)
                      0.198715    0.002538    6.646927 v fanout260/A (sky130_fd_sc_hd__buf_4)
    33    0.118901    0.109834    0.221901    6.868828 v fanout260/X (sky130_fd_sc_hd__buf_4)
                                                         net260 (net)
                      0.109904    0.002375    6.871203 v _111_/C (sky130_fd_sc_hd__and3_1)
     1    0.003205    0.026762    0.140504    7.011706 v _111_/X (sky130_fd_sc_hd__and3_1)
                                                         _007_ (net)
                      0.026762    0.000095    7.011802 v _144_/D (sky130_fd_sc_hd__dfrtp_2)
                                              7.011802   data arrival time

                                  0.000000    0.000000   clock clk (rise edge)
                                  5.570000    5.570000   clock source latency
     2    0.031002    0.610000    0.000000    5.570000 ^ clk (in)
                                                         clk (net)
                      0.616595    0.003380    5.573380 ^ wire3/A (sky130_fd_sc_hd__buf_4)
     3    0.045136    0.104020    0.157396    5.730776 ^ wire3/X (sky130_fd_sc_hd__buf_4)
                                                         net274 (net)
                      0.104711    0.006883    5.737659 ^ wire2/A (sky130_fd_sc_hd__buf_6)
     3    0.077490    0.119211    0.139108    5.876767 ^ wire2/X (sky130_fd_sc_hd__buf_6)
                                                         net273 (net)
                      0.123514    0.018058    5.894825 ^ wire1/A (sky130_fd_sc_hd__buf_6)
     3    0.079823    0.122571    0.143757    6.038581 ^ wire1/X (sky130_fd_sc_hd__buf_6)
                                                         net272 (net)
                      0.127195    0.018980    6.057562 ^ clkbuf_0_clk/A (sky130_fd_sc_hd__clkbuf_16)
     9    0.099027    0.088852    0.155639    6.213201 ^ clkbuf_0_clk/X (sky130_fd_sc_hd__clkbuf_16)
                                                         clknet_0_clk (net)
                      0.089796    0.007451    6.220652 ^ clkbuf_2_2__f_clk/A (sky130_fd_sc_hd__clkbuf_16)
    17    0.094715    0.085805    0.143094    6.363745 ^ clkbuf_2_2__f_clk/X (sky130_fd_sc_hd__clkbuf_16)
                                                         clknet_2_2__leaf_clk (net)
                      0.086497    0.006291    6.370036 ^ _144_/CLK (sky130_fd_sc_hd__dfrtp_2)
                                  0.087500    6.457536   clock uncertainty
                                  0.000000    6.457536   clock reconvergence pessimism
                                 -0.022511    6.435025   library hold time
                                              6.435025   data required time
---------------------------------------------------------------------------------------------
                                              6.435025   data required time
                                             -7.011802   data arrival time
---------------------------------------------------------------------------------------------
                                              0.576777   slack (MET)


Startpoint: wbs_adr_i[18] (input port clocked by clk)
Endpoint: _142_ (rising edge-triggered flip-flop clocked by clk)
Path Group: clk
Path Type: min

Fanout         Cap        Slew       Delay        Time   Description
---------------------------------------------------------------------------------------------
                                  0.000000    0.000000   clock clk (rise edge)
                                  4.650000    4.650000   clock network delay (propagated)
                                  0.790000    5.440000 ^ input external delay
     2    0.004484    0.070000    0.000000    5.440000 ^ wbs_adr_i[18] (in)
                                                         wbs_adr_i[18] (net)
                      0.070100    0.000049    5.440049 ^ input88/A (sky130_fd_sc_hd__clkbuf_1)
     1    0.004313    0.044854    0.064568    5.504617 ^ input88/X (sky130_fd_sc_hd__clkbuf_1)
                                                         net88 (net)
                      0.044854    0.000157    5.504774 ^ _045_/D (sky130_fd_sc_hd__or4_2)
     3    0.022543    0.088085    0.116544    5.621318 ^ _045_/X (sky130_fd_sc_hd__or4_2)
                                                         _036_ (net)
                      0.088174    0.002225    5.623543 ^ _048_/B (sky130_fd_sc_hd__nor4_1)
     1    0.007512    0.030491    0.051265    5.674808 v _048_/Y (sky130_fd_sc_hd__nor4_1)
                                                         _039_ (net)
                      0.030499    0.000365    5.675172 v hold4/A (sky130_fd_sc_hd__dlygate4sd3_1)
     1    0.007373    0.054132    0.371535    6.046707 v hold4/X (sky130_fd_sc_hd__dlygate4sd3_1)
                                                         net278 (net)
                      0.054132    0.000346    6.047054 v wire262/A (sky130_fd_sc_hd__buf_2)
     1    0.011351    0.030246    0.093959    6.141012 v wire262/X (sky130_fd_sc_hd__buf_2)
                                                         net262 (net)
                      0.030261    0.000615    6.141627 v hold5/A (sky130_fd_sc_hd__dlygate4sd3_1)
     7    0.056112    0.198684    0.502761    6.644389 v hold5/X (sky130_fd_sc_hd__dlygate4sd3_1)
                                                         net279 (net)
                      0.198914    0.005955    6.650343 v fanout261/A (sky130_fd_sc_hd__buf_4)
    33    0.124086    0.114562    0.219883    6.870227 v fanout261/X (sky130_fd_sc_hd__buf_4)
                                                         net261 (net)
                      0.115514    0.008577    6.878804 v _109_/C (sky130_fd_sc_hd__and3_1)
     1    0.003288    0.027025    0.143174    7.021978 v _109_/X (sky130_fd_sc_hd__and3_1)
                                                         _005_ (net)
                      0.027025    0.000098    7.022076 v _142_/D (sky130_fd_sc_hd__dfrtp_2)
                                              7.022076   data arrival time

                                  0.000000    0.000000   clock clk (rise edge)
                                  5.570000    5.570000   clock source latency
     2    0.031002    0.610000    0.000000    5.570000 ^ clk (in)
                                                         clk (net)
                      0.616595    0.003380    5.573380 ^ wire3/A (sky130_fd_sc_hd__buf_4)
     3    0.045136    0.104020    0.157396    5.730776 ^ wire3/X (sky130_fd_sc_hd__buf_4)
                                                         net274 (net)
                      0.104711    0.006883    5.737659 ^ wire2/A (sky130_fd_sc_hd__buf_6)
     3    0.077490    0.119211    0.139108    5.876767 ^ wire2/X (sky130_fd_sc_hd__buf_6)
                                                         net273 (net)
                      0.123514    0.018058    5.894825 ^ wire1/A (sky130_fd_sc_hd__buf_6)
     3    0.079823    0.122571    0.143757    6.038581 ^ wire1/X (sky130_fd_sc_hd__buf_6)
                                                         net272 (net)
                      0.127195    0.018980    6.057562 ^ clkbuf_0_clk/A (sky130_fd_sc_hd__clkbuf_16)
     9    0.099027    0.088852    0.155639    6.213201 ^ clkbuf_0_clk/X (sky130_fd_sc_hd__clkbuf_16)
                                                         clknet_0_clk (net)
                      0.090050    0.008380    6.221581 ^ clkbuf_2_0__f_clk/A (sky130_fd_sc_hd__clkbuf_16)
    17    0.096864    0.087461    0.144135    6.365716 ^ clkbuf_2_0__f_clk/X (sky130_fd_sc_hd__clkbuf_16)
                                                         clknet_2_0__leaf_clk (net)
                      0.088052    0.005896    6.371613 ^ _142_/CLK (sky130_fd_sc_hd__dfrtp_2)
                                  0.087500    6.459113   clock uncertainty
                                  0.000000    6.459113   clock reconvergence pessimism
                                 -0.022438    6.436674   library hold time
                                              6.436674   data required time
---------------------------------------------------------------------------------------------
                                              6.436674   data required time
                                             -7.022076   data arrival time
---------------------------------------------------------------------------------------------
                                              0.585402   slack (MET)


Startpoint: wbs_adr_i[18] (input port clocked by clk)
Endpoint: _147_ (rising edge-triggered flip-flop clocked by clk)
Path Group: clk
Path Type: min

Fanout         Cap        Slew       Delay        Time   Description
---------------------------------------------------------------------------------------------
                                  0.000000    0.000000   clock clk (rise edge)
                                  4.650000    4.650000   clock network delay (propagated)
                                  0.790000    5.440000 ^ input external delay
     2    0.004484    0.070000    0.000000    5.440000 ^ wbs_adr_i[18] (in)
                                                         wbs_adr_i[18] (net)
                      0.070100    0.000049    5.440049 ^ input88/A (sky130_fd_sc_hd__clkbuf_1)
     1    0.004313    0.044854    0.064568    5.504617 ^ input88/X (sky130_fd_sc_hd__clkbuf_1)
                                                         net88 (net)
                      0.044854    0.000157    5.504774 ^ _045_/D (sky130_fd_sc_hd__or4_2)
     3    0.022543    0.088085    0.116544    5.621318 ^ _045_/X (sky130_fd_sc_hd__or4_2)
                                                         _036_ (net)
                      0.088174    0.002225    5.623543 ^ _048_/B (sky130_fd_sc_hd__nor4_1)
     1    0.007512    0.030491    0.051265    5.674808 v _048_/Y (sky130_fd_sc_hd__nor4_1)
                                                         _039_ (net)
                      0.030499    0.000365    5.675172 v hold4/A (sky130_fd_sc_hd__dlygate4sd3_1)
     1    0.007373    0.054132    0.371535    6.046707 v hold4/X (sky130_fd_sc_hd__dlygate4sd3_1)
                                                         net278 (net)
                      0.054132    0.000346    6.047054 v wire262/A (sky130_fd_sc_hd__buf_2)
     1    0.011351    0.030246    0.093959    6.141012 v wire262/X (sky130_fd_sc_hd__buf_2)
                                                         net262 (net)
                      0.030261    0.000615    6.141627 v hold5/A (sky130_fd_sc_hd__dlygate4sd3_1)
     7    0.056112    0.198684    0.502761    6.644389 v hold5/X (sky130_fd_sc_hd__dlygate4sd3_1)
                                                         net279 (net)
                      0.198715    0.002538    6.646927 v fanout260/A (sky130_fd_sc_hd__buf_4)
    33    0.118901    0.109834    0.221901    6.868828 v fanout260/X (sky130_fd_sc_hd__buf_4)
                                                         net260 (net)
                      0.112032    0.012059    6.880887 v _114_/C (sky130_fd_sc_hd__and3_1)
     1    0.003636    0.027635    0.143346    7.024233 v _114_/X (sky130_fd_sc_hd__and3_1)
                                                         _010_ (net)
                      0.027635    0.000113    7.024347 v _147_/D (sky130_fd_sc_hd__dfrtp_2)
                                              7.024347   data arrival time

                                  0.000000    0.000000   clock clk (rise edge)
                                  5.570000    5.570000   clock source latency
     2    0.031002    0.610000    0.000000    5.570000 ^ clk (in)
                                                         clk (net)
                      0.616595    0.003380    5.573380 ^ wire3/A (sky130_fd_sc_hd__buf_4)
     3    0.045136    0.104020    0.157396    5.730776 ^ wire3/X (sky130_fd_sc_hd__buf_4)
                                                         net274 (net)
                      0.104711    0.006883    5.737659 ^ wire2/A (sky130_fd_sc_hd__buf_6)
     3    0.077490    0.119211    0.139108    5.876767 ^ wire2/X (sky130_fd_sc_hd__buf_6)
                                                         net273 (net)
                      0.123514    0.018058    5.894825 ^ wire1/A (sky130_fd_sc_hd__buf_6)
     3    0.079823    0.122571    0.143757    6.038581 ^ wire1/X (sky130_fd_sc_hd__buf_6)
                                                         net272 (net)
                      0.127195    0.018980    6.057562 ^ clkbuf_0_clk/A (sky130_fd_sc_hd__clkbuf_16)
     9    0.099027    0.088852    0.155639    6.213201 ^ clkbuf_0_clk/X (sky130_fd_sc_hd__clkbuf_16)
                                                         clknet_0_clk (net)
                      0.089796    0.007451    6.220652 ^ clkbuf_2_2__f_clk/A (sky130_fd_sc_hd__clkbuf_16)
    17    0.094715    0.085805    0.143094    6.363745 ^ clkbuf_2_2__f_clk/X (sky130_fd_sc_hd__clkbuf_16)
                                                         clknet_2_2__leaf_clk (net)
                      0.086953    0.008047    6.371793 ^ _147_/CLK (sky130_fd_sc_hd__dfrtp_2)
                                  0.087500    6.459292   clock uncertainty
                                  0.000000    6.459292   clock reconvergence pessimism
                                 -0.022745    6.436547   library hold time
                                              6.436547   data required time
---------------------------------------------------------------------------------------------
                                              6.436547   data required time
                                             -7.024347   data arrival time
---------------------------------------------------------------------------------------------
                                              0.587799   slack (MET)


Startpoint: wbs_adr_i[18] (input port clocked by clk)
Endpoint: _148_ (rising edge-triggered flip-flop clocked by clk)
Path Group: clk
Path Type: min

Fanout         Cap        Slew       Delay        Time   Description
---------------------------------------------------------------------------------------------
                                  0.000000    0.000000   clock clk (rise edge)
                                  4.650000    4.650000   clock network delay (propagated)
                                  0.790000    5.440000 ^ input external delay
     2    0.004484    0.070000    0.000000    5.440000 ^ wbs_adr_i[18] (in)
                                                         wbs_adr_i[18] (net)
                      0.070100    0.000049    5.440049 ^ input88/A (sky130_fd_sc_hd__clkbuf_1)
     1    0.004313    0.044854    0.064568    5.504617 ^ input88/X (sky130_fd_sc_hd__clkbuf_1)
                                                         net88 (net)
                      0.044854    0.000157    5.504774 ^ _045_/D (sky130_fd_sc_hd__or4_2)
     3    0.022543    0.088085    0.116544    5.621318 ^ _045_/X (sky130_fd_sc_hd__or4_2)
                                                         _036_ (net)
                      0.088174    0.002225    5.623543 ^ _048_/B (sky130_fd_sc_hd__nor4_1)
     1    0.007512    0.030491    0.051265    5.674808 v _048_/Y (sky130_fd_sc_hd__nor4_1)
                                                         _039_ (net)
                      0.030499    0.000365    5.675172 v hold4/A (sky130_fd_sc_hd__dlygate4sd3_1)
     1    0.007373    0.054132    0.371535    6.046707 v hold4/X (sky130_fd_sc_hd__dlygate4sd3_1)
                                                         net278 (net)
                      0.054132    0.000346    6.047054 v wire262/A (sky130_fd_sc_hd__buf_2)
     1    0.011351    0.030246    0.093959    6.141012 v wire262/X (sky130_fd_sc_hd__buf_2)
                                                         net262 (net)
                      0.030261    0.000615    6.141627 v hold5/A (sky130_fd_sc_hd__dlygate4sd3_1)
     7    0.056112    0.198684    0.502761    6.644389 v hold5/X (sky130_fd_sc_hd__dlygate4sd3_1)
                                                         net279 (net)
                      0.198715    0.002538    6.646927 v fanout260/A (sky130_fd_sc_hd__buf_4)
    33    0.118901    0.109834    0.221901    6.868828 v fanout260/X (sky130_fd_sc_hd__buf_4)
                                                         net260 (net)
                      0.113308    0.014994    6.883821 v _115_/C (sky130_fd_sc_hd__and3_1)
     1    0.003542    0.027562    0.143438    7.027260 v _115_/X (sky130_fd_sc_hd__and3_1)
                                                         _011_ (net)
                      0.027562    0.000106    7.027366 v _148_/D (sky130_fd_sc_hd__dfrtp_4)
                                              7.027366   data arrival time

                                  0.000000    0.000000   clock clk (rise edge)
                                  5.570000    5.570000   clock source latency
     2    0.031002    0.610000    0.000000    5.570000 ^ clk (in)
                                                         clk (net)
                      0.616595    0.003380    5.573380 ^ wire3/A (sky130_fd_sc_hd__buf_4)
     3    0.045136    0.104020    0.157396    5.730776 ^ wire3/X (sky130_fd_sc_hd__buf_4)
                                                         net274 (net)
                      0.104711    0.006883    5.737659 ^ wire2/A (sky130_fd_sc_hd__buf_6)
     3    0.077490    0.119211    0.139108    5.876767 ^ wire2/X (sky130_fd_sc_hd__buf_6)
                                                         net273 (net)
                      0.123514    0.018058    5.894825 ^ wire1/A (sky130_fd_sc_hd__buf_6)
     3    0.079823    0.122571    0.143757    6.038581 ^ wire1/X (sky130_fd_sc_hd__buf_6)
                                                         net272 (net)
                      0.127195    0.018980    6.057562 ^ clkbuf_0_clk/A (sky130_fd_sc_hd__clkbuf_16)
     9    0.099027    0.088852    0.155639    6.213201 ^ clkbuf_0_clk/X (sky130_fd_sc_hd__clkbuf_16)
                                                         clknet_0_clk (net)
                      0.089796    0.007451    6.220652 ^ clkbuf_2_2__f_clk/A (sky130_fd_sc_hd__clkbuf_16)
    17    0.094715    0.085805    0.143094    6.363745 ^ clkbuf_2_2__f_clk/X (sky130_fd_sc_hd__clkbuf_16)
                                                         clknet_2_2__leaf_clk (net)
                      0.087296    0.009163    6.372908 ^ _148_/CLK (sky130_fd_sc_hd__dfrtp_4)
                                  0.087500    6.460408   clock uncertainty
                                  0.000000    6.460408   clock reconvergence pessimism
                                 -0.021695    6.438713   library hold time
                                              6.438713   data required time
---------------------------------------------------------------------------------------------
                                              6.438713   data required time
                                             -7.027366   data arrival time
---------------------------------------------------------------------------------------------
                                              0.588653   slack (MET)


Startpoint: wbs_adr_i[18] (input port clocked by clk)
Endpoint: _149_ (rising edge-triggered flip-flop clocked by clk)
Path Group: clk
Path Type: min

Fanout         Cap        Slew       Delay        Time   Description
---------------------------------------------------------------------------------------------
                                  0.000000    0.000000   clock clk (rise edge)
                                  4.650000    4.650000   clock network delay (propagated)
                                  0.790000    5.440000 ^ input external delay
     2    0.004484    0.070000    0.000000    5.440000 ^ wbs_adr_i[18] (in)
                                                         wbs_adr_i[18] (net)
                      0.070100    0.000049    5.440049 ^ input88/A (sky130_fd_sc_hd__clkbuf_1)
     1    0.004313    0.044854    0.064568    5.504617 ^ input88/X (sky130_fd_sc_hd__clkbuf_1)
                                                         net88 (net)
                      0.044854    0.000157    5.504774 ^ _045_/D (sky130_fd_sc_hd__or4_2)
     3    0.022543    0.088085    0.116544    5.621318 ^ _045_/X (sky130_fd_sc_hd__or4_2)
                                                         _036_ (net)
                      0.088174    0.002225    5.623543 ^ _048_/B (sky130_fd_sc_hd__nor4_1)
     1    0.007512    0.030491    0.051265    5.674808 v _048_/Y (sky130_fd_sc_hd__nor4_1)
                                                         _039_ (net)
                      0.030499    0.000365    5.675172 v hold4/A (sky130_fd_sc_hd__dlygate4sd3_1)
     1    0.007373    0.054132    0.371535    6.046707 v hold4/X (sky130_fd_sc_hd__dlygate4sd3_1)
                                                         net278 (net)
                      0.054132    0.000346    6.047054 v wire262/A (sky130_fd_sc_hd__buf_2)
     1    0.011351    0.030246    0.093959    6.141012 v wire262/X (sky130_fd_sc_hd__buf_2)
                                                         net262 (net)
                      0.030261    0.000615    6.141627 v hold5/A (sky130_fd_sc_hd__dlygate4sd3_1)
     7    0.056112    0.198684    0.502761    6.644389 v hold5/X (sky130_fd_sc_hd__dlygate4sd3_1)
                                                         net279 (net)
                      0.198715    0.002538    6.646927 v fanout260/A (sky130_fd_sc_hd__buf_4)
    33    0.118901    0.109834    0.221901    6.868828 v fanout260/X (sky130_fd_sc_hd__buf_4)
                                                         net260 (net)
                      0.113839    0.016061    6.884889 v _116_/C (sky130_fd_sc_hd__and3_1)
     1    0.003518    0.026364    0.143541    7.028430 v _116_/X (sky130_fd_sc_hd__and3_1)
                                                         _013_ (net)
                      0.026364    0.000108    7.028537 v _149_/D (sky130_fd_sc_hd__dfrtp_4)
                                              7.028537   data arrival time

                                  0.000000    0.000000   clock clk (rise edge)
                                  5.570000    5.570000   clock source latency
     2    0.031002    0.610000    0.000000    5.570000 ^ clk (in)
                                                         clk (net)
                      0.616595    0.003380    5.573380 ^ wire3/A (sky130_fd_sc_hd__buf_4)
     3    0.045136    0.104020    0.157396    5.730776 ^ wire3/X (sky130_fd_sc_hd__buf_4)
                                                         net274 (net)
                      0.104711    0.006883    5.737659 ^ wire2/A (sky130_fd_sc_hd__buf_6)
     3    0.077490    0.119211    0.139108    5.876767 ^ wire2/X (sky130_fd_sc_hd__buf_6)
                                                         net273 (net)
                      0.123514    0.018058    5.894825 ^ wire1/A (sky130_fd_sc_hd__buf_6)
     3    0.079823    0.122571    0.143757    6.038581 ^ wire1/X (sky130_fd_sc_hd__buf_6)
                                                         net272 (net)
                      0.127195    0.018980    6.057562 ^ clkbuf_0_clk/A (sky130_fd_sc_hd__clkbuf_16)
     9    0.099027    0.088852    0.155639    6.213201 ^ clkbuf_0_clk/X (sky130_fd_sc_hd__clkbuf_16)
                                                         clknet_0_clk (net)
                      0.089796    0.007451    6.220652 ^ clkbuf_2_2__f_clk/A (sky130_fd_sc_hd__clkbuf_16)
    17    0.094715    0.085805    0.143094    6.363745 ^ clkbuf_2_2__f_clk/X (sky130_fd_sc_hd__clkbuf_16)
                                                         clknet_2_2__leaf_clk (net)
                      0.087440    0.009597    6.373343 ^ _149_/CLK (sky130_fd_sc_hd__dfrtp_4)
                                  0.087500    6.460842   clock uncertainty
                                  0.000000    6.460842   clock reconvergence pessimism
                                 -0.021295    6.439548   library hold time
                                              6.439548   data required time
---------------------------------------------------------------------------------------------
                                              6.439548   data required time
                                             -7.028537   data arrival time
---------------------------------------------------------------------------------------------
                                              0.588990   slack (MET)


Startpoint: wbs_adr_i[18] (input port clocked by clk)
Endpoint: _150_ (rising edge-triggered flip-flop clocked by clk)
Path Group: clk
Path Type: min

Fanout         Cap        Slew       Delay        Time   Description
---------------------------------------------------------------------------------------------
                                  0.000000    0.000000   clock clk (rise edge)
                                  4.650000    4.650000   clock network delay (propagated)
                                  0.790000    5.440000 ^ input external delay
     2    0.004484    0.070000    0.000000    5.440000 ^ wbs_adr_i[18] (in)
                                                         wbs_adr_i[18] (net)
                      0.070100    0.000049    5.440049 ^ input88/A (sky130_fd_sc_hd__clkbuf_1)
     1    0.004313    0.044854    0.064568    5.504617 ^ input88/X (sky130_fd_sc_hd__clkbuf_1)
                                                         net88 (net)
                      0.044854    0.000157    5.504774 ^ _045_/D (sky130_fd_sc_hd__or4_2)
     3    0.022543    0.088085    0.116544    5.621318 ^ _045_/X (sky130_fd_sc_hd__or4_2)
                                                         _036_ (net)
                      0.088174    0.002225    5.623543 ^ _048_/B (sky130_fd_sc_hd__nor4_1)
     1    0.007512    0.030491    0.051265    5.674808 v _048_/Y (sky130_fd_sc_hd__nor4_1)
                                                         _039_ (net)
                      0.030499    0.000365    5.675172 v hold4/A (sky130_fd_sc_hd__dlygate4sd3_1)
     1    0.007373    0.054132    0.371535    6.046707 v hold4/X (sky130_fd_sc_hd__dlygate4sd3_1)
                                                         net278 (net)
                      0.054132    0.000346    6.047054 v wire262/A (sky130_fd_sc_hd__buf_2)
     1    0.011351    0.030246    0.093959    6.141012 v wire262/X (sky130_fd_sc_hd__buf_2)
                                                         net262 (net)
                      0.030261    0.000615    6.141627 v hold5/A (sky130_fd_sc_hd__dlygate4sd3_1)
     7    0.056112    0.198684    0.502761    6.644389 v hold5/X (sky130_fd_sc_hd__dlygate4sd3_1)
                                                         net279 (net)
                      0.198715    0.002538    6.646927 v fanout260/A (sky130_fd_sc_hd__buf_4)
    33    0.118901    0.109834    0.221901    6.868828 v fanout260/X (sky130_fd_sc_hd__buf_4)
                                                         net260 (net)
                      0.114143    0.016643    6.885471 v _117_/C (sky130_fd_sc_hd__and3_1)
     1    0.003604    0.026684    0.144062    7.029533 v _117_/X (sky130_fd_sc_hd__and3_1)
                                                         _014_ (net)
                      0.026684    0.000114    7.029647 v _150_/D (sky130_fd_sc_hd__dfrtp_4)
                                              7.029647   data arrival time

                                  0.000000    0.000000   clock clk (rise edge)
                                  5.570000    5.570000   clock source latency
     2    0.031002    0.610000    0.000000    5.570000 ^ clk (in)
                                                         clk (net)
                      0.616595    0.003380    5.573380 ^ wire3/A (sky130_fd_sc_hd__buf_4)
     3    0.045136    0.104020    0.157396    5.730776 ^ wire3/X (sky130_fd_sc_hd__buf_4)
                                                         net274 (net)
                      0.104711    0.006883    5.737659 ^ wire2/A (sky130_fd_sc_hd__buf_6)
     3    0.077490    0.119211    0.139108    5.876767 ^ wire2/X (sky130_fd_sc_hd__buf_6)
                                                         net273 (net)
                      0.123514    0.018058    5.894825 ^ wire1/A (sky130_fd_sc_hd__buf_6)
     3    0.079823    0.122571    0.143757    6.038581 ^ wire1/X (sky130_fd_sc_hd__buf_6)
                                                         net272 (net)
                      0.127195    0.018980    6.057562 ^ clkbuf_0_clk/A (sky130_fd_sc_hd__clkbuf_16)
     9    0.099027    0.088852    0.155639    6.213201 ^ clkbuf_0_clk/X (sky130_fd_sc_hd__clkbuf_16)
                                                         clknet_0_clk (net)
                      0.089796    0.007451    6.220652 ^ clkbuf_2_2__f_clk/A (sky130_fd_sc_hd__clkbuf_16)
    17    0.094715    0.085805    0.143094    6.363745 ^ clkbuf_2_2__f_clk/X (sky130_fd_sc_hd__clkbuf_16)
                                                         clknet_2_2__leaf_clk (net)
                      0.087540    0.009885    6.373631 ^ _150_/CLK (sky130_fd_sc_hd__dfrtp_4)
                                  0.087500    6.461131   clock uncertainty
                                  0.000000    6.461131   clock reconvergence pessimism
                                 -0.021388    6.439742   library hold time
                                              6.439742   data required time
---------------------------------------------------------------------------------------------
                                              6.439742   data required time
                                             -7.029647   data arrival time
---------------------------------------------------------------------------------------------
                                              0.589905   slack (MET)


Startpoint: wbs_adr_i[18] (input port clocked by clk)
Endpoint: _159_ (rising edge-triggered flip-flop clocked by clk)
Path Group: clk
Path Type: min

Fanout         Cap        Slew       Delay        Time   Description
---------------------------------------------------------------------------------------------
                                  0.000000    0.000000   clock clk (rise edge)
                                  4.650000    4.650000   clock network delay (propagated)
                                  0.790000    5.440000 ^ input external delay
     2    0.004484    0.070000    0.000000    5.440000 ^ wbs_adr_i[18] (in)
                                                         wbs_adr_i[18] (net)
                      0.070100    0.000049    5.440049 ^ input88/A (sky130_fd_sc_hd__clkbuf_1)
     1    0.004313    0.044854    0.064568    5.504617 ^ input88/X (sky130_fd_sc_hd__clkbuf_1)
                                                         net88 (net)
                      0.044854    0.000157    5.504774 ^ _045_/D (sky130_fd_sc_hd__or4_2)
     3    0.022543    0.088085    0.116544    5.621318 ^ _045_/X (sky130_fd_sc_hd__or4_2)
                                                         _036_ (net)
                      0.088174    0.002225    5.623543 ^ _048_/B (sky130_fd_sc_hd__nor4_1)
     1    0.007512    0.030491    0.051265    5.674808 v _048_/Y (sky130_fd_sc_hd__nor4_1)
                                                         _039_ (net)
                      0.030499    0.000365    5.675172 v hold4/A (sky130_fd_sc_hd__dlygate4sd3_1)
     1    0.007373    0.054132    0.371535    6.046707 v hold4/X (sky130_fd_sc_hd__dlygate4sd3_1)
                                                         net278 (net)
                      0.054132    0.000346    6.047054 v wire262/A (sky130_fd_sc_hd__buf_2)
     1    0.011351    0.030246    0.093959    6.141012 v wire262/X (sky130_fd_sc_hd__buf_2)
                                                         net262 (net)
                      0.030261    0.000615    6.141627 v hold5/A (sky130_fd_sc_hd__dlygate4sd3_1)
     7    0.056112    0.198684    0.502761    6.644389 v hold5/X (sky130_fd_sc_hd__dlygate4sd3_1)
                                                         net279 (net)
                      0.198715    0.002538    6.646927 v fanout260/A (sky130_fd_sc_hd__buf_4)
    33    0.118901    0.109834    0.221901    6.868828 v fanout260/X (sky130_fd_sc_hd__buf_4)
                                                         net260 (net)
                      0.114572    0.017432    6.886260 v _126_/C (sky130_fd_sc_hd__and3_1)
     1    0.004047    0.027961    0.145852    7.032113 v _126_/X (sky130_fd_sc_hd__and3_1)
                                                         _024_ (net)
                      0.027961    0.000127    7.032239 v _159_/D (sky130_fd_sc_hd__dfrtp_4)
                                              7.032239   data arrival time

                                  0.000000    0.000000   clock clk (rise edge)
                                  5.570000    5.570000   clock source latency
     2    0.031002    0.610000    0.000000    5.570000 ^ clk (in)
                                                         clk (net)
                      0.616595    0.003380    5.573380 ^ wire3/A (sky130_fd_sc_hd__buf_4)
     3    0.045136    0.104020    0.157396    5.730776 ^ wire3/X (sky130_fd_sc_hd__buf_4)
                                                         net274 (net)
                      0.104711    0.006883    5.737659 ^ wire2/A (sky130_fd_sc_hd__buf_6)
     3    0.077490    0.119211    0.139108    5.876767 ^ wire2/X (sky130_fd_sc_hd__buf_6)
                                                         net273 (net)
                      0.123514    0.018058    5.894825 ^ wire1/A (sky130_fd_sc_hd__buf_6)
     3    0.079823    0.122571    0.143757    6.038581 ^ wire1/X (sky130_fd_sc_hd__buf_6)
                                                         net272 (net)
                      0.127195    0.018980    6.057562 ^ clkbuf_0_clk/A (sky130_fd_sc_hd__clkbuf_16)
     9    0.099027    0.088852    0.155639    6.213201 ^ clkbuf_0_clk/X (sky130_fd_sc_hd__clkbuf_16)
                                                         clknet_0_clk (net)
                      0.089796    0.007451    6.220652 ^ clkbuf_2_2__f_clk/A (sky130_fd_sc_hd__clkbuf_16)
    17    0.094715    0.085805    0.143094    6.363745 ^ clkbuf_2_2__f_clk/X (sky130_fd_sc_hd__clkbuf_16)
                                                         clknet_2_2__leaf_clk (net)
                      0.087612    0.010092    6.373837 ^ _159_/CLK (sky130_fd_sc_hd__dfrtp_4)
                                  0.087500    6.461338   clock uncertainty
                                  0.000000    6.461338   clock reconvergence pessimism
                                 -0.021793    6.439545   library hold time
                                              6.439545   data required time
---------------------------------------------------------------------------------------------
                                              6.439545   data required time
                                             -7.032239   data arrival time
---------------------------------------------------------------------------------------------
                                              0.592694   slack (MET)


Startpoint: wbs_adr_i[18] (input port clocked by clk)
Endpoint: _141_ (rising edge-triggered flip-flop clocked by clk)
Path Group: clk
Path Type: min

Fanout         Cap        Slew       Delay        Time   Description
---------------------------------------------------------------------------------------------
                                  0.000000    0.000000   clock clk (rise edge)
                                  4.650000    4.650000   clock network delay (propagated)
                                  0.790000    5.440000 ^ input external delay
     2    0.004484    0.070000    0.000000    5.440000 ^ wbs_adr_i[18] (in)
                                                         wbs_adr_i[18] (net)
                      0.070100    0.000049    5.440049 ^ input88/A (sky130_fd_sc_hd__clkbuf_1)
     1    0.004313    0.044854    0.064568    5.504617 ^ input88/X (sky130_fd_sc_hd__clkbuf_1)
                                                         net88 (net)
                      0.044854    0.000157    5.504774 ^ _045_/D (sky130_fd_sc_hd__or4_2)
     3    0.022543    0.088085    0.116544    5.621318 ^ _045_/X (sky130_fd_sc_hd__or4_2)
                                                         _036_ (net)
                      0.088174    0.002225    5.623543 ^ _048_/B (sky130_fd_sc_hd__nor4_1)
     1    0.007512    0.030491    0.051265    5.674808 v _048_/Y (sky130_fd_sc_hd__nor4_1)
                                                         _039_ (net)
                      0.030499    0.000365    5.675172 v hold4/A (sky130_fd_sc_hd__dlygate4sd3_1)
     1    0.007373    0.054132    0.371535    6.046707 v hold4/X (sky130_fd_sc_hd__dlygate4sd3_1)
                                                         net278 (net)
                      0.054132    0.000346    6.047054 v wire262/A (sky130_fd_sc_hd__buf_2)
     1    0.011351    0.030246    0.093959    6.141012 v wire262/X (sky130_fd_sc_hd__buf_2)
                                                         net262 (net)
                      0.030261    0.000615    6.141627 v hold5/A (sky130_fd_sc_hd__dlygate4sd3_1)
     7    0.056112    0.198684    0.502761    6.644389 v hold5/X (sky130_fd_sc_hd__dlygate4sd3_1)
                                                         net279 (net)
                      0.198914    0.005955    6.650343 v fanout261/A (sky130_fd_sc_hd__buf_4)
    33    0.124086    0.114562    0.219883    6.870227 v fanout261/X (sky130_fd_sc_hd__buf_4)
                                                         net261 (net)
                      0.117690    0.014605    6.884831 v _108_/C (sky130_fd_sc_hd__and3_1)
     1    0.003234    0.026836    0.143813    7.028645 v _108_/X (sky130_fd_sc_hd__and3_1)
                                                         _004_ (net)
                      0.026837    0.000098    7.028742 v _141_/D (sky130_fd_sc_hd__dfrtp_2)
                                              7.028742   data arrival time

                                  0.000000    0.000000   clock clk (rise edge)
                                  5.570000    5.570000   clock source latency
     2    0.031002    0.610000    0.000000    5.570000 ^ clk (in)
                                                         clk (net)
                      0.616595    0.003380    5.573380 ^ wire3/A (sky130_fd_sc_hd__buf_4)
     3    0.045136    0.104020    0.157396    5.730776 ^ wire3/X (sky130_fd_sc_hd__buf_4)
                                                         net274 (net)
                      0.104711    0.006883    5.737659 ^ wire2/A (sky130_fd_sc_hd__buf_6)
     3    0.077490    0.119211    0.139108    5.876767 ^ wire2/X (sky130_fd_sc_hd__buf_6)
                                                         net273 (net)
                      0.123514    0.018058    5.894825 ^ wire1/A (sky130_fd_sc_hd__buf_6)
     3    0.079823    0.122571    0.143757    6.038581 ^ wire1/X (sky130_fd_sc_hd__buf_6)
                                                         net272 (net)
                      0.127195    0.018980    6.057562 ^ clkbuf_0_clk/A (sky130_fd_sc_hd__clkbuf_16)
     9    0.099027    0.088852    0.155639    6.213201 ^ clkbuf_0_clk/X (sky130_fd_sc_hd__clkbuf_16)
                                                         clknet_0_clk (net)
                      0.090050    0.008380    6.221581 ^ clkbuf_2_0__f_clk/A (sky130_fd_sc_hd__clkbuf_16)
    17    0.096864    0.087461    0.144135    6.365716 ^ clkbuf_2_0__f_clk/X (sky130_fd_sc_hd__clkbuf_16)
                                                         clknet_2_0__leaf_clk (net)
                      0.087772    0.004352    6.370068 ^ _141_/CLK (sky130_fd_sc_hd__dfrtp_2)
                                  0.087500    6.457568   clock uncertainty
                                  0.000000    6.457568   clock reconvergence pessimism
                                 -0.022406    6.435162   library hold time
                                              6.435162   data required time
---------------------------------------------------------------------------------------------
                                              6.435162   data required time
                                             -7.028742   data arrival time
---------------------------------------------------------------------------------------------
                                              0.593581   slack (MET)


Startpoint: wbs_adr_i[18] (input port clocked by clk)
Endpoint: _135_ (rising edge-triggered flip-flop clocked by clk)
Path Group: clk
Path Type: min

Fanout         Cap        Slew       Delay        Time   Description
---------------------------------------------------------------------------------------------
                                  0.000000    0.000000   clock clk (rise edge)
                                  4.650000    4.650000   clock network delay (propagated)
                                  0.790000    5.440000 ^ input external delay
     2    0.004484    0.070000    0.000000    5.440000 ^ wbs_adr_i[18] (in)
                                                         wbs_adr_i[18] (net)
                      0.070100    0.000049    5.440049 ^ input88/A (sky130_fd_sc_hd__clkbuf_1)
     1    0.004313    0.044854    0.064568    5.504617 ^ input88/X (sky130_fd_sc_hd__clkbuf_1)
                                                         net88 (net)
                      0.044854    0.000157    5.504774 ^ _045_/D (sky130_fd_sc_hd__or4_2)
     3    0.022543    0.088085    0.116544    5.621318 ^ _045_/X (sky130_fd_sc_hd__or4_2)
                                                         _036_ (net)
                      0.088174    0.002225    5.623543 ^ _048_/B (sky130_fd_sc_hd__nor4_1)
     1    0.007512    0.030491    0.051265    5.674808 v _048_/Y (sky130_fd_sc_hd__nor4_1)
                                                         _039_ (net)
                      0.030499    0.000365    5.675172 v hold4/A (sky130_fd_sc_hd__dlygate4sd3_1)
     1    0.007373    0.054132    0.371535    6.046707 v hold4/X (sky130_fd_sc_hd__dlygate4sd3_1)
                                                         net278 (net)
                      0.054132    0.000346    6.047054 v wire262/A (sky130_fd_sc_hd__buf_2)
     1    0.011351    0.030246    0.093959    6.141012 v wire262/X (sky130_fd_sc_hd__buf_2)
                                                         net262 (net)
                      0.030261    0.000615    6.141627 v hold5/A (sky130_fd_sc_hd__dlygate4sd3_1)
     7    0.056112    0.198684    0.502761    6.644389 v hold5/X (sky130_fd_sc_hd__dlygate4sd3_1)
                                                         net279 (net)
                      0.198914    0.005955    6.650343 v fanout261/A (sky130_fd_sc_hd__buf_4)
    33    0.124086    0.114562    0.219883    6.870227 v fanout261/X (sky130_fd_sc_hd__buf_4)
                                                         net261 (net)
                      0.123790    0.024385    6.894612 v _102_/C (sky130_fd_sc_hd__and3_1)
     1    0.002954    0.025420    0.144988    7.039601 v _102_/X (sky130_fd_sc_hd__and3_1)
                                                         _029_ (net)
                      0.025420    0.000085    7.039686 v _135_/D (sky130_fd_sc_hd__dfrtp_4)
                                              7.039686   data arrival time

                                  0.000000    0.000000   clock clk (rise edge)
                                  5.570000    5.570000   clock source latency
     2    0.031002    0.610000    0.000000    5.570000 ^ clk (in)
                                                         clk (net)
                      0.616595    0.003380    5.573380 ^ wire3/A (sky130_fd_sc_hd__buf_4)
     3    0.045136    0.104020    0.157396    5.730776 ^ wire3/X (sky130_fd_sc_hd__buf_4)
                                                         net274 (net)
                      0.104711    0.006883    5.737659 ^ wire2/A (sky130_fd_sc_hd__buf_6)
     3    0.077490    0.119211    0.139108    5.876767 ^ wire2/X (sky130_fd_sc_hd__buf_6)
                                                         net273 (net)
                      0.123514    0.018058    5.894825 ^ wire1/A (sky130_fd_sc_hd__buf_6)
     3    0.079823    0.122571    0.143757    6.038581 ^ wire1/X (sky130_fd_sc_hd__buf_6)
                                                         net272 (net)
                      0.127195    0.018980    6.057562 ^ clkbuf_0_clk/A (sky130_fd_sc_hd__clkbuf_16)
     9    0.099027    0.088852    0.155639    6.213201 ^ clkbuf_0_clk/X (sky130_fd_sc_hd__clkbuf_16)
                                                         clknet_0_clk (net)
                      0.090050    0.008380    6.221581 ^ clkbuf_2_0__f_clk/A (sky130_fd_sc_hd__clkbuf_16)
    17    0.096864    0.087461    0.144135    6.365716 ^ clkbuf_2_0__f_clk/X (sky130_fd_sc_hd__clkbuf_16)
                                                         clknet_2_0__leaf_clk (net)
                      0.089059    0.009579    6.375296 ^ _135_/CLK (sky130_fd_sc_hd__dfrtp_4)
                                  0.087500    6.462795   clock uncertainty
                                  0.000000    6.462795   clock reconvergence pessimism
                                 -0.020831    6.441965   library hold time
                                              6.441965   data required time
---------------------------------------------------------------------------------------------
                                              6.441965   data required time
                                             -7.039686   data arrival time
---------------------------------------------------------------------------------------------
                                              0.597721   slack (MET)


Startpoint: wbs_adr_i[18] (input port clocked by clk)
Endpoint: _136_ (rising edge-triggered flip-flop clocked by clk)
Path Group: clk
Path Type: min

Fanout         Cap        Slew       Delay        Time   Description
---------------------------------------------------------------------------------------------
                                  0.000000    0.000000   clock clk (rise edge)
                                  4.650000    4.650000   clock network delay (propagated)
                                  0.790000    5.440000 ^ input external delay
     2    0.004484    0.070000    0.000000    5.440000 ^ wbs_adr_i[18] (in)
                                                         wbs_adr_i[18] (net)
                      0.070100    0.000049    5.440049 ^ input88/A (sky130_fd_sc_hd__clkbuf_1)
     1    0.004313    0.044854    0.064568    5.504617 ^ input88/X (sky130_fd_sc_hd__clkbuf_1)
                                                         net88 (net)
                      0.044854    0.000157    5.504774 ^ _045_/D (sky130_fd_sc_hd__or4_2)
     3    0.022543    0.088085    0.116544    5.621318 ^ _045_/X (sky130_fd_sc_hd__or4_2)
                                                         _036_ (net)
                      0.088174    0.002225    5.623543 ^ _048_/B (sky130_fd_sc_hd__nor4_1)
     1    0.007512    0.030491    0.051265    5.674808 v _048_/Y (sky130_fd_sc_hd__nor4_1)
                                                         _039_ (net)
                      0.030499    0.000365    5.675172 v hold4/A (sky130_fd_sc_hd__dlygate4sd3_1)
     1    0.007373    0.054132    0.371535    6.046707 v hold4/X (sky130_fd_sc_hd__dlygate4sd3_1)
                                                         net278 (net)
                      0.054132    0.000346    6.047054 v wire262/A (sky130_fd_sc_hd__buf_2)
     1    0.011351    0.030246    0.093959    6.141012 v wire262/X (sky130_fd_sc_hd__buf_2)
                                                         net262 (net)
                      0.030261    0.000615    6.141627 v hold5/A (sky130_fd_sc_hd__dlygate4sd3_1)
     7    0.056112    0.198684    0.502761    6.644389 v hold5/X (sky130_fd_sc_hd__dlygate4sd3_1)
                                                         net279 (net)
                      0.198914    0.005955    6.650343 v fanout261/A (sky130_fd_sc_hd__buf_4)
    33    0.124086    0.114562    0.219883    6.870227 v fanout261/X (sky130_fd_sc_hd__buf_4)
                                                         net261 (net)
                      0.124834    0.025717    6.895944 v _103_/C (sky130_fd_sc_hd__and3_1)
     1    0.002837    0.025595    0.144853    7.040796 v _103_/X (sky130_fd_sc_hd__and3_1)
                                                         _030_ (net)
                      0.025595    0.000082    7.040878 v _136_/D (sky130_fd_sc_hd__dfrtp_4)
                                              7.040878   data arrival time

                                  0.000000    0.000000   clock clk (rise edge)
                                  5.570000    5.570000   clock source latency
     2    0.031002    0.610000    0.000000    5.570000 ^ clk (in)
                                                         clk (net)
                      0.616595    0.003380    5.573380 ^ wire3/A (sky130_fd_sc_hd__buf_4)
     3    0.045136    0.104020    0.157396    5.730776 ^ wire3/X (sky130_fd_sc_hd__buf_4)
                                                         net274 (net)
                      0.104711    0.006883    5.737659 ^ wire2/A (sky130_fd_sc_hd__buf_6)
     3    0.077490    0.119211    0.139108    5.876767 ^ wire2/X (sky130_fd_sc_hd__buf_6)
                                                         net273 (net)
                      0.123514    0.018058    5.894825 ^ wire1/A (sky130_fd_sc_hd__buf_6)
     3    0.079823    0.122571    0.143757    6.038581 ^ wire1/X (sky130_fd_sc_hd__buf_6)
                                                         net272 (net)
                      0.127195    0.018980    6.057562 ^ clkbuf_0_clk/A (sky130_fd_sc_hd__clkbuf_16)
     9    0.099027    0.088852    0.155639    6.213201 ^ clkbuf_0_clk/X (sky130_fd_sc_hd__clkbuf_16)
                                                         clknet_0_clk (net)
                      0.090050    0.008380    6.221581 ^ clkbuf_2_0__f_clk/A (sky130_fd_sc_hd__clkbuf_16)
    17    0.096864    0.087461    0.144135    6.365716 ^ clkbuf_2_0__f_clk/X (sky130_fd_sc_hd__clkbuf_16)
                                                         clknet_2_0__leaf_clk (net)
                      0.089319    0.010330    6.376047 ^ _136_/CLK (sky130_fd_sc_hd__dfrtp_4)
                                  0.087500    6.463546   clock uncertainty
                                  0.000000    6.463546   clock reconvergence pessimism
                                 -0.020862    6.442684   library hold time
                                              6.442684   data required time
---------------------------------------------------------------------------------------------
                                              6.442684   data required time
                                             -7.040878   data arrival time
---------------------------------------------------------------------------------------------
                                              0.598194   slack (MET)


Startpoint: wbs_adr_i[18] (input port clocked by clk)
Endpoint: _137_ (rising edge-triggered flip-flop clocked by clk)
Path Group: clk
Path Type: min

Fanout         Cap        Slew       Delay        Time   Description
---------------------------------------------------------------------------------------------
                                  0.000000    0.000000   clock clk (rise edge)
                                  4.650000    4.650000   clock network delay (propagated)
                                  0.790000    5.440000 ^ input external delay
     2    0.004484    0.070000    0.000000    5.440000 ^ wbs_adr_i[18] (in)
                                                         wbs_adr_i[18] (net)
                      0.070100    0.000049    5.440049 ^ input88/A (sky130_fd_sc_hd__clkbuf_1)
     1    0.004313    0.044854    0.064568    5.504617 ^ input88/X (sky130_fd_sc_hd__clkbuf_1)
                                                         net88 (net)
                      0.044854    0.000157    5.504774 ^ _045_/D (sky130_fd_sc_hd__or4_2)
     3    0.022543    0.088085    0.116544    5.621318 ^ _045_/X (sky130_fd_sc_hd__or4_2)
                                                         _036_ (net)
                      0.088174    0.002225    5.623543 ^ _048_/B (sky130_fd_sc_hd__nor4_1)
     1    0.007512    0.030491    0.051265    5.674808 v _048_/Y (sky130_fd_sc_hd__nor4_1)
                                                         _039_ (net)
                      0.030499    0.000365    5.675172 v hold4/A (sky130_fd_sc_hd__dlygate4sd3_1)
     1    0.007373    0.054132    0.371535    6.046707 v hold4/X (sky130_fd_sc_hd__dlygate4sd3_1)
                                                         net278 (net)
                      0.054132    0.000346    6.047054 v wire262/A (sky130_fd_sc_hd__buf_2)
     1    0.011351    0.030246    0.093959    6.141012 v wire262/X (sky130_fd_sc_hd__buf_2)
                                                         net262 (net)
                      0.030261    0.000615    6.141627 v hold5/A (sky130_fd_sc_hd__dlygate4sd3_1)
     7    0.056112    0.198684    0.502761    6.644389 v hold5/X (sky130_fd_sc_hd__dlygate4sd3_1)
                                                         net279 (net)
                      0.198914    0.005955    6.650343 v fanout261/A (sky130_fd_sc_hd__buf_4)
    33    0.124086    0.114562    0.219883    6.870227 v fanout261/X (sky130_fd_sc_hd__buf_4)
                                                         net261 (net)
                      0.124572    0.025388    6.895615 v _104_/C (sky130_fd_sc_hd__and3_1)
     1    0.003122    0.026001    0.146065    7.041680 v _104_/X (sky130_fd_sc_hd__and3_1)
                                                         _031_ (net)
                      0.026001    0.000089    7.041769 v _137_/D (sky130_fd_sc_hd__dfrtp_4)
                                              7.041769   data arrival time

                                  0.000000    0.000000   clock clk (rise edge)
                                  5.570000    5.570000   clock source latency
     2    0.031002    0.610000    0.000000    5.570000 ^ clk (in)
                                                         clk (net)
                      0.616595    0.003380    5.573380 ^ wire3/A (sky130_fd_sc_hd__buf_4)
     3    0.045136    0.104020    0.157396    5.730776 ^ wire3/X (sky130_fd_sc_hd__buf_4)
                                                         net274 (net)
                      0.104711    0.006883    5.737659 ^ wire2/A (sky130_fd_sc_hd__buf_6)
     3    0.077490    0.119211    0.139108    5.876767 ^ wire2/X (sky130_fd_sc_hd__buf_6)
                                                         net273 (net)
                      0.123514    0.018058    5.894825 ^ wire1/A (sky130_fd_sc_hd__buf_6)
     3    0.079823    0.122571    0.143757    6.038581 ^ wire1/X (sky130_fd_sc_hd__buf_6)
                                                         net272 (net)
                      0.127195    0.018980    6.057562 ^ clkbuf_0_clk/A (sky130_fd_sc_hd__clkbuf_16)
     9    0.099027    0.088852    0.155639    6.213201 ^ clkbuf_0_clk/X (sky130_fd_sc_hd__clkbuf_16)
                                                         clknet_0_clk (net)
                      0.090050    0.008380    6.221581 ^ clkbuf_2_0__f_clk/A (sky130_fd_sc_hd__clkbuf_16)
    17    0.096864    0.087461    0.144135    6.365716 ^ clkbuf_2_0__f_clk/X (sky130_fd_sc_hd__clkbuf_16)
                                                         clknet_2_0__leaf_clk (net)
                      0.089238    0.010101    6.375817 ^ _137_/CLK (sky130_fd_sc_hd__dfrtp_4)
                                  0.087500    6.463317   clock uncertainty
                                  0.000000    6.463317   clock reconvergence pessimism
                                 -0.021001    6.442317   library hold time
                                              6.442317   data required time
---------------------------------------------------------------------------------------------
                                              6.442317   data required time
                                             -7.041769   data arrival time
---------------------------------------------------------------------------------------------
                                              0.599452   slack (MET)


Startpoint: wbs_adr_i[18] (input port clocked by clk)
Endpoint: _151_ (rising edge-triggered flip-flop clocked by clk)
Path Group: clk
Path Type: min

Fanout         Cap        Slew       Delay        Time   Description
---------------------------------------------------------------------------------------------
                                  0.000000    0.000000   clock clk (rise edge)
                                  4.650000    4.650000   clock network delay (propagated)
                                  0.790000    5.440000 ^ input external delay
     2    0.004484    0.070000    0.000000    5.440000 ^ wbs_adr_i[18] (in)
                                                         wbs_adr_i[18] (net)
                      0.070100    0.000049    5.440049 ^ input88/A (sky130_fd_sc_hd__clkbuf_1)
     1    0.004313    0.044854    0.064568    5.504617 ^ input88/X (sky130_fd_sc_hd__clkbuf_1)
                                                         net88 (net)
                      0.044854    0.000157    5.504774 ^ _045_/D (sky130_fd_sc_hd__or4_2)
     3    0.022543    0.088085    0.116544    5.621318 ^ _045_/X (sky130_fd_sc_hd__or4_2)
                                                         _036_ (net)
                      0.088174    0.002225    5.623543 ^ _048_/B (sky130_fd_sc_hd__nor4_1)
     1    0.007512    0.030491    0.051265    5.674808 v _048_/Y (sky130_fd_sc_hd__nor4_1)
                                                         _039_ (net)
                      0.030499    0.000365    5.675172 v hold4/A (sky130_fd_sc_hd__dlygate4sd3_1)
     1    0.007373    0.054132    0.371535    6.046707 v hold4/X (sky130_fd_sc_hd__dlygate4sd3_1)
                                                         net278 (net)
                      0.054132    0.000346    6.047054 v wire262/A (sky130_fd_sc_hd__buf_2)
     1    0.011351    0.030246    0.093959    6.141012 v wire262/X (sky130_fd_sc_hd__buf_2)
                                                         net262 (net)
                      0.030261    0.000615    6.141627 v hold5/A (sky130_fd_sc_hd__dlygate4sd3_1)
     7    0.056112    0.198684    0.502761    6.644389 v hold5/X (sky130_fd_sc_hd__dlygate4sd3_1)
                                                         net279 (net)
                      0.198715    0.002538    6.646927 v fanout260/A (sky130_fd_sc_hd__buf_4)
    33    0.118901    0.109834    0.221901    6.868828 v fanout260/X (sky130_fd_sc_hd__buf_4)
                                                         net260 (net)
                      0.114280    0.016899    6.885727 v _118_/C (sky130_fd_sc_hd__and3_1)
     1    0.002844    0.024464    0.140636    7.026363 v _118_/X (sky130_fd_sc_hd__and3_1)
                                                         _015_ (net)
                      0.024464    0.000080    7.026443 v _151_/D (sky130_fd_sc_hd__dfrtp_4)
                                              7.026443   data arrival time

                                  0.000000    0.000000   clock clk (rise edge)
                                  5.570000    5.570000   clock source latency
     2    0.031002    0.610000    0.000000    5.570000 ^ clk (in)
                                                         clk (net)
                      0.616595    0.003380    5.573380 ^ wire3/A (sky130_fd_sc_hd__buf_4)
     3    0.045136    0.104020    0.157396    5.730776 ^ wire3/X (sky130_fd_sc_hd__buf_4)
                                                         net274 (net)
                      0.104711    0.006883    5.737659 ^ wire2/A (sky130_fd_sc_hd__buf_6)
     3    0.077490    0.119211    0.139108    5.876767 ^ wire2/X (sky130_fd_sc_hd__buf_6)
                                                         net273 (net)
                      0.123514    0.018058    5.894825 ^ wire1/A (sky130_fd_sc_hd__buf_6)
     3    0.079823    0.122571    0.143757    6.038581 ^ wire1/X (sky130_fd_sc_hd__buf_6)
                                                         net272 (net)
                      0.127195    0.018980    6.057562 ^ clkbuf_0_clk/A (sky130_fd_sc_hd__clkbuf_16)
     9    0.099027    0.088852    0.155639    6.213201 ^ clkbuf_0_clk/X (sky130_fd_sc_hd__clkbuf_16)
                                                         clknet_0_clk (net)
                      0.089797    0.007454    6.220655 ^ clkbuf_2_3__f_clk/A (sky130_fd_sc_hd__clkbuf_16)
    21    0.071648    0.068794    0.128408    6.349064 ^ clkbuf_2_3__f_clk/X (sky130_fd_sc_hd__clkbuf_16)
                                                         clknet_2_3__leaf_clk (net)
                      0.072206    0.012144    6.361207 ^ _151_/CLK (sky130_fd_sc_hd__dfrtp_4)
                                  0.087500    6.448707   clock uncertainty
                                  0.000000    6.448707   clock reconvergence pessimism
                                 -0.022181    6.426527   library hold time
                                              6.426527   data required time
---------------------------------------------------------------------------------------------
                                              6.426527   data required time
                                             -7.026443   data arrival time
---------------------------------------------------------------------------------------------
                                              0.599916   slack (MET)


Startpoint: wbs_adr_i[18] (input port clocked by clk)
Endpoint: _140_ (rising edge-triggered flip-flop clocked by clk)
Path Group: clk
Path Type: min

Fanout         Cap        Slew       Delay        Time   Description
---------------------------------------------------------------------------------------------
                                  0.000000    0.000000   clock clk (rise edge)
                                  4.650000    4.650000   clock network delay (propagated)
                                  0.790000    5.440000 ^ input external delay
     2    0.004484    0.070000    0.000000    5.440000 ^ wbs_adr_i[18] (in)
                                                         wbs_adr_i[18] (net)
                      0.070100    0.000049    5.440049 ^ input88/A (sky130_fd_sc_hd__clkbuf_1)
     1    0.004313    0.044854    0.064568    5.504617 ^ input88/X (sky130_fd_sc_hd__clkbuf_1)
                                                         net88 (net)
                      0.044854    0.000157    5.504774 ^ _045_/D (sky130_fd_sc_hd__or4_2)
     3    0.022543    0.088085    0.116544    5.621318 ^ _045_/X (sky130_fd_sc_hd__or4_2)
                                                         _036_ (net)
                      0.088174    0.002225    5.623543 ^ _048_/B (sky130_fd_sc_hd__nor4_1)
     1    0.007512    0.030491    0.051265    5.674808 v _048_/Y (sky130_fd_sc_hd__nor4_1)
                                                         _039_ (net)
                      0.030499    0.000365    5.675172 v hold4/A (sky130_fd_sc_hd__dlygate4sd3_1)
     1    0.007373    0.054132    0.371535    6.046707 v hold4/X (sky130_fd_sc_hd__dlygate4sd3_1)
                                                         net278 (net)
                      0.054132    0.000346    6.047054 v wire262/A (sky130_fd_sc_hd__buf_2)
     1    0.011351    0.030246    0.093959    6.141012 v wire262/X (sky130_fd_sc_hd__buf_2)
                                                         net262 (net)
                      0.030261    0.000615    6.141627 v hold5/A (sky130_fd_sc_hd__dlygate4sd3_1)
     7    0.056112    0.198684    0.502761    6.644389 v hold5/X (sky130_fd_sc_hd__dlygate4sd3_1)
                                                         net279 (net)
                      0.198914    0.005955    6.650343 v fanout261/A (sky130_fd_sc_hd__buf_4)
    33    0.124086    0.114562    0.219883    6.870227 v fanout261/X (sky130_fd_sc_hd__buf_4)
                                                         net261 (net)
                      0.121229    0.020811    6.891038 v _107_/C (sky130_fd_sc_hd__and3_1)
     1    0.002374    0.024063    0.141316    7.032354 v _107_/X (sky130_fd_sc_hd__and3_1)
                                                         _003_ (net)
                      0.024063    0.000066    7.032420 v _140_/D (sky130_fd_sc_hd__dfrtp_2)
                                              7.032420   data arrival time

                                  0.000000    0.000000   clock clk (rise edge)
                                  5.570000    5.570000   clock source latency
     2    0.031002    0.610000    0.000000    5.570000 ^ clk (in)
                                                         clk (net)
                      0.616595    0.003380    5.573380 ^ wire3/A (sky130_fd_sc_hd__buf_4)
     3    0.045136    0.104020    0.157396    5.730776 ^ wire3/X (sky130_fd_sc_hd__buf_4)
                                                         net274 (net)
                      0.104711    0.006883    5.737659 ^ wire2/A (sky130_fd_sc_hd__buf_6)
     3    0.077490    0.119211    0.139108    5.876767 ^ wire2/X (sky130_fd_sc_hd__buf_6)
                                                         net273 (net)
                      0.123514    0.018058    5.894825 ^ wire1/A (sky130_fd_sc_hd__buf_6)
     3    0.079823    0.122571    0.143757    6.038581 ^ wire1/X (sky130_fd_sc_hd__buf_6)
                                                         net272 (net)
                      0.127195    0.018980    6.057562 ^ clkbuf_0_clk/A (sky130_fd_sc_hd__clkbuf_16)
     9    0.099027    0.088852    0.155639    6.213201 ^ clkbuf_0_clk/X (sky130_fd_sc_hd__clkbuf_16)
                                                         clknet_0_clk (net)
                      0.090013    0.008250    6.221451 ^ clkbuf_2_1__f_clk/A (sky130_fd_sc_hd__clkbuf_16)
    21    0.084406    0.078353    0.135479    6.356930 ^ clkbuf_2_1__f_clk/X (sky130_fd_sc_hd__clkbuf_16)
                                                         clknet_2_1__leaf_clk (net)
                      0.080071    0.009247    6.366177 ^ _140_/CLK (sky130_fd_sc_hd__dfrtp_2)
                                  0.087500    6.453677   clock uncertainty
                                  0.000000    6.453677   clock reconvergence pessimism
                                 -0.022294    6.431383   library hold time
                                              6.431383   data required time
---------------------------------------------------------------------------------------------
                                              6.431383   data required time
                                             -7.032420   data arrival time
---------------------------------------------------------------------------------------------
                                              0.601037   slack (MET)


Startpoint: wbs_adr_i[18] (input port clocked by clk)
Endpoint: _157_ (rising edge-triggered flip-flop clocked by clk)
Path Group: clk
Path Type: min

Fanout         Cap        Slew       Delay        Time   Description
---------------------------------------------------------------------------------------------
                                  0.000000    0.000000   clock clk (rise edge)
                                  4.650000    4.650000   clock network delay (propagated)
                                  0.790000    5.440000 ^ input external delay
     2    0.004484    0.070000    0.000000    5.440000 ^ wbs_adr_i[18] (in)
                                                         wbs_adr_i[18] (net)
                      0.070100    0.000049    5.440049 ^ input88/A (sky130_fd_sc_hd__clkbuf_1)
     1    0.004313    0.044854    0.064568    5.504617 ^ input88/X (sky130_fd_sc_hd__clkbuf_1)
                                                         net88 (net)
                      0.044854    0.000157    5.504774 ^ _045_/D (sky130_fd_sc_hd__or4_2)
     3    0.022543    0.088085    0.116544    5.621318 ^ _045_/X (sky130_fd_sc_hd__or4_2)
                                                         _036_ (net)
                      0.088174    0.002225    5.623543 ^ _048_/B (sky130_fd_sc_hd__nor4_1)
     1    0.007512    0.030491    0.051265    5.674808 v _048_/Y (sky130_fd_sc_hd__nor4_1)
                                                         _039_ (net)
                      0.030499    0.000365    5.675172 v hold4/A (sky130_fd_sc_hd__dlygate4sd3_1)
     1    0.007373    0.054132    0.371535    6.046707 v hold4/X (sky130_fd_sc_hd__dlygate4sd3_1)
                                                         net278 (net)
                      0.054132    0.000346    6.047054 v wire262/A (sky130_fd_sc_hd__buf_2)
     1    0.011351    0.030246    0.093959    6.141012 v wire262/X (sky130_fd_sc_hd__buf_2)
                                                         net262 (net)
                      0.030261    0.000615    6.141627 v hold5/A (sky130_fd_sc_hd__dlygate4sd3_1)
     7    0.056112    0.198684    0.502761    6.644389 v hold5/X (sky130_fd_sc_hd__dlygate4sd3_1)
                                                         net279 (net)
                      0.198715    0.002538    6.646927 v fanout260/A (sky130_fd_sc_hd__buf_4)
    33    0.118901    0.109834    0.221901    6.868828 v fanout260/X (sky130_fd_sc_hd__buf_4)
                                                         net260 (net)
                      0.113498    0.015384    6.884212 v _124_/C (sky130_fd_sc_hd__and3_1)
     1    0.003452    0.026159    0.143098    7.027309 v _124_/X (sky130_fd_sc_hd__and3_1)
                                                         _021_ (net)
                      0.026159    0.000110    7.027419 v _157_/D (sky130_fd_sc_hd__dfrtp_4)
                                              7.027419   data arrival time

                                  0.000000    0.000000   clock clk (rise edge)
                                  5.570000    5.570000   clock source latency
     2    0.031002    0.610000    0.000000    5.570000 ^ clk (in)
                                                         clk (net)
                      0.616595    0.003380    5.573380 ^ wire3/A (sky130_fd_sc_hd__buf_4)
     3    0.045136    0.104020    0.157396    5.730776 ^ wire3/X (sky130_fd_sc_hd__buf_4)
                                                         net274 (net)
                      0.104711    0.006883    5.737659 ^ wire2/A (sky130_fd_sc_hd__buf_6)
     3    0.077490    0.119211    0.139108    5.876767 ^ wire2/X (sky130_fd_sc_hd__buf_6)
                                                         net273 (net)
                      0.123514    0.018058    5.894825 ^ wire1/A (sky130_fd_sc_hd__buf_6)
     3    0.079823    0.122571    0.143757    6.038581 ^ wire1/X (sky130_fd_sc_hd__buf_6)
                                                         net272 (net)
                      0.127195    0.018980    6.057562 ^ clkbuf_0_clk/A (sky130_fd_sc_hd__clkbuf_16)
     9    0.099027    0.088852    0.155639    6.213201 ^ clkbuf_0_clk/X (sky130_fd_sc_hd__clkbuf_16)
                                                         clknet_0_clk (net)
                      0.089797    0.007454    6.220655 ^ clkbuf_2_3__f_clk/A (sky130_fd_sc_hd__clkbuf_16)
    21    0.071648    0.068794    0.128408    6.349064 ^ clkbuf_2_3__f_clk/X (sky130_fd_sc_hd__clkbuf_16)
                                                         clknet_2_3__leaf_clk (net)
                      0.071386    0.010527    6.359591 ^ _157_/CLK (sky130_fd_sc_hd__dfrtp_4)
                                  0.087500    6.447090   clock uncertainty
                                  0.000000    6.447090   clock reconvergence pessimism
                                 -0.022808    6.424282   library hold time
                                              6.424282   data required time
---------------------------------------------------------------------------------------------
                                              6.424282   data required time
                                             -7.027419   data arrival time
---------------------------------------------------------------------------------------------
                                              0.603137   slack (MET)


Startpoint: wbs_adr_i[18] (input port clocked by clk)
Endpoint: _134_ (rising edge-triggered flip-flop clocked by clk)
Path Group: clk
Path Type: min

Fanout         Cap        Slew       Delay        Time   Description
---------------------------------------------------------------------------------------------
                                  0.000000    0.000000   clock clk (rise edge)
                                  4.650000    4.650000   clock network delay (propagated)
                                  0.790000    5.440000 ^ input external delay
     2    0.004484    0.070000    0.000000    5.440000 ^ wbs_adr_i[18] (in)
                                                         wbs_adr_i[18] (net)
                      0.070100    0.000049    5.440049 ^ input88/A (sky130_fd_sc_hd__clkbuf_1)
     1    0.004313    0.044854    0.064568    5.504617 ^ input88/X (sky130_fd_sc_hd__clkbuf_1)
                                                         net88 (net)
                      0.044854    0.000157    5.504774 ^ _045_/D (sky130_fd_sc_hd__or4_2)
     3    0.022543    0.088085    0.116544    5.621318 ^ _045_/X (sky130_fd_sc_hd__or4_2)
                                                         _036_ (net)
                      0.088174    0.002225    5.623543 ^ _048_/B (sky130_fd_sc_hd__nor4_1)
     1    0.007512    0.030491    0.051265    5.674808 v _048_/Y (sky130_fd_sc_hd__nor4_1)
                                                         _039_ (net)
                      0.030499    0.000365    5.675172 v hold4/A (sky130_fd_sc_hd__dlygate4sd3_1)
     1    0.007373    0.054132    0.371535    6.046707 v hold4/X (sky130_fd_sc_hd__dlygate4sd3_1)
                                                         net278 (net)
                      0.054132    0.000346    6.047054 v wire262/A (sky130_fd_sc_hd__buf_2)
     1    0.011351    0.030246    0.093959    6.141012 v wire262/X (sky130_fd_sc_hd__buf_2)
                                                         net262 (net)
                      0.030261    0.000615    6.141627 v hold5/A (sky130_fd_sc_hd__dlygate4sd3_1)
     7    0.056112    0.198684    0.502761    6.644389 v hold5/X (sky130_fd_sc_hd__dlygate4sd3_1)
                                                         net279 (net)
                      0.198914    0.005955    6.650343 v fanout261/A (sky130_fd_sc_hd__buf_4)
    33    0.124086    0.114562    0.219883    6.870227 v fanout261/X (sky130_fd_sc_hd__buf_4)
                                                         net261 (net)
                      0.124961    0.025875    6.896102 v _101_/C (sky130_fd_sc_hd__and3_1)
     1    0.003764    0.027558    0.149118    7.045220 v _101_/X (sky130_fd_sc_hd__and3_1)
                                                         _028_ (net)
                      0.027558    0.000111    7.045331 v _134_/D (sky130_fd_sc_hd__dfrtp_4)
                                              7.045331   data arrival time

                                  0.000000    0.000000   clock clk (rise edge)
                                  5.570000    5.570000   clock source latency
     2    0.031002    0.610000    0.000000    5.570000 ^ clk (in)
                                                         clk (net)
                      0.616595    0.003380    5.573380 ^ wire3/A (sky130_fd_sc_hd__buf_4)
     3    0.045136    0.104020    0.157396    5.730776 ^ wire3/X (sky130_fd_sc_hd__buf_4)
                                                         net274 (net)
                      0.104711    0.006883    5.737659 ^ wire2/A (sky130_fd_sc_hd__buf_6)
     3    0.077490    0.119211    0.139108    5.876767 ^ wire2/X (sky130_fd_sc_hd__buf_6)
                                                         net273 (net)
                      0.123514    0.018058    5.894825 ^ wire1/A (sky130_fd_sc_hd__buf_6)
     3    0.079823    0.122571    0.143757    6.038581 ^ wire1/X (sky130_fd_sc_hd__buf_6)
                                                         net272 (net)
                      0.127195    0.018980    6.057562 ^ clkbuf_0_clk/A (sky130_fd_sc_hd__clkbuf_16)
     9    0.099027    0.088852    0.155639    6.213201 ^ clkbuf_0_clk/X (sky130_fd_sc_hd__clkbuf_16)
                                                         clknet_0_clk (net)
                      0.090050    0.008380    6.221581 ^ clkbuf_2_0__f_clk/A (sky130_fd_sc_hd__clkbuf_16)
    17    0.096864    0.087461    0.144135    6.365716 ^ clkbuf_2_0__f_clk/X (sky130_fd_sc_hd__clkbuf_16)
                                                         clknet_2_0__leaf_clk (net)
                      0.089338    0.010384    6.376100 ^ _134_/CLK (sky130_fd_sc_hd__dfrtp_4)
                                  0.087500    6.463600   clock uncertainty
                                  0.000000    6.463600   clock reconvergence pessimism
                                 -0.021493    6.442107   library hold time
                                              6.442107   data required time
---------------------------------------------------------------------------------------------
                                              6.442107   data required time
                                             -7.045331   data arrival time
---------------------------------------------------------------------------------------------
                                              0.603224   slack (MET)


Startpoint: wbs_adr_i[18] (input port clocked by clk)
Endpoint: _154_ (rising edge-triggered flip-flop clocked by clk)
Path Group: clk
Path Type: min

Fanout         Cap        Slew       Delay        Time   Description
---------------------------------------------------------------------------------------------
                                  0.000000    0.000000   clock clk (rise edge)
                                  4.650000    4.650000   clock network delay (propagated)
                                  0.790000    5.440000 ^ input external delay
     2    0.004484    0.070000    0.000000    5.440000 ^ wbs_adr_i[18] (in)
                                                         wbs_adr_i[18] (net)
                      0.070100    0.000049    5.440049 ^ input88/A (sky130_fd_sc_hd__clkbuf_1)
     1    0.004313    0.044854    0.064568    5.504617 ^ input88/X (sky130_fd_sc_hd__clkbuf_1)
                                                         net88 (net)
                      0.044854    0.000157    5.504774 ^ _045_/D (sky130_fd_sc_hd__or4_2)
     3    0.022543    0.088085    0.116544    5.621318 ^ _045_/X (sky130_fd_sc_hd__or4_2)
                                                         _036_ (net)
                      0.088174    0.002225    5.623543 ^ _048_/B (sky130_fd_sc_hd__nor4_1)
     1    0.007512    0.030491    0.051265    5.674808 v _048_/Y (sky130_fd_sc_hd__nor4_1)
                                                         _039_ (net)
                      0.030499    0.000365    5.675172 v hold4/A (sky130_fd_sc_hd__dlygate4sd3_1)
     1    0.007373    0.054132    0.371535    6.046707 v hold4/X (sky130_fd_sc_hd__dlygate4sd3_1)
                                                         net278 (net)
                      0.054132    0.000346    6.047054 v wire262/A (sky130_fd_sc_hd__buf_2)
     1    0.011351    0.030246    0.093959    6.141012 v wire262/X (sky130_fd_sc_hd__buf_2)
                                                         net262 (net)
                      0.030261    0.000615    6.141627 v hold5/A (sky130_fd_sc_hd__dlygate4sd3_1)
     7    0.056112    0.198684    0.502761    6.644389 v hold5/X (sky130_fd_sc_hd__dlygate4sd3_1)
                                                         net279 (net)
                      0.198715    0.002538    6.646927 v fanout260/A (sky130_fd_sc_hd__buf_4)
    33    0.118901    0.109834    0.221901    6.868828 v fanout260/X (sky130_fd_sc_hd__buf_4)
                                                         net260 (net)
                      0.114597    0.017478    6.886306 v _121_/C (sky130_fd_sc_hd__and3_1)
     1    0.003358    0.025880    0.143120    7.029427 v _121_/X (sky130_fd_sc_hd__and3_1)
                                                         _018_ (net)
                      0.025880    0.000100    7.029527 v _154_/D (sky130_fd_sc_hd__dfrtp_4)
                                              7.029527   data arrival time

                                  0.000000    0.000000   clock clk (rise edge)
                                  5.570000    5.570000   clock source latency
     2    0.031002    0.610000    0.000000    5.570000 ^ clk (in)
                                                         clk (net)
                      0.616595    0.003380    5.573380 ^ wire3/A (sky130_fd_sc_hd__buf_4)
     3    0.045136    0.104020    0.157396    5.730776 ^ wire3/X (sky130_fd_sc_hd__buf_4)
                                                         net274 (net)
                      0.104711    0.006883    5.737659 ^ wire2/A (sky130_fd_sc_hd__buf_6)
     3    0.077490    0.119211    0.139108    5.876767 ^ wire2/X (sky130_fd_sc_hd__buf_6)
                                                         net273 (net)
                      0.123514    0.018058    5.894825 ^ wire1/A (sky130_fd_sc_hd__buf_6)
     3    0.079823    0.122571    0.143757    6.038581 ^ wire1/X (sky130_fd_sc_hd__buf_6)
                                                         net272 (net)
                      0.127195    0.018980    6.057562 ^ clkbuf_0_clk/A (sky130_fd_sc_hd__clkbuf_16)
     9    0.099027    0.088852    0.155639    6.213201 ^ clkbuf_0_clk/X (sky130_fd_sc_hd__clkbuf_16)
                                                         clknet_0_clk (net)
                      0.089797    0.007454    6.220655 ^ clkbuf_2_3__f_clk/A (sky130_fd_sc_hd__clkbuf_16)
    21    0.071648    0.068794    0.128408    6.349064 ^ clkbuf_2_3__f_clk/X (sky130_fd_sc_hd__clkbuf_16)
                                                         clknet_2_3__leaf_clk (net)
                      0.072150    0.012038    6.361102 ^ _154_/CLK (sky130_fd_sc_hd__dfrtp_4)
                                  0.087500    6.448601   clock uncertainty
                                  0.000000    6.448601   clock reconvergence pessimism
                                 -0.022643    6.425959   library hold time
                                              6.425959   data required time
---------------------------------------------------------------------------------------------
                                              6.425959   data required time
                                             -7.029527   data arrival time
---------------------------------------------------------------------------------------------
                                              0.603568   slack (MET)


Startpoint: wbs_adr_i[18] (input port clocked by clk)
Endpoint: _160_ (rising edge-triggered flip-flop clocked by clk)
Path Group: clk
Path Type: min

Fanout         Cap        Slew       Delay        Time   Description
---------------------------------------------------------------------------------------------
                                  0.000000    0.000000   clock clk (rise edge)
                                  4.650000    4.650000   clock network delay (propagated)
                                  0.790000    5.440000 ^ input external delay
     2    0.004484    0.070000    0.000000    5.440000 ^ wbs_adr_i[18] (in)
                                                         wbs_adr_i[18] (net)
                      0.070100    0.000049    5.440049 ^ input88/A (sky130_fd_sc_hd__clkbuf_1)
     1    0.004313    0.044854    0.064568    5.504617 ^ input88/X (sky130_fd_sc_hd__clkbuf_1)
                                                         net88 (net)
                      0.044854    0.000157    5.504774 ^ _045_/D (sky130_fd_sc_hd__or4_2)
     3    0.022543    0.088085    0.116544    5.621318 ^ _045_/X (sky130_fd_sc_hd__or4_2)
                                                         _036_ (net)
                      0.088174    0.002225    5.623543 ^ _048_/B (sky130_fd_sc_hd__nor4_1)
     1    0.007512    0.030491    0.051265    5.674808 v _048_/Y (sky130_fd_sc_hd__nor4_1)
                                                         _039_ (net)
                      0.030499    0.000365    5.675172 v hold4/A (sky130_fd_sc_hd__dlygate4sd3_1)
     1    0.007373    0.054132    0.371535    6.046707 v hold4/X (sky130_fd_sc_hd__dlygate4sd3_1)
                                                         net278 (net)
                      0.054132    0.000346    6.047054 v wire262/A (sky130_fd_sc_hd__buf_2)
     1    0.011351    0.030246    0.093959    6.141012 v wire262/X (sky130_fd_sc_hd__buf_2)
                                                         net262 (net)
                      0.030261    0.000615    6.141627 v hold5/A (sky130_fd_sc_hd__dlygate4sd3_1)
     7    0.056112    0.198684    0.502761    6.644389 v hold5/X (sky130_fd_sc_hd__dlygate4sd3_1)
                                                         net279 (net)
                      0.198715    0.002538    6.646927 v fanout260/A (sky130_fd_sc_hd__buf_4)
    33    0.118901    0.109834    0.221901    6.868828 v fanout260/X (sky130_fd_sc_hd__buf_4)
                                                         net260 (net)
                      0.114031    0.016430    6.885257 v _127_/C (sky130_fd_sc_hd__and3_1)
     1    0.003386    0.025799    0.143018    7.028276 v _127_/X (sky130_fd_sc_hd__and3_1)
                                                         _025_ (net)
                      0.025799    0.000105    7.028381 v _160_/D (sky130_fd_sc_hd__dfrtp_4)
                                              7.028381   data arrival time

                                  0.000000    0.000000   clock clk (rise edge)
                                  5.570000    5.570000   clock source latency
     2    0.031002    0.610000    0.000000    5.570000 ^ clk (in)
                                                         clk (net)
                      0.616595    0.003380    5.573380 ^ wire3/A (sky130_fd_sc_hd__buf_4)
     3    0.045136    0.104020    0.157396    5.730776 ^ wire3/X (sky130_fd_sc_hd__buf_4)
                                                         net274 (net)
                      0.104711    0.006883    5.737659 ^ wire2/A (sky130_fd_sc_hd__buf_6)
     3    0.077490    0.119211    0.139108    5.876767 ^ wire2/X (sky130_fd_sc_hd__buf_6)
                                                         net273 (net)
                      0.123514    0.018058    5.894825 ^ wire1/A (sky130_fd_sc_hd__buf_6)
     3    0.079823    0.122571    0.143757    6.038581 ^ wire1/X (sky130_fd_sc_hd__buf_6)
                                                         net272 (net)
                      0.127195    0.018980    6.057562 ^ clkbuf_0_clk/A (sky130_fd_sc_hd__clkbuf_16)
     9    0.099027    0.088852    0.155639    6.213201 ^ clkbuf_0_clk/X (sky130_fd_sc_hd__clkbuf_16)
                                                         clknet_0_clk (net)
                      0.089797    0.007454    6.220655 ^ clkbuf_2_3__f_clk/A (sky130_fd_sc_hd__clkbuf_16)
    21    0.071648    0.068794    0.128408    6.349064 ^ clkbuf_2_3__f_clk/X (sky130_fd_sc_hd__clkbuf_16)
                                                         clknet_2_3__leaf_clk (net)
                      0.071558    0.010881    6.359944 ^ _160_/CLK (sky130_fd_sc_hd__dfrtp_4)
                                  0.087500    6.447444   clock uncertainty
                                  0.000000    6.447444   clock reconvergence pessimism
                                 -0.022675    6.424769   library hold time
                                              6.424769   data required time
---------------------------------------------------------------------------------------------
                                              6.424769   data required time
                                             -7.028381   data arrival time
---------------------------------------------------------------------------------------------
                                              0.603612   slack (MET)


Startpoint: wbs_adr_i[18] (input port clocked by clk)
Endpoint: _158_ (rising edge-triggered flip-flop clocked by clk)
Path Group: clk
Path Type: min

Fanout         Cap        Slew       Delay        Time   Description
---------------------------------------------------------------------------------------------
                                  0.000000    0.000000   clock clk (rise edge)
                                  4.650000    4.650000   clock network delay (propagated)
                                  0.790000    5.440000 ^ input external delay
     2    0.004484    0.070000    0.000000    5.440000 ^ wbs_adr_i[18] (in)
                                                         wbs_adr_i[18] (net)
                      0.070100    0.000049    5.440049 ^ input88/A (sky130_fd_sc_hd__clkbuf_1)
     1    0.004313    0.044854    0.064568    5.504617 ^ input88/X (sky130_fd_sc_hd__clkbuf_1)
                                                         net88 (net)
                      0.044854    0.000157    5.504774 ^ _045_/D (sky130_fd_sc_hd__or4_2)
     3    0.022543    0.088085    0.116544    5.621318 ^ _045_/X (sky130_fd_sc_hd__or4_2)
                                                         _036_ (net)
                      0.088174    0.002225    5.623543 ^ _048_/B (sky130_fd_sc_hd__nor4_1)
     1    0.007512    0.030491    0.051265    5.674808 v _048_/Y (sky130_fd_sc_hd__nor4_1)
                                                         _039_ (net)
                      0.030499    0.000365    5.675172 v hold4/A (sky130_fd_sc_hd__dlygate4sd3_1)
     1    0.007373    0.054132    0.371535    6.046707 v hold4/X (sky130_fd_sc_hd__dlygate4sd3_1)
                                                         net278 (net)
                      0.054132    0.000346    6.047054 v wire262/A (sky130_fd_sc_hd__buf_2)
     1    0.011351    0.030246    0.093959    6.141012 v wire262/X (sky130_fd_sc_hd__buf_2)
                                                         net262 (net)
                      0.030261    0.000615    6.141627 v hold5/A (sky130_fd_sc_hd__dlygate4sd3_1)
     7    0.056112    0.198684    0.502761    6.644389 v hold5/X (sky130_fd_sc_hd__dlygate4sd3_1)
                                                         net279 (net)
                      0.198715    0.002538    6.646927 v fanout260/A (sky130_fd_sc_hd__buf_4)
    33    0.118901    0.109834    0.221901    6.868828 v fanout260/X (sky130_fd_sc_hd__buf_4)
                                                         net260 (net)
                      0.114217    0.016780    6.885608 v _125_/C (sky130_fd_sc_hd__and3_1)
     1    0.003430    0.026083    0.143288    7.028896 v _125_/X (sky130_fd_sc_hd__and3_1)
                                                         _022_ (net)
                      0.026083    0.000111    7.029007 v _158_/D (sky130_fd_sc_hd__dfrtp_4)
                                              7.029007   data arrival time

                                  0.000000    0.000000   clock clk (rise edge)
                                  5.570000    5.570000   clock source latency
     2    0.031002    0.610000    0.000000    5.570000 ^ clk (in)
                                                         clk (net)
                      0.616595    0.003380    5.573380 ^ wire3/A (sky130_fd_sc_hd__buf_4)
     3    0.045136    0.104020    0.157396    5.730776 ^ wire3/X (sky130_fd_sc_hd__buf_4)
                                                         net274 (net)
                      0.104711    0.006883    5.737659 ^ wire2/A (sky130_fd_sc_hd__buf_6)
     3    0.077490    0.119211    0.139108    5.876767 ^ wire2/X (sky130_fd_sc_hd__buf_6)
                                                         net273 (net)
                      0.123514    0.018058    5.894825 ^ wire1/A (sky130_fd_sc_hd__buf_6)
     3    0.079823    0.122571    0.143757    6.038581 ^ wire1/X (sky130_fd_sc_hd__buf_6)
                                                         net272 (net)
                      0.127195    0.018980    6.057562 ^ clkbuf_0_clk/A (sky130_fd_sc_hd__clkbuf_16)
     9    0.099027    0.088852    0.155639    6.213201 ^ clkbuf_0_clk/X (sky130_fd_sc_hd__clkbuf_16)
                                                         clknet_0_clk (net)
                      0.089797    0.007454    6.220655 ^ clkbuf_2_3__f_clk/A (sky130_fd_sc_hd__clkbuf_16)
    21    0.071648    0.068794    0.128408    6.349064 ^ clkbuf_2_3__f_clk/X (sky130_fd_sc_hd__clkbuf_16)
                                                         clknet_2_3__leaf_clk (net)
                      0.071731    0.011231    6.360294 ^ _158_/CLK (sky130_fd_sc_hd__dfrtp_4)
                                  0.087500    6.447794   clock uncertainty
                                  0.000000    6.447794   clock reconvergence pessimism
                                 -0.022749    6.425045   library hold time
                                              6.425045   data required time
---------------------------------------------------------------------------------------------
                                              6.425045   data required time
                                             -7.029007   data arrival time
---------------------------------------------------------------------------------------------
                                              0.603963   slack (MET)


Startpoint: wbs_adr_i[18] (input port clocked by clk)
Endpoint: _131_ (rising edge-triggered flip-flop clocked by clk)
Path Group: clk
Path Type: min

Fanout         Cap        Slew       Delay        Time   Description
---------------------------------------------------------------------------------------------
                                  0.000000    0.000000   clock clk (rise edge)
                                  4.650000    4.650000   clock network delay (propagated)
                                  0.790000    5.440000 ^ input external delay
     2    0.004484    0.070000    0.000000    5.440000 ^ wbs_adr_i[18] (in)
                                                         wbs_adr_i[18] (net)
                      0.070100    0.000049    5.440049 ^ input88/A (sky130_fd_sc_hd__clkbuf_1)
     1    0.004313    0.044854    0.064568    5.504617 ^ input88/X (sky130_fd_sc_hd__clkbuf_1)
                                                         net88 (net)
                      0.044854    0.000157    5.504774 ^ _045_/D (sky130_fd_sc_hd__or4_2)
     3    0.022543    0.088085    0.116544    5.621318 ^ _045_/X (sky130_fd_sc_hd__or4_2)
                                                         _036_ (net)
                      0.088174    0.002225    5.623543 ^ _048_/B (sky130_fd_sc_hd__nor4_1)
     1    0.007512    0.030491    0.051265    5.674808 v _048_/Y (sky130_fd_sc_hd__nor4_1)
                                                         _039_ (net)
                      0.030499    0.000365    5.675172 v hold4/A (sky130_fd_sc_hd__dlygate4sd3_1)
     1    0.007373    0.054132    0.371535    6.046707 v hold4/X (sky130_fd_sc_hd__dlygate4sd3_1)
                                                         net278 (net)
                      0.054132    0.000346    6.047054 v wire262/A (sky130_fd_sc_hd__buf_2)
     1    0.011351    0.030246    0.093959    6.141012 v wire262/X (sky130_fd_sc_hd__buf_2)
                                                         net262 (net)
                      0.030261    0.000615    6.141627 v hold5/A (sky130_fd_sc_hd__dlygate4sd3_1)
     7    0.056112    0.198684    0.502761    6.644389 v hold5/X (sky130_fd_sc_hd__dlygate4sd3_1)
                                                         net279 (net)
                      0.198914    0.005955    6.650343 v fanout261/A (sky130_fd_sc_hd__buf_4)
    33    0.124086    0.114562    0.219883    6.870227 v fanout261/X (sky130_fd_sc_hd__buf_4)
                                                         net261 (net)
                      0.124951    0.025862    6.896089 v _098_/C (sky130_fd_sc_hd__and3_1)
     1    0.002757    0.024204    0.144531    7.040620 v _098_/X (sky130_fd_sc_hd__and3_1)
                                                         _023_ (net)
                      0.024204    0.000079    7.040699 v _131_/D (sky130_fd_sc_hd__dfrtp_4)
                                              7.040699   data arrival time

                                  0.000000    0.000000   clock clk (rise edge)
                                  5.570000    5.570000   clock source latency
     2    0.031002    0.610000    0.000000    5.570000 ^ clk (in)
                                                         clk (net)
                      0.616595    0.003380    5.573380 ^ wire3/A (sky130_fd_sc_hd__buf_4)
     3    0.045136    0.104020    0.157396    5.730776 ^ wire3/X (sky130_fd_sc_hd__buf_4)
                                                         net274 (net)
                      0.104711    0.006883    5.737659 ^ wire2/A (sky130_fd_sc_hd__buf_6)
     3    0.077490    0.119211    0.139108    5.876767 ^ wire2/X (sky130_fd_sc_hd__buf_6)
                                                         net273 (net)
                      0.123514    0.018058    5.894825 ^ wire1/A (sky130_fd_sc_hd__buf_6)
     3    0.079823    0.122571    0.143757    6.038581 ^ wire1/X (sky130_fd_sc_hd__buf_6)
                                                         net272 (net)
                      0.127195    0.018980    6.057562 ^ clkbuf_0_clk/A (sky130_fd_sc_hd__clkbuf_16)
     9    0.099027    0.088852    0.155639    6.213201 ^ clkbuf_0_clk/X (sky130_fd_sc_hd__clkbuf_16)
                                                         clknet_0_clk (net)
                      0.090013    0.008250    6.221451 ^ clkbuf_2_1__f_clk/A (sky130_fd_sc_hd__clkbuf_16)
    21    0.084406    0.078353    0.135479    6.356930 ^ clkbuf_2_1__f_clk/X (sky130_fd_sc_hd__clkbuf_16)
                                                         clknet_2_1__leaf_clk (net)
                      0.081853    0.013243    6.370173 ^ _131_/CLK (sky130_fd_sc_hd__dfrtp_4)
                                  0.087500    6.457672   clock uncertainty
                                  0.000000    6.457672   clock reconvergence pessimism
                                 -0.021147    6.436525   library hold time
                                              6.436525   data required time
---------------------------------------------------------------------------------------------
                                              6.436525   data required time
                                             -7.040699   data arrival time
---------------------------------------------------------------------------------------------
                                              0.604174   slack (MET)


Startpoint: wbs_adr_i[18] (input port clocked by clk)
Endpoint: _156_ (rising edge-triggered flip-flop clocked by clk)
Path Group: clk
Path Type: min

Fanout         Cap        Slew       Delay        Time   Description
---------------------------------------------------------------------------------------------
                                  0.000000    0.000000   clock clk (rise edge)
                                  4.650000    4.650000   clock network delay (propagated)
                                  0.790000    5.440000 ^ input external delay
     2    0.004484    0.070000    0.000000    5.440000 ^ wbs_adr_i[18] (in)
                                                         wbs_adr_i[18] (net)
                      0.070100    0.000049    5.440049 ^ input88/A (sky130_fd_sc_hd__clkbuf_1)
     1    0.004313    0.044854    0.064568    5.504617 ^ input88/X (sky130_fd_sc_hd__clkbuf_1)
                                                         net88 (net)
                      0.044854    0.000157    5.504774 ^ _045_/D (sky130_fd_sc_hd__or4_2)
     3    0.022543    0.088085    0.116544    5.621318 ^ _045_/X (sky130_fd_sc_hd__or4_2)
                                                         _036_ (net)
                      0.088174    0.002225    5.623543 ^ _048_/B (sky130_fd_sc_hd__nor4_1)
     1    0.007512    0.030491    0.051265    5.674808 v _048_/Y (sky130_fd_sc_hd__nor4_1)
                                                         _039_ (net)
                      0.030499    0.000365    5.675172 v hold4/A (sky130_fd_sc_hd__dlygate4sd3_1)
     1    0.007373    0.054132    0.371535    6.046707 v hold4/X (sky130_fd_sc_hd__dlygate4sd3_1)
                                                         net278 (net)
                      0.054132    0.000346    6.047054 v wire262/A (sky130_fd_sc_hd__buf_2)
     1    0.011351    0.030246    0.093959    6.141012 v wire262/X (sky130_fd_sc_hd__buf_2)
                                                         net262 (net)
                      0.030261    0.000615    6.141627 v hold5/A (sky130_fd_sc_hd__dlygate4sd3_1)
     7    0.056112    0.198684    0.502761    6.644389 v hold5/X (sky130_fd_sc_hd__dlygate4sd3_1)
                                                         net279 (net)
                      0.198715    0.002538    6.646927 v fanout260/A (sky130_fd_sc_hd__buf_4)
    33    0.118901    0.109834    0.221901    6.868828 v fanout260/X (sky130_fd_sc_hd__buf_4)
                                                         net260 (net)
                      0.113917    0.016211    6.885039 v _123_/C (sky130_fd_sc_hd__and3_1)
     1    0.003454    0.027769    0.143284    7.028323 v _123_/X (sky130_fd_sc_hd__and3_1)
                                                         _020_ (net)
                      0.027769    0.000107    7.028430 v _156_/D (sky130_fd_sc_hd__dfrtp_4)
                                              7.028430   data arrival time

                                  0.000000    0.000000   clock clk (rise edge)
                                  5.570000    5.570000   clock source latency
     2    0.031002    0.610000    0.000000    5.570000 ^ clk (in)
                                                         clk (net)
                      0.616595    0.003380    5.573380 ^ wire3/A (sky130_fd_sc_hd__buf_4)
     3    0.045136    0.104020    0.157396    5.730776 ^ wire3/X (sky130_fd_sc_hd__buf_4)
                                                         net274 (net)
                      0.104711    0.006883    5.737659 ^ wire2/A (sky130_fd_sc_hd__buf_6)
     3    0.077490    0.119211    0.139108    5.876767 ^ wire2/X (sky130_fd_sc_hd__buf_6)
                                                         net273 (net)
                      0.123514    0.018058    5.894825 ^ wire1/A (sky130_fd_sc_hd__buf_6)
     3    0.079823    0.122571    0.143757    6.038581 ^ wire1/X (sky130_fd_sc_hd__buf_6)
                                                         net272 (net)
                      0.127195    0.018980    6.057562 ^ clkbuf_0_clk/A (sky130_fd_sc_hd__clkbuf_16)
     9    0.099027    0.088852    0.155639    6.213201 ^ clkbuf_0_clk/X (sky130_fd_sc_hd__clkbuf_16)
                                                         clknet_0_clk (net)
                      0.089797    0.007454    6.220655 ^ clkbuf_2_3__f_clk/A (sky130_fd_sc_hd__clkbuf_16)
    21    0.071648    0.068794    0.128408    6.349064 ^ clkbuf_2_3__f_clk/X (sky130_fd_sc_hd__clkbuf_16)
                                                         clknet_2_3__leaf_clk (net)
                      0.071557    0.010880    6.359943 ^ _156_/CLK (sky130_fd_sc_hd__dfrtp_4)
                                  0.087500    6.447443   clock uncertainty
                                  0.000000    6.447443   clock reconvergence pessimism
                                 -0.023311    6.424132   library hold time
                                              6.424132   data required time
---------------------------------------------------------------------------------------------
                                              6.424132   data required time
                                             -7.028430   data arrival time
---------------------------------------------------------------------------------------------
                                              0.604298   slack (MET)


Startpoint: wbs_adr_i[18] (input port clocked by clk)
Endpoint: _155_ (rising edge-triggered flip-flop clocked by clk)
Path Group: clk
Path Type: min

Fanout         Cap        Slew       Delay        Time   Description
---------------------------------------------------------------------------------------------
                                  0.000000    0.000000   clock clk (rise edge)
                                  4.650000    4.650000   clock network delay (propagated)
                                  0.790000    5.440000 ^ input external delay
     2    0.004484    0.070000    0.000000    5.440000 ^ wbs_adr_i[18] (in)
                                                         wbs_adr_i[18] (net)
                      0.070100    0.000049    5.440049 ^ input88/A (sky130_fd_sc_hd__clkbuf_1)
     1    0.004313    0.044854    0.064568    5.504617 ^ input88/X (sky130_fd_sc_hd__clkbuf_1)
                                                         net88 (net)
                      0.044854    0.000157    5.504774 ^ _045_/D (sky130_fd_sc_hd__or4_2)
     3    0.022543    0.088085    0.116544    5.621318 ^ _045_/X (sky130_fd_sc_hd__or4_2)
                                                         _036_ (net)
                      0.088174    0.002225    5.623543 ^ _048_/B (sky130_fd_sc_hd__nor4_1)
     1    0.007512    0.030491    0.051265    5.674808 v _048_/Y (sky130_fd_sc_hd__nor4_1)
                                                         _039_ (net)
                      0.030499    0.000365    5.675172 v hold4/A (sky130_fd_sc_hd__dlygate4sd3_1)
     1    0.007373    0.054132    0.371535    6.046707 v hold4/X (sky130_fd_sc_hd__dlygate4sd3_1)
                                                         net278 (net)
                      0.054132    0.000346    6.047054 v wire262/A (sky130_fd_sc_hd__buf_2)
     1    0.011351    0.030246    0.093959    6.141012 v wire262/X (sky130_fd_sc_hd__buf_2)
                                                         net262 (net)
                      0.030261    0.000615    6.141627 v hold5/A (sky130_fd_sc_hd__dlygate4sd3_1)
     7    0.056112    0.198684    0.502761    6.644389 v hold5/X (sky130_fd_sc_hd__dlygate4sd3_1)
                                                         net279 (net)
                      0.198715    0.002538    6.646927 v fanout260/A (sky130_fd_sc_hd__buf_4)
    33    0.118901    0.109834    0.221901    6.868828 v fanout260/X (sky130_fd_sc_hd__buf_4)
                                                         net260 (net)
                      0.114331    0.016992    6.885820 v _122_/C (sky130_fd_sc_hd__and3_1)
     1    0.003802    0.027243    0.144950    7.030770 v _122_/X (sky130_fd_sc_hd__and3_1)
                                                         _019_ (net)
                      0.027243    0.000126    7.030897 v _155_/D (sky130_fd_sc_hd__dfrtp_4)
                                              7.030897   data arrival time

                                  0.000000    0.000000   clock clk (rise edge)
                                  5.570000    5.570000   clock source latency
     2    0.031002    0.610000    0.000000    5.570000 ^ clk (in)
                                                         clk (net)
                      0.616595    0.003380    5.573380 ^ wire3/A (sky130_fd_sc_hd__buf_4)
     3    0.045136    0.104020    0.157396    5.730776 ^ wire3/X (sky130_fd_sc_hd__buf_4)
                                                         net274 (net)
                      0.104711    0.006883    5.737659 ^ wire2/A (sky130_fd_sc_hd__buf_6)
     3    0.077490    0.119211    0.139108    5.876767 ^ wire2/X (sky130_fd_sc_hd__buf_6)
                                                         net273 (net)
                      0.123514    0.018058    5.894825 ^ wire1/A (sky130_fd_sc_hd__buf_6)
     3    0.079823    0.122571    0.143757    6.038581 ^ wire1/X (sky130_fd_sc_hd__buf_6)
                                                         net272 (net)
                      0.127195    0.018980    6.057562 ^ clkbuf_0_clk/A (sky130_fd_sc_hd__clkbuf_16)
     9    0.099027    0.088852    0.155639    6.213201 ^ clkbuf_0_clk/X (sky130_fd_sc_hd__clkbuf_16)
                                                         clknet_0_clk (net)
                      0.089797    0.007454    6.220655 ^ clkbuf_2_3__f_clk/A (sky130_fd_sc_hd__clkbuf_16)
    21    0.071648    0.068794    0.128408    6.349064 ^ clkbuf_2_3__f_clk/X (sky130_fd_sc_hd__clkbuf_16)
                                                         clknet_2_3__leaf_clk (net)
                      0.072173    0.012083    6.361146 ^ _155_/CLK (sky130_fd_sc_hd__dfrtp_4)
                                  0.087500    6.448646   clock uncertainty
                                  0.000000    6.448646   clock reconvergence pessimism
                                 -0.023080    6.425566   library hold time
                                              6.425566   data required time
---------------------------------------------------------------------------------------------
                                              6.425566   data required time
                                             -7.030897   data arrival time
---------------------------------------------------------------------------------------------
                                              0.605330   slack (MET)


Startpoint: wbs_adr_i[18] (input port clocked by clk)
Endpoint: _138_ (rising edge-triggered flip-flop clocked by clk)
Path Group: clk
Path Type: min

Fanout         Cap        Slew       Delay        Time   Description
---------------------------------------------------------------------------------------------
                                  0.000000    0.000000   clock clk (rise edge)
                                  4.650000    4.650000   clock network delay (propagated)
                                  0.790000    5.440000 ^ input external delay
     2    0.004484    0.070000    0.000000    5.440000 ^ wbs_adr_i[18] (in)
                                                         wbs_adr_i[18] (net)
                      0.070100    0.000049    5.440049 ^ input88/A (sky130_fd_sc_hd__clkbuf_1)
     1    0.004313    0.044854    0.064568    5.504617 ^ input88/X (sky130_fd_sc_hd__clkbuf_1)
                                                         net88 (net)
                      0.044854    0.000157    5.504774 ^ _045_/D (sky130_fd_sc_hd__or4_2)
     3    0.022543    0.088085    0.116544    5.621318 ^ _045_/X (sky130_fd_sc_hd__or4_2)
                                                         _036_ (net)
                      0.088174    0.002225    5.623543 ^ _048_/B (sky130_fd_sc_hd__nor4_1)
     1    0.007512    0.030491    0.051265    5.674808 v _048_/Y (sky130_fd_sc_hd__nor4_1)
                                                         _039_ (net)
                      0.030499    0.000365    5.675172 v hold4/A (sky130_fd_sc_hd__dlygate4sd3_1)
     1    0.007373    0.054132    0.371535    6.046707 v hold4/X (sky130_fd_sc_hd__dlygate4sd3_1)
                                                         net278 (net)
                      0.054132    0.000346    6.047054 v wire262/A (sky130_fd_sc_hd__buf_2)
     1    0.011351    0.030246    0.093959    6.141012 v wire262/X (sky130_fd_sc_hd__buf_2)
                                                         net262 (net)
                      0.030261    0.000615    6.141627 v hold5/A (sky130_fd_sc_hd__dlygate4sd3_1)
     7    0.056112    0.198684    0.502761    6.644389 v hold5/X (sky130_fd_sc_hd__dlygate4sd3_1)
                                                         net279 (net)
                      0.198914    0.005955    6.650343 v fanout261/A (sky130_fd_sc_hd__buf_4)
    33    0.124086    0.114562    0.219883    6.870227 v fanout261/X (sky130_fd_sc_hd__buf_4)
                                                         net261 (net)
                      0.124217    0.024938    6.895164 v _105_/C (sky130_fd_sc_hd__and3_1)
     1    0.002993    0.025202    0.145332    7.040497 v _105_/X (sky130_fd_sc_hd__and3_1)
                                                         _032_ (net)
                      0.025202    0.000086    7.040583 v _138_/D (sky130_fd_sc_hd__dfrtp_4)
                                              7.040583   data arrival time

                                  0.000000    0.000000   clock clk (rise edge)
                                  5.570000    5.570000   clock source latency
     2    0.031002    0.610000    0.000000    5.570000 ^ clk (in)
                                                         clk (net)
                      0.616595    0.003380    5.573380 ^ wire3/A (sky130_fd_sc_hd__buf_4)
     3    0.045136    0.104020    0.157396    5.730776 ^ wire3/X (sky130_fd_sc_hd__buf_4)
                                                         net274 (net)
                      0.104711    0.006883    5.737659 ^ wire2/A (sky130_fd_sc_hd__buf_6)
     3    0.077490    0.119211    0.139108    5.876767 ^ wire2/X (sky130_fd_sc_hd__buf_6)
                                                         net273 (net)
                      0.123514    0.018058    5.894825 ^ wire1/A (sky130_fd_sc_hd__buf_6)
     3    0.079823    0.122571    0.143757    6.038581 ^ wire1/X (sky130_fd_sc_hd__buf_6)
                                                         net272 (net)
                      0.127195    0.018980    6.057562 ^ clkbuf_0_clk/A (sky130_fd_sc_hd__clkbuf_16)
     9    0.099027    0.088852    0.155639    6.213201 ^ clkbuf_0_clk/X (sky130_fd_sc_hd__clkbuf_16)
                                                         clknet_0_clk (net)
                      0.090013    0.008250    6.221451 ^ clkbuf_2_1__f_clk/A (sky130_fd_sc_hd__clkbuf_16)
    21    0.084406    0.078353    0.135479    6.356930 ^ clkbuf_2_1__f_clk/X (sky130_fd_sc_hd__clkbuf_16)
                                                         clknet_2_1__leaf_clk (net)
                      0.081355    0.012241    6.369171 ^ _138_/CLK (sky130_fd_sc_hd__dfrtp_4)
                                  0.087500    6.456671   clock uncertainty
                                  0.000000    6.456671   clock reconvergence pessimism
                                 -0.021518    6.435153   library hold time
                                              6.435153   data required time
---------------------------------------------------------------------------------------------
                                              6.435153   data required time
                                             -7.040583   data arrival time
---------------------------------------------------------------------------------------------
                                              0.605430   slack (MET)


Startpoint: wbs_adr_i[18] (input port clocked by clk)
Endpoint: _152_ (rising edge-triggered flip-flop clocked by clk)
Path Group: clk
Path Type: min

Fanout         Cap        Slew       Delay        Time   Description
---------------------------------------------------------------------------------------------
                                  0.000000    0.000000   clock clk (rise edge)
                                  4.650000    4.650000   clock network delay (propagated)
                                  0.790000    5.440000 ^ input external delay
     2    0.004484    0.070000    0.000000    5.440000 ^ wbs_adr_i[18] (in)
                                                         wbs_adr_i[18] (net)
                      0.070100    0.000049    5.440049 ^ input88/A (sky130_fd_sc_hd__clkbuf_1)
     1    0.004313    0.044854    0.064568    5.504617 ^ input88/X (sky130_fd_sc_hd__clkbuf_1)
                                                         net88 (net)
                      0.044854    0.000157    5.504774 ^ _045_/D (sky130_fd_sc_hd__or4_2)
     3    0.022543    0.088085    0.116544    5.621318 ^ _045_/X (sky130_fd_sc_hd__or4_2)
                                                         _036_ (net)
                      0.088174    0.002225    5.623543 ^ _048_/B (sky130_fd_sc_hd__nor4_1)
     1    0.007512    0.030491    0.051265    5.674808 v _048_/Y (sky130_fd_sc_hd__nor4_1)
                                                         _039_ (net)
                      0.030499    0.000365    5.675172 v hold4/A (sky130_fd_sc_hd__dlygate4sd3_1)
     1    0.007373    0.054132    0.371535    6.046707 v hold4/X (sky130_fd_sc_hd__dlygate4sd3_1)
                                                         net278 (net)
                      0.054132    0.000346    6.047054 v wire262/A (sky130_fd_sc_hd__buf_2)
     1    0.011351    0.030246    0.093959    6.141012 v wire262/X (sky130_fd_sc_hd__buf_2)
                                                         net262 (net)
                      0.030261    0.000615    6.141627 v hold5/A (sky130_fd_sc_hd__dlygate4sd3_1)
     7    0.056112    0.198684    0.502761    6.644389 v hold5/X (sky130_fd_sc_hd__dlygate4sd3_1)
                                                         net279 (net)
                      0.198715    0.002538    6.646927 v fanout260/A (sky130_fd_sc_hd__buf_4)
    33    0.118901    0.109834    0.221901    6.868828 v fanout260/X (sky130_fd_sc_hd__buf_4)
                                                         net260 (net)
                      0.114450    0.017211    6.886039 v _119_/C (sky130_fd_sc_hd__and3_1)
     1    0.003808    0.028656    0.145016    7.031054 v _119_/X (sky130_fd_sc_hd__and3_1)
                                                         _016_ (net)
                      0.028656    0.000124    7.031178 v _152_/D (sky130_fd_sc_hd__dfrtp_4)
                                              7.031178   data arrival time

                                  0.000000    0.000000   clock clk (rise edge)
                                  5.570000    5.570000   clock source latency
     2    0.031002    0.610000    0.000000    5.570000 ^ clk (in)
                                                         clk (net)
                      0.616595    0.003380    5.573380 ^ wire3/A (sky130_fd_sc_hd__buf_4)
     3    0.045136    0.104020    0.157396    5.730776 ^ wire3/X (sky130_fd_sc_hd__buf_4)
                                                         net274 (net)
                      0.104711    0.006883    5.737659 ^ wire2/A (sky130_fd_sc_hd__buf_6)
     3    0.077490    0.119211    0.139108    5.876767 ^ wire2/X (sky130_fd_sc_hd__buf_6)
                                                         net273 (net)
                      0.123514    0.018058    5.894825 ^ wire1/A (sky130_fd_sc_hd__buf_6)
     3    0.079823    0.122571    0.143757    6.038581 ^ wire1/X (sky130_fd_sc_hd__buf_6)
                                                         net272 (net)
                      0.127195    0.018980    6.057562 ^ clkbuf_0_clk/A (sky130_fd_sc_hd__clkbuf_16)
     9    0.099027    0.088852    0.155639    6.213201 ^ clkbuf_0_clk/X (sky130_fd_sc_hd__clkbuf_16)
                                                         clknet_0_clk (net)
                      0.089797    0.007454    6.220655 ^ clkbuf_2_3__f_clk/A (sky130_fd_sc_hd__clkbuf_16)
    21    0.071648    0.068794    0.128408    6.349064 ^ clkbuf_2_3__f_clk/X (sky130_fd_sc_hd__clkbuf_16)
                                                         clknet_2_3__leaf_clk (net)
                      0.072181    0.012098    6.361162 ^ _152_/CLK (sky130_fd_sc_hd__dfrtp_4)
                                  0.087500    6.448661   clock uncertainty
                                  0.000000    6.448661   clock reconvergence pessimism
                                 -0.023535    6.425126   library hold time
                                              6.425126   data required time
---------------------------------------------------------------------------------------------
                                              6.425126   data required time
                                             -7.031178   data arrival time
---------------------------------------------------------------------------------------------
                                              0.606053   slack (MET)


Startpoint: wbs_adr_i[18] (input port clocked by clk)
Endpoint: _139_ (rising edge-triggered flip-flop clocked by clk)
Path Group: clk
Path Type: min

Fanout         Cap        Slew       Delay        Time   Description
---------------------------------------------------------------------------------------------
                                  0.000000    0.000000   clock clk (rise edge)
                                  4.650000    4.650000   clock network delay (propagated)
                                  0.790000    5.440000 ^ input external delay
     2    0.004484    0.070000    0.000000    5.440000 ^ wbs_adr_i[18] (in)
                                                         wbs_adr_i[18] (net)
                      0.070100    0.000049    5.440049 ^ input88/A (sky130_fd_sc_hd__clkbuf_1)
     1    0.004313    0.044854    0.064568    5.504617 ^ input88/X (sky130_fd_sc_hd__clkbuf_1)
                                                         net88 (net)
                      0.044854    0.000157    5.504774 ^ _045_/D (sky130_fd_sc_hd__or4_2)
     3    0.022543    0.088085    0.116544    5.621318 ^ _045_/X (sky130_fd_sc_hd__or4_2)
                                                         _036_ (net)
                      0.088174    0.002225    5.623543 ^ _048_/B (sky130_fd_sc_hd__nor4_1)
     1    0.007512    0.030491    0.051265    5.674808 v _048_/Y (sky130_fd_sc_hd__nor4_1)
                                                         _039_ (net)
                      0.030499    0.000365    5.675172 v hold4/A (sky130_fd_sc_hd__dlygate4sd3_1)
     1    0.007373    0.054132    0.371535    6.046707 v hold4/X (sky130_fd_sc_hd__dlygate4sd3_1)
                                                         net278 (net)
                      0.054132    0.000346    6.047054 v wire262/A (sky130_fd_sc_hd__buf_2)
     1    0.011351    0.030246    0.093959    6.141012 v wire262/X (sky130_fd_sc_hd__buf_2)
                                                         net262 (net)
                      0.030261    0.000615    6.141627 v hold5/A (sky130_fd_sc_hd__dlygate4sd3_1)
     7    0.056112    0.198684    0.502761    6.644389 v hold5/X (sky130_fd_sc_hd__dlygate4sd3_1)
                                                         net279 (net)
                      0.198914    0.005955    6.650343 v fanout261/A (sky130_fd_sc_hd__buf_4)
    33    0.124086    0.114562    0.219883    6.870227 v fanout261/X (sky130_fd_sc_hd__buf_4)
                                                         net261 (net)
                      0.123445    0.023931    6.894158 v _106_/C (sky130_fd_sc_hd__and3_1)
     1    0.003279    0.025894    0.146352    7.040510 v _106_/X (sky130_fd_sc_hd__and3_1)
                                                         _002_ (net)
                      0.025894    0.000098    7.040608 v _139_/D (sky130_fd_sc_hd__dfrtp_4)
                                              7.040608   data arrival time

                                  0.000000    0.000000   clock clk (rise edge)
                                  5.570000    5.570000   clock source latency
     2    0.031002    0.610000    0.000000    5.570000 ^ clk (in)
                                                         clk (net)
                      0.616595    0.003380    5.573380 ^ wire3/A (sky130_fd_sc_hd__buf_4)
     3    0.045136    0.104020    0.157396    5.730776 ^ wire3/X (sky130_fd_sc_hd__buf_4)
                                                         net274 (net)
                      0.104711    0.006883    5.737659 ^ wire2/A (sky130_fd_sc_hd__buf_6)
     3    0.077490    0.119211    0.139108    5.876767 ^ wire2/X (sky130_fd_sc_hd__buf_6)
                                                         net273 (net)
                      0.123514    0.018058    5.894825 ^ wire1/A (sky130_fd_sc_hd__buf_6)
     3    0.079823    0.122571    0.143757    6.038581 ^ wire1/X (sky130_fd_sc_hd__buf_6)
                                                         net272 (net)
                      0.127195    0.018980    6.057562 ^ clkbuf_0_clk/A (sky130_fd_sc_hd__clkbuf_16)
     9    0.099027    0.088852    0.155639    6.213201 ^ clkbuf_0_clk/X (sky130_fd_sc_hd__clkbuf_16)
                                                         clknet_0_clk (net)
                      0.090013    0.008250    6.221451 ^ clkbuf_2_1__f_clk/A (sky130_fd_sc_hd__clkbuf_16)
    21    0.084406    0.078353    0.135479    6.356930 ^ clkbuf_2_1__f_clk/X (sky130_fd_sc_hd__clkbuf_16)
                                                         clknet_2_1__leaf_clk (net)
                      0.080945    0.011361    6.368290 ^ _139_/CLK (sky130_fd_sc_hd__dfrtp_4)
                                  0.087500    6.455791   clock uncertainty
                                  0.000000    6.455791   clock reconvergence pessimism
                                 -0.021782    6.434008   library hold time
                                              6.434008   data required time
---------------------------------------------------------------------------------------------
                                              6.434008   data required time
                                             -7.040608   data arrival time
---------------------------------------------------------------------------------------------
                                              0.606600   slack (MET)


Startpoint: wbs_adr_i[18] (input port clocked by clk)
Endpoint: _130_ (rising edge-triggered flip-flop clocked by clk)
Path Group: clk
Path Type: min

Fanout         Cap        Slew       Delay        Time   Description
---------------------------------------------------------------------------------------------
                                  0.000000    0.000000   clock clk (rise edge)
                                  4.650000    4.650000   clock network delay (propagated)
                                  0.790000    5.440000 ^ input external delay
     2    0.004484    0.070000    0.000000    5.440000 ^ wbs_adr_i[18] (in)
                                                         wbs_adr_i[18] (net)
                      0.070100    0.000049    5.440049 ^ input88/A (sky130_fd_sc_hd__clkbuf_1)
     1    0.004313    0.044854    0.064568    5.504617 ^ input88/X (sky130_fd_sc_hd__clkbuf_1)
                                                         net88 (net)
                      0.044854    0.000157    5.504774 ^ _045_/D (sky130_fd_sc_hd__or4_2)
     3    0.022543    0.088085    0.116544    5.621318 ^ _045_/X (sky130_fd_sc_hd__or4_2)
                                                         _036_ (net)
                      0.088174    0.002225    5.623543 ^ _048_/B (sky130_fd_sc_hd__nor4_1)
     1    0.007512    0.030491    0.051265    5.674808 v _048_/Y (sky130_fd_sc_hd__nor4_1)
                                                         _039_ (net)
                      0.030499    0.000365    5.675172 v hold4/A (sky130_fd_sc_hd__dlygate4sd3_1)
     1    0.007373    0.054132    0.371535    6.046707 v hold4/X (sky130_fd_sc_hd__dlygate4sd3_1)
                                                         net278 (net)
                      0.054132    0.000346    6.047054 v wire262/A (sky130_fd_sc_hd__buf_2)
     1    0.011351    0.030246    0.093959    6.141012 v wire262/X (sky130_fd_sc_hd__buf_2)
                                                         net262 (net)
                      0.030261    0.000615    6.141627 v hold5/A (sky130_fd_sc_hd__dlygate4sd3_1)
     7    0.056112    0.198684    0.502761    6.644389 v hold5/X (sky130_fd_sc_hd__dlygate4sd3_1)
                                                         net279 (net)
                      0.198914    0.005955    6.650343 v fanout261/A (sky130_fd_sc_hd__buf_4)
    33    0.124086    0.114562    0.219883    6.870227 v fanout261/X (sky130_fd_sc_hd__buf_4)
                                                         net261 (net)
                      0.124923    0.025827    6.896054 v _097_/C (sky130_fd_sc_hd__and3_1)
     1    0.003386    0.026504    0.147406    7.043460 v _097_/X (sky130_fd_sc_hd__and3_1)
                                                         _012_ (net)
                      0.026504    0.000104    7.043564 v _130_/D (sky130_fd_sc_hd__dfrtp_4)
                                              7.043564   data arrival time

                                  0.000000    0.000000   clock clk (rise edge)
                                  5.570000    5.570000   clock source latency
     2    0.031002    0.610000    0.000000    5.570000 ^ clk (in)
                                                         clk (net)
                      0.616595    0.003380    5.573380 ^ wire3/A (sky130_fd_sc_hd__buf_4)
     3    0.045136    0.104020    0.157396    5.730776 ^ wire3/X (sky130_fd_sc_hd__buf_4)
                                                         net274 (net)
                      0.104711    0.006883    5.737659 ^ wire2/A (sky130_fd_sc_hd__buf_6)
     3    0.077490    0.119211    0.139108    5.876767 ^ wire2/X (sky130_fd_sc_hd__buf_6)
                                                         net273 (net)
                      0.123514    0.018058    5.894825 ^ wire1/A (sky130_fd_sc_hd__buf_6)
     3    0.079823    0.122571    0.143757    6.038581 ^ wire1/X (sky130_fd_sc_hd__buf_6)
                                                         net272 (net)
                      0.127195    0.018980    6.057562 ^ clkbuf_0_clk/A (sky130_fd_sc_hd__clkbuf_16)
     9    0.099027    0.088852    0.155639    6.213201 ^ clkbuf_0_clk/X (sky130_fd_sc_hd__clkbuf_16)
                                                         clknet_0_clk (net)
                      0.090013    0.008250    6.221451 ^ clkbuf_2_1__f_clk/A (sky130_fd_sc_hd__clkbuf_16)
    21    0.084406    0.078353    0.135479    6.356930 ^ clkbuf_2_1__f_clk/X (sky130_fd_sc_hd__clkbuf_16)
                                                         clknet_2_1__leaf_clk (net)
                      0.081861    0.013259    6.370189 ^ _130_/CLK (sky130_fd_sc_hd__dfrtp_4)
                                  0.087500    6.457688   clock uncertainty
                                  0.000000    6.457688   clock reconvergence pessimism
                                 -0.021889    6.435800   library hold time
                                              6.435800   data required time
---------------------------------------------------------------------------------------------
                                              6.435800   data required time
                                             -7.043564   data arrival time
---------------------------------------------------------------------------------------------
                                              0.607765   slack (MET)


Startpoint: wbs_adr_i[18] (input port clocked by clk)
Endpoint: _129_ (rising edge-triggered flip-flop clocked by clk)
Path Group: clk
Path Type: min

Fanout         Cap        Slew       Delay        Time   Description
---------------------------------------------------------------------------------------------
                                  0.000000    0.000000   clock clk (rise edge)
                                  4.650000    4.650000   clock network delay (propagated)
                                  0.790000    5.440000 ^ input external delay
     2    0.004484    0.070000    0.000000    5.440000 ^ wbs_adr_i[18] (in)
                                                         wbs_adr_i[18] (net)
                      0.070100    0.000049    5.440049 ^ input88/A (sky130_fd_sc_hd__clkbuf_1)
     1    0.004313    0.044854    0.064568    5.504617 ^ input88/X (sky130_fd_sc_hd__clkbuf_1)
                                                         net88 (net)
                      0.044854    0.000157    5.504774 ^ _045_/D (sky130_fd_sc_hd__or4_2)
     3    0.022543    0.088085    0.116544    5.621318 ^ _045_/X (sky130_fd_sc_hd__or4_2)
                                                         _036_ (net)
                      0.088174    0.002225    5.623543 ^ _048_/B (sky130_fd_sc_hd__nor4_1)
     1    0.007512    0.030491    0.051265    5.674808 v _048_/Y (sky130_fd_sc_hd__nor4_1)
                                                         _039_ (net)
                      0.030499    0.000365    5.675172 v hold4/A (sky130_fd_sc_hd__dlygate4sd3_1)
     1    0.007373    0.054132    0.371535    6.046707 v hold4/X (sky130_fd_sc_hd__dlygate4sd3_1)
                                                         net278 (net)
                      0.054132    0.000346    6.047054 v wire262/A (sky130_fd_sc_hd__buf_2)
     1    0.011351    0.030246    0.093959    6.141012 v wire262/X (sky130_fd_sc_hd__buf_2)
                                                         net262 (net)
                      0.030261    0.000615    6.141627 v hold5/A (sky130_fd_sc_hd__dlygate4sd3_1)
     7    0.056112    0.198684    0.502761    6.644389 v hold5/X (sky130_fd_sc_hd__dlygate4sd3_1)
                                                         net279 (net)
                      0.198914    0.005955    6.650343 v fanout261/A (sky130_fd_sc_hd__buf_4)
    33    0.124086    0.114562    0.219883    6.870227 v fanout261/X (sky130_fd_sc_hd__buf_4)
                                                         net261 (net)
                      0.123902    0.024532    6.894759 v _096_/C (sky130_fd_sc_hd__and3_1)
     1    0.003479    0.026174    0.147440    7.042199 v _096_/X (sky130_fd_sc_hd__and3_1)
                                                         _001_ (net)
                      0.026174    0.000110    7.042309 v _129_/D (sky130_fd_sc_hd__dfrtp_4)
                                              7.042309   data arrival time

                                  0.000000    0.000000   clock clk (rise edge)
                                  5.570000    5.570000   clock source latency
     2    0.031002    0.610000    0.000000    5.570000 ^ clk (in)
                                                         clk (net)
                      0.616595    0.003380    5.573380 ^ wire3/A (sky130_fd_sc_hd__buf_4)
     3    0.045136    0.104020    0.157396    5.730776 ^ wire3/X (sky130_fd_sc_hd__buf_4)
                                                         net274 (net)
                      0.104711    0.006883    5.737659 ^ wire2/A (sky130_fd_sc_hd__buf_6)
     3    0.077490    0.119211    0.139108    5.876767 ^ wire2/X (sky130_fd_sc_hd__buf_6)
                                                         net273 (net)
                      0.123514    0.018058    5.894825 ^ wire1/A (sky130_fd_sc_hd__buf_6)
     3    0.079823    0.122571    0.143757    6.038581 ^ wire1/X (sky130_fd_sc_hd__buf_6)
                                                         net272 (net)
                      0.127195    0.018980    6.057562 ^ clkbuf_0_clk/A (sky130_fd_sc_hd__clkbuf_16)
     9    0.099027    0.088852    0.155639    6.213201 ^ clkbuf_0_clk/X (sky130_fd_sc_hd__clkbuf_16)
                                                         clknet_0_clk (net)
                      0.090013    0.008250    6.221451 ^ clkbuf_2_1__f_clk/A (sky130_fd_sc_hd__clkbuf_16)
    21    0.084406    0.078353    0.135479    6.356930 ^ clkbuf_2_1__f_clk/X (sky130_fd_sc_hd__clkbuf_16)
                                                         clknet_2_1__leaf_clk (net)
                      0.081026    0.011539    6.368469 ^ _129_/CLK (sky130_fd_sc_hd__dfrtp_4)
                                  0.087500    6.455969   clock uncertainty
                                  0.000000    6.455969   clock reconvergence pessimism
                                 -0.021864    6.434104   library hold time
                                              6.434104   data required time
---------------------------------------------------------------------------------------------
                                              6.434104   data required time
                                             -7.042309   data arrival time
---------------------------------------------------------------------------------------------
                                              0.608204   slack (MET)


Startpoint: wbs_adr_i[18] (input port clocked by clk)
Endpoint: _132_ (rising edge-triggered flip-flop clocked by clk)
Path Group: clk
Path Type: min

Fanout         Cap        Slew       Delay        Time   Description
---------------------------------------------------------------------------------------------
                                  0.000000    0.000000   clock clk (rise edge)
                                  4.650000    4.650000   clock network delay (propagated)
                                  0.790000    5.440000 ^ input external delay
     2    0.004484    0.070000    0.000000    5.440000 ^ wbs_adr_i[18] (in)
                                                         wbs_adr_i[18] (net)
                      0.070100    0.000049    5.440049 ^ input88/A (sky130_fd_sc_hd__clkbuf_1)
     1    0.004313    0.044854    0.064568    5.504617 ^ input88/X (sky130_fd_sc_hd__clkbuf_1)
                                                         net88 (net)
                      0.044854    0.000157    5.504774 ^ _045_/D (sky130_fd_sc_hd__or4_2)
     3    0.022543    0.088085    0.116544    5.621318 ^ _045_/X (sky130_fd_sc_hd__or4_2)
                                                         _036_ (net)
                      0.088174    0.002225    5.623543 ^ _048_/B (sky130_fd_sc_hd__nor4_1)
     1    0.007512    0.030491    0.051265    5.674808 v _048_/Y (sky130_fd_sc_hd__nor4_1)
                                                         _039_ (net)
                      0.030499    0.000365    5.675172 v hold4/A (sky130_fd_sc_hd__dlygate4sd3_1)
     1    0.007373    0.054132    0.371535    6.046707 v hold4/X (sky130_fd_sc_hd__dlygate4sd3_1)
                                                         net278 (net)
                      0.054132    0.000346    6.047054 v wire262/A (sky130_fd_sc_hd__buf_2)
     1    0.011351    0.030246    0.093959    6.141012 v wire262/X (sky130_fd_sc_hd__buf_2)
                                                         net262 (net)
                      0.030261    0.000615    6.141627 v hold5/A (sky130_fd_sc_hd__dlygate4sd3_1)
     7    0.056112    0.198684    0.502761    6.644389 v hold5/X (sky130_fd_sc_hd__dlygate4sd3_1)
                                                         net279 (net)
                      0.198914    0.005955    6.650343 v fanout261/A (sky130_fd_sc_hd__buf_4)
    33    0.124086    0.114562    0.219883    6.870227 v fanout261/X (sky130_fd_sc_hd__buf_4)
                                                         net261 (net)
                      0.125093    0.026038    6.896265 v _099_/C (sky130_fd_sc_hd__and3_1)
     1    0.003952    0.027713    0.149782    7.046048 v _099_/X (sky130_fd_sc_hd__and3_1)
                                                         _026_ (net)
                      0.027713    0.000124    7.046171 v _132_/D (sky130_fd_sc_hd__dfrtp_4)
                                              7.046171   data arrival time

                                  0.000000    0.000000   clock clk (rise edge)
                                  5.570000    5.570000   clock source latency
     2    0.031002    0.610000    0.000000    5.570000 ^ clk (in)
                                                         clk (net)
                      0.616595    0.003380    5.573380 ^ wire3/A (sky130_fd_sc_hd__buf_4)
     3    0.045136    0.104020    0.157396    5.730776 ^ wire3/X (sky130_fd_sc_hd__buf_4)
                                                         net274 (net)
                      0.104711    0.006883    5.737659 ^ wire2/A (sky130_fd_sc_hd__buf_6)
     3    0.077490    0.119211    0.139108    5.876767 ^ wire2/X (sky130_fd_sc_hd__buf_6)
                                                         net273 (net)
                      0.123514    0.018058    5.894825 ^ wire1/A (sky130_fd_sc_hd__buf_6)
     3    0.079823    0.122571    0.143757    6.038581 ^ wire1/X (sky130_fd_sc_hd__buf_6)
                                                         net272 (net)
                      0.127195    0.018980    6.057562 ^ clkbuf_0_clk/A (sky130_fd_sc_hd__clkbuf_16)
     9    0.099027    0.088852    0.155639    6.213201 ^ clkbuf_0_clk/X (sky130_fd_sc_hd__clkbuf_16)
                                                         clknet_0_clk (net)
                      0.090013    0.008250    6.221451 ^ clkbuf_2_1__f_clk/A (sky130_fd_sc_hd__clkbuf_16)
    21    0.084406    0.078353    0.135479    6.356930 ^ clkbuf_2_1__f_clk/X (sky130_fd_sc_hd__clkbuf_16)
                                                         clknet_2_1__leaf_clk (net)
                      0.081877    0.013289    6.370219 ^ _132_/CLK (sky130_fd_sc_hd__dfrtp_4)
                                  0.087500    6.457718   clock uncertainty
                                  0.000000    6.457718   clock reconvergence pessimism
                                 -0.022277    6.435441   library hold time
                                              6.435441   data required time
---------------------------------------------------------------------------------------------
                                              6.435441   data required time
                                             -7.046171   data arrival time
---------------------------------------------------------------------------------------------
                                              0.610730   slack (MET)


Startpoint: wbs_adr_i[18] (input port clocked by clk)
Endpoint: _153_ (rising edge-triggered flip-flop clocked by clk)
Path Group: clk
Path Type: min

Fanout         Cap        Slew       Delay        Time   Description
---------------------------------------------------------------------------------------------
                                  0.000000    0.000000   clock clk (rise edge)
                                  4.650000    4.650000   clock network delay (propagated)
                                  0.790000    5.440000 ^ input external delay
     2    0.004484    0.070000    0.000000    5.440000 ^ wbs_adr_i[18] (in)
                                                         wbs_adr_i[18] (net)
                      0.070100    0.000049    5.440049 ^ input88/A (sky130_fd_sc_hd__clkbuf_1)
     1    0.004313    0.044854    0.064568    5.504617 ^ input88/X (sky130_fd_sc_hd__clkbuf_1)
                                                         net88 (net)
                      0.044854    0.000157    5.504774 ^ _045_/D (sky130_fd_sc_hd__or4_2)
     3    0.022543    0.088085    0.116544    5.621318 ^ _045_/X (sky130_fd_sc_hd__or4_2)
                                                         _036_ (net)
                      0.088174    0.002225    5.623543 ^ _048_/B (sky130_fd_sc_hd__nor4_1)
     1    0.007512    0.030491    0.051265    5.674808 v _048_/Y (sky130_fd_sc_hd__nor4_1)
                                                         _039_ (net)
                      0.030499    0.000365    5.675172 v hold4/A (sky130_fd_sc_hd__dlygate4sd3_1)
     1    0.007373    0.054132    0.371535    6.046707 v hold4/X (sky130_fd_sc_hd__dlygate4sd3_1)
                                                         net278 (net)
                      0.054132    0.000346    6.047054 v wire262/A (sky130_fd_sc_hd__buf_2)
     1    0.011351    0.030246    0.093959    6.141012 v wire262/X (sky130_fd_sc_hd__buf_2)
                                                         net262 (net)
                      0.030261    0.000615    6.141627 v hold5/A (sky130_fd_sc_hd__dlygate4sd3_1)
     7    0.056112    0.198684    0.502761    6.644389 v hold5/X (sky130_fd_sc_hd__dlygate4sd3_1)
                                                         net279 (net)
                      0.198715    0.002538    6.646927 v fanout260/A (sky130_fd_sc_hd__buf_4)
    33    0.118901    0.109834    0.221901    6.868828 v fanout260/X (sky130_fd_sc_hd__buf_4)
                                                         net260 (net)
                      0.114536    0.017368    6.886196 v _120_/C (sky130_fd_sc_hd__and3_1)
     1    0.005219    0.031908    0.149639    7.035836 v _120_/X (sky130_fd_sc_hd__and3_1)
                                                         _017_ (net)
                      0.031909    0.000201    7.036037 v _153_/D (sky130_fd_sc_hd__dfrtp_4)
                                              7.036037   data arrival time

                                  0.000000    0.000000   clock clk (rise edge)
                                  5.570000    5.570000   clock source latency
     2    0.031002    0.610000    0.000000    5.570000 ^ clk (in)
                                                         clk (net)
                      0.616595    0.003380    5.573380 ^ wire3/A (sky130_fd_sc_hd__buf_4)
     3    0.045136    0.104020    0.157396    5.730776 ^ wire3/X (sky130_fd_sc_hd__buf_4)
                                                         net274 (net)
                      0.104711    0.006883    5.737659 ^ wire2/A (sky130_fd_sc_hd__buf_6)
     3    0.077490    0.119211    0.139108    5.876767 ^ wire2/X (sky130_fd_sc_hd__buf_6)
                                                         net273 (net)
                      0.123514    0.018058    5.894825 ^ wire1/A (sky130_fd_sc_hd__buf_6)
     3    0.079823    0.122571    0.143757    6.038581 ^ wire1/X (sky130_fd_sc_hd__buf_6)
                                                         net272 (net)
                      0.127195    0.018980    6.057562 ^ clkbuf_0_clk/A (sky130_fd_sc_hd__clkbuf_16)
     9    0.099027    0.088852    0.155639    6.213201 ^ clkbuf_0_clk/X (sky130_fd_sc_hd__clkbuf_16)
                                                         clknet_0_clk (net)
                      0.089797    0.007454    6.220655 ^ clkbuf_2_3__f_clk/A (sky130_fd_sc_hd__clkbuf_16)
    21    0.071648    0.068794    0.128408    6.349064 ^ clkbuf_2_3__f_clk/X (sky130_fd_sc_hd__clkbuf_16)
                                                         clknet_2_3__leaf_clk (net)
                      0.072090    0.011925    6.360989 ^ _153_/CLK (sky130_fd_sc_hd__dfrtp_4)
                                  0.087500    6.448489   clock uncertainty
                                  0.000000    6.448489   clock reconvergence pessimism
                                 -0.024594    6.423895   library hold time
                                              6.423895   data required time
---------------------------------------------------------------------------------------------
                                              6.423895   data required time
                                             -7.036037   data arrival time
---------------------------------------------------------------------------------------------
                                              0.612142   slack (MET)


Startpoint: wbs_adr_i[18] (input port clocked by clk)
Endpoint: _133_ (rising edge-triggered flip-flop clocked by clk)
Path Group: clk
Path Type: min

Fanout         Cap        Slew       Delay        Time   Description
---------------------------------------------------------------------------------------------
                                  0.000000    0.000000   clock clk (rise edge)
                                  4.650000    4.650000   clock network delay (propagated)
                                  0.790000    5.440000 ^ input external delay
     2    0.004484    0.070000    0.000000    5.440000 ^ wbs_adr_i[18] (in)
                                                         wbs_adr_i[18] (net)
                      0.070100    0.000049    5.440049 ^ input88/A (sky130_fd_sc_hd__clkbuf_1)
     1    0.004313    0.044854    0.064568    5.504617 ^ input88/X (sky130_fd_sc_hd__clkbuf_1)
                                                         net88 (net)
                      0.044854    0.000157    5.504774 ^ _045_/D (sky130_fd_sc_hd__or4_2)
     3    0.022543    0.088085    0.116544    5.621318 ^ _045_/X (sky130_fd_sc_hd__or4_2)
                                                         _036_ (net)
                      0.088174    0.002225    5.623543 ^ _048_/B (sky130_fd_sc_hd__nor4_1)
     1    0.007512    0.030491    0.051265    5.674808 v _048_/Y (sky130_fd_sc_hd__nor4_1)
                                                         _039_ (net)
                      0.030499    0.000365    5.675172 v hold4/A (sky130_fd_sc_hd__dlygate4sd3_1)
     1    0.007373    0.054132    0.371535    6.046707 v hold4/X (sky130_fd_sc_hd__dlygate4sd3_1)
                                                         net278 (net)
                      0.054132    0.000346    6.047054 v wire262/A (sky130_fd_sc_hd__buf_2)
     1    0.011351    0.030246    0.093959    6.141012 v wire262/X (sky130_fd_sc_hd__buf_2)
                                                         net262 (net)
                      0.030261    0.000615    6.141627 v hold5/A (sky130_fd_sc_hd__dlygate4sd3_1)
     7    0.056112    0.198684    0.502761    6.644389 v hold5/X (sky130_fd_sc_hd__dlygate4sd3_1)
                                                         net279 (net)
                      0.198914    0.005955    6.650343 v fanout261/A (sky130_fd_sc_hd__buf_4)
    33    0.124086    0.114562    0.219883    6.870227 v fanout261/X (sky130_fd_sc_hd__buf_4)
                                                         net261 (net)
                      0.125104    0.026052    6.896278 v _100_/C (sky130_fd_sc_hd__and3_1)
     1    0.004368    0.029921    0.151141    7.047420 v _100_/X (sky130_fd_sc_hd__and3_1)
                                                         _027_ (net)
                      0.029923    0.000149    7.047568 v _133_/D (sky130_fd_sc_hd__dfrtp_4)
                                              7.047568   data arrival time

                                  0.000000    0.000000   clock clk (rise edge)
                                  5.570000    5.570000   clock source latency
     2    0.031002    0.610000    0.000000    5.570000 ^ clk (in)
                                                         clk (net)
                      0.616595    0.003380    5.573380 ^ wire3/A (sky130_fd_sc_hd__buf_4)
     3    0.045136    0.104020    0.157396    5.730776 ^ wire3/X (sky130_fd_sc_hd__buf_4)
                                                         net274 (net)
                      0.104711    0.006883    5.737659 ^ wire2/A (sky130_fd_sc_hd__buf_6)
     3    0.077490    0.119211    0.139108    5.876767 ^ wire2/X (sky130_fd_sc_hd__buf_6)
                                                         net273 (net)
                      0.123514    0.018058    5.894825 ^ wire1/A (sky130_fd_sc_hd__buf_6)
     3    0.079823    0.122571    0.143757    6.038581 ^ wire1/X (sky130_fd_sc_hd__buf_6)
                                                         net272 (net)
                      0.127195    0.018980    6.057562 ^ clkbuf_0_clk/A (sky130_fd_sc_hd__clkbuf_16)
     9    0.099027    0.088852    0.155639    6.213201 ^ clkbuf_0_clk/X (sky130_fd_sc_hd__clkbuf_16)
                                                         clknet_0_clk (net)
                      0.090013    0.008250    6.221451 ^ clkbuf_2_1__f_clk/A (sky130_fd_sc_hd__clkbuf_16)
    21    0.084406    0.078353    0.135479    6.356930 ^ clkbuf_2_1__f_clk/X (sky130_fd_sc_hd__clkbuf_16)
                                                         clknet_2_1__leaf_clk (net)
                      0.081904    0.013340    6.370270 ^ _133_/CLK (sky130_fd_sc_hd__dfrtp_4)
                                  0.087500    6.457770   clock uncertainty
                                  0.000000    6.457770   clock reconvergence pessimism
                                 -0.022987    6.434783   library hold time
                                              6.434783   data required time
---------------------------------------------------------------------------------------------
                                              6.434783   data required time
                                             -7.047568   data arrival time
---------------------------------------------------------------------------------------------
                                              0.612786   slack (MET)


Startpoint: wbs_adr_i[18] (input port clocked by clk)
Endpoint: _146_ (rising edge-triggered flip-flop clocked by clk)
Path Group: clk
Path Type: min

Fanout         Cap        Slew       Delay        Time   Description
---------------------------------------------------------------------------------------------
                                  0.000000    0.000000   clock clk (rise edge)
                                  4.650000    4.650000   clock network delay (propagated)
                                  0.790000    5.440000 ^ input external delay
     2    0.004484    0.070000    0.000000    5.440000 ^ wbs_adr_i[18] (in)
                                                         wbs_adr_i[18] (net)
                      0.070100    0.000049    5.440049 ^ input88/A (sky130_fd_sc_hd__clkbuf_1)
     1    0.004313    0.044854    0.064568    5.504617 ^ input88/X (sky130_fd_sc_hd__clkbuf_1)
                                                         net88 (net)
                      0.044854    0.000157    5.504774 ^ _045_/D (sky130_fd_sc_hd__or4_2)
     3    0.022543    0.088085    0.116544    5.621318 ^ _045_/X (sky130_fd_sc_hd__or4_2)
                                                         _036_ (net)
                      0.088174    0.002225    5.623543 ^ _048_/B (sky130_fd_sc_hd__nor4_1)
     1    0.007512    0.030491    0.051265    5.674808 v _048_/Y (sky130_fd_sc_hd__nor4_1)
                                                         _039_ (net)
                      0.030499    0.000365    5.675172 v hold4/A (sky130_fd_sc_hd__dlygate4sd3_1)
     1    0.007373    0.054132    0.371535    6.046707 v hold4/X (sky130_fd_sc_hd__dlygate4sd3_1)
                                                         net278 (net)
                      0.054132    0.000346    6.047054 v wire262/A (sky130_fd_sc_hd__buf_2)
     1    0.011351    0.030246    0.093959    6.141012 v wire262/X (sky130_fd_sc_hd__buf_2)
                                                         net262 (net)
                      0.030261    0.000615    6.141627 v hold5/A (sky130_fd_sc_hd__dlygate4sd3_1)
     7    0.056112    0.198684    0.502761    6.644389 v hold5/X (sky130_fd_sc_hd__dlygate4sd3_1)
                                                         net279 (net)
                      0.198685    0.001062    6.645451 v _113_/C (sky130_fd_sc_hd__and3_1)
     1    0.002457    0.023822    0.171334    6.816785 v _113_/X (sky130_fd_sc_hd__and3_1)
                                                         _009_ (net)
                      0.023822    0.000071    6.816856 v hold6/A (sky130_fd_sc_hd__dlygate4sd3_1)
     1    0.002401    0.036755    0.345899    7.162755 v hold6/X (sky130_fd_sc_hd__dlygate4sd3_1)
                                                         net280 (net)
                      0.036755    0.000065    7.162820 v _146_/D (sky130_fd_sc_hd__dfrtp_2)
                                              7.162820   data arrival time

                                  0.000000    0.000000   clock clk (rise edge)
                                  5.570000    5.570000   clock source latency
     2    0.031002    0.610000    0.000000    5.570000 ^ clk (in)
                                                         clk (net)
                      0.616595    0.003380    5.573380 ^ wire3/A (sky130_fd_sc_hd__buf_4)
     3    0.045136    0.104020    0.157396    5.730776 ^ wire3/X (sky130_fd_sc_hd__buf_4)
                                                         net274 (net)
                      0.104711    0.006883    5.737659 ^ wire2/A (sky130_fd_sc_hd__buf_6)
     3    0.077490    0.119211    0.139108    5.876767 ^ wire2/X (sky130_fd_sc_hd__buf_6)
                                                         net273 (net)
                      0.123514    0.018058    5.894825 ^ wire1/A (sky130_fd_sc_hd__buf_6)
     3    0.079823    0.122571    0.143757    6.038581 ^ wire1/X (sky130_fd_sc_hd__buf_6)
                                                         net272 (net)
                      0.127195    0.018980    6.057562 ^ clkbuf_0_clk/A (sky130_fd_sc_hd__clkbuf_16)
     9    0.099027    0.088852    0.155639    6.213201 ^ clkbuf_0_clk/X (sky130_fd_sc_hd__clkbuf_16)
                                                         clknet_0_clk (net)
                      0.089797    0.007454    6.220655 ^ clkbuf_2_3__f_clk/A (sky130_fd_sc_hd__clkbuf_16)
    21    0.071648    0.068794    0.128408    6.349064 ^ clkbuf_2_3__f_clk/X (sky130_fd_sc_hd__clkbuf_16)
                                                         clknet_2_3__leaf_clk (net)
                      0.069099    0.003757    6.352820 ^ _146_/CLK (sky130_fd_sc_hd__dfrtp_2)
                                  0.087500    6.440320   clock uncertainty
                                  0.000000    6.440320   clock reconvergence pessimism
                                 -0.027466    6.412854   library hold time
                                              6.412854   data required time
---------------------------------------------------------------------------------------------
                                              6.412854   data required time
                                             -7.162820   data arrival time
---------------------------------------------------------------------------------------------
                                              0.749966   slack (MET)


Startpoint: wbs_stb_i (input port clocked by clk)
Endpoint: _128_ (rising edge-triggered flip-flop clocked by clk)
Path Group: clk
Path Type: min

Fanout         Cap        Slew       Delay        Time   Description
---------------------------------------------------------------------------------------------
                                  0.000000    0.000000   clock clk (rise edge)
                                  4.650000    4.650000   clock network delay (propagated)
                                  1.860000    6.510000 v input external delay
     2    0.006358    0.150000    0.000000    6.510000 v wbs_stb_i (in)
                                                         wbs_stb_i (net)
                      0.150155    0.000075    6.510075 v input147/A (sky130_fd_sc_hd__buf_6)
     3    0.171856    0.064523    0.150843    6.660919 v input147/X (sky130_fd_sc_hd__buf_6)
                                                         net147 (net)
                      0.237926    0.107454    6.768373 v _041_/B (sky130_fd_sc_hd__and2_4)
     5    0.083506    0.082023    0.238516    7.006889 v _041_/X (sky130_fd_sc_hd__and2_4)
                                                         _000_ (net)
                      0.082184    0.002634    7.009524 v hold194/A (sky130_fd_sc_hd__dlygate4sd3_1)
     1    0.002852    0.038273    0.370985    7.380509 v hold194/X (sky130_fd_sc_hd__dlygate4sd3_1)
                                                         net468 (net)
                      0.038273    0.000081    7.380590 v _128_/D (sky130_fd_sc_hd__dfrtp_4)
                                              7.380590   data arrival time

                                  0.000000    0.000000   clock clk (rise edge)
                                  5.570000    5.570000   clock source latency
     2    0.031002    0.610000    0.000000    5.570000 ^ clk (in)
                                                         clk (net)
                      0.616595    0.003380    5.573380 ^ wire3/A (sky130_fd_sc_hd__buf_4)
     3    0.045136    0.104020    0.157396    5.730776 ^ wire3/X (sky130_fd_sc_hd__buf_4)
                                                         net274 (net)
                      0.104711    0.006883    5.737659 ^ wire2/A (sky130_fd_sc_hd__buf_6)
     3    0.077490    0.119211    0.139108    5.876767 ^ wire2/X (sky130_fd_sc_hd__buf_6)
                                                         net273 (net)
                      0.123514    0.018058    5.894825 ^ wire1/A (sky130_fd_sc_hd__buf_6)
     3    0.079823    0.122571    0.143757    6.038581 ^ wire1/X (sky130_fd_sc_hd__buf_6)
                                                         net272 (net)
                      0.127195    0.018980    6.057562 ^ clkbuf_0_clk/A (sky130_fd_sc_hd__clkbuf_16)
     9    0.099027    0.088852    0.155639    6.213201 ^ clkbuf_0_clk/X (sky130_fd_sc_hd__clkbuf_16)
                                                         clknet_0_clk (net)
                      0.090013    0.008250    6.221451 ^ clkbuf_2_1__f_clk/A (sky130_fd_sc_hd__clkbuf_16)
    21    0.084406    0.078353    0.135479    6.356930 ^ clkbuf_2_1__f_clk/X (sky130_fd_sc_hd__clkbuf_16)
                                                         clknet_2_1__leaf_clk (net)
                      0.079761    0.008388    6.365318 ^ _128_/CLK (sky130_fd_sc_hd__dfrtp_4)
                                  0.087500    6.452817   clock uncertainty
                                  0.000000    6.452817   clock reconvergence pessimism
                                 -0.025892    6.426925   library hold time
                                              6.426925   data required time
---------------------------------------------------------------------------------------------
                                              6.426925   data required time
                                             -7.380590   data arrival time
---------------------------------------------------------------------------------------------
                                              0.953665   slack (MET)


Startpoint: _146_ (rising edge-triggered flip-flop clocked by clk)
Endpoint: wbs_dat_o[17] (output port clocked by clk)
Path Group: clk
Path Type: min

Fanout         Cap        Slew       Delay        Time   Description
---------------------------------------------------------------------------------------------
                                  0.000000    0.000000   clock clk (rise edge)
                                  4.650000    4.650000   clock source latency
     2    0.031002    0.610000    0.000000    4.650000 ^ clk (in)
                                                         clk (net)
                      0.616595    0.003215    4.653215 ^ wire3/A (sky130_fd_sc_hd__buf_4)
     3    0.045136    0.104020    0.149718    4.802933 ^ wire3/X (sky130_fd_sc_hd__buf_4)
                                                         net274 (net)
                      0.104711    0.006547    4.809480 ^ wire2/A (sky130_fd_sc_hd__buf_6)
     3    0.077490    0.119211    0.132322    4.941802 ^ wire2/X (sky130_fd_sc_hd__buf_6)
                                                         net273 (net)
                      0.123514    0.017177    4.958979 ^ wire1/A (sky130_fd_sc_hd__buf_6)
     3    0.079823    0.122571    0.136744    5.095724 ^ wire1/X (sky130_fd_sc_hd__buf_6)
                                                         net272 (net)
                      0.127195    0.018054    5.113778 ^ clkbuf_0_clk/A (sky130_fd_sc_hd__clkbuf_16)
     9    0.099027    0.088852    0.148047    5.261825 ^ clkbuf_0_clk/X (sky130_fd_sc_hd__clkbuf_16)
                                                         clknet_0_clk (net)
                      0.089797    0.007091    5.268916 ^ clkbuf_2_3__f_clk/A (sky130_fd_sc_hd__clkbuf_16)
    21    0.071648    0.068794    0.122145    5.391061 ^ clkbuf_2_3__f_clk/X (sky130_fd_sc_hd__clkbuf_16)
                                                         clknet_2_3__leaf_clk (net)
                      0.069099    0.003573    5.394634 ^ _146_/CLK (sky130_fd_sc_hd__dfrtp_2)
     3    0.027104    0.068188    0.288650    5.683284 v _146_/Q (sky130_fd_sc_hd__dfrtp_2)
                                                         net236 (net)
                      0.068358    0.002962    5.686246 v output236/A (sky130_fd_sc_hd__buf_12)
     1    0.190955    0.076822    0.143566    5.829813 v output236/X (sky130_fd_sc_hd__buf_12)
                                                         wbs_dat_o[17] (net)
                      0.077190    0.004120    5.833932 v wbs_dat_o[17] (out)
                                              5.833932   data arrival time

                                  0.000000    0.000000   clock clk (rise edge)
                                  5.570000    5.570000   clock network delay (propagated)
                                  0.087500    5.657500   clock uncertainty
                                  0.000000    5.657500   clock reconvergence pessimism
                                 -1.130000    4.527500   output external delay
                                              4.527500   data required time
---------------------------------------------------------------------------------------------
                                              4.527500   data required time
                                             -5.833932   data arrival time
---------------------------------------------------------------------------------------------
                                              1.306432   slack (MET)


Startpoint: _140_ (rising edge-triggered flip-flop clocked by clk)
Endpoint: wbs_dat_o[11] (output port clocked by clk)
Path Group: clk
Path Type: min

Fanout         Cap        Slew       Delay        Time   Description
---------------------------------------------------------------------------------------------
                                  0.000000    0.000000   clock clk (rise edge)
                                  4.650000    4.650000   clock source latency
     2    0.031002    0.610000    0.000000    4.650000 ^ clk (in)
                                                         clk (net)
                      0.616595    0.003215    4.653215 ^ wire3/A (sky130_fd_sc_hd__buf_4)
     3    0.045136    0.104020    0.149718    4.802933 ^ wire3/X (sky130_fd_sc_hd__buf_4)
                                                         net274 (net)
                      0.104711    0.006547    4.809480 ^ wire2/A (sky130_fd_sc_hd__buf_6)
     3    0.077490    0.119211    0.132322    4.941802 ^ wire2/X (sky130_fd_sc_hd__buf_6)
                                                         net273 (net)
                      0.123514    0.017177    4.958979 ^ wire1/A (sky130_fd_sc_hd__buf_6)
     3    0.079823    0.122571    0.136744    5.095724 ^ wire1/X (sky130_fd_sc_hd__buf_6)
                                                         net272 (net)
                      0.127195    0.018054    5.113778 ^ clkbuf_0_clk/A (sky130_fd_sc_hd__clkbuf_16)
     9    0.099027    0.088852    0.148047    5.261825 ^ clkbuf_0_clk/X (sky130_fd_sc_hd__clkbuf_16)
                                                         clknet_0_clk (net)
                      0.090013    0.007848    5.269672 ^ clkbuf_2_1__f_clk/A (sky130_fd_sc_hd__clkbuf_16)
    21    0.084406    0.078353    0.128870    5.398543 ^ clkbuf_2_1__f_clk/X (sky130_fd_sc_hd__clkbuf_16)
                                                         clknet_2_1__leaf_clk (net)
                      0.080071    0.008797    5.407339 ^ _140_/CLK (sky130_fd_sc_hd__dfrtp_2)
     3    0.026978    0.068038    0.291132    5.698471 v _140_/Q (sky130_fd_sc_hd__dfrtp_2)
                                                         net230 (net)
                      0.068230    0.003108    5.701579 v output230/A (sky130_fd_sc_hd__buf_12)
     1    0.190929    0.076813    0.143506    5.845085 v output230/X (sky130_fd_sc_hd__buf_12)
                                                         wbs_dat_o[11] (net)
                      0.077181    0.004119    5.849205 v wbs_dat_o[11] (out)
                                              5.849205   data arrival time

                                  0.000000    0.000000   clock clk (rise edge)
                                  5.570000    5.570000   clock network delay (propagated)
                                  0.087500    5.657500   clock uncertainty
                                  0.000000    5.657500   clock reconvergence pessimism
                                 -1.130000    4.527500   output external delay
                                              4.527500   data required time
---------------------------------------------------------------------------------------------
                                              4.527500   data required time
                                             -5.849205   data arrival time
---------------------------------------------------------------------------------------------
                                              1.321705   slack (MET)


Startpoint: _145_ (rising edge-triggered flip-flop clocked by clk)
Endpoint: wbs_dat_o[16] (output port clocked by clk)
Path Group: clk
Path Type: min

Fanout         Cap        Slew       Delay        Time   Description
---------------------------------------------------------------------------------------------
                                  0.000000    0.000000   clock clk (rise edge)
                                  4.650000    4.650000   clock source latency
     2    0.031002    0.610000    0.000000    4.650000 ^ clk (in)
                                                         clk (net)
                      0.616595    0.003215    4.653215 ^ wire3/A (sky130_fd_sc_hd__buf_4)
     3    0.045136    0.104020    0.149718    4.802933 ^ wire3/X (sky130_fd_sc_hd__buf_4)
                                                         net274 (net)
                      0.104711    0.006547    4.809480 ^ wire2/A (sky130_fd_sc_hd__buf_6)
     3    0.077490    0.119211    0.132322    4.941802 ^ wire2/X (sky130_fd_sc_hd__buf_6)
                                                         net273 (net)
                      0.123514    0.017177    4.958979 ^ wire1/A (sky130_fd_sc_hd__buf_6)
     3    0.079823    0.122571    0.136744    5.095724 ^ wire1/X (sky130_fd_sc_hd__buf_6)
                                                         net272 (net)
                      0.127195    0.018054    5.113778 ^ clkbuf_0_clk/A (sky130_fd_sc_hd__clkbuf_16)
     9    0.099027    0.088852    0.148047    5.261825 ^ clkbuf_0_clk/X (sky130_fd_sc_hd__clkbuf_16)
                                                         clknet_0_clk (net)
                      0.089796    0.007087    5.268912 ^ clkbuf_2_2__f_clk/A (sky130_fd_sc_hd__clkbuf_16)
    17    0.094715    0.085805    0.136113    5.405025 ^ clkbuf_2_2__f_clk/X (sky130_fd_sc_hd__clkbuf_16)
                                                         clknet_2_2__leaf_clk (net)
                      0.086275    0.004973    5.409998 ^ _145_/CLK (sky130_fd_sc_hd__dfrtp_2)
     3    0.025601    0.065709    0.290829    5.700828 v _145_/Q (sky130_fd_sc_hd__dfrtp_2)
                                                         net235 (net)
                      0.065845    0.002618    5.703446 v output235/A (sky130_fd_sc_hd__buf_12)
     1    0.191371    0.077076    0.142348    5.845794 v output235/X (sky130_fd_sc_hd__buf_12)
                                                         wbs_dat_o[16] (net)
                      0.077505    0.004465    5.850259 v wbs_dat_o[16] (out)
                                              5.850259   data arrival time

                                  0.000000    0.000000   clock clk (rise edge)
                                  5.570000    5.570000   clock network delay (propagated)
                                  0.087500    5.657500   clock uncertainty
                                  0.000000    5.657500   clock reconvergence pessimism
                                 -1.130000    4.527500   output external delay
                                              4.527500   data required time
---------------------------------------------------------------------------------------------
                                              4.527500   data required time
                                             -5.850259   data arrival time
---------------------------------------------------------------------------------------------
                                              1.322759   slack (MET)


Startpoint: _141_ (rising edge-triggered flip-flop clocked by clk)
Endpoint: wbs_dat_o[12] (output port clocked by clk)
Path Group: clk
Path Type: min

Fanout         Cap        Slew       Delay        Time   Description
---------------------------------------------------------------------------------------------
                                  0.000000    0.000000   clock clk (rise edge)
                                  4.650000    4.650000   clock source latency
     2    0.031002    0.610000    0.000000    4.650000 ^ clk (in)
                                                         clk (net)
                      0.616595    0.003215    4.653215 ^ wire3/A (sky130_fd_sc_hd__buf_4)
     3    0.045136    0.104020    0.149718    4.802933 ^ wire3/X (sky130_fd_sc_hd__buf_4)
                                                         net274 (net)
                      0.104711    0.006547    4.809480 ^ wire2/A (sky130_fd_sc_hd__buf_6)
     3    0.077490    0.119211    0.132322    4.941802 ^ wire2/X (sky130_fd_sc_hd__buf_6)
                                                         net273 (net)
                      0.123514    0.017177    4.958979 ^ wire1/A (sky130_fd_sc_hd__buf_6)
     3    0.079823    0.122571    0.136744    5.095724 ^ wire1/X (sky130_fd_sc_hd__buf_6)
                                                         net272 (net)
                      0.127195    0.018054    5.113778 ^ clkbuf_0_clk/A (sky130_fd_sc_hd__clkbuf_16)
     9    0.099027    0.088852    0.148047    5.261825 ^ clkbuf_0_clk/X (sky130_fd_sc_hd__clkbuf_16)
                                                         clknet_0_clk (net)
                      0.090050    0.007972    5.269797 ^ clkbuf_2_0__f_clk/A (sky130_fd_sc_hd__clkbuf_16)
    17    0.096864    0.087461    0.137104    5.406901 ^ clkbuf_2_0__f_clk/X (sky130_fd_sc_hd__clkbuf_16)
                                                         clknet_2_0__leaf_clk (net)
                      0.087772    0.004139    5.411040 ^ _141_/CLK (sky130_fd_sc_hd__dfrtp_2)
     3    0.025205    0.065097    0.290550    5.701590 v _141_/Q (sky130_fd_sc_hd__dfrtp_2)
                                                         net231 (net)
                      0.065238    0.002641    5.704231 v output231/A (sky130_fd_sc_hd__buf_12)
     1    0.191457    0.077193    0.141914    5.846145 v output231/X (sky130_fd_sc_hd__buf_12)
                                                         wbs_dat_o[12] (net)
                      0.077671    0.004727    5.850872 v wbs_dat_o[12] (out)
                                              5.850872   data arrival time

                                  0.000000    0.000000   clock clk (rise edge)
                                  5.570000    5.570000   clock network delay (propagated)
                                  0.087500    5.657500   clock uncertainty
                                  0.000000    5.657500   clock reconvergence pessimism
                                 -1.130000    4.527500   output external delay
                                              4.527500   data required time
---------------------------------------------------------------------------------------------
                                              4.527500   data required time
                                             -5.850872   data arrival time
---------------------------------------------------------------------------------------------
                                              1.323372   slack (MET)


Startpoint: _142_ (rising edge-triggered flip-flop clocked by clk)
Endpoint: wbs_dat_o[13] (output port clocked by clk)
Path Group: clk
Path Type: min

Fanout         Cap        Slew       Delay        Time   Description
---------------------------------------------------------------------------------------------
                                  0.000000    0.000000   clock clk (rise edge)
                                  4.650000    4.650000   clock source latency
     2    0.031002    0.610000    0.000000    4.650000 ^ clk (in)
                                                         clk (net)
                      0.616595    0.003215    4.653215 ^ wire3/A (sky130_fd_sc_hd__buf_4)
     3    0.045136    0.104020    0.149718    4.802933 ^ wire3/X (sky130_fd_sc_hd__buf_4)
                                                         net274 (net)
                      0.104711    0.006547    4.809480 ^ wire2/A (sky130_fd_sc_hd__buf_6)
     3    0.077490    0.119211    0.132322    4.941802 ^ wire2/X (sky130_fd_sc_hd__buf_6)
                                                         net273 (net)
                      0.123514    0.017177    4.958979 ^ wire1/A (sky130_fd_sc_hd__buf_6)
     3    0.079823    0.122571    0.136744    5.095724 ^ wire1/X (sky130_fd_sc_hd__buf_6)
                                                         net272 (net)
                      0.127195    0.018054    5.113778 ^ clkbuf_0_clk/A (sky130_fd_sc_hd__clkbuf_16)
     9    0.099027    0.088852    0.148047    5.261825 ^ clkbuf_0_clk/X (sky130_fd_sc_hd__clkbuf_16)
                                                         clknet_0_clk (net)
                      0.090050    0.007972    5.269797 ^ clkbuf_2_0__f_clk/A (sky130_fd_sc_hd__clkbuf_16)
    17    0.096864    0.087461    0.137104    5.406901 ^ clkbuf_2_0__f_clk/X (sky130_fd_sc_hd__clkbuf_16)
                                                         clknet_2_0__leaf_clk (net)
                      0.088052    0.005609    5.412510 ^ _142_/CLK (sky130_fd_sc_hd__dfrtp_2)
     3    0.025308    0.065237    0.290834    5.703344 v _142_/Q (sky130_fd_sc_hd__dfrtp_2)
                                                         net232 (net)
                      0.065372    0.002600    5.705944 v output232/A (sky130_fd_sc_hd__buf_12)
     1    0.191174    0.077007    0.142104    5.848048 v output232/X (sky130_fd_sc_hd__buf_12)
                                                         wbs_dat_o[13] (net)
                      0.077435    0.004458    5.852506 v wbs_dat_o[13] (out)
                                              5.852506   data arrival time

                                  0.000000    0.000000   clock clk (rise edge)
                                  5.570000    5.570000   clock network delay (propagated)
                                  0.087500    5.657500   clock uncertainty
                                  0.000000    5.657500   clock reconvergence pessimism
                                 -1.130000    4.527500   output external delay
                                              4.527500   data required time
---------------------------------------------------------------------------------------------
                                              4.527500   data required time
                                             -5.852506   data arrival time
---------------------------------------------------------------------------------------------
                                              1.325006   slack (MET)


Startpoint: _144_ (rising edge-triggered flip-flop clocked by clk)
Endpoint: wbs_dat_o[15] (output port clocked by clk)
Path Group: clk
Path Type: min

Fanout         Cap        Slew       Delay        Time   Description
---------------------------------------------------------------------------------------------
                                  0.000000    0.000000   clock clk (rise edge)
                                  4.650000    4.650000   clock source latency
     2    0.031002    0.610000    0.000000    4.650000 ^ clk (in)
                                                         clk (net)
                      0.616595    0.003215    4.653215 ^ wire3/A (sky130_fd_sc_hd__buf_4)
     3    0.045136    0.104020    0.149718    4.802933 ^ wire3/X (sky130_fd_sc_hd__buf_4)
                                                         net274 (net)
                      0.104711    0.006547    4.809480 ^ wire2/A (sky130_fd_sc_hd__buf_6)
     3    0.077490    0.119211    0.132322    4.941802 ^ wire2/X (sky130_fd_sc_hd__buf_6)
                                                         net273 (net)
                      0.123514    0.017177    4.958979 ^ wire1/A (sky130_fd_sc_hd__buf_6)
     3    0.079823    0.122571    0.136744    5.095724 ^ wire1/X (sky130_fd_sc_hd__buf_6)
                                                         net272 (net)
                      0.127195    0.018054    5.113778 ^ clkbuf_0_clk/A (sky130_fd_sc_hd__clkbuf_16)
     9    0.099027    0.088852    0.148047    5.261825 ^ clkbuf_0_clk/X (sky130_fd_sc_hd__clkbuf_16)
                                                         clknet_0_clk (net)
                      0.089796    0.007087    5.268912 ^ clkbuf_2_2__f_clk/A (sky130_fd_sc_hd__clkbuf_16)
    17    0.094715    0.085805    0.136113    5.405025 ^ clkbuf_2_2__f_clk/X (sky130_fd_sc_hd__clkbuf_16)
                                                         clknet_2_2__leaf_clk (net)
                      0.086497    0.005984    5.411009 ^ _144_/CLK (sky130_fd_sc_hd__dfrtp_2)
     3    0.026610    0.067371    0.292363    5.703372 v _144_/Q (sky130_fd_sc_hd__dfrtp_2)
                                                         net234 (net)
                      0.067525    0.002813    5.706185 v output234/A (sky130_fd_sc_hd__buf_12)
     1    0.190955    0.076820    0.143216    5.849401 v output234/X (sky130_fd_sc_hd__buf_12)
                                                         wbs_dat_o[15] (net)
                      0.077188    0.004120    5.853521 v wbs_dat_o[15] (out)
                                              5.853521   data arrival time

                                  0.000000    0.000000   clock clk (rise edge)
                                  5.570000    5.570000   clock network delay (propagated)
                                  0.087500    5.657500   clock uncertainty
                                  0.000000    5.657500   clock reconvergence pessimism
                                 -1.130000    4.527500   output external delay
                                              4.527500   data required time
---------------------------------------------------------------------------------------------
                                              4.527500   data required time
                                             -5.853521   data arrival time
---------------------------------------------------------------------------------------------
                                              1.326021   slack (MET)


Startpoint: _147_ (rising edge-triggered flip-flop clocked by clk)
Endpoint: wbs_dat_o[18] (output port clocked by clk)
Path Group: clk
Path Type: min

Fanout         Cap        Slew       Delay        Time   Description
---------------------------------------------------------------------------------------------
                                  0.000000    0.000000   clock clk (rise edge)
                                  4.650000    4.650000   clock source latency
     2    0.031002    0.610000    0.000000    4.650000 ^ clk (in)
                                                         clk (net)
                      0.616595    0.003215    4.653215 ^ wire3/A (sky130_fd_sc_hd__buf_4)
     3    0.045136    0.104020    0.149718    4.802933 ^ wire3/X (sky130_fd_sc_hd__buf_4)
                                                         net274 (net)
                      0.104711    0.006547    4.809480 ^ wire2/A (sky130_fd_sc_hd__buf_6)
     3    0.077490    0.119211    0.132322    4.941802 ^ wire2/X (sky130_fd_sc_hd__buf_6)
                                                         net273 (net)
                      0.123514    0.017177    4.958979 ^ wire1/A (sky130_fd_sc_hd__buf_6)
     3    0.079823    0.122571    0.136744    5.095724 ^ wire1/X (sky130_fd_sc_hd__buf_6)
                                                         net272 (net)
                      0.127195    0.018054    5.113778 ^ clkbuf_0_clk/A (sky130_fd_sc_hd__clkbuf_16)
     9    0.099027    0.088852    0.148047    5.261825 ^ clkbuf_0_clk/X (sky130_fd_sc_hd__clkbuf_16)
                                                         clknet_0_clk (net)
                      0.089796    0.007087    5.268912 ^ clkbuf_2_2__f_clk/A (sky130_fd_sc_hd__clkbuf_16)
    17    0.094715    0.085805    0.136113    5.405025 ^ clkbuf_2_2__f_clk/X (sky130_fd_sc_hd__clkbuf_16)
                                                         clknet_2_2__leaf_clk (net)
                      0.086953    0.007655    5.412680 ^ _147_/CLK (sky130_fd_sc_hd__dfrtp_2)
     3    0.025897    0.066209    0.291401    5.704082 v _147_/Q (sky130_fd_sc_hd__dfrtp_2)
                                                         net237 (net)
                      0.066360    0.002755    5.706836 v output237/A (sky130_fd_sc_hd__buf_12)
     1    0.191479    0.077202    0.142392    5.849228 v output237/X (sky130_fd_sc_hd__buf_12)
                                                         wbs_dat_o[18] (net)
                      0.077680    0.004728    5.853956 v wbs_dat_o[18] (out)
                                              5.853956   data arrival time

                                  0.000000    0.000000   clock clk (rise edge)
                                  5.570000    5.570000   clock network delay (propagated)
                                  0.087500    5.657500   clock uncertainty
                                  0.000000    5.657500   clock reconvergence pessimism
                                 -1.130000    4.527500   output external delay
                                              4.527500   data required time
---------------------------------------------------------------------------------------------
                                              4.527500   data required time
                                             -5.853956   data arrival time
---------------------------------------------------------------------------------------------
                                              1.326456   slack (MET)


Startpoint: _143_ (rising edge-triggered flip-flop clocked by clk)
Endpoint: wbs_dat_o[14] (output port clocked by clk)
Path Group: clk
Path Type: min

Fanout         Cap        Slew       Delay        Time   Description
---------------------------------------------------------------------------------------------
                                  0.000000    0.000000   clock clk (rise edge)
                                  4.650000    4.650000   clock source latency
     2    0.031002    0.610000    0.000000    4.650000 ^ clk (in)
                                                         clk (net)
                      0.616595    0.003215    4.653215 ^ wire3/A (sky130_fd_sc_hd__buf_4)
     3    0.045136    0.104020    0.149718    4.802933 ^ wire3/X (sky130_fd_sc_hd__buf_4)
                                                         net274 (net)
                      0.104711    0.006547    4.809480 ^ wire2/A (sky130_fd_sc_hd__buf_6)
     3    0.077490    0.119211    0.132322    4.941802 ^ wire2/X (sky130_fd_sc_hd__buf_6)
                                                         net273 (net)
                      0.123514    0.017177    4.958979 ^ wire1/A (sky130_fd_sc_hd__buf_6)
     3    0.079823    0.122571    0.136744    5.095724 ^ wire1/X (sky130_fd_sc_hd__buf_6)
                                                         net272 (net)
                      0.127195    0.018054    5.113778 ^ clkbuf_0_clk/A (sky130_fd_sc_hd__clkbuf_16)
     9    0.099027    0.088852    0.148047    5.261825 ^ clkbuf_0_clk/X (sky130_fd_sc_hd__clkbuf_16)
                                                         clknet_0_clk (net)
                      0.090050    0.007972    5.269797 ^ clkbuf_2_0__f_clk/A (sky130_fd_sc_hd__clkbuf_16)
    17    0.096864    0.087461    0.137104    5.406901 ^ clkbuf_2_0__f_clk/X (sky130_fd_sc_hd__clkbuf_16)
                                                         clknet_2_0__leaf_clk (net)
                      0.088314    0.006693    5.413594 ^ _143_/CLK (sky130_fd_sc_hd__dfrtp_2)
     3    0.026240    0.066766    0.292272    5.705866 v _143_/Q (sky130_fd_sc_hd__dfrtp_2)
                                                         net233 (net)
                      0.066916    0.002767    5.708632 v output233/A (sky130_fd_sc_hd__buf_12)
     1    0.190938    0.076814    0.142955    5.851587 v output233/X (sky130_fd_sc_hd__buf_12)
                                                         wbs_dat_o[14] (net)
                      0.077181    0.004119    5.855706 v wbs_dat_o[14] (out)
                                              5.855706   data arrival time

                                  0.000000    0.000000   clock clk (rise edge)
                                  5.570000    5.570000   clock network delay (propagated)
                                  0.087500    5.657500   clock uncertainty
                                  0.000000    5.657500   clock reconvergence pessimism
                                 -1.130000    4.527500   output external delay
                                              4.527500   data required time
---------------------------------------------------------------------------------------------
                                              4.527500   data required time
                                             -5.855706   data arrival time
---------------------------------------------------------------------------------------------
                                              1.328206   slack (MET)


Startpoint: _139_ (rising edge-triggered flip-flop clocked by clk)
Endpoint: wbs_dat_o[10] (output port clocked by clk)
Path Group: clk
Path Type: min

Fanout         Cap        Slew       Delay        Time   Description
---------------------------------------------------------------------------------------------
                                  0.000000    0.000000   clock clk (rise edge)
                                  4.650000    4.650000   clock source latency
     2    0.031002    0.610000    0.000000    4.650000 ^ clk (in)
                                                         clk (net)
                      0.616595    0.003215    4.653215 ^ wire3/A (sky130_fd_sc_hd__buf_4)
     3    0.045136    0.104020    0.149718    4.802933 ^ wire3/X (sky130_fd_sc_hd__buf_4)
                                                         net274 (net)
                      0.104711    0.006547    4.809480 ^ wire2/A (sky130_fd_sc_hd__buf_6)
     3    0.077490    0.119211    0.132322    4.941802 ^ wire2/X (sky130_fd_sc_hd__buf_6)
                                                         net273 (net)
                      0.123514    0.017177    4.958979 ^ wire1/A (sky130_fd_sc_hd__buf_6)
     3    0.079823    0.122571    0.136744    5.095724 ^ wire1/X (sky130_fd_sc_hd__buf_6)
                                                         net272 (net)
                      0.127195    0.018054    5.113778 ^ clkbuf_0_clk/A (sky130_fd_sc_hd__clkbuf_16)
     9    0.099027    0.088852    0.148047    5.261825 ^ clkbuf_0_clk/X (sky130_fd_sc_hd__clkbuf_16)
                                                         clknet_0_clk (net)
                      0.090013    0.007848    5.269672 ^ clkbuf_2_1__f_clk/A (sky130_fd_sc_hd__clkbuf_16)
    21    0.084406    0.078353    0.128870    5.398543 ^ clkbuf_2_1__f_clk/X (sky130_fd_sc_hd__clkbuf_16)
                                                         clknet_2_1__leaf_clk (net)
                      0.080945    0.010806    5.409349 ^ _139_/CLK (sky130_fd_sc_hd__dfrtp_4)
     3    0.028271    0.077573    0.291606    5.700955 ^ _139_/Q (sky130_fd_sc_hd__dfrtp_4)
                                                         net229 (net)
                      0.077754    0.003221    5.704176 ^ output229/A (sky130_fd_sc_hd__buf_12)
     1    0.190951    0.166701    0.169351    5.873527 ^ output229/X (sky130_fd_sc_hd__buf_12)
                                                         wbs_dat_o[10] (net)
                      0.166860    0.004140    5.877667 ^ wbs_dat_o[10] (out)
                                              5.877667   data arrival time

                                  0.000000    0.000000   clock clk (rise edge)
                                  5.570000    5.570000   clock network delay (propagated)
                                  0.087500    5.657500   clock uncertainty
                                  0.000000    5.657500   clock reconvergence pessimism
                                 -1.130000    4.527500   output external delay
                                              4.527500   data required time
---------------------------------------------------------------------------------------------
                                              4.527500   data required time
                                             -5.877667   data arrival time
---------------------------------------------------------------------------------------------
                                              1.350167   slack (MET)


Startpoint: _138_ (rising edge-triggered flip-flop clocked by clk)
Endpoint: wbs_dat_o[9] (output port clocked by clk)
Path Group: clk
Path Type: min

Fanout         Cap        Slew       Delay        Time   Description
---------------------------------------------------------------------------------------------
                                  0.000000    0.000000   clock clk (rise edge)
                                  4.650000    4.650000   clock source latency
     2    0.031002    0.610000    0.000000    4.650000 ^ clk (in)
                                                         clk (net)
                      0.616595    0.003215    4.653215 ^ wire3/A (sky130_fd_sc_hd__buf_4)
     3    0.045136    0.104020    0.149718    4.802933 ^ wire3/X (sky130_fd_sc_hd__buf_4)
                                                         net274 (net)
                      0.104711    0.006547    4.809480 ^ wire2/A (sky130_fd_sc_hd__buf_6)
     3    0.077490    0.119211    0.132322    4.941802 ^ wire2/X (sky130_fd_sc_hd__buf_6)
                                                         net273 (net)
                      0.123514    0.017177    4.958979 ^ wire1/A (sky130_fd_sc_hd__buf_6)
     3    0.079823    0.122571    0.136744    5.095724 ^ wire1/X (sky130_fd_sc_hd__buf_6)
                                                         net272 (net)
                      0.127195    0.018054    5.113778 ^ clkbuf_0_clk/A (sky130_fd_sc_hd__clkbuf_16)
     9    0.099027    0.088852    0.148047    5.261825 ^ clkbuf_0_clk/X (sky130_fd_sc_hd__clkbuf_16)
                                                         clknet_0_clk (net)
                      0.090013    0.007848    5.269672 ^ clkbuf_2_1__f_clk/A (sky130_fd_sc_hd__clkbuf_16)
    21    0.084406    0.078353    0.128870    5.398543 ^ clkbuf_2_1__f_clk/X (sky130_fd_sc_hd__clkbuf_16)
                                                         clknet_2_1__leaf_clk (net)
                      0.081355    0.011644    5.410187 ^ _138_/CLK (sky130_fd_sc_hd__dfrtp_4)
     3    0.035158    0.090767    0.301510    5.711697 ^ _138_/Q (sky130_fd_sc_hd__dfrtp_4)
                                                         net259 (net)
                      0.091244    0.004513    5.716210 ^ output259/A (sky130_fd_sc_hd__buf_12)
     1    0.190994    0.166780    0.170515    5.886725 ^ output259/X (sky130_fd_sc_hd__buf_12)
                                                         wbs_dat_o[9] (net)
                      0.166939    0.004141    5.890866 ^ wbs_dat_o[9] (out)
                                              5.890866   data arrival time

                                  0.000000    0.000000   clock clk (rise edge)
                                  5.570000    5.570000   clock network delay (propagated)
                                  0.087500    5.657500   clock uncertainty
                                  0.000000    5.657500   clock reconvergence pessimism
                                 -1.130000    4.527500   output external delay
                                              4.527500   data required time
---------------------------------------------------------------------------------------------
                                              4.527500   data required time
                                             -5.890866   data arrival time
---------------------------------------------------------------------------------------------
                                              1.363366   slack (MET)


Startpoint: _148_ (rising edge-triggered flip-flop clocked by clk)
Endpoint: wbs_dat_o[19] (output port clocked by clk)
Path Group: clk
Path Type: min

Fanout         Cap        Slew       Delay        Time   Description
---------------------------------------------------------------------------------------------
                                  0.000000    0.000000   clock clk (rise edge)
                                  4.650000    4.650000   clock source latency
     2    0.031002    0.610000    0.000000    4.650000 ^ clk (in)
                                                         clk (net)
                      0.616595    0.003215    4.653215 ^ wire3/A (sky130_fd_sc_hd__buf_4)
     3    0.045136    0.104020    0.149718    4.802933 ^ wire3/X (sky130_fd_sc_hd__buf_4)
                                                         net274 (net)
                      0.104711    0.006547    4.809480 ^ wire2/A (sky130_fd_sc_hd__buf_6)
     3    0.077490    0.119211    0.132322    4.941802 ^ wire2/X (sky130_fd_sc_hd__buf_6)
                                                         net273 (net)
                      0.123514    0.017177    4.958979 ^ wire1/A (sky130_fd_sc_hd__buf_6)
     3    0.079823    0.122571    0.136744    5.095724 ^ wire1/X (sky130_fd_sc_hd__buf_6)
                                                         net272 (net)
                      0.127195    0.018054    5.113778 ^ clkbuf_0_clk/A (sky130_fd_sc_hd__clkbuf_16)
     9    0.099027    0.088852    0.148047    5.261825 ^ clkbuf_0_clk/X (sky130_fd_sc_hd__clkbuf_16)
                                                         clknet_0_clk (net)
                      0.089796    0.007087    5.268912 ^ clkbuf_2_2__f_clk/A (sky130_fd_sc_hd__clkbuf_16)
    17    0.094715    0.085805    0.136113    5.405025 ^ clkbuf_2_2__f_clk/X (sky130_fd_sc_hd__clkbuf_16)
                                                         clknet_2_2__leaf_clk (net)
                      0.087296    0.008716    5.413741 ^ _148_/CLK (sky130_fd_sc_hd__dfrtp_4)
     3    0.031927    0.084580    0.298288    5.712029 ^ _148_/Q (sky130_fd_sc_hd__dfrtp_4)
                                                         net238 (net)
                      0.084865    0.004173    5.716202 ^ output238/A (sky130_fd_sc_hd__buf_12)
     1    0.191479    0.167251    0.169921    5.886123 ^ output238/X (sky130_fd_sc_hd__buf_12)
                                                         wbs_dat_o[19] (net)
                      0.167461    0.004756    5.890880 ^ wbs_dat_o[19] (out)
                                              5.890880   data arrival time

                                  0.000000    0.000000   clock clk (rise edge)
                                  5.570000    5.570000   clock network delay (propagated)
                                  0.087500    5.657500   clock uncertainty
                                  0.000000    5.657500   clock reconvergence pessimism
                                 -1.130000    4.527500   output external delay
                                              4.527500   data required time
---------------------------------------------------------------------------------------------
                                              4.527500   data required time
                                             -5.890880   data arrival time
---------------------------------------------------------------------------------------------
                                              1.363380   slack (MET)


Startpoint: _149_ (rising edge-triggered flip-flop clocked by clk)
Endpoint: wbs_dat_o[20] (output port clocked by clk)
Path Group: clk
Path Type: min

Fanout         Cap        Slew       Delay        Time   Description
---------------------------------------------------------------------------------------------
                                  0.000000    0.000000   clock clk (rise edge)
                                  4.650000    4.650000   clock source latency
     2    0.031002    0.610000    0.000000    4.650000 ^ clk (in)
                                                         clk (net)
                      0.616595    0.003215    4.653215 ^ wire3/A (sky130_fd_sc_hd__buf_4)
     3    0.045136    0.104020    0.149718    4.802933 ^ wire3/X (sky130_fd_sc_hd__buf_4)
                                                         net274 (net)
                      0.104711    0.006547    4.809480 ^ wire2/A (sky130_fd_sc_hd__buf_6)
     3    0.077490    0.119211    0.132322    4.941802 ^ wire2/X (sky130_fd_sc_hd__buf_6)
                                                         net273 (net)
                      0.123514    0.017177    4.958979 ^ wire1/A (sky130_fd_sc_hd__buf_6)
     3    0.079823    0.122571    0.136744    5.095724 ^ wire1/X (sky130_fd_sc_hd__buf_6)
                                                         net272 (net)
                      0.127195    0.018054    5.113778 ^ clkbuf_0_clk/A (sky130_fd_sc_hd__clkbuf_16)
     9    0.099027    0.088852    0.148047    5.261825 ^ clkbuf_0_clk/X (sky130_fd_sc_hd__clkbuf_16)
                                                         clknet_0_clk (net)
                      0.089796    0.007087    5.268912 ^ clkbuf_2_2__f_clk/A (sky130_fd_sc_hd__clkbuf_16)
    17    0.094715    0.085805    0.136113    5.405025 ^ clkbuf_2_2__f_clk/X (sky130_fd_sc_hd__clkbuf_16)
                                                         clknet_2_2__leaf_clk (net)
                      0.087440    0.009129    5.414155 ^ _149_/CLK (sky130_fd_sc_hd__dfrtp_4)
     3    0.042288    0.104735    0.312658    5.726812 ^ _149_/Q (sky130_fd_sc_hd__dfrtp_4)
                                                         net240 (net)
                      0.105511    0.006584    5.733397 ^ output240/A (sky130_fd_sc_hd__buf_12)
     1    0.191479    0.167305    0.171305    5.904702 ^ output240/X (sky130_fd_sc_hd__buf_12)
                                                         wbs_dat_o[20] (net)
                      0.167515    0.004756    5.909458 ^ wbs_dat_o[20] (out)
                                              5.909458   data arrival time

                                  0.000000    0.000000   clock clk (rise edge)
                                  5.570000    5.570000   clock network delay (propagated)
                                  0.087500    5.657500   clock uncertainty
                                  0.000000    5.657500   clock reconvergence pessimism
                                 -1.130000    4.527500   output external delay
                                              4.527500   data required time
---------------------------------------------------------------------------------------------
                                              4.527500   data required time
                                             -5.909458   data arrival time
---------------------------------------------------------------------------------------------
                                              1.381958   slack (MET)


Startpoint: _137_ (rising edge-triggered flip-flop clocked by clk)
Endpoint: wbs_dat_o[8] (output port clocked by clk)
Path Group: clk
Path Type: min

Fanout         Cap        Slew       Delay        Time   Description
---------------------------------------------------------------------------------------------
                                  0.000000    0.000000   clock clk (rise edge)
                                  4.650000    4.650000   clock source latency
     2    0.031002    0.610000    0.000000    4.650000 ^ clk (in)
                                                         clk (net)
                      0.616595    0.003215    4.653215 ^ wire3/A (sky130_fd_sc_hd__buf_4)
     3    0.045136    0.104020    0.149718    4.802933 ^ wire3/X (sky130_fd_sc_hd__buf_4)
                                                         net274 (net)
                      0.104711    0.006547    4.809480 ^ wire2/A (sky130_fd_sc_hd__buf_6)
     3    0.077490    0.119211    0.132322    4.941802 ^ wire2/X (sky130_fd_sc_hd__buf_6)
                                                         net273 (net)
                      0.123514    0.017177    4.958979 ^ wire1/A (sky130_fd_sc_hd__buf_6)
     3    0.079823    0.122571    0.136744    5.095724 ^ wire1/X (sky130_fd_sc_hd__buf_6)
                                                         net272 (net)
                      0.127195    0.018054    5.113778 ^ clkbuf_0_clk/A (sky130_fd_sc_hd__clkbuf_16)
     9    0.099027    0.088852    0.148047    5.261825 ^ clkbuf_0_clk/X (sky130_fd_sc_hd__clkbuf_16)
                                                         clknet_0_clk (net)
                      0.090050    0.007972    5.269797 ^ clkbuf_2_0__f_clk/A (sky130_fd_sc_hd__clkbuf_16)
    17    0.096864    0.087461    0.137104    5.406901 ^ clkbuf_2_0__f_clk/X (sky130_fd_sc_hd__clkbuf_16)
                                                         clknet_2_0__leaf_clk (net)
                      0.089238    0.009608    5.416509 ^ _137_/CLK (sky130_fd_sc_hd__dfrtp_4)
     3    0.046977    0.113892    0.319419    5.735929 ^ _137_/Q (sky130_fd_sc_hd__dfrtp_4)
                                                         net258 (net)
                      0.114925    0.007920    5.743848 ^ output258/A (sky130_fd_sc_hd__buf_12)
     1    0.190994    0.166842    0.172102    5.915950 ^ output258/X (sky130_fd_sc_hd__buf_12)
                                                         wbs_dat_o[8] (net)
                      0.167001    0.004141    5.920091 ^ wbs_dat_o[8] (out)
                                              5.920091   data arrival time

                                  0.000000    0.000000   clock clk (rise edge)
                                  5.570000    5.570000   clock network delay (propagated)
                                  0.087500    5.657500   clock uncertainty
                                  0.000000    5.657500   clock reconvergence pessimism
                                 -1.130000    4.527500   output external delay
                                              4.527500   data required time
---------------------------------------------------------------------------------------------
                                              4.527500   data required time
                                             -5.920091   data arrival time
---------------------------------------------------------------------------------------------
                                              1.392591   slack (MET)


Startpoint: _150_ (rising edge-triggered flip-flop clocked by clk)
Endpoint: wbs_dat_o[21] (output port clocked by clk)
Path Group: clk
Path Type: min

Fanout         Cap        Slew       Delay        Time   Description
---------------------------------------------------------------------------------------------
                                  0.000000    0.000000   clock clk (rise edge)
                                  4.650000    4.650000   clock source latency
     2    0.031002    0.610000    0.000000    4.650000 ^ clk (in)
                                                         clk (net)
                      0.616595    0.003215    4.653215 ^ wire3/A (sky130_fd_sc_hd__buf_4)
     3    0.045136    0.104020    0.149718    4.802933 ^ wire3/X (sky130_fd_sc_hd__buf_4)
                                                         net274 (net)
                      0.104711    0.006547    4.809480 ^ wire2/A (sky130_fd_sc_hd__buf_6)
     3    0.077490    0.119211    0.132322    4.941802 ^ wire2/X (sky130_fd_sc_hd__buf_6)
                                                         net273 (net)
                      0.123514    0.017177    4.958979 ^ wire1/A (sky130_fd_sc_hd__buf_6)
     3    0.079823    0.122571    0.136744    5.095724 ^ wire1/X (sky130_fd_sc_hd__buf_6)
                                                         net272 (net)
                      0.127195    0.018054    5.113778 ^ clkbuf_0_clk/A (sky130_fd_sc_hd__clkbuf_16)
     9    0.099027    0.088852    0.148047    5.261825 ^ clkbuf_0_clk/X (sky130_fd_sc_hd__clkbuf_16)
                                                         clknet_0_clk (net)
                      0.089796    0.007087    5.268912 ^ clkbuf_2_2__f_clk/A (sky130_fd_sc_hd__clkbuf_16)
    17    0.094715    0.085805    0.136113    5.405025 ^ clkbuf_2_2__f_clk/X (sky130_fd_sc_hd__clkbuf_16)
                                                         clknet_2_2__leaf_clk (net)
                      0.087540    0.009403    5.414429 ^ _150_/CLK (sky130_fd_sc_hd__dfrtp_4)
     3    0.048188    0.116359    0.320123    5.734552 ^ _150_/Q (sky130_fd_sc_hd__dfrtp_4)
                                                         net241 (net)
                      0.117702    0.009309    5.743861 ^ output241/A (sky130_fd_sc_hd__buf_12)
     1    0.191491    0.167348    0.172129    5.915990 ^ output241/X (sky130_fd_sc_hd__buf_12)
                                                         wbs_dat_o[21] (net)
                      0.167558    0.004756    5.920746 ^ wbs_dat_o[21] (out)
                                              5.920746   data arrival time

                                  0.000000    0.000000   clock clk (rise edge)
                                  5.570000    5.570000   clock network delay (propagated)
                                  0.087500    5.657500   clock uncertainty
                                  0.000000    5.657500   clock reconvergence pessimism
                                 -1.130000    4.527500   output external delay
                                              4.527500   data required time
---------------------------------------------------------------------------------------------
                                              4.527500   data required time
                                             -5.920746   data arrival time
---------------------------------------------------------------------------------------------
                                              1.393246   slack (MET)


Startpoint: _136_ (rising edge-triggered flip-flop clocked by clk)
Endpoint: wbs_dat_o[7] (output port clocked by clk)
Path Group: clk
Path Type: min

Fanout         Cap        Slew       Delay        Time   Description
---------------------------------------------------------------------------------------------
                                  0.000000    0.000000   clock clk (rise edge)
                                  4.650000    4.650000   clock source latency
     2    0.031002    0.610000    0.000000    4.650000 ^ clk (in)
                                                         clk (net)
                      0.616595    0.003215    4.653215 ^ wire3/A (sky130_fd_sc_hd__buf_4)
     3    0.045136    0.104020    0.149718    4.802933 ^ wire3/X (sky130_fd_sc_hd__buf_4)
                                                         net274 (net)
                      0.104711    0.006547    4.809480 ^ wire2/A (sky130_fd_sc_hd__buf_6)
     3    0.077490    0.119211    0.132322    4.941802 ^ wire2/X (sky130_fd_sc_hd__buf_6)
                                                         net273 (net)
                      0.123514    0.017177    4.958979 ^ wire1/A (sky130_fd_sc_hd__buf_6)
     3    0.079823    0.122571    0.136744    5.095724 ^ wire1/X (sky130_fd_sc_hd__buf_6)
                                                         net272 (net)
                      0.127195    0.018054    5.113778 ^ clkbuf_0_clk/A (sky130_fd_sc_hd__clkbuf_16)
     9    0.099027    0.088852    0.148047    5.261825 ^ clkbuf_0_clk/X (sky130_fd_sc_hd__clkbuf_16)
                                                         clknet_0_clk (net)
                      0.090050    0.007972    5.269797 ^ clkbuf_2_0__f_clk/A (sky130_fd_sc_hd__clkbuf_16)
    17    0.096864    0.087461    0.137104    5.406901 ^ clkbuf_2_0__f_clk/X (sky130_fd_sc_hd__clkbuf_16)
                                                         clknet_2_0__leaf_clk (net)
                      0.089319    0.009826    5.416727 ^ _136_/CLK (sky130_fd_sc_hd__dfrtp_4)
     3    0.046992    0.114083    0.319043    5.735770 ^ _136_/Q (sky130_fd_sc_hd__dfrtp_4)
                                                         net257 (net)
                      0.115321    0.009246    5.745016 ^ output257/A (sky130_fd_sc_hd__buf_12)
     1    0.190994    0.166843    0.172128    5.917144 ^ output257/X (sky130_fd_sc_hd__buf_12)
                                                         wbs_dat_o[7] (net)
                      0.167002    0.004141    5.921285 ^ wbs_dat_o[7] (out)
                                              5.921285   data arrival time

                                  0.000000    0.000000   clock clk (rise edge)
                                  5.570000    5.570000   clock network delay (propagated)
                                  0.087500    5.657500   clock uncertainty
                                  0.000000    5.657500   clock reconvergence pessimism
                                 -1.130000    4.527500   output external delay
                                              4.527500   data required time
---------------------------------------------------------------------------------------------
                                              4.527500   data required time
                                             -5.921285   data arrival time
---------------------------------------------------------------------------------------------
                                              1.393785   slack (MET)


Startpoint: _151_ (rising edge-triggered flip-flop clocked by clk)
Endpoint: wbs_dat_o[22] (output port clocked by clk)
Path Group: clk
Path Type: min

Fanout         Cap        Slew       Delay        Time   Description
---------------------------------------------------------------------------------------------
                                  0.000000    0.000000   clock clk (rise edge)
                                  4.650000    4.650000   clock source latency
     2    0.031002    0.610000    0.000000    4.650000 ^ clk (in)
                                                         clk (net)
                      0.616595    0.003215    4.653215 ^ wire3/A (sky130_fd_sc_hd__buf_4)
     3    0.045136    0.104020    0.149718    4.802933 ^ wire3/X (sky130_fd_sc_hd__buf_4)
                                                         net274 (net)
                      0.104711    0.006547    4.809480 ^ wire2/A (sky130_fd_sc_hd__buf_6)
     3    0.077490    0.119211    0.132322    4.941802 ^ wire2/X (sky130_fd_sc_hd__buf_6)
                                                         net273 (net)
                      0.123514    0.017177    4.958979 ^ wire1/A (sky130_fd_sc_hd__buf_6)
     3    0.079823    0.122571    0.136744    5.095724 ^ wire1/X (sky130_fd_sc_hd__buf_6)
                                                         net272 (net)
                      0.127195    0.018054    5.113778 ^ clkbuf_0_clk/A (sky130_fd_sc_hd__clkbuf_16)
     9    0.099027    0.088852    0.148047    5.261825 ^ clkbuf_0_clk/X (sky130_fd_sc_hd__clkbuf_16)
                                                         clknet_0_clk (net)
                      0.089797    0.007091    5.268916 ^ clkbuf_2_3__f_clk/A (sky130_fd_sc_hd__clkbuf_16)
    21    0.071648    0.068794    0.122145    5.391061 ^ clkbuf_2_3__f_clk/X (sky130_fd_sc_hd__clkbuf_16)
                                                         clknet_2_3__leaf_clk (net)
                      0.072206    0.011551    5.402612 ^ _151_/CLK (sky130_fd_sc_hd__dfrtp_4)
     3    0.069136    0.155811    0.343231    5.745842 ^ _151_/Q (sky130_fd_sc_hd__dfrtp_4)
                                                         net242 (net)
                      0.158698    0.016378    5.762220 ^ output242/A (sky130_fd_sc_hd__buf_12)
     1    0.191483    0.167449    0.174873    5.937093 ^ output242/X (sky130_fd_sc_hd__buf_12)
                                                         wbs_dat_o[22] (net)
                      0.167658    0.004756    5.941849 ^ wbs_dat_o[22] (out)
                                              5.941849   data arrival time

                                  0.000000    0.000000   clock clk (rise edge)
                                  5.570000    5.570000   clock network delay (propagated)
                                  0.087500    5.657500   clock uncertainty
                                  0.000000    5.657500   clock reconvergence pessimism
                                 -1.130000    4.527500   output external delay
                                              4.527500   data required time
---------------------------------------------------------------------------------------------
                                              4.527500   data required time
                                             -5.941849   data arrival time
---------------------------------------------------------------------------------------------
                                              1.414349   slack (MET)


Startpoint: _153_ (rising edge-triggered flip-flop clocked by clk)
Endpoint: wbs_dat_o[24] (output port clocked by clk)
Path Group: clk
Path Type: min

Fanout         Cap        Slew       Delay        Time   Description
---------------------------------------------------------------------------------------------
                                  0.000000    0.000000   clock clk (rise edge)
                                  4.650000    4.650000   clock source latency
     2    0.031002    0.610000    0.000000    4.650000 ^ clk (in)
                                                         clk (net)
                      0.616595    0.003215    4.653215 ^ wire3/A (sky130_fd_sc_hd__buf_4)
     3    0.045136    0.104020    0.149718    4.802933 ^ wire3/X (sky130_fd_sc_hd__buf_4)
                                                         net274 (net)
                      0.104711    0.006547    4.809480 ^ wire2/A (sky130_fd_sc_hd__buf_6)
     3    0.077490    0.119211    0.132322    4.941802 ^ wire2/X (sky130_fd_sc_hd__buf_6)
                                                         net273 (net)
                      0.123514    0.017177    4.958979 ^ wire1/A (sky130_fd_sc_hd__buf_6)
     3    0.079823    0.122571    0.136744    5.095724 ^ wire1/X (sky130_fd_sc_hd__buf_6)
                                                         net272 (net)
                      0.127195    0.018054    5.113778 ^ clkbuf_0_clk/A (sky130_fd_sc_hd__clkbuf_16)
     9    0.099027    0.088852    0.148047    5.261825 ^ clkbuf_0_clk/X (sky130_fd_sc_hd__clkbuf_16)
                                                         clknet_0_clk (net)
                      0.089797    0.007091    5.268916 ^ clkbuf_2_3__f_clk/A (sky130_fd_sc_hd__clkbuf_16)
    21    0.071648    0.068794    0.122145    5.391061 ^ clkbuf_2_3__f_clk/X (sky130_fd_sc_hd__clkbuf_16)
                                                         clknet_2_3__leaf_clk (net)
                      0.072090    0.011343    5.402404 ^ _153_/CLK (sky130_fd_sc_hd__dfrtp_4)
     3    0.068500    0.154485    0.341302    5.743706 ^ _153_/Q (sky130_fd_sc_hd__dfrtp_4)
                                                         net244 (net)
                      0.158702    0.019548    5.763254 ^ output244/A (sky130_fd_sc_hd__buf_12)
     1    0.191342    0.167293    0.174984    5.938237 ^ output244/X (sky130_fd_sc_hd__buf_12)
                                                         wbs_dat_o[24] (net)
                      0.167479    0.004488    5.942725 ^ wbs_dat_o[24] (out)
                                              5.942725   data arrival time

                                  0.000000    0.000000   clock clk (rise edge)
                                  5.570000    5.570000   clock network delay (propagated)
                                  0.087500    5.657500   clock uncertainty
                                  0.000000    5.657500   clock reconvergence pessimism
                                 -1.130000    4.527500   output external delay
                                              4.527500   data required time
---------------------------------------------------------------------------------------------
                                              4.527500   data required time
                                             -5.942725   data arrival time
---------------------------------------------------------------------------------------------
                                              1.415225   slack (MET)


Startpoint: _134_ (rising edge-triggered flip-flop clocked by clk)
Endpoint: wbs_dat_o[5] (output port clocked by clk)
Path Group: clk
Path Type: min

Fanout         Cap        Slew       Delay        Time   Description
---------------------------------------------------------------------------------------------
                                  0.000000    0.000000   clock clk (rise edge)
                                  4.650000    4.650000   clock source latency
     2    0.031002    0.610000    0.000000    4.650000 ^ clk (in)
                                                         clk (net)
                      0.616595    0.003215    4.653215 ^ wire3/A (sky130_fd_sc_hd__buf_4)
     3    0.045136    0.104020    0.149718    4.802933 ^ wire3/X (sky130_fd_sc_hd__buf_4)
                                                         net274 (net)
                      0.104711    0.006547    4.809480 ^ wire2/A (sky130_fd_sc_hd__buf_6)
     3    0.077490    0.119211    0.132322    4.941802 ^ wire2/X (sky130_fd_sc_hd__buf_6)
                                                         net273 (net)
                      0.123514    0.017177    4.958979 ^ wire1/A (sky130_fd_sc_hd__buf_6)
     3    0.079823    0.122571    0.136744    5.095724 ^ wire1/X (sky130_fd_sc_hd__buf_6)
                                                         net272 (net)
                      0.127195    0.018054    5.113778 ^ clkbuf_0_clk/A (sky130_fd_sc_hd__clkbuf_16)
     9    0.099027    0.088852    0.148047    5.261825 ^ clkbuf_0_clk/X (sky130_fd_sc_hd__clkbuf_16)
                                                         clknet_0_clk (net)
                      0.090050    0.007972    5.269797 ^ clkbuf_2_0__f_clk/A (sky130_fd_sc_hd__clkbuf_16)
    17    0.096864    0.087461    0.137104    5.406901 ^ clkbuf_2_0__f_clk/X (sky130_fd_sc_hd__clkbuf_16)
                                                         clknet_2_0__leaf_clk (net)
                      0.089338    0.009877    5.416778 ^ _134_/CLK (sky130_fd_sc_hd__dfrtp_4)
     3    0.062833    0.146202    0.339640    5.756418 ^ _134_/Q (sky130_fd_sc_hd__dfrtp_4)
                                                         net255 (net)
                      0.148957    0.015586    5.772004 ^ output255/A (sky130_fd_sc_hd__buf_12)
     1    0.190981    0.166922    0.174375    5.946379 ^ output255/X (sky130_fd_sc_hd__buf_12)
                                                         wbs_dat_o[5] (net)
                      0.167080    0.004141    5.950520 ^ wbs_dat_o[5] (out)
                                              5.950520   data arrival time

                                  0.000000    0.000000   clock clk (rise edge)
                                  5.570000    5.570000   clock network delay (propagated)
                                  0.087500    5.657500   clock uncertainty
                                  0.000000    5.657500   clock reconvergence pessimism
                                 -1.130000    4.527500   output external delay
                                              4.527500   data required time
---------------------------------------------------------------------------------------------
                                              4.527500   data required time
                                             -5.950520   data arrival time
---------------------------------------------------------------------------------------------
                                              1.423020   slack (MET)


Startpoint: _152_ (rising edge-triggered flip-flop clocked by clk)
Endpoint: wbs_dat_o[23] (output port clocked by clk)
Path Group: clk
Path Type: min

Fanout         Cap        Slew       Delay        Time   Description
---------------------------------------------------------------------------------------------
                                  0.000000    0.000000   clock clk (rise edge)
                                  4.650000    4.650000   clock source latency
     2    0.031002    0.610000    0.000000    4.650000 ^ clk (in)
                                                         clk (net)
                      0.616595    0.003215    4.653215 ^ wire3/A (sky130_fd_sc_hd__buf_4)
     3    0.045136    0.104020    0.149718    4.802933 ^ wire3/X (sky130_fd_sc_hd__buf_4)
                                                         net274 (net)
                      0.104711    0.006547    4.809480 ^ wire2/A (sky130_fd_sc_hd__buf_6)
     3    0.077490    0.119211    0.132322    4.941802 ^ wire2/X (sky130_fd_sc_hd__buf_6)
                                                         net273 (net)
                      0.123514    0.017177    4.958979 ^ wire1/A (sky130_fd_sc_hd__buf_6)
     3    0.079823    0.122571    0.136744    5.095724 ^ wire1/X (sky130_fd_sc_hd__buf_6)
                                                         net272 (net)
                      0.127195    0.018054    5.113778 ^ clkbuf_0_clk/A (sky130_fd_sc_hd__clkbuf_16)
     9    0.099027    0.088852    0.148047    5.261825 ^ clkbuf_0_clk/X (sky130_fd_sc_hd__clkbuf_16)
                                                         clknet_0_clk (net)
                      0.089797    0.007091    5.268916 ^ clkbuf_2_3__f_clk/A (sky130_fd_sc_hd__clkbuf_16)
    21    0.071648    0.068794    0.122145    5.391061 ^ clkbuf_2_3__f_clk/X (sky130_fd_sc_hd__clkbuf_16)
                                                         clknet_2_3__leaf_clk (net)
                      0.072181    0.011508    5.402568 ^ _152_/CLK (sky130_fd_sc_hd__dfrtp_4)
     3    0.075522    0.105358    0.368346    5.770914 v _152_/Q (sky130_fd_sc_hd__dfrtp_4)
                                                         net243 (net)
                      0.110447    0.017229    5.788144 v output243/A (sky130_fd_sc_hd__buf_12)
     1    0.191342    0.077540    0.160562    5.948706 v output243/X (sky130_fd_sc_hd__buf_12)
                                                         wbs_dat_o[23] (net)
                      0.077967    0.004464    5.953169 v wbs_dat_o[23] (out)
                                              5.953169   data arrival time

                                  0.000000    0.000000   clock clk (rise edge)
                                  5.570000    5.570000   clock network delay (propagated)
                                  0.087500    5.657500   clock uncertainty
                                  0.000000    5.657500   clock reconvergence pessimism
                                 -1.130000    4.527500   output external delay
                                              4.527500   data required time
---------------------------------------------------------------------------------------------
                                              4.527500   data required time
                                             -5.953169   data arrival time
---------------------------------------------------------------------------------------------
                                              1.425669   slack (MET)


Startpoint: _154_ (rising edge-triggered flip-flop clocked by clk)
Endpoint: wbs_dat_o[25] (output port clocked by clk)
Path Group: clk
Path Type: min

Fanout         Cap        Slew       Delay        Time   Description
---------------------------------------------------------------------------------------------
                                  0.000000    0.000000   clock clk (rise edge)
                                  4.650000    4.650000   clock source latency
     2    0.031002    0.610000    0.000000    4.650000 ^ clk (in)
                                                         clk (net)
                      0.616595    0.003215    4.653215 ^ wire3/A (sky130_fd_sc_hd__buf_4)
     3    0.045136    0.104020    0.149718    4.802933 ^ wire3/X (sky130_fd_sc_hd__buf_4)
                                                         net274 (net)
                      0.104711    0.006547    4.809480 ^ wire2/A (sky130_fd_sc_hd__buf_6)
     3    0.077490    0.119211    0.132322    4.941802 ^ wire2/X (sky130_fd_sc_hd__buf_6)
                                                         net273 (net)
                      0.123514    0.017177    4.958979 ^ wire1/A (sky130_fd_sc_hd__buf_6)
     3    0.079823    0.122571    0.136744    5.095724 ^ wire1/X (sky130_fd_sc_hd__buf_6)
                                                         net272 (net)
                      0.127195    0.018054    5.113778 ^ clkbuf_0_clk/A (sky130_fd_sc_hd__clkbuf_16)
     9    0.099027    0.088852    0.148047    5.261825 ^ clkbuf_0_clk/X (sky130_fd_sc_hd__clkbuf_16)
                                                         clknet_0_clk (net)
                      0.089797    0.007091    5.268916 ^ clkbuf_2_3__f_clk/A (sky130_fd_sc_hd__clkbuf_16)
    21    0.071648    0.068794    0.122145    5.391061 ^ clkbuf_2_3__f_clk/X (sky130_fd_sc_hd__clkbuf_16)
                                                         clknet_2_3__leaf_clk (net)
                      0.072150    0.011451    5.402512 ^ _154_/CLK (sky130_fd_sc_hd__dfrtp_4)
     3    0.077352    0.106559    0.367107    5.769619 v _154_/Q (sky130_fd_sc_hd__dfrtp_4)
                                                         net245 (net)
                      0.116380    0.023995    5.793613 v output245/A (sky130_fd_sc_hd__buf_12)
     1    0.191342    0.077626    0.162952    5.956566 v output245/X (sky130_fd_sc_hd__buf_12)
                                                         wbs_dat_o[25] (net)
                      0.078053    0.004464    5.961029 v wbs_dat_o[25] (out)
                                              5.961029   data arrival time

                                  0.000000    0.000000   clock clk (rise edge)
                                  5.570000    5.570000   clock network delay (propagated)
                                  0.087500    5.657500   clock uncertainty
                                  0.000000    5.657500   clock reconvergence pessimism
                                 -1.130000    4.527500   output external delay
                                              4.527500   data required time
---------------------------------------------------------------------------------------------
                                              4.527500   data required time
                                             -5.961029   data arrival time
---------------------------------------------------------------------------------------------
                                              1.433529   slack (MET)


Startpoint: _133_ (rising edge-triggered flip-flop clocked by clk)
Endpoint: wbs_dat_o[4] (output port clocked by clk)
Path Group: clk
Path Type: min

Fanout         Cap        Slew       Delay        Time   Description
---------------------------------------------------------------------------------------------
                                  0.000000    0.000000   clock clk (rise edge)
                                  4.650000    4.650000   clock source latency
     2    0.031002    0.610000    0.000000    4.650000 ^ clk (in)
                                                         clk (net)
                      0.616595    0.003215    4.653215 ^ wire3/A (sky130_fd_sc_hd__buf_4)
     3    0.045136    0.104020    0.149718    4.802933 ^ wire3/X (sky130_fd_sc_hd__buf_4)
                                                         net274 (net)
                      0.104711    0.006547    4.809480 ^ wire2/A (sky130_fd_sc_hd__buf_6)
     3    0.077490    0.119211    0.132322    4.941802 ^ wire2/X (sky130_fd_sc_hd__buf_6)
                                                         net273 (net)
                      0.123514    0.017177    4.958979 ^ wire1/A (sky130_fd_sc_hd__buf_6)
     3    0.079823    0.122571    0.136744    5.095724 ^ wire1/X (sky130_fd_sc_hd__buf_6)
                                                         net272 (net)
                      0.127195    0.018054    5.113778 ^ clkbuf_0_clk/A (sky130_fd_sc_hd__clkbuf_16)
     9    0.099027    0.088852    0.148047    5.261825 ^ clkbuf_0_clk/X (sky130_fd_sc_hd__clkbuf_16)
                                                         clknet_0_clk (net)
                      0.090013    0.007848    5.269672 ^ clkbuf_2_1__f_clk/A (sky130_fd_sc_hd__clkbuf_16)
    21    0.084406    0.078353    0.128870    5.398543 ^ clkbuf_2_1__f_clk/X (sky130_fd_sc_hd__clkbuf_16)
                                                         clknet_2_1__leaf_clk (net)
                      0.081904    0.012690    5.411232 ^ _133_/CLK (sky130_fd_sc_hd__dfrtp_4)
     3    0.076950    0.171820    0.353940    5.765173 ^ _133_/Q (sky130_fd_sc_hd__dfrtp_4)
                                                         net254 (net)
                      0.176901    0.022716    5.787889 ^ output254/A (sky130_fd_sc_hd__buf_12)
     1    0.190963    0.166980    0.176239    5.964127 ^ output254/X (sky130_fd_sc_hd__buf_12)
                                                         wbs_dat_o[4] (net)
                      0.167139    0.004140    5.968267 ^ wbs_dat_o[4] (out)
                                              5.968267   data arrival time

                                  0.000000    0.000000   clock clk (rise edge)
                                  5.570000    5.570000   clock network delay (propagated)
                                  0.087500    5.657500   clock uncertainty
                                  0.000000    5.657500   clock reconvergence pessimism
                                 -1.130000    4.527500   output external delay
                                              4.527500   data required time
---------------------------------------------------------------------------------------------
                                              4.527500   data required time
                                             -5.968267   data arrival time
---------------------------------------------------------------------------------------------
                                              1.440768   slack (MET)


Startpoint: _155_ (rising edge-triggered flip-flop clocked by clk)
Endpoint: wbs_dat_o[26] (output port clocked by clk)
Path Group: clk
Path Type: min

Fanout         Cap        Slew       Delay        Time   Description
---------------------------------------------------------------------------------------------
                                  0.000000    0.000000   clock clk (rise edge)
                                  4.650000    4.650000   clock source latency
     2    0.031002    0.610000    0.000000    4.650000 ^ clk (in)
                                                         clk (net)
                      0.616595    0.003215    4.653215 ^ wire3/A (sky130_fd_sc_hd__buf_4)
     3    0.045136    0.104020    0.149718    4.802933 ^ wire3/X (sky130_fd_sc_hd__buf_4)
                                                         net274 (net)
                      0.104711    0.006547    4.809480 ^ wire2/A (sky130_fd_sc_hd__buf_6)
     3    0.077490    0.119211    0.132322    4.941802 ^ wire2/X (sky130_fd_sc_hd__buf_6)
                                                         net273 (net)
                      0.123514    0.017177    4.958979 ^ wire1/A (sky130_fd_sc_hd__buf_6)
     3    0.079823    0.122571    0.136744    5.095724 ^ wire1/X (sky130_fd_sc_hd__buf_6)
                                                         net272 (net)
                      0.127195    0.018054    5.113778 ^ clkbuf_0_clk/A (sky130_fd_sc_hd__clkbuf_16)
     9    0.099027    0.088852    0.148047    5.261825 ^ clkbuf_0_clk/X (sky130_fd_sc_hd__clkbuf_16)
                                                         clknet_0_clk (net)
                      0.089797    0.007091    5.268916 ^ clkbuf_2_3__f_clk/A (sky130_fd_sc_hd__clkbuf_16)
    21    0.071648    0.068794    0.122145    5.391061 ^ clkbuf_2_3__f_clk/X (sky130_fd_sc_hd__clkbuf_16)
                                                         clknet_2_3__leaf_clk (net)
                      0.072173    0.011493    5.402554 ^ _155_/CLK (sky130_fd_sc_hd__dfrtp_4)
     3    0.096018    0.122505    0.374996    5.777551 v _155_/Q (sky130_fd_sc_hd__dfrtp_4)
                                                         net246 (net)
                      0.139762    0.033899    5.811449 v output246/A (sky130_fd_sc_hd__buf_12)
     1    0.191342    0.077961    0.172371    5.983821 v output246/X (sky130_fd_sc_hd__buf_12)
                                                         wbs_dat_o[26] (net)
                      0.078328    0.004464    5.988285 v wbs_dat_o[26] (out)
                                              5.988285   data arrival time

                                  0.000000    0.000000   clock clk (rise edge)
                                  5.570000    5.570000   clock network delay (propagated)
                                  0.087500    5.657500   clock uncertainty
                                  0.000000    5.657500   clock reconvergence pessimism
                                 -1.130000    4.527500   output external delay
                                              4.527500   data required time
---------------------------------------------------------------------------------------------
                                              4.527500   data required time
                                             -5.988285   data arrival time
---------------------------------------------------------------------------------------------
                                              1.460785   slack (MET)


Startpoint: _135_ (rising edge-triggered flip-flop clocked by clk)
Endpoint: wbs_dat_o[6] (output port clocked by clk)
Path Group: clk
Path Type: min

Fanout         Cap        Slew       Delay        Time   Description
---------------------------------------------------------------------------------------------
                                  0.000000    0.000000   clock clk (rise edge)
                                  4.650000    4.650000   clock source latency
     2    0.031002    0.610000    0.000000    4.650000 ^ clk (in)
                                                         clk (net)
                      0.616595    0.003215    4.653215 ^ wire3/A (sky130_fd_sc_hd__buf_4)
     3    0.045136    0.104020    0.149718    4.802933 ^ wire3/X (sky130_fd_sc_hd__buf_4)
                                                         net274 (net)
                      0.104711    0.006547    4.809480 ^ wire2/A (sky130_fd_sc_hd__buf_6)
     3    0.077490    0.119211    0.132322    4.941802 ^ wire2/X (sky130_fd_sc_hd__buf_6)
                                                         net273 (net)
                      0.123514    0.017177    4.958979 ^ wire1/A (sky130_fd_sc_hd__buf_6)
     3    0.079823    0.122571    0.136744    5.095724 ^ wire1/X (sky130_fd_sc_hd__buf_6)
                                                         net272 (net)
                      0.127195    0.018054    5.113778 ^ clkbuf_0_clk/A (sky130_fd_sc_hd__clkbuf_16)
     9    0.099027    0.088852    0.148047    5.261825 ^ clkbuf_0_clk/X (sky130_fd_sc_hd__clkbuf_16)
                                                         clknet_0_clk (net)
                      0.090050    0.007972    5.269797 ^ clkbuf_2_0__f_clk/A (sky130_fd_sc_hd__clkbuf_16)
    17    0.096864    0.087461    0.137104    5.406901 ^ clkbuf_2_0__f_clk/X (sky130_fd_sc_hd__clkbuf_16)
                                                         clknet_2_0__leaf_clk (net)
                      0.089059    0.009112    5.416013 ^ _135_/CLK (sky130_fd_sc_hd__dfrtp_4)
     3    0.088506    0.117394    0.374504    5.790517 v _135_/Q (sky130_fd_sc_hd__dfrtp_4)
                                                         net256 (net)
                      0.130508    0.028890    5.819407 v output256/A (sky130_fd_sc_hd__buf_12)
     1    0.190981    0.077585    0.168813    5.988220 v output256/X (sky130_fd_sc_hd__buf_12)
                                                         wbs_dat_o[6] (net)
                      0.077897    0.004121    5.992341 v wbs_dat_o[6] (out)
                                              5.992341   data arrival time

                                  0.000000    0.000000   clock clk (rise edge)
                                  5.570000    5.570000   clock network delay (propagated)
                                  0.087500    5.657500   clock uncertainty
                                  0.000000    5.657500   clock reconvergence pessimism
                                 -1.130000    4.527500   output external delay
                                              4.527500   data required time
---------------------------------------------------------------------------------------------
                                              4.527500   data required time
                                             -5.992341   data arrival time
---------------------------------------------------------------------------------------------
                                              1.464841   slack (MET)


Startpoint: _132_ (rising edge-triggered flip-flop clocked by clk)
Endpoint: wbs_dat_o[3] (output port clocked by clk)
Path Group: clk
Path Type: min

Fanout         Cap        Slew       Delay        Time   Description
---------------------------------------------------------------------------------------------
                                  0.000000    0.000000   clock clk (rise edge)
                                  4.650000    4.650000   clock source latency
     2    0.031002    0.610000    0.000000    4.650000 ^ clk (in)
                                                         clk (net)
                      0.616595    0.003215    4.653215 ^ wire3/A (sky130_fd_sc_hd__buf_4)
     3    0.045136    0.104020    0.149718    4.802933 ^ wire3/X (sky130_fd_sc_hd__buf_4)
                                                         net274 (net)
                      0.104711    0.006547    4.809480 ^ wire2/A (sky130_fd_sc_hd__buf_6)
     3    0.077490    0.119211    0.132322    4.941802 ^ wire2/X (sky130_fd_sc_hd__buf_6)
                                                         net273 (net)
                      0.123514    0.017177    4.958979 ^ wire1/A (sky130_fd_sc_hd__buf_6)
     3    0.079823    0.122571    0.136744    5.095724 ^ wire1/X (sky130_fd_sc_hd__buf_6)
                                                         net272 (net)
                      0.127195    0.018054    5.113778 ^ clkbuf_0_clk/A (sky130_fd_sc_hd__clkbuf_16)
     9    0.099027    0.088852    0.148047    5.261825 ^ clkbuf_0_clk/X (sky130_fd_sc_hd__clkbuf_16)
                                                         clknet_0_clk (net)
                      0.090013    0.007848    5.269672 ^ clkbuf_2_1__f_clk/A (sky130_fd_sc_hd__clkbuf_16)
    21    0.084406    0.078353    0.128870    5.398543 ^ clkbuf_2_1__f_clk/X (sky130_fd_sc_hd__clkbuf_16)
                                                         clknet_2_1__leaf_clk (net)
                      0.081877    0.012641    5.411183 ^ _132_/CLK (sky130_fd_sc_hd__dfrtp_4)
     3    0.095015    0.121787    0.375612    5.786795 v _132_/Q (sky130_fd_sc_hd__dfrtp_4)
                                                         net253 (net)
                      0.141311    0.035899    5.822694 v output253/A (sky130_fd_sc_hd__buf_12)
     1    0.190951    0.077731    0.173157    5.995851 v output253/X (sky130_fd_sc_hd__buf_12)
                                                         wbs_dat_o[3] (net)
                      0.078042    0.004120    5.999971 v wbs_dat_o[3] (out)
                                              5.999971   data arrival time

                                  0.000000    0.000000   clock clk (rise edge)
                                  5.570000    5.570000   clock network delay (propagated)
                                  0.087500    5.657500   clock uncertainty
                                  0.000000    5.657500   clock reconvergence pessimism
                                 -1.130000    4.527500   output external delay
                                              4.527500   data required time
---------------------------------------------------------------------------------------------
                                              4.527500   data required time
                                             -5.999971   data arrival time
---------------------------------------------------------------------------------------------
                                              1.472471   slack (MET)


Startpoint: _131_ (rising edge-triggered flip-flop clocked by clk)
Endpoint: wbs_dat_o[2] (output port clocked by clk)
Path Group: clk
Path Type: min

Fanout         Cap        Slew       Delay        Time   Description
---------------------------------------------------------------------------------------------
                                  0.000000    0.000000   clock clk (rise edge)
                                  4.650000    4.650000   clock source latency
     2    0.031002    0.610000    0.000000    4.650000 ^ clk (in)
                                                         clk (net)
                      0.616595    0.003215    4.653215 ^ wire3/A (sky130_fd_sc_hd__buf_4)
     3    0.045136    0.104020    0.149718    4.802933 ^ wire3/X (sky130_fd_sc_hd__buf_4)
                                                         net274 (net)
                      0.104711    0.006547    4.809480 ^ wire2/A (sky130_fd_sc_hd__buf_6)
     3    0.077490    0.119211    0.132322    4.941802 ^ wire2/X (sky130_fd_sc_hd__buf_6)
                                                         net273 (net)
                      0.123514    0.017177    4.958979 ^ wire1/A (sky130_fd_sc_hd__buf_6)
     3    0.079823    0.122571    0.136744    5.095724 ^ wire1/X (sky130_fd_sc_hd__buf_6)
                                                         net272 (net)
                      0.127195    0.018054    5.113778 ^ clkbuf_0_clk/A (sky130_fd_sc_hd__clkbuf_16)
     9    0.099027    0.088852    0.148047    5.261825 ^ clkbuf_0_clk/X (sky130_fd_sc_hd__clkbuf_16)
                                                         clknet_0_clk (net)
                      0.090013    0.007848    5.269672 ^ clkbuf_2_1__f_clk/A (sky130_fd_sc_hd__clkbuf_16)
    21    0.084406    0.078353    0.128870    5.398543 ^ clkbuf_2_1__f_clk/X (sky130_fd_sc_hd__clkbuf_16)
                                                         clknet_2_1__leaf_clk (net)
                      0.081853    0.012597    5.411139 ^ _131_/CLK (sky130_fd_sc_hd__dfrtp_4)
     3    0.095789    0.121517    0.378448    5.789587 v _131_/Q (sky130_fd_sc_hd__dfrtp_4)
                                                         net250 (net)
                      0.139421    0.034431    5.824018 v output250/A (sky130_fd_sc_hd__buf_12)
     1    0.190951    0.077704    0.172395    5.996413 v output250/X (sky130_fd_sc_hd__buf_12)
                                                         wbs_dat_o[2] (net)
                      0.078015    0.004120    6.000534 v wbs_dat_o[2] (out)
                                              6.000534   data arrival time

                                  0.000000    0.000000   clock clk (rise edge)
                                  5.570000    5.570000   clock network delay (propagated)
                                  0.087500    5.657500   clock uncertainty
                                  0.000000    5.657500   clock reconvergence pessimism
                                 -1.130000    4.527500   output external delay
                                              4.527500   data required time
---------------------------------------------------------------------------------------------
                                              4.527500   data required time
                                             -6.000534   data arrival time
---------------------------------------------------------------------------------------------
                                              1.473034   slack (MET)


Startpoint: _156_ (rising edge-triggered flip-flop clocked by clk)
Endpoint: wbs_dat_o[27] (output port clocked by clk)
Path Group: clk
Path Type: min

Fanout         Cap        Slew       Delay        Time   Description
---------------------------------------------------------------------------------------------
                                  0.000000    0.000000   clock clk (rise edge)
                                  4.650000    4.650000   clock source latency
     2    0.031002    0.610000    0.000000    4.650000 ^ clk (in)
                                                         clk (net)
                      0.616595    0.003215    4.653215 ^ wire3/A (sky130_fd_sc_hd__buf_4)
     3    0.045136    0.104020    0.149718    4.802933 ^ wire3/X (sky130_fd_sc_hd__buf_4)
                                                         net274 (net)
                      0.104711    0.006547    4.809480 ^ wire2/A (sky130_fd_sc_hd__buf_6)
     3    0.077490    0.119211    0.132322    4.941802 ^ wire2/X (sky130_fd_sc_hd__buf_6)
                                                         net273 (net)
                      0.123514    0.017177    4.958979 ^ wire1/A (sky130_fd_sc_hd__buf_6)
     3    0.079823    0.122571    0.136744    5.095724 ^ wire1/X (sky130_fd_sc_hd__buf_6)
                                                         net272 (net)
                      0.127195    0.018054    5.113778 ^ clkbuf_0_clk/A (sky130_fd_sc_hd__clkbuf_16)
     9    0.099027    0.088852    0.148047    5.261825 ^ clkbuf_0_clk/X (sky130_fd_sc_hd__clkbuf_16)
                                                         clknet_0_clk (net)
                      0.089797    0.007091    5.268916 ^ clkbuf_2_3__f_clk/A (sky130_fd_sc_hd__clkbuf_16)
    21    0.071648    0.068794    0.122145    5.391061 ^ clkbuf_2_3__f_clk/X (sky130_fd_sc_hd__clkbuf_16)
                                                         clknet_2_3__leaf_clk (net)
                      0.071557    0.010349    5.401410 ^ _156_/CLK (sky130_fd_sc_hd__dfrtp_4)
     3    0.102644    0.127786    0.376284    5.777694 v _156_/Q (sky130_fd_sc_hd__dfrtp_4)
                                                         net247 (net)
                      0.153207    0.042018    5.819711 v output247/A (sky130_fd_sc_hd__buf_12)
     1    0.191201    0.078108    0.177753    5.997464 v output247/X (sky130_fd_sc_hd__buf_12)
                                                         wbs_dat_o[27] (net)
                      0.078474    0.004460    6.001925 v wbs_dat_o[27] (out)
                                              6.001925   data arrival time

                                  0.000000    0.000000   clock clk (rise edge)
                                  5.570000    5.570000   clock network delay (propagated)
                                  0.087500    5.657500   clock uncertainty
                                  0.000000    5.657500   clock reconvergence pessimism
                                 -1.130000    4.527500   output external delay
                                              4.527500   data required time
---------------------------------------------------------------------------------------------
                                              4.527500   data required time
                                             -6.001925   data arrival time
---------------------------------------------------------------------------------------------
                                              1.474425   slack (MET)


Startpoint: _157_ (rising edge-triggered flip-flop clocked by clk)
Endpoint: wbs_dat_o[28] (output port clocked by clk)
Path Group: clk
Path Type: min

Fanout         Cap        Slew       Delay        Time   Description
---------------------------------------------------------------------------------------------
                                  0.000000    0.000000   clock clk (rise edge)
                                  4.650000    4.650000   clock source latency
     2    0.031002    0.610000    0.000000    4.650000 ^ clk (in)
                                                         clk (net)
                      0.616595    0.003215    4.653215 ^ wire3/A (sky130_fd_sc_hd__buf_4)
     3    0.045136    0.104020    0.149718    4.802933 ^ wire3/X (sky130_fd_sc_hd__buf_4)
                                                         net274 (net)
                      0.104711    0.006547    4.809480 ^ wire2/A (sky130_fd_sc_hd__buf_6)
     3    0.077490    0.119211    0.132322    4.941802 ^ wire2/X (sky130_fd_sc_hd__buf_6)
                                                         net273 (net)
                      0.123514    0.017177    4.958979 ^ wire1/A (sky130_fd_sc_hd__buf_6)
     3    0.079823    0.122571    0.136744    5.095724 ^ wire1/X (sky130_fd_sc_hd__buf_6)
                                                         net272 (net)
                      0.127195    0.018054    5.113778 ^ clkbuf_0_clk/A (sky130_fd_sc_hd__clkbuf_16)
     9    0.099027    0.088852    0.148047    5.261825 ^ clkbuf_0_clk/X (sky130_fd_sc_hd__clkbuf_16)
                                                         clknet_0_clk (net)
                      0.089797    0.007091    5.268916 ^ clkbuf_2_3__f_clk/A (sky130_fd_sc_hd__clkbuf_16)
    21    0.071648    0.068794    0.122145    5.391061 ^ clkbuf_2_3__f_clk/X (sky130_fd_sc_hd__clkbuf_16)
                                                         clknet_2_3__leaf_clk (net)
                      0.071386    0.010013    5.401074 ^ _157_/CLK (sky130_fd_sc_hd__dfrtp_4)
     3    0.113121    0.135698    0.379589    5.780663 v _157_/Q (sky130_fd_sc_hd__dfrtp_4)
                                                         net248 (net)
                      0.170219    0.050091    5.830754 v output248/A (sky130_fd_sc_hd__buf_12)
     1    0.191221    0.078360    0.184610    6.015364 v output248/X (sky130_fd_sc_hd__buf_12)
                                                         wbs_dat_o[28] (net)
                      0.078724    0.004461    6.019826 v wbs_dat_o[28] (out)
                                              6.019826   data arrival time

                                  0.000000    0.000000   clock clk (rise edge)
                                  5.570000    5.570000   clock network delay (propagated)
                                  0.087500    5.657500   clock uncertainty
                                  0.000000    5.657500   clock reconvergence pessimism
                                 -1.130000    4.527500   output external delay
                                              4.527500   data required time
---------------------------------------------------------------------------------------------
                                              4.527500   data required time
                                             -6.019826   data arrival time
---------------------------------------------------------------------------------------------
                                              1.492326   slack (MET)


Startpoint: _130_ (rising edge-triggered flip-flop clocked by clk)
Endpoint: wbs_dat_o[1] (output port clocked by clk)
Path Group: clk
Path Type: min

Fanout         Cap        Slew       Delay        Time   Description
---------------------------------------------------------------------------------------------
                                  0.000000    0.000000   clock clk (rise edge)
                                  4.650000    4.650000   clock source latency
     2    0.031002    0.610000    0.000000    4.650000 ^ clk (in)
                                                         clk (net)
                      0.616595    0.003215    4.653215 ^ wire3/A (sky130_fd_sc_hd__buf_4)
     3    0.045136    0.104020    0.149718    4.802933 ^ wire3/X (sky130_fd_sc_hd__buf_4)
                                                         net274 (net)
                      0.104711    0.006547    4.809480 ^ wire2/A (sky130_fd_sc_hd__buf_6)
     3    0.077490    0.119211    0.132322    4.941802 ^ wire2/X (sky130_fd_sc_hd__buf_6)
                                                         net273 (net)
                      0.123514    0.017177    4.958979 ^ wire1/A (sky130_fd_sc_hd__buf_6)
     3    0.079823    0.122571    0.136744    5.095724 ^ wire1/X (sky130_fd_sc_hd__buf_6)
                                                         net272 (net)
                      0.127195    0.018054    5.113778 ^ clkbuf_0_clk/A (sky130_fd_sc_hd__clkbuf_16)
     9    0.099027    0.088852    0.148047    5.261825 ^ clkbuf_0_clk/X (sky130_fd_sc_hd__clkbuf_16)
                                                         clknet_0_clk (net)
                      0.090013    0.007848    5.269672 ^ clkbuf_2_1__f_clk/A (sky130_fd_sc_hd__clkbuf_16)
    21    0.084406    0.078353    0.128870    5.398543 ^ clkbuf_2_1__f_clk/X (sky130_fd_sc_hd__clkbuf_16)
                                                         clknet_2_1__leaf_clk (net)
                      0.081861    0.012612    5.411154 ^ _130_/CLK (sky130_fd_sc_hd__dfrtp_4)
     3    0.109858    0.132682    0.385576    5.796731 v _130_/Q (sky130_fd_sc_hd__dfrtp_4)
                                                         net239 (net)
                      0.157929    0.042619    5.839350 v output239/A (sky130_fd_sc_hd__buf_12)
     1    0.190951    0.077969    0.179850    6.019200 v output239/X (sky130_fd_sc_hd__buf_12)
                                                         wbs_dat_o[1] (net)
                      0.078279    0.004120    6.023320 v wbs_dat_o[1] (out)
                                              6.023320   data arrival time

                                  0.000000    0.000000   clock clk (rise edge)
                                  5.570000    5.570000   clock network delay (propagated)
                                  0.087500    5.657500   clock uncertainty
                                  0.000000    5.657500   clock reconvergence pessimism
                                 -1.130000    4.527500   output external delay
                                              4.527500   data required time
---------------------------------------------------------------------------------------------
                                              4.527500   data required time
                                             -6.023320   data arrival time
---------------------------------------------------------------------------------------------
                                              1.495820   slack (MET)


Startpoint: _158_ (rising edge-triggered flip-flop clocked by clk)
Endpoint: wbs_dat_o[29] (output port clocked by clk)
Path Group: clk
Path Type: min

Fanout         Cap        Slew       Delay        Time   Description
---------------------------------------------------------------------------------------------
                                  0.000000    0.000000   clock clk (rise edge)
                                  4.650000    4.650000   clock source latency
     2    0.031002    0.610000    0.000000    4.650000 ^ clk (in)
                                                         clk (net)
                      0.616595    0.003215    4.653215 ^ wire3/A (sky130_fd_sc_hd__buf_4)
     3    0.045136    0.104020    0.149718    4.802933 ^ wire3/X (sky130_fd_sc_hd__buf_4)
                                                         net274 (net)
                      0.104711    0.006547    4.809480 ^ wire2/A (sky130_fd_sc_hd__buf_6)
     3    0.077490    0.119211    0.132322    4.941802 ^ wire2/X (sky130_fd_sc_hd__buf_6)
                                                         net273 (net)
                      0.123514    0.017177    4.958979 ^ wire1/A (sky130_fd_sc_hd__buf_6)
     3    0.079823    0.122571    0.136744    5.095724 ^ wire1/X (sky130_fd_sc_hd__buf_6)
                                                         net272 (net)
                      0.127195    0.018054    5.113778 ^ clkbuf_0_clk/A (sky130_fd_sc_hd__clkbuf_16)
     9    0.099027    0.088852    0.148047    5.261825 ^ clkbuf_0_clk/X (sky130_fd_sc_hd__clkbuf_16)
                                                         clknet_0_clk (net)
                      0.089797    0.007091    5.268916 ^ clkbuf_2_3__f_clk/A (sky130_fd_sc_hd__clkbuf_16)
    21    0.071648    0.068794    0.122145    5.391061 ^ clkbuf_2_3__f_clk/X (sky130_fd_sc_hd__clkbuf_16)
                                                         clknet_2_3__leaf_clk (net)
                      0.071731    0.010683    5.401743 ^ _158_/CLK (sky130_fd_sc_hd__dfrtp_4)
     3    0.119606    0.140448    0.381750    5.783494 v _158_/Q (sky130_fd_sc_hd__dfrtp_4)
                                                         net249 (net)
                      0.181150    0.055381    5.838874 v output249/A (sky130_fd_sc_hd__buf_12)
     1    0.191329    0.078554    0.189040    6.027914 v output249/X (sky130_fd_sc_hd__buf_12)
                                                         wbs_dat_o[29] (net)
                      0.078918    0.004464    6.032378 v wbs_dat_o[29] (out)
                                              6.032378   data arrival time

                                  0.000000    0.000000   clock clk (rise edge)
                                  5.570000    5.570000   clock network delay (propagated)
                                  0.087500    5.657500   clock uncertainty
                                  0.000000    5.657500   clock reconvergence pessimism
                                 -1.130000    4.527500   output external delay
                                              4.527500   data required time
---------------------------------------------------------------------------------------------
                                              4.527500   data required time
                                             -6.032378   data arrival time
---------------------------------------------------------------------------------------------
                                              1.504879   slack (MET)


Startpoint: _129_ (rising edge-triggered flip-flop clocked by clk)
Endpoint: wbs_dat_o[0] (output port clocked by clk)
Path Group: clk
Path Type: min

Fanout         Cap        Slew       Delay        Time   Description
---------------------------------------------------------------------------------------------
                                  0.000000    0.000000   clock clk (rise edge)
                                  4.650000    4.650000   clock source latency
     2    0.031002    0.610000    0.000000    4.650000 ^ clk (in)
                                                         clk (net)
                      0.616595    0.003215    4.653215 ^ wire3/A (sky130_fd_sc_hd__buf_4)
     3    0.045136    0.104020    0.149718    4.802933 ^ wire3/X (sky130_fd_sc_hd__buf_4)
                                                         net274 (net)
                      0.104711    0.006547    4.809480 ^ wire2/A (sky130_fd_sc_hd__buf_6)
     3    0.077490    0.119211    0.132322    4.941802 ^ wire2/X (sky130_fd_sc_hd__buf_6)
                                                         net273 (net)
                      0.123514    0.017177    4.958979 ^ wire1/A (sky130_fd_sc_hd__buf_6)
     3    0.079823    0.122571    0.136744    5.095724 ^ wire1/X (sky130_fd_sc_hd__buf_6)
                                                         net272 (net)
                      0.127195    0.018054    5.113778 ^ clkbuf_0_clk/A (sky130_fd_sc_hd__clkbuf_16)
     9    0.099027    0.088852    0.148047    5.261825 ^ clkbuf_0_clk/X (sky130_fd_sc_hd__clkbuf_16)
                                                         clknet_0_clk (net)
                      0.090013    0.007848    5.269672 ^ clkbuf_2_1__f_clk/A (sky130_fd_sc_hd__clkbuf_16)
    21    0.084406    0.078353    0.128870    5.398543 ^ clkbuf_2_1__f_clk/X (sky130_fd_sc_hd__clkbuf_16)
                                                         clknet_2_1__leaf_clk (net)
                      0.081026    0.010976    5.409519 ^ _129_/CLK (sky130_fd_sc_hd__dfrtp_4)
     3    0.120414    0.140707    0.388557    5.798076 v _129_/Q (sky130_fd_sc_hd__dfrtp_4)
                                                         net228 (net)
                      0.177098    0.052771    5.850847 v output228/A (sky130_fd_sc_hd__buf_12)
     1    0.190951    0.078244    0.187571    6.038418 v output228/X (sky130_fd_sc_hd__buf_12)
                                                         wbs_dat_o[0] (net)
                      0.078552    0.004121    6.042539 v wbs_dat_o[0] (out)
                                              6.042539   data arrival time

                                  0.000000    0.000000   clock clk (rise edge)
                                  5.570000    5.570000   clock network delay (propagated)
                                  0.087500    5.657500   clock uncertainty
                                  0.000000    5.657500   clock reconvergence pessimism
                                 -1.130000    4.527500   output external delay
                                              4.527500   data required time
---------------------------------------------------------------------------------------------
                                              4.527500   data required time
                                             -6.042539   data arrival time
---------------------------------------------------------------------------------------------
                                              1.515039   slack (MET)


Startpoint: _159_ (rising edge-triggered flip-flop clocked by clk)
Endpoint: wbs_dat_o[30] (output port clocked by clk)
Path Group: clk
Path Type: min

Fanout         Cap        Slew       Delay        Time   Description
---------------------------------------------------------------------------------------------
                                  0.000000    0.000000   clock clk (rise edge)
                                  4.650000    4.650000   clock source latency
     2    0.031002    0.610000    0.000000    4.650000 ^ clk (in)
                                                         clk (net)
                      0.616595    0.003215    4.653215 ^ wire3/A (sky130_fd_sc_hd__buf_4)
     3    0.045136    0.104020    0.149718    4.802933 ^ wire3/X (sky130_fd_sc_hd__buf_4)
                                                         net274 (net)
                      0.104711    0.006547    4.809480 ^ wire2/A (sky130_fd_sc_hd__buf_6)
     3    0.077490    0.119211    0.132322    4.941802 ^ wire2/X (sky130_fd_sc_hd__buf_6)
                                                         net273 (net)
                      0.123514    0.017177    4.958979 ^ wire1/A (sky130_fd_sc_hd__buf_6)
     3    0.079823    0.122571    0.136744    5.095724 ^ wire1/X (sky130_fd_sc_hd__buf_6)
                                                         net272 (net)
                      0.127195    0.018054    5.113778 ^ clkbuf_0_clk/A (sky130_fd_sc_hd__clkbuf_16)
     9    0.099027    0.088852    0.148047    5.261825 ^ clkbuf_0_clk/X (sky130_fd_sc_hd__clkbuf_16)
                                                         clknet_0_clk (net)
                      0.089796    0.007087    5.268912 ^ clkbuf_2_2__f_clk/A (sky130_fd_sc_hd__clkbuf_16)
    17    0.094715    0.085805    0.136113    5.405025 ^ clkbuf_2_2__f_clk/X (sky130_fd_sc_hd__clkbuf_16)
                                                         clknet_2_2__leaf_clk (net)
                      0.087612    0.009600    5.414626 ^ _159_/CLK (sky130_fd_sc_hd__dfrtp_4)
     3    0.152168    0.166595    0.407978    5.822603 v _159_/Q (sky130_fd_sc_hd__dfrtp_4)
                                                         net251 (net)
                      0.210095    0.062410    5.885014 v output251/A (sky130_fd_sc_hd__buf_12)
     1    0.191174    0.078918    0.200663    6.085676 v output251/X (sky130_fd_sc_hd__buf_12)
                                                         wbs_dat_o[30] (net)
                      0.079279    0.004460    6.090136 v wbs_dat_o[30] (out)
                                              6.090136   data arrival time

                                  0.000000    0.000000   clock clk (rise edge)
                                  5.570000    5.570000   clock network delay (propagated)
                                  0.087500    5.657500   clock uncertainty
                                  0.000000    5.657500   clock reconvergence pessimism
                                 -1.130000    4.527500   output external delay
                                              4.527500   data required time
---------------------------------------------------------------------------------------------
                                              4.527500   data required time
                                             -6.090136   data arrival time
---------------------------------------------------------------------------------------------
                                              1.562636   slack (MET)


Startpoint: _160_ (rising edge-triggered flip-flop clocked by clk)
Endpoint: wbs_dat_o[31] (output port clocked by clk)
Path Group: clk
Path Type: min

Fanout         Cap        Slew       Delay        Time   Description
---------------------------------------------------------------------------------------------
                                  0.000000    0.000000   clock clk (rise edge)
                                  4.650000    4.650000   clock source latency
     2    0.031002    0.610000    0.000000    4.650000 ^ clk (in)
                                                         clk (net)
                      0.616595    0.003215    4.653215 ^ wire3/A (sky130_fd_sc_hd__buf_4)
     3    0.045136    0.104020    0.149718    4.802933 ^ wire3/X (sky130_fd_sc_hd__buf_4)
                                                         net274 (net)
                      0.104711    0.006547    4.809480 ^ wire2/A (sky130_fd_sc_hd__buf_6)
     3    0.077490    0.119211    0.132322    4.941802 ^ wire2/X (sky130_fd_sc_hd__buf_6)
                                                         net273 (net)
                      0.123514    0.017177    4.958979 ^ wire1/A (sky130_fd_sc_hd__buf_6)
     3    0.079823    0.122571    0.136744    5.095724 ^ wire1/X (sky130_fd_sc_hd__buf_6)
                                                         net272 (net)
                      0.127195    0.018054    5.113778 ^ clkbuf_0_clk/A (sky130_fd_sc_hd__clkbuf_16)
     9    0.099027    0.088852    0.148047    5.261825 ^ clkbuf_0_clk/X (sky130_fd_sc_hd__clkbuf_16)
                                                         clknet_0_clk (net)
                      0.089797    0.007091    5.268916 ^ clkbuf_2_3__f_clk/A (sky130_fd_sc_hd__clkbuf_16)
    21    0.071648    0.068794    0.122145    5.391061 ^ clkbuf_2_3__f_clk/X (sky130_fd_sc_hd__clkbuf_16)
                                                         clknet_2_3__leaf_clk (net)
                      0.071558    0.010350    5.401411 ^ _160_/CLK (sky130_fd_sc_hd__dfrtp_4)
     3    0.169219    0.179598    0.410796    5.812207 v _160_/Q (sky130_fd_sc_hd__dfrtp_4)
                                                         net252 (net)
                      0.237644    0.075503    5.887710 v output252/A (sky130_fd_sc_hd__buf_12)
     1    0.191174    0.079510    0.210186    6.097896 v output252/X (sky130_fd_sc_hd__buf_12)
                                                         wbs_dat_o[31] (net)
                      0.079869    0.004460    6.102355 v wbs_dat_o[31] (out)
                                              6.102355   data arrival time

                                  0.000000    0.000000   clock clk (rise edge)
                                  5.570000    5.570000   clock network delay (propagated)
                                  0.087500    5.657500   clock uncertainty
                                  0.000000    5.657500   clock reconvergence pessimism
                                 -1.130000    4.527500   output external delay
                                              4.527500   data required time
---------------------------------------------------------------------------------------------
                                              4.527500   data required time
                                             -6.102355   data arrival time
---------------------------------------------------------------------------------------------
                                              1.574856   slack (MET)


Startpoint: _128_ (rising edge-triggered flip-flop clocked by clk)
Endpoint: wbs_ack_o (output port clocked by clk)
Path Group: clk
Path Type: min

Fanout         Cap        Slew       Delay        Time   Description
---------------------------------------------------------------------------------------------
                                  0.000000    0.000000   clock clk (rise edge)
                                  4.650000    4.650000   clock source latency
     2    0.031002    0.610000    0.000000    4.650000 ^ clk (in)
                                                         clk (net)
                      0.616595    0.003215    4.653215 ^ wire3/A (sky130_fd_sc_hd__buf_4)
     3    0.045136    0.104020    0.149718    4.802933 ^ wire3/X (sky130_fd_sc_hd__buf_4)
                                                         net274 (net)
                      0.104711    0.006547    4.809480 ^ wire2/A (sky130_fd_sc_hd__buf_6)
     3    0.077490    0.119211    0.132322    4.941802 ^ wire2/X (sky130_fd_sc_hd__buf_6)
                                                         net273 (net)
                      0.123514    0.017177    4.958979 ^ wire1/A (sky130_fd_sc_hd__buf_6)
     3    0.079823    0.122571    0.136744    5.095724 ^ wire1/X (sky130_fd_sc_hd__buf_6)
                                                         net272 (net)
                      0.127195    0.018054    5.113778 ^ clkbuf_0_clk/A (sky130_fd_sc_hd__clkbuf_16)
     9    0.099027    0.088852    0.148047    5.261825 ^ clkbuf_0_clk/X (sky130_fd_sc_hd__clkbuf_16)
                                                         clknet_0_clk (net)
                      0.090013    0.007848    5.269672 ^ clkbuf_2_1__f_clk/A (sky130_fd_sc_hd__clkbuf_16)
    21    0.084406    0.078353    0.128870    5.398543 ^ clkbuf_2_1__f_clk/X (sky130_fd_sc_hd__clkbuf_16)
                                                         clknet_2_1__leaf_clk (net)
                      0.079761    0.007979    5.406522 ^ _128_/CLK (sky130_fd_sc_hd__dfrtp_4)
     3    0.171935    0.190119    0.405593    5.812115 v _128_/Q (sky130_fd_sc_hd__dfrtp_4)
                                                         net227 (net)
                      0.249835    0.080302    5.892416 v output227/A (sky130_fd_sc_hd__buf_12)
     1    0.190938    0.079648    0.213924    6.106341 v output227/X (sky130_fd_sc_hd__buf_12)
                                                         wbs_ack_o (net)
                      0.079951    0.004121    6.110462 v wbs_ack_o (out)
                                              6.110462   data arrival time

                                  0.000000    0.000000   clock clk (rise edge)
                                  5.570000    5.570000   clock network delay (propagated)
                                  0.087500    5.657500   clock uncertainty
                                  0.000000    5.657500   clock reconvergence pessimism
                                 -1.370000    4.287500   output external delay
                                              4.287500   data required time
---------------------------------------------------------------------------------------------
                                              4.287500   data required time
                                             -6.110462   data arrival time
---------------------------------------------------------------------------------------------
                                              1.822962   slack (MET)



