
===========================================================================
report_checks -path_delay min (Hold)
============================================================================
======================= min_ss_100C_1v60 Corner ===================================

Startpoint: wbs_stb_i (input port clocked by clk)
Endpoint: _128_ (rising edge-triggered flip-flop clocked by clk)
Path Group: clk
Path Type: min

Fanout         Cap        Slew       Delay        Time   Description
---------------------------------------------------------------------------------------------
                                  0.000000    0.000000   clock clk (rise edge)
                                  4.650000    4.650000   clock network delay (propagated)
                                  1.860000    6.510000 v input external delay
     2    0.006469    0.150000    0.000000    6.510000 v wbs_stb_i (in)
                                                         wbs_stb_i (net)
                      0.150081    0.000040    6.510039 v input147/A (sky130_fd_sc_hd__buf_6)
     3    0.154235    0.229675    0.356184    6.866223 v input147/X (sky130_fd_sc_hd__buf_6)
                                                         net147 (net)
                      0.287764    0.084532    6.950755 v _041_/B (sky130_fd_sc_hd__and2_4)
     5    0.078628    0.197234    0.515615    7.466370 v _041_/X (sky130_fd_sc_hd__and2_4)
                                                         _000_ (net)
                      0.197246    0.001330    7.467700 v hold194/A (sky130_fd_sc_hd__dlygate4sd3_1)
     1    0.002553    0.107498    1.151109    8.618809 v hold194/X (sky130_fd_sc_hd__dlygate4sd3_1)
                                                         net468 (net)
                      0.107498    0.000025    8.618834 v _128_/D (sky130_fd_sc_hd__dfrtp_4)
                                              8.618834   data arrival time

                                  0.000000    0.000000   clock clk (rise edge)
                                  5.570000    5.570000   clock source latency
     2    0.029197    0.610000    0.000000    5.570000 ^ clk (in)
                                                         clk (net)
                      0.615156    0.002642    5.572642 ^ wire3/A (sky130_fd_sc_hd__buf_4)
     3    0.041430    0.198093    0.542737    6.115380 ^ wire3/X (sky130_fd_sc_hd__buf_4)
                                                         net274 (net)
                      0.198221    0.004922    6.120302 ^ wire2/A (sky130_fd_sc_hd__buf_6)
     3    0.070368    0.230398    0.363208    6.483510 ^ wire2/X (sky130_fd_sc_hd__buf_6)
                                                         net273 (net)
                      0.231573    0.013603    6.497113 ^ wire1/A (sky130_fd_sc_hd__buf_6)
     3    0.072767    0.237763    0.382769    6.879882 ^ wire1/X (sky130_fd_sc_hd__buf_6)
                                                         net272 (net)
                      0.239037    0.014399    6.894281 ^ clkbuf_0_clk/A (sky130_fd_sc_hd__clkbuf_16)
     9    0.093315    0.166701    0.392763    7.287044 ^ clkbuf_0_clk/X (sky130_fd_sc_hd__clkbuf_16)
                                                         clknet_0_clk (net)
                      0.167126    0.005858    7.292902 ^ clkbuf_2_1__f_clk/A (sky130_fd_sc_hd__clkbuf_16)
    21    0.079864    0.148527    0.343280    7.636183 ^ clkbuf_2_1__f_clk/X (sky130_fd_sc_hd__clkbuf_16)
                                                         clknet_2_1__leaf_clk (net)
                      0.148868    0.005800    7.641983 ^ _128_/CLK (sky130_fd_sc_hd__dfrtp_4)
                                  0.087500    7.729482   clock uncertainty
                                  0.000000    7.729482   clock reconvergence pessimism
                                 -0.086172    7.643310   library hold time
                                              7.643310   data required time
---------------------------------------------------------------------------------------------
                                              7.643310   data required time
                                             -8.618834   data arrival time
---------------------------------------------------------------------------------------------
                                              0.975524   slack (MET)


Startpoint: wbs_adr_i[18] (input port clocked by clk)
Endpoint: _145_ (rising edge-triggered flip-flop clocked by clk)
Path Group: clk
Path Type: min

Fanout         Cap        Slew       Delay        Time   Description
---------------------------------------------------------------------------------------------
                                  0.000000    0.000000   clock clk (rise edge)
                                  4.650000    4.650000   clock network delay (propagated)
                                  0.790000    5.440000 ^ input external delay
     2    0.004431    0.070000    0.000000    5.440000 ^ wbs_adr_i[18] (in)
                                                         wbs_adr_i[18] (net)
                      0.070054    0.000026    5.440026 ^ input88/A (sky130_fd_sc_hd__clkbuf_1)
     1    0.003921    0.091792    0.161348    5.601374 ^ input88/X (sky130_fd_sc_hd__clkbuf_1)
                                                         net88 (net)
                      0.091792    0.000071    5.601446 ^ _045_/D (sky130_fd_sc_hd__or4_2)
     3    0.021607    0.182650    0.295748    5.897193 ^ _045_/X (sky130_fd_sc_hd__or4_2)
                                                         _036_ (net)
                      0.182660    0.001577    5.898770 ^ _048_/B (sky130_fd_sc_hd__nor4_1)
     1    0.006897    0.075745    0.159548    6.058319 v _048_/Y (sky130_fd_sc_hd__nor4_1)
                                                         _039_ (net)
                      0.075745    0.000210    6.058529 v hold4/A (sky130_fd_sc_hd__dlygate4sd3_1)
     1    0.006827    0.144667    1.151040    7.209569 v hold4/X (sky130_fd_sc_hd__dlygate4sd3_1)
                                                         net278 (net)
                      0.144667    0.000203    7.209772 v wire262/A (sky130_fd_sc_hd__buf_2)
     1    0.010194    0.073096    0.288113    7.497884 v wire262/X (sky130_fd_sc_hd__buf_2)
                                                         net262 (net)
                      0.073097    0.000364    7.498249 v hold5/A (sky130_fd_sc_hd__dlygate4sd3_1)
     7    0.052020    0.509796    1.499740    8.997989 v hold5/X (sky130_fd_sc_hd__dlygate4sd3_1)
                                                         net279 (net)
                      0.509796    0.001588    8.999577 v fanout260/A (sky130_fd_sc_hd__buf_4)
    33    0.110780    0.251581    0.618828    9.618404 v fanout260/X (sky130_fd_sc_hd__buf_4)
                                                         net260 (net)
                      0.251581    0.000786    9.619190 v _112_/C (sky130_fd_sc_hd__and3_1)
     1    0.002598    0.063692    0.434338   10.053528 v _112_/X (sky130_fd_sc_hd__and3_1)
                                                         _008_ (net)
                      0.063692    0.000027   10.053555 v _145_/D (sky130_fd_sc_hd__dfrtp_2)
                                             10.053555   data arrival time

                                  0.000000    0.000000   clock clk (rise edge)
                                  5.570000    5.570000   clock source latency
     2    0.029197    0.610000    0.000000    5.570000 ^ clk (in)
                                                         clk (net)
                      0.615156    0.002642    5.572642 ^ wire3/A (sky130_fd_sc_hd__buf_4)
     3    0.041430    0.198093    0.542737    6.115380 ^ wire3/X (sky130_fd_sc_hd__buf_4)
                                                         net274 (net)
                      0.198221    0.004922    6.120302 ^ wire2/A (sky130_fd_sc_hd__buf_6)
     3    0.070368    0.230398    0.363208    6.483510 ^ wire2/X (sky130_fd_sc_hd__buf_6)
                                                         net273 (net)
                      0.231573    0.013603    6.497113 ^ wire1/A (sky130_fd_sc_hd__buf_6)
     3    0.072767    0.237763    0.382769    6.879882 ^ wire1/X (sky130_fd_sc_hd__buf_6)
                                                         net272 (net)
                      0.239037    0.014399    6.894281 ^ clkbuf_0_clk/A (sky130_fd_sc_hd__clkbuf_16)
     9    0.093315    0.166701    0.392763    7.287044 ^ clkbuf_0_clk/X (sky130_fd_sc_hd__clkbuf_16)
                                                         clknet_0_clk (net)
                      0.167076    0.005364    7.292408 ^ clkbuf_2_2__f_clk/A (sky130_fd_sc_hd__clkbuf_16)
    17    0.088213    0.160040    0.353932    7.646340 ^ clkbuf_2_2__f_clk/X (sky130_fd_sc_hd__clkbuf_16)
                                                         clknet_2_2__leaf_clk (net)
                      0.160245    0.003206    7.649546 ^ _145_/CLK (sky130_fd_sc_hd__dfrtp_2)
                                  0.087500    7.737046   clock uncertainty
                                  0.000000    7.737046   clock reconvergence pessimism
                                 -0.065466    7.671580   library hold time
                                              7.671580   data required time
---------------------------------------------------------------------------------------------
                                              7.671580   data required time
                                            -10.053555   data arrival time
---------------------------------------------------------------------------------------------
                                              2.381975   slack (MET)


Startpoint: wbs_adr_i[18] (input port clocked by clk)
Endpoint: _143_ (rising edge-triggered flip-flop clocked by clk)
Path Group: clk
Path Type: min

Fanout         Cap        Slew       Delay        Time   Description
---------------------------------------------------------------------------------------------
                                  0.000000    0.000000   clock clk (rise edge)
                                  4.650000    4.650000   clock network delay (propagated)
                                  0.790000    5.440000 ^ input external delay
     2    0.004431    0.070000    0.000000    5.440000 ^ wbs_adr_i[18] (in)
                                                         wbs_adr_i[18] (net)
                      0.070054    0.000026    5.440026 ^ input88/A (sky130_fd_sc_hd__clkbuf_1)
     1    0.003921    0.091792    0.161348    5.601374 ^ input88/X (sky130_fd_sc_hd__clkbuf_1)
                                                         net88 (net)
                      0.091792    0.000071    5.601446 ^ _045_/D (sky130_fd_sc_hd__or4_2)
     3    0.021607    0.182650    0.295748    5.897193 ^ _045_/X (sky130_fd_sc_hd__or4_2)
                                                         _036_ (net)
                      0.182660    0.001577    5.898770 ^ _048_/B (sky130_fd_sc_hd__nor4_1)
     1    0.006897    0.075745    0.159548    6.058319 v _048_/Y (sky130_fd_sc_hd__nor4_1)
                                                         _039_ (net)
                      0.075745    0.000210    6.058529 v hold4/A (sky130_fd_sc_hd__dlygate4sd3_1)
     1    0.006827    0.144667    1.151040    7.209569 v hold4/X (sky130_fd_sc_hd__dlygate4sd3_1)
                                                         net278 (net)
                      0.144667    0.000203    7.209772 v wire262/A (sky130_fd_sc_hd__buf_2)
     1    0.010194    0.073096    0.288113    7.497884 v wire262/X (sky130_fd_sc_hd__buf_2)
                                                         net262 (net)
                      0.073097    0.000364    7.498249 v hold5/A (sky130_fd_sc_hd__dlygate4sd3_1)
     7    0.052020    0.509796    1.499740    8.997989 v hold5/X (sky130_fd_sc_hd__dlygate4sd3_1)
                                                         net279 (net)
                      0.509822    0.004167    9.002155 v fanout261/A (sky130_fd_sc_hd__buf_4)
    33    0.115901    0.262271    0.622626    9.624782 v fanout261/X (sky130_fd_sc_hd__buf_4)
                                                         net261 (net)
                      0.262271    0.000330    9.625111 v _110_/C (sky130_fd_sc_hd__and3_1)
     1    0.002387    0.061994    0.437276   10.062387 v _110_/X (sky130_fd_sc_hd__and3_1)
                                                         _006_ (net)
                      0.061994    0.000022   10.062409 v _143_/D (sky130_fd_sc_hd__dfrtp_2)
                                             10.062409   data arrival time

                                  0.000000    0.000000   clock clk (rise edge)
                                  5.570000    5.570000   clock source latency
     2    0.029197    0.610000    0.000000    5.570000 ^ clk (in)
                                                         clk (net)
                      0.615156    0.002642    5.572642 ^ wire3/A (sky130_fd_sc_hd__buf_4)
     3    0.041430    0.198093    0.542737    6.115380 ^ wire3/X (sky130_fd_sc_hd__buf_4)
                                                         net274 (net)
                      0.198221    0.004922    6.120302 ^ wire2/A (sky130_fd_sc_hd__buf_6)
     3    0.070368    0.230398    0.363208    6.483510 ^ wire2/X (sky130_fd_sc_hd__buf_6)
                                                         net273 (net)
                      0.231573    0.013603    6.497113 ^ wire1/A (sky130_fd_sc_hd__buf_6)
     3    0.072767    0.237763    0.382769    6.879882 ^ wire1/X (sky130_fd_sc_hd__buf_6)
                                                         net272 (net)
                      0.239037    0.014399    6.894281 ^ clkbuf_0_clk/A (sky130_fd_sc_hd__clkbuf_16)
     9    0.093315    0.166701    0.392763    7.287044 ^ clkbuf_0_clk/X (sky130_fd_sc_hd__clkbuf_16)
                                                         clknet_0_clk (net)
                      0.167135    0.005935    7.292979 ^ clkbuf_2_0__f_clk/A (sky130_fd_sc_hd__clkbuf_16)
    17    0.090501    0.163263    0.356402    7.649382 ^ clkbuf_2_0__f_clk/X (sky130_fd_sc_hd__clkbuf_16)
                                                         clknet_2_0__leaf_clk (net)
                      0.163563    0.004548    7.653930 ^ _143_/CLK (sky130_fd_sc_hd__dfrtp_2)
                                  0.087500    7.741430   clock uncertainty
                                  0.000000    7.741430   clock reconvergence pessimism
                                 -0.064040    7.677390   library hold time
                                              7.677390   data required time
---------------------------------------------------------------------------------------------
                                              7.677390   data required time
                                            -10.062409   data arrival time
---------------------------------------------------------------------------------------------
                                              2.385019   slack (MET)


Startpoint: wbs_adr_i[18] (input port clocked by clk)
Endpoint: _144_ (rising edge-triggered flip-flop clocked by clk)
Path Group: clk
Path Type: min

Fanout         Cap        Slew       Delay        Time   Description
---------------------------------------------------------------------------------------------
                                  0.000000    0.000000   clock clk (rise edge)
                                  4.650000    4.650000   clock network delay (propagated)
                                  0.790000    5.440000 ^ input external delay
     2    0.004431    0.070000    0.000000    5.440000 ^ wbs_adr_i[18] (in)
                                                         wbs_adr_i[18] (net)
                      0.070054    0.000026    5.440026 ^ input88/A (sky130_fd_sc_hd__clkbuf_1)
     1    0.003921    0.091792    0.161348    5.601374 ^ input88/X (sky130_fd_sc_hd__clkbuf_1)
                                                         net88 (net)
                      0.091792    0.000071    5.601446 ^ _045_/D (sky130_fd_sc_hd__or4_2)
     3    0.021607    0.182650    0.295748    5.897193 ^ _045_/X (sky130_fd_sc_hd__or4_2)
                                                         _036_ (net)
                      0.182660    0.001577    5.898770 ^ _048_/B (sky130_fd_sc_hd__nor4_1)
     1    0.006897    0.075745    0.159548    6.058319 v _048_/Y (sky130_fd_sc_hd__nor4_1)
                                                         _039_ (net)
                      0.075745    0.000210    6.058529 v hold4/A (sky130_fd_sc_hd__dlygate4sd3_1)
     1    0.006827    0.144667    1.151040    7.209569 v hold4/X (sky130_fd_sc_hd__dlygate4sd3_1)
                                                         net278 (net)
                      0.144667    0.000203    7.209772 v wire262/A (sky130_fd_sc_hd__buf_2)
     1    0.010194    0.073096    0.288113    7.497884 v wire262/X (sky130_fd_sc_hd__buf_2)
                                                         net262 (net)
                      0.073097    0.000364    7.498249 v hold5/A (sky130_fd_sc_hd__dlygate4sd3_1)
     7    0.052020    0.509796    1.499740    8.997989 v hold5/X (sky130_fd_sc_hd__dlygate4sd3_1)
                                                         net279 (net)
                      0.509796    0.001588    8.999577 v fanout260/A (sky130_fd_sc_hd__buf_4)
    33    0.110780    0.251581    0.618828    9.618404 v fanout260/X (sky130_fd_sc_hd__buf_4)
                                                         net260 (net)
                      0.251581    0.001140    9.619545 v _111_/C (sky130_fd_sc_hd__and3_1)
     1    0.002855    0.065819    0.437308   10.056852 v _111_/X (sky130_fd_sc_hd__and3_1)
                                                         _007_ (net)
                      0.065819    0.000033   10.056886 v _144_/D (sky130_fd_sc_hd__dfrtp_2)
                                             10.056886   data arrival time

                                  0.000000    0.000000   clock clk (rise edge)
                                  5.570000    5.570000   clock source latency
     2    0.029197    0.610000    0.000000    5.570000 ^ clk (in)
                                                         clk (net)
                      0.615156    0.002642    5.572642 ^ wire3/A (sky130_fd_sc_hd__buf_4)
     3    0.041430    0.198093    0.542737    6.115380 ^ wire3/X (sky130_fd_sc_hd__buf_4)
                                                         net274 (net)
                      0.198221    0.004922    6.120302 ^ wire2/A (sky130_fd_sc_hd__buf_6)
     3    0.070368    0.230398    0.363208    6.483510 ^ wire2/X (sky130_fd_sc_hd__buf_6)
                                                         net273 (net)
                      0.231573    0.013603    6.497113 ^ wire1/A (sky130_fd_sc_hd__buf_6)
     3    0.072767    0.237763    0.382769    6.879882 ^ wire1/X (sky130_fd_sc_hd__buf_6)
                                                         net272 (net)
                      0.239037    0.014399    6.894281 ^ clkbuf_0_clk/A (sky130_fd_sc_hd__clkbuf_16)
     9    0.093315    0.166701    0.392763    7.287044 ^ clkbuf_0_clk/X (sky130_fd_sc_hd__clkbuf_16)
                                                         clknet_0_clk (net)
                      0.167076    0.005364    7.292408 ^ clkbuf_2_2__f_clk/A (sky130_fd_sc_hd__clkbuf_16)
    17    0.088213    0.160040    0.353932    7.646340 ^ clkbuf_2_2__f_clk/X (sky130_fd_sc_hd__clkbuf_16)
                                                         clknet_2_2__leaf_clk (net)
                      0.160295    0.003960    7.650300 ^ _144_/CLK (sky130_fd_sc_hd__dfrtp_2)
                                  0.087500    7.737800   clock uncertainty
                                  0.000000    7.737800   clock reconvergence pessimism
                                 -0.066234    7.671566   library hold time
                                              7.671566   data required time
---------------------------------------------------------------------------------------------
                                              7.671566   data required time
                                            -10.056886   data arrival time
---------------------------------------------------------------------------------------------
                                              2.385319   slack (MET)


Startpoint: wbs_adr_i[18] (input port clocked by clk)
Endpoint: _147_ (rising edge-triggered flip-flop clocked by clk)
Path Group: clk
Path Type: min

Fanout         Cap        Slew       Delay        Time   Description
---------------------------------------------------------------------------------------------
                                  0.000000    0.000000   clock clk (rise edge)
                                  4.650000    4.650000   clock network delay (propagated)
                                  0.790000    5.440000 ^ input external delay
     2    0.004431    0.070000    0.000000    5.440000 ^ wbs_adr_i[18] (in)
                                                         wbs_adr_i[18] (net)
                      0.070054    0.000026    5.440026 ^ input88/A (sky130_fd_sc_hd__clkbuf_1)
     1    0.003921    0.091792    0.161348    5.601374 ^ input88/X (sky130_fd_sc_hd__clkbuf_1)
                                                         net88 (net)
                      0.091792    0.000071    5.601446 ^ _045_/D (sky130_fd_sc_hd__or4_2)
     3    0.021607    0.182650    0.295748    5.897193 ^ _045_/X (sky130_fd_sc_hd__or4_2)
                                                         _036_ (net)
                      0.182660    0.001577    5.898770 ^ _048_/B (sky130_fd_sc_hd__nor4_1)
     1    0.006897    0.075745    0.159548    6.058319 v _048_/Y (sky130_fd_sc_hd__nor4_1)
                                                         _039_ (net)
                      0.075745    0.000210    6.058529 v hold4/A (sky130_fd_sc_hd__dlygate4sd3_1)
     1    0.006827    0.144667    1.151040    7.209569 v hold4/X (sky130_fd_sc_hd__dlygate4sd3_1)
                                                         net278 (net)
                      0.144667    0.000203    7.209772 v wire262/A (sky130_fd_sc_hd__buf_2)
     1    0.010194    0.073096    0.288113    7.497884 v wire262/X (sky130_fd_sc_hd__buf_2)
                                                         net262 (net)
                      0.073097    0.000364    7.498249 v hold5/A (sky130_fd_sc_hd__dlygate4sd3_1)
     7    0.052020    0.509796    1.499740    8.997989 v hold5/X (sky130_fd_sc_hd__dlygate4sd3_1)
                                                         net279 (net)
                      0.509796    0.001588    8.999577 v fanout260/A (sky130_fd_sc_hd__buf_4)
    33    0.110780    0.251581    0.618828    9.618404 v fanout260/X (sky130_fd_sc_hd__buf_4)
                                                         net260 (net)
                      0.252254    0.008662    9.627066 v _114_/C (sky130_fd_sc_hd__and3_1)
     1    0.003243    0.069021    0.442120   10.069186 v _114_/X (sky130_fd_sc_hd__and3_1)
                                                         _010_ (net)
                      0.069021    0.000041   10.069226 v _147_/D (sky130_fd_sc_hd__dfrtp_2)
                                             10.069226   data arrival time

                                  0.000000    0.000000   clock clk (rise edge)
                                  5.570000    5.570000   clock source latency
     2    0.029197    0.610000    0.000000    5.570000 ^ clk (in)
                                                         clk (net)
                      0.615156    0.002642    5.572642 ^ wire3/A (sky130_fd_sc_hd__buf_4)
     3    0.041430    0.198093    0.542737    6.115380 ^ wire3/X (sky130_fd_sc_hd__buf_4)
                                                         net274 (net)
                      0.198221    0.004922    6.120302 ^ wire2/A (sky130_fd_sc_hd__buf_6)
     3    0.070368    0.230398    0.363208    6.483510 ^ wire2/X (sky130_fd_sc_hd__buf_6)
                                                         net273 (net)
                      0.231573    0.013603    6.497113 ^ wire1/A (sky130_fd_sc_hd__buf_6)
     3    0.072767    0.237763    0.382769    6.879882 ^ wire1/X (sky130_fd_sc_hd__buf_6)
                                                         net272 (net)
                      0.239037    0.014399    6.894281 ^ clkbuf_0_clk/A (sky130_fd_sc_hd__clkbuf_16)
     9    0.093315    0.166701    0.392763    7.287044 ^ clkbuf_0_clk/X (sky130_fd_sc_hd__clkbuf_16)
                                                         clknet_0_clk (net)
                      0.167076    0.005364    7.292408 ^ clkbuf_2_2__f_clk/A (sky130_fd_sc_hd__clkbuf_16)
    17    0.088213    0.160040    0.353932    7.646340 ^ clkbuf_2_2__f_clk/X (sky130_fd_sc_hd__clkbuf_16)
                                                         clknet_2_2__leaf_clk (net)
                      0.160419    0.005362    7.651702 ^ _147_/CLK (sky130_fd_sc_hd__dfrtp_2)
                                  0.087500    7.739202   clock uncertainty
                                  0.000000    7.739202   clock reconvergence pessimism
                                 -0.067376    7.671825   library hold time
                                              7.671825   data required time
---------------------------------------------------------------------------------------------
                                              7.671825   data required time
                                            -10.069226   data arrival time
---------------------------------------------------------------------------------------------
                                              2.397402   slack (MET)


Startpoint: wbs_adr_i[18] (input port clocked by clk)
Endpoint: _148_ (rising edge-triggered flip-flop clocked by clk)
Path Group: clk
Path Type: min

Fanout         Cap        Slew       Delay        Time   Description
---------------------------------------------------------------------------------------------
                                  0.000000    0.000000   clock clk (rise edge)
                                  4.650000    4.650000   clock network delay (propagated)
                                  0.790000    5.440000 ^ input external delay
     2    0.004431    0.070000    0.000000    5.440000 ^ wbs_adr_i[18] (in)
                                                         wbs_adr_i[18] (net)
                      0.070054    0.000026    5.440026 ^ input88/A (sky130_fd_sc_hd__clkbuf_1)
     1    0.003921    0.091792    0.161348    5.601374 ^ input88/X (sky130_fd_sc_hd__clkbuf_1)
                                                         net88 (net)
                      0.091792    0.000071    5.601446 ^ _045_/D (sky130_fd_sc_hd__or4_2)
     3    0.021607    0.182650    0.295748    5.897193 ^ _045_/X (sky130_fd_sc_hd__or4_2)
                                                         _036_ (net)
                      0.182660    0.001577    5.898770 ^ _048_/B (sky130_fd_sc_hd__nor4_1)
     1    0.006897    0.075745    0.159548    6.058319 v _048_/Y (sky130_fd_sc_hd__nor4_1)
                                                         _039_ (net)
                      0.075745    0.000210    6.058529 v hold4/A (sky130_fd_sc_hd__dlygate4sd3_1)
     1    0.006827    0.144667    1.151040    7.209569 v hold4/X (sky130_fd_sc_hd__dlygate4sd3_1)
                                                         net278 (net)
                      0.144667    0.000203    7.209772 v wire262/A (sky130_fd_sc_hd__buf_2)
     1    0.010194    0.073096    0.288113    7.497884 v wire262/X (sky130_fd_sc_hd__buf_2)
                                                         net262 (net)
                      0.073097    0.000364    7.498249 v hold5/A (sky130_fd_sc_hd__dlygate4sd3_1)
     7    0.052020    0.509796    1.499740    8.997989 v hold5/X (sky130_fd_sc_hd__dlygate4sd3_1)
                                                         net279 (net)
                      0.509796    0.001588    8.999577 v fanout260/A (sky130_fd_sc_hd__buf_4)
    33    0.110780    0.251581    0.618828    9.618404 v fanout260/X (sky130_fd_sc_hd__buf_4)
                                                         net260 (net)
                      0.252532    0.010868    9.629272 v _115_/C (sky130_fd_sc_hd__and3_1)
     1    0.003150    0.068244    0.441188   10.070460 v _115_/X (sky130_fd_sc_hd__and3_1)
                                                         _011_ (net)
                      0.068244    0.000038   10.070498 v _148_/D (sky130_fd_sc_hd__dfrtp_4)
                                             10.070498   data arrival time

                                  0.000000    0.000000   clock clk (rise edge)
                                  5.570000    5.570000   clock source latency
     2    0.029197    0.610000    0.000000    5.570000 ^ clk (in)
                                                         clk (net)
                      0.615156    0.002642    5.572642 ^ wire3/A (sky130_fd_sc_hd__buf_4)
     3    0.041430    0.198093    0.542737    6.115380 ^ wire3/X (sky130_fd_sc_hd__buf_4)
                                                         net274 (net)
                      0.198221    0.004922    6.120302 ^ wire2/A (sky130_fd_sc_hd__buf_6)
     3    0.070368    0.230398    0.363208    6.483510 ^ wire2/X (sky130_fd_sc_hd__buf_6)
                                                         net273 (net)
                      0.231573    0.013603    6.497113 ^ wire1/A (sky130_fd_sc_hd__buf_6)
     3    0.072767    0.237763    0.382769    6.879882 ^ wire1/X (sky130_fd_sc_hd__buf_6)
                                                         net272 (net)
                      0.239037    0.014399    6.894281 ^ clkbuf_0_clk/A (sky130_fd_sc_hd__clkbuf_16)
     9    0.093315    0.166701    0.392763    7.287044 ^ clkbuf_0_clk/X (sky130_fd_sc_hd__clkbuf_16)
                                                         clknet_0_clk (net)
                      0.167076    0.005364    7.292408 ^ clkbuf_2_2__f_clk/A (sky130_fd_sc_hd__clkbuf_16)
    17    0.088213    0.160040    0.353932    7.646340 ^ clkbuf_2_2__f_clk/X (sky130_fd_sc_hd__clkbuf_16)
                                                         clknet_2_2__leaf_clk (net)
                      0.160519    0.006258    7.652598 ^ _148_/CLK (sky130_fd_sc_hd__dfrtp_4)
                                  0.087500    7.740098   clock uncertainty
                                  0.000000    7.740098   clock reconvergence pessimism
                                 -0.068939    7.671159   library hold time
                                              7.671159   data required time
---------------------------------------------------------------------------------------------
                                              7.671159   data required time
                                            -10.070498   data arrival time
---------------------------------------------------------------------------------------------
                                              2.399339   slack (MET)


Startpoint: wbs_adr_i[18] (input port clocked by clk)
Endpoint: _149_ (rising edge-triggered flip-flop clocked by clk)
Path Group: clk
Path Type: min

Fanout         Cap        Slew       Delay        Time   Description
---------------------------------------------------------------------------------------------
                                  0.000000    0.000000   clock clk (rise edge)
                                  4.650000    4.650000   clock network delay (propagated)
                                  0.790000    5.440000 ^ input external delay
     2    0.004431    0.070000    0.000000    5.440000 ^ wbs_adr_i[18] (in)
                                                         wbs_adr_i[18] (net)
                      0.070054    0.000026    5.440026 ^ input88/A (sky130_fd_sc_hd__clkbuf_1)
     1    0.003921    0.091792    0.161348    5.601374 ^ input88/X (sky130_fd_sc_hd__clkbuf_1)
                                                         net88 (net)
                      0.091792    0.000071    5.601446 ^ _045_/D (sky130_fd_sc_hd__or4_2)
     3    0.021607    0.182650    0.295748    5.897193 ^ _045_/X (sky130_fd_sc_hd__or4_2)
                                                         _036_ (net)
                      0.182660    0.001577    5.898770 ^ _048_/B (sky130_fd_sc_hd__nor4_1)
     1    0.006897    0.075745    0.159548    6.058319 v _048_/Y (sky130_fd_sc_hd__nor4_1)
                                                         _039_ (net)
                      0.075745    0.000210    6.058529 v hold4/A (sky130_fd_sc_hd__dlygate4sd3_1)
     1    0.006827    0.144667    1.151040    7.209569 v hold4/X (sky130_fd_sc_hd__dlygate4sd3_1)
                                                         net278 (net)
                      0.144667    0.000203    7.209772 v wire262/A (sky130_fd_sc_hd__buf_2)
     1    0.010194    0.073096    0.288113    7.497884 v wire262/X (sky130_fd_sc_hd__buf_2)
                                                         net262 (net)
                      0.073097    0.000364    7.498249 v hold5/A (sky130_fd_sc_hd__dlygate4sd3_1)
     7    0.052020    0.509796    1.499740    8.997989 v hold5/X (sky130_fd_sc_hd__dlygate4sd3_1)
                                                         net279 (net)
                      0.509796    0.001588    8.999577 v fanout260/A (sky130_fd_sc_hd__buf_4)
    33    0.110780    0.251581    0.618828    9.618404 v fanout260/X (sky130_fd_sc_hd__buf_4)
                                                         net260 (net)
                      0.252653    0.011686    9.630090 v _116_/C (sky130_fd_sc_hd__and3_1)
     1    0.003125    0.067730    0.440958   10.071048 v _116_/X (sky130_fd_sc_hd__and3_1)
                                                         _013_ (net)
                      0.067730    0.000036   10.071084 v _149_/D (sky130_fd_sc_hd__dfrtp_4)
                                             10.071084   data arrival time

                                  0.000000    0.000000   clock clk (rise edge)
                                  5.570000    5.570000   clock source latency
     2    0.029197    0.610000    0.000000    5.570000 ^ clk (in)
                                                         clk (net)
                      0.615156    0.002642    5.572642 ^ wire3/A (sky130_fd_sc_hd__buf_4)
     3    0.041430    0.198093    0.542737    6.115380 ^ wire3/X (sky130_fd_sc_hd__buf_4)
                                                         net274 (net)
                      0.198221    0.004922    6.120302 ^ wire2/A (sky130_fd_sc_hd__buf_6)
     3    0.070368    0.230398    0.363208    6.483510 ^ wire2/X (sky130_fd_sc_hd__buf_6)
                                                         net273 (net)
                      0.231573    0.013603    6.497113 ^ wire1/A (sky130_fd_sc_hd__buf_6)
     3    0.072767    0.237763    0.382769    6.879882 ^ wire1/X (sky130_fd_sc_hd__buf_6)
                                                         net272 (net)
                      0.239037    0.014399    6.894281 ^ clkbuf_0_clk/A (sky130_fd_sc_hd__clkbuf_16)
     9    0.093315    0.166701    0.392763    7.287044 ^ clkbuf_0_clk/X (sky130_fd_sc_hd__clkbuf_16)
                                                         clknet_0_clk (net)
                      0.167076    0.005364    7.292408 ^ clkbuf_2_2__f_clk/A (sky130_fd_sc_hd__clkbuf_16)
    17    0.088213    0.160040    0.353932    7.646340 ^ clkbuf_2_2__f_clk/X (sky130_fd_sc_hd__clkbuf_16)
                                                         clknet_2_2__leaf_clk (net)
                      0.160558    0.006577    7.652917 ^ _149_/CLK (sky130_fd_sc_hd__dfrtp_4)
                                  0.087500    7.740417   clock uncertainty
                                  0.000000    7.740417   clock reconvergence pessimism
                                 -0.068741    7.671676   library hold time
                                              7.671676   data required time
---------------------------------------------------------------------------------------------
                                              7.671676   data required time
                                            -10.071084   data arrival time
---------------------------------------------------------------------------------------------
                                              2.399408   slack (MET)


Startpoint: wbs_adr_i[18] (input port clocked by clk)
Endpoint: _142_ (rising edge-triggered flip-flop clocked by clk)
Path Group: clk
Path Type: min

Fanout         Cap        Slew       Delay        Time   Description
---------------------------------------------------------------------------------------------
                                  0.000000    0.000000   clock clk (rise edge)
                                  4.650000    4.650000   clock network delay (propagated)
                                  0.790000    5.440000 ^ input external delay
     2    0.004431    0.070000    0.000000    5.440000 ^ wbs_adr_i[18] (in)
                                                         wbs_adr_i[18] (net)
                      0.070054    0.000026    5.440026 ^ input88/A (sky130_fd_sc_hd__clkbuf_1)
     1    0.003921    0.091792    0.161348    5.601374 ^ input88/X (sky130_fd_sc_hd__clkbuf_1)
                                                         net88 (net)
                      0.091792    0.000071    5.601446 ^ _045_/D (sky130_fd_sc_hd__or4_2)
     3    0.021607    0.182650    0.295748    5.897193 ^ _045_/X (sky130_fd_sc_hd__or4_2)
                                                         _036_ (net)
                      0.182660    0.001577    5.898770 ^ _048_/B (sky130_fd_sc_hd__nor4_1)
     1    0.006897    0.075745    0.159548    6.058319 v _048_/Y (sky130_fd_sc_hd__nor4_1)
                                                         _039_ (net)
                      0.075745    0.000210    6.058529 v hold4/A (sky130_fd_sc_hd__dlygate4sd3_1)
     1    0.006827    0.144667    1.151040    7.209569 v hold4/X (sky130_fd_sc_hd__dlygate4sd3_1)
                                                         net278 (net)
                      0.144667    0.000203    7.209772 v wire262/A (sky130_fd_sc_hd__buf_2)
     1    0.010194    0.073096    0.288113    7.497884 v wire262/X (sky130_fd_sc_hd__buf_2)
                                                         net262 (net)
                      0.073097    0.000364    7.498249 v hold5/A (sky130_fd_sc_hd__dlygate4sd3_1)
     7    0.052020    0.509796    1.499740    8.997989 v hold5/X (sky130_fd_sc_hd__dlygate4sd3_1)
                                                         net279 (net)
                      0.509822    0.004167    9.002155 v fanout261/A (sky130_fd_sc_hd__buf_4)
    33    0.115901    0.262271    0.622626    9.624782 v fanout261/X (sky130_fd_sc_hd__buf_4)
                                                         net261 (net)
                      0.262481    0.006091    9.630873 v _109_/C (sky130_fd_sc_hd__and3_1)
     1    0.002928    0.066376    0.443632   10.074504 v _109_/X (sky130_fd_sc_hd__and3_1)
                                                         _005_ (net)
                      0.066376    0.000035   10.074539 v _142_/D (sky130_fd_sc_hd__dfrtp_2)
                                             10.074539   data arrival time

                                  0.000000    0.000000   clock clk (rise edge)
                                  5.570000    5.570000   clock source latency
     2    0.029197    0.610000    0.000000    5.570000 ^ clk (in)
                                                         clk (net)
                      0.615156    0.002642    5.572642 ^ wire3/A (sky130_fd_sc_hd__buf_4)
     3    0.041430    0.198093    0.542737    6.115380 ^ wire3/X (sky130_fd_sc_hd__buf_4)
                                                         net274 (net)
                      0.198221    0.004922    6.120302 ^ wire2/A (sky130_fd_sc_hd__buf_6)
     3    0.070368    0.230398    0.363208    6.483510 ^ wire2/X (sky130_fd_sc_hd__buf_6)
                                                         net273 (net)
                      0.231573    0.013603    6.497113 ^ wire1/A (sky130_fd_sc_hd__buf_6)
     3    0.072767    0.237763    0.382769    6.879882 ^ wire1/X (sky130_fd_sc_hd__buf_6)
                                                         net272 (net)
                      0.239037    0.014399    6.894281 ^ clkbuf_0_clk/A (sky130_fd_sc_hd__clkbuf_16)
     9    0.093315    0.166701    0.392763    7.287044 ^ clkbuf_0_clk/X (sky130_fd_sc_hd__clkbuf_16)
                                                         clknet_0_clk (net)
                      0.167135    0.005935    7.292979 ^ clkbuf_2_0__f_clk/A (sky130_fd_sc_hd__clkbuf_16)
    17    0.090501    0.163263    0.356402    7.649382 ^ clkbuf_2_0__f_clk/X (sky130_fd_sc_hd__clkbuf_16)
                                                         clknet_2_0__leaf_clk (net)
                      0.163498    0.003687    7.653069 ^ _142_/CLK (sky130_fd_sc_hd__dfrtp_2)
                                  0.087500    7.740569   clock uncertainty
                                  0.000000    7.740569   clock reconvergence pessimism
                                 -0.065661    7.674907   library hold time
                                              7.674907   data required time
---------------------------------------------------------------------------------------------
                                              7.674907   data required time
                                            -10.074539   data arrival time
---------------------------------------------------------------------------------------------
                                              2.399632   slack (MET)


Startpoint: wbs_adr_i[18] (input port clocked by clk)
Endpoint: _150_ (rising edge-triggered flip-flop clocked by clk)
Path Group: clk
Path Type: min

Fanout         Cap        Slew       Delay        Time   Description
---------------------------------------------------------------------------------------------
                                  0.000000    0.000000   clock clk (rise edge)
                                  4.650000    4.650000   clock network delay (propagated)
                                  0.790000    5.440000 ^ input external delay
     2    0.004431    0.070000    0.000000    5.440000 ^ wbs_adr_i[18] (in)
                                                         wbs_adr_i[18] (net)
                      0.070054    0.000026    5.440026 ^ input88/A (sky130_fd_sc_hd__clkbuf_1)
     1    0.003921    0.091792    0.161348    5.601374 ^ input88/X (sky130_fd_sc_hd__clkbuf_1)
                                                         net88 (net)
                      0.091792    0.000071    5.601446 ^ _045_/D (sky130_fd_sc_hd__or4_2)
     3    0.021607    0.182650    0.295748    5.897193 ^ _045_/X (sky130_fd_sc_hd__or4_2)
                                                         _036_ (net)
                      0.182660    0.001577    5.898770 ^ _048_/B (sky130_fd_sc_hd__nor4_1)
     1    0.006897    0.075745    0.159548    6.058319 v _048_/Y (sky130_fd_sc_hd__nor4_1)
                                                         _039_ (net)
                      0.075745    0.000210    6.058529 v hold4/A (sky130_fd_sc_hd__dlygate4sd3_1)
     1    0.006827    0.144667    1.151040    7.209569 v hold4/X (sky130_fd_sc_hd__dlygate4sd3_1)
                                                         net278 (net)
                      0.144667    0.000203    7.209772 v wire262/A (sky130_fd_sc_hd__buf_2)
     1    0.010194    0.073096    0.288113    7.497884 v wire262/X (sky130_fd_sc_hd__buf_2)
                                                         net262 (net)
                      0.073097    0.000364    7.498249 v hold5/A (sky130_fd_sc_hd__dlygate4sd3_1)
     7    0.052020    0.509796    1.499740    8.997989 v hold5/X (sky130_fd_sc_hd__dlygate4sd3_1)
                                                         net279 (net)
                      0.509796    0.001588    8.999577 v fanout260/A (sky130_fd_sc_hd__buf_4)
    33    0.110780    0.251581    0.618828    9.618404 v fanout260/X (sky130_fd_sc_hd__buf_4)
                                                         net260 (net)
                      0.252723    0.012135    9.630539 v _117_/C (sky130_fd_sc_hd__and3_1)
     1    0.003230    0.068841    0.442208   10.072747 v _117_/X (sky130_fd_sc_hd__and3_1)
                                                         _014_ (net)
                      0.068841    0.000043   10.072790 v _150_/D (sky130_fd_sc_hd__dfrtp_4)
                                             10.072790   data arrival time

                                  0.000000    0.000000   clock clk (rise edge)
                                  5.570000    5.570000   clock source latency
     2    0.029197    0.610000    0.000000    5.570000 ^ clk (in)
                                                         clk (net)
                      0.615156    0.002642    5.572642 ^ wire3/A (sky130_fd_sc_hd__buf_4)
     3    0.041430    0.198093    0.542737    6.115380 ^ wire3/X (sky130_fd_sc_hd__buf_4)
                                                         net274 (net)
                      0.198221    0.004922    6.120302 ^ wire2/A (sky130_fd_sc_hd__buf_6)
     3    0.070368    0.230398    0.363208    6.483510 ^ wire2/X (sky130_fd_sc_hd__buf_6)
                                                         net273 (net)
                      0.231573    0.013603    6.497113 ^ wire1/A (sky130_fd_sc_hd__buf_6)
     3    0.072767    0.237763    0.382769    6.879882 ^ wire1/X (sky130_fd_sc_hd__buf_6)
                                                         net272 (net)
                      0.239037    0.014399    6.894281 ^ clkbuf_0_clk/A (sky130_fd_sc_hd__clkbuf_16)
     9    0.093315    0.166701    0.392763    7.287044 ^ clkbuf_0_clk/X (sky130_fd_sc_hd__clkbuf_16)
                                                         clknet_0_clk (net)
                      0.167076    0.005364    7.292408 ^ clkbuf_2_2__f_clk/A (sky130_fd_sc_hd__clkbuf_16)
    17    0.088213    0.160040    0.353932    7.646340 ^ clkbuf_2_2__f_clk/X (sky130_fd_sc_hd__clkbuf_16)
                                                         clknet_2_2__leaf_clk (net)
                      0.160582    0.006766    7.653106 ^ _150_/CLK (sky130_fd_sc_hd__dfrtp_4)
                                  0.087500    7.740606   clock uncertainty
                                  0.000000    7.740606   clock reconvergence pessimism
                                 -0.069143    7.671463   library hold time
                                              7.671463   data required time
---------------------------------------------------------------------------------------------
                                              7.671463   data required time
                                            -10.072790   data arrival time
---------------------------------------------------------------------------------------------
                                              2.401327   slack (MET)


Startpoint: wbs_adr_i[18] (input port clocked by clk)
Endpoint: _141_ (rising edge-triggered flip-flop clocked by clk)
Path Group: clk
Path Type: min

Fanout         Cap        Slew       Delay        Time   Description
---------------------------------------------------------------------------------------------
                                  0.000000    0.000000   clock clk (rise edge)
                                  4.650000    4.650000   clock network delay (propagated)
                                  0.790000    5.440000 ^ input external delay
     2    0.004431    0.070000    0.000000    5.440000 ^ wbs_adr_i[18] (in)
                                                         wbs_adr_i[18] (net)
                      0.070054    0.000026    5.440026 ^ input88/A (sky130_fd_sc_hd__clkbuf_1)
     1    0.003921    0.091792    0.161348    5.601374 ^ input88/X (sky130_fd_sc_hd__clkbuf_1)
                                                         net88 (net)
                      0.091792    0.000071    5.601446 ^ _045_/D (sky130_fd_sc_hd__or4_2)
     3    0.021607    0.182650    0.295748    5.897193 ^ _045_/X (sky130_fd_sc_hd__or4_2)
                                                         _036_ (net)
                      0.182660    0.001577    5.898770 ^ _048_/B (sky130_fd_sc_hd__nor4_1)
     1    0.006897    0.075745    0.159548    6.058319 v _048_/Y (sky130_fd_sc_hd__nor4_1)
                                                         _039_ (net)
                      0.075745    0.000210    6.058529 v hold4/A (sky130_fd_sc_hd__dlygate4sd3_1)
     1    0.006827    0.144667    1.151040    7.209569 v hold4/X (sky130_fd_sc_hd__dlygate4sd3_1)
                                                         net278 (net)
                      0.144667    0.000203    7.209772 v wire262/A (sky130_fd_sc_hd__buf_2)
     1    0.010194    0.073096    0.288113    7.497884 v wire262/X (sky130_fd_sc_hd__buf_2)
                                                         net262 (net)
                      0.073097    0.000364    7.498249 v hold5/A (sky130_fd_sc_hd__dlygate4sd3_1)
     7    0.052020    0.509796    1.499740    8.997989 v hold5/X (sky130_fd_sc_hd__dlygate4sd3_1)
                                                         net279 (net)
                      0.509822    0.004167    9.002155 v fanout261/A (sky130_fd_sc_hd__buf_4)
    33    0.115901    0.262271    0.622626    9.624782 v fanout261/X (sky130_fd_sc_hd__buf_4)
                                                         net261 (net)
                      0.262978    0.010964    9.635745 v _108_/C (sky130_fd_sc_hd__and3_1)
     1    0.002885    0.066193    0.443383   10.079128 v _108_/X (sky130_fd_sc_hd__and3_1)
                                                         _004_ (net)
                      0.066193    0.000033   10.079161 v _141_/D (sky130_fd_sc_hd__dfrtp_2)
                                             10.079161   data arrival time

                                  0.000000    0.000000   clock clk (rise edge)
                                  5.570000    5.570000   clock source latency
     2    0.029197    0.610000    0.000000    5.570000 ^ clk (in)
                                                         clk (net)
                      0.615156    0.002642    5.572642 ^ wire3/A (sky130_fd_sc_hd__buf_4)
     3    0.041430    0.198093    0.542737    6.115380 ^ wire3/X (sky130_fd_sc_hd__buf_4)
                                                         net274 (net)
                      0.198221    0.004922    6.120302 ^ wire2/A (sky130_fd_sc_hd__buf_6)
     3    0.070368    0.230398    0.363208    6.483510 ^ wire2/X (sky130_fd_sc_hd__buf_6)
                                                         net273 (net)
                      0.231573    0.013603    6.497113 ^ wire1/A (sky130_fd_sc_hd__buf_6)
     3    0.072767    0.237763    0.382769    6.879882 ^ wire1/X (sky130_fd_sc_hd__buf_6)
                                                         net272 (net)
                      0.239037    0.014399    6.894281 ^ clkbuf_0_clk/A (sky130_fd_sc_hd__clkbuf_16)
     9    0.093315    0.166701    0.392763    7.287044 ^ clkbuf_0_clk/X (sky130_fd_sc_hd__clkbuf_16)
                                                         clknet_0_clk (net)
                      0.167135    0.005935    7.292979 ^ clkbuf_2_0__f_clk/A (sky130_fd_sc_hd__clkbuf_16)
    17    0.090501    0.163263    0.356402    7.649382 ^ clkbuf_2_0__f_clk/X (sky130_fd_sc_hd__clkbuf_16)
                                                         clknet_2_0__leaf_clk (net)
                      0.163432    0.002511    7.651893 ^ _141_/CLK (sky130_fd_sc_hd__dfrtp_2)
                                  0.087500    7.739392   clock uncertainty
                                  0.000000    7.739392   clock reconvergence pessimism
                                 -0.065610    7.673783   library hold time
                                              7.673783   data required time
---------------------------------------------------------------------------------------------
                                              7.673783   data required time
                                            -10.079161   data arrival time
---------------------------------------------------------------------------------------------
                                              2.405378   slack (MET)


Startpoint: wbs_adr_i[18] (input port clocked by clk)
Endpoint: _136_ (rising edge-triggered flip-flop clocked by clk)
Path Group: clk
Path Type: min

Fanout         Cap        Slew       Delay        Time   Description
---------------------------------------------------------------------------------------------
                                  0.000000    0.000000   clock clk (rise edge)
                                  4.650000    4.650000   clock network delay (propagated)
                                  0.790000    5.440000 ^ input external delay
     2    0.004431    0.070000    0.000000    5.440000 ^ wbs_adr_i[18] (in)
                                                         wbs_adr_i[18] (net)
                      0.070054    0.000026    5.440026 ^ input88/A (sky130_fd_sc_hd__clkbuf_1)
     1    0.003921    0.091792    0.161348    5.601374 ^ input88/X (sky130_fd_sc_hd__clkbuf_1)
                                                         net88 (net)
                      0.091792    0.000071    5.601446 ^ _045_/D (sky130_fd_sc_hd__or4_2)
     3    0.021607    0.182650    0.295748    5.897193 ^ _045_/X (sky130_fd_sc_hd__or4_2)
                                                         _036_ (net)
                      0.182660    0.001577    5.898770 ^ _048_/B (sky130_fd_sc_hd__nor4_1)
     1    0.006897    0.075745    0.159548    6.058319 v _048_/Y (sky130_fd_sc_hd__nor4_1)
                                                         _039_ (net)
                      0.075745    0.000210    6.058529 v hold4/A (sky130_fd_sc_hd__dlygate4sd3_1)
     1    0.006827    0.144667    1.151040    7.209569 v hold4/X (sky130_fd_sc_hd__dlygate4sd3_1)
                                                         net278 (net)
                      0.144667    0.000203    7.209772 v wire262/A (sky130_fd_sc_hd__buf_2)
     1    0.010194    0.073096    0.288113    7.497884 v wire262/X (sky130_fd_sc_hd__buf_2)
                                                         net262 (net)
                      0.073097    0.000364    7.498249 v hold5/A (sky130_fd_sc_hd__dlygate4sd3_1)
     7    0.052020    0.509796    1.499740    8.997989 v hold5/X (sky130_fd_sc_hd__dlygate4sd3_1)
                                                         net279 (net)
                      0.509822    0.004167    9.002155 v fanout261/A (sky130_fd_sc_hd__buf_4)
    33    0.115901    0.262271    0.622626    9.624782 v fanout261/X (sky130_fd_sc_hd__buf_4)
                                                         net261 (net)
                      0.264665    0.019659    9.644441 v _103_/C (sky130_fd_sc_hd__and3_1)
     1    0.002537    0.063227    0.440211   10.084652 v _103_/X (sky130_fd_sc_hd__and3_1)
                                                         _030_ (net)
                      0.063227    0.000026   10.084678 v _136_/D (sky130_fd_sc_hd__dfrtp_4)
                                             10.084678   data arrival time

                                  0.000000    0.000000   clock clk (rise edge)
                                  5.570000    5.570000   clock source latency
     2    0.029197    0.610000    0.000000    5.570000 ^ clk (in)
                                                         clk (net)
                      0.615156    0.002642    5.572642 ^ wire3/A (sky130_fd_sc_hd__buf_4)
     3    0.041430    0.198093    0.542737    6.115380 ^ wire3/X (sky130_fd_sc_hd__buf_4)
                                                         net274 (net)
                      0.198221    0.004922    6.120302 ^ wire2/A (sky130_fd_sc_hd__buf_6)
     3    0.070368    0.230398    0.363208    6.483510 ^ wire2/X (sky130_fd_sc_hd__buf_6)
                                                         net273 (net)
                      0.231573    0.013603    6.497113 ^ wire1/A (sky130_fd_sc_hd__buf_6)
     3    0.072767    0.237763    0.382769    6.879882 ^ wire1/X (sky130_fd_sc_hd__buf_6)
                                                         net272 (net)
                      0.239037    0.014399    6.894281 ^ clkbuf_0_clk/A (sky130_fd_sc_hd__clkbuf_16)
     9    0.093315    0.166701    0.392763    7.287044 ^ clkbuf_0_clk/X (sky130_fd_sc_hd__clkbuf_16)
                                                         clknet_0_clk (net)
                      0.167135    0.005935    7.292979 ^ clkbuf_2_0__f_clk/A (sky130_fd_sc_hd__clkbuf_16)
    17    0.090501    0.163263    0.356402    7.649382 ^ clkbuf_2_0__f_clk/X (sky130_fd_sc_hd__clkbuf_16)
                                                         clknet_2_0__leaf_clk (net)
                      0.163842    0.007108    7.656490 ^ _136_/CLK (sky130_fd_sc_hd__dfrtp_4)
                                  0.087500    7.743989   clock uncertainty
                                  0.000000    7.743989   clock reconvergence pessimism
                                 -0.066292    7.677698   library hold time
                                              7.677698   data required time
---------------------------------------------------------------------------------------------
                                              7.677698   data required time
                                            -10.084678   data arrival time
---------------------------------------------------------------------------------------------
                                              2.406980   slack (MET)


Startpoint: wbs_adr_i[18] (input port clocked by clk)
Endpoint: _159_ (rising edge-triggered flip-flop clocked by clk)
Path Group: clk
Path Type: min

Fanout         Cap        Slew       Delay        Time   Description
---------------------------------------------------------------------------------------------
                                  0.000000    0.000000   clock clk (rise edge)
                                  4.650000    4.650000   clock network delay (propagated)
                                  0.790000    5.440000 ^ input external delay
     2    0.004431    0.070000    0.000000    5.440000 ^ wbs_adr_i[18] (in)
                                                         wbs_adr_i[18] (net)
                      0.070054    0.000026    5.440026 ^ input88/A (sky130_fd_sc_hd__clkbuf_1)
     1    0.003921    0.091792    0.161348    5.601374 ^ input88/X (sky130_fd_sc_hd__clkbuf_1)
                                                         net88 (net)
                      0.091792    0.000071    5.601446 ^ _045_/D (sky130_fd_sc_hd__or4_2)
     3    0.021607    0.182650    0.295748    5.897193 ^ _045_/X (sky130_fd_sc_hd__or4_2)
                                                         _036_ (net)
                      0.182660    0.001577    5.898770 ^ _048_/B (sky130_fd_sc_hd__nor4_1)
     1    0.006897    0.075745    0.159548    6.058319 v _048_/Y (sky130_fd_sc_hd__nor4_1)
                                                         _039_ (net)
                      0.075745    0.000210    6.058529 v hold4/A (sky130_fd_sc_hd__dlygate4sd3_1)
     1    0.006827    0.144667    1.151040    7.209569 v hold4/X (sky130_fd_sc_hd__dlygate4sd3_1)
                                                         net278 (net)
                      0.144667    0.000203    7.209772 v wire262/A (sky130_fd_sc_hd__buf_2)
     1    0.010194    0.073096    0.288113    7.497884 v wire262/X (sky130_fd_sc_hd__buf_2)
                                                         net262 (net)
                      0.073097    0.000364    7.498249 v hold5/A (sky130_fd_sc_hd__dlygate4sd3_1)
     7    0.052020    0.509796    1.499740    8.997989 v hold5/X (sky130_fd_sc_hd__dlygate4sd3_1)
                                                         net279 (net)
                      0.509796    0.001588    8.999577 v fanout260/A (sky130_fd_sc_hd__buf_4)
    33    0.110780    0.251581    0.618828    9.618404 v fanout260/X (sky130_fd_sc_hd__buf_4)
                                                         net260 (net)
                      0.252822    0.012738    9.631143 v _126_/C (sky130_fd_sc_hd__and3_1)
     1    0.003594    0.071958    0.446466   10.077608 v _126_/X (sky130_fd_sc_hd__and3_1)
                                                         _024_ (net)
                      0.071958    0.000047   10.077656 v _159_/D (sky130_fd_sc_hd__dfrtp_4)
                                             10.077656   data arrival time

                                  0.000000    0.000000   clock clk (rise edge)
                                  5.570000    5.570000   clock source latency
     2    0.029197    0.610000    0.000000    5.570000 ^ clk (in)
                                                         clk (net)
                      0.615156    0.002642    5.572642 ^ wire3/A (sky130_fd_sc_hd__buf_4)
     3    0.041430    0.198093    0.542737    6.115380 ^ wire3/X (sky130_fd_sc_hd__buf_4)
                                                         net274 (net)
                      0.198221    0.004922    6.120302 ^ wire2/A (sky130_fd_sc_hd__buf_6)
     3    0.070368    0.230398    0.363208    6.483510 ^ wire2/X (sky130_fd_sc_hd__buf_6)
                                                         net273 (net)
                      0.231573    0.013603    6.497113 ^ wire1/A (sky130_fd_sc_hd__buf_6)
     3    0.072767    0.237763    0.382769    6.879882 ^ wire1/X (sky130_fd_sc_hd__buf_6)
                                                         net272 (net)
                      0.239037    0.014399    6.894281 ^ clkbuf_0_clk/A (sky130_fd_sc_hd__clkbuf_16)
     9    0.093315    0.166701    0.392763    7.287044 ^ clkbuf_0_clk/X (sky130_fd_sc_hd__clkbuf_16)
                                                         clknet_0_clk (net)
                      0.167076    0.005364    7.292408 ^ clkbuf_2_2__f_clk/A (sky130_fd_sc_hd__clkbuf_16)
    17    0.088213    0.160040    0.353932    7.646340 ^ clkbuf_2_2__f_clk/X (sky130_fd_sc_hd__clkbuf_16)
                                                         clknet_2_2__leaf_clk (net)
                      0.160603    0.006922    7.653262 ^ _159_/CLK (sky130_fd_sc_hd__dfrtp_4)
                                  0.087500    7.740762   clock uncertainty
                                  0.000000    7.740762   clock reconvergence pessimism
                                 -0.070282    7.670480   library hold time
                                              7.670480   data required time
---------------------------------------------------------------------------------------------
                                              7.670480   data required time
                                            -10.077656   data arrival time
---------------------------------------------------------------------------------------------
                                              2.407176   slack (MET)


Startpoint: wbs_adr_i[18] (input port clocked by clk)
Endpoint: _135_ (rising edge-triggered flip-flop clocked by clk)
Path Group: clk
Path Type: min

Fanout         Cap        Slew       Delay        Time   Description
---------------------------------------------------------------------------------------------
                                  0.000000    0.000000   clock clk (rise edge)
                                  4.650000    4.650000   clock network delay (propagated)
                                  0.790000    5.440000 ^ input external delay
     2    0.004431    0.070000    0.000000    5.440000 ^ wbs_adr_i[18] (in)
                                                         wbs_adr_i[18] (net)
                      0.070054    0.000026    5.440026 ^ input88/A (sky130_fd_sc_hd__clkbuf_1)
     1    0.003921    0.091792    0.161348    5.601374 ^ input88/X (sky130_fd_sc_hd__clkbuf_1)
                                                         net88 (net)
                      0.091792    0.000071    5.601446 ^ _045_/D (sky130_fd_sc_hd__or4_2)
     3    0.021607    0.182650    0.295748    5.897193 ^ _045_/X (sky130_fd_sc_hd__or4_2)
                                                         _036_ (net)
                      0.182660    0.001577    5.898770 ^ _048_/B (sky130_fd_sc_hd__nor4_1)
     1    0.006897    0.075745    0.159548    6.058319 v _048_/Y (sky130_fd_sc_hd__nor4_1)
                                                         _039_ (net)
                      0.075745    0.000210    6.058529 v hold4/A (sky130_fd_sc_hd__dlygate4sd3_1)
     1    0.006827    0.144667    1.151040    7.209569 v hold4/X (sky130_fd_sc_hd__dlygate4sd3_1)
                                                         net278 (net)
                      0.144667    0.000203    7.209772 v wire262/A (sky130_fd_sc_hd__buf_2)
     1    0.010194    0.073096    0.288113    7.497884 v wire262/X (sky130_fd_sc_hd__buf_2)
                                                         net262 (net)
                      0.073097    0.000364    7.498249 v hold5/A (sky130_fd_sc_hd__dlygate4sd3_1)
     7    0.052020    0.509796    1.499740    8.997989 v hold5/X (sky130_fd_sc_hd__dlygate4sd3_1)
                                                         net279 (net)
                      0.509822    0.004167    9.002155 v fanout261/A (sky130_fd_sc_hd__buf_4)
    33    0.115901    0.262271    0.622626    9.624782 v fanout261/X (sky130_fd_sc_hd__buf_4)
                                                         net261 (net)
                      0.264376    0.018479    9.643260 v _102_/C (sky130_fd_sc_hd__and3_1)
     1    0.002637    0.063857    0.441227   10.084486 v _102_/X (sky130_fd_sc_hd__and3_1)
                                                         _029_ (net)
                      0.063857    0.000028   10.084514 v _135_/D (sky130_fd_sc_hd__dfrtp_4)
                                             10.084514   data arrival time

                                  0.000000    0.000000   clock clk (rise edge)
                                  5.570000    5.570000   clock source latency
     2    0.029197    0.610000    0.000000    5.570000 ^ clk (in)
                                                         clk (net)
                      0.615156    0.002642    5.572642 ^ wire3/A (sky130_fd_sc_hd__buf_4)
     3    0.041430    0.198093    0.542737    6.115380 ^ wire3/X (sky130_fd_sc_hd__buf_4)
                                                         net274 (net)
                      0.198221    0.004922    6.120302 ^ wire2/A (sky130_fd_sc_hd__buf_6)
     3    0.070368    0.230398    0.363208    6.483510 ^ wire2/X (sky130_fd_sc_hd__buf_6)
                                                         net273 (net)
                      0.231573    0.013603    6.497113 ^ wire1/A (sky130_fd_sc_hd__buf_6)
     3    0.072767    0.237763    0.382769    6.879882 ^ wire1/X (sky130_fd_sc_hd__buf_6)
                                                         net272 (net)
                      0.239037    0.014399    6.894281 ^ clkbuf_0_clk/A (sky130_fd_sc_hd__clkbuf_16)
     9    0.093315    0.166701    0.392763    7.287044 ^ clkbuf_0_clk/X (sky130_fd_sc_hd__clkbuf_16)
                                                         clknet_0_clk (net)
                      0.167135    0.005935    7.292979 ^ clkbuf_2_0__f_clk/A (sky130_fd_sc_hd__clkbuf_16)
    17    0.090501    0.163263    0.356402    7.649382 ^ clkbuf_2_0__f_clk/X (sky130_fd_sc_hd__clkbuf_16)
                                                         clknet_2_0__leaf_clk (net)
                      0.163770    0.006548    7.655930 ^ _135_/CLK (sky130_fd_sc_hd__dfrtp_4)
                                  0.087500    7.743429   clock uncertainty
                                  0.000000    7.743429   clock reconvergence pessimism
                                 -0.066541    7.676888   library hold time
                                              7.676888   data required time
---------------------------------------------------------------------------------------------
                                              7.676888   data required time
                                            -10.084514   data arrival time
---------------------------------------------------------------------------------------------
                                              2.407625   slack (MET)


Startpoint: wbs_adr_i[18] (input port clocked by clk)
Endpoint: _137_ (rising edge-triggered flip-flop clocked by clk)
Path Group: clk
Path Type: min

Fanout         Cap        Slew       Delay        Time   Description
---------------------------------------------------------------------------------------------
                                  0.000000    0.000000   clock clk (rise edge)
                                  4.650000    4.650000   clock network delay (propagated)
                                  0.790000    5.440000 ^ input external delay
     2    0.004431    0.070000    0.000000    5.440000 ^ wbs_adr_i[18] (in)
                                                         wbs_adr_i[18] (net)
                      0.070054    0.000026    5.440026 ^ input88/A (sky130_fd_sc_hd__clkbuf_1)
     1    0.003921    0.091792    0.161348    5.601374 ^ input88/X (sky130_fd_sc_hd__clkbuf_1)
                                                         net88 (net)
                      0.091792    0.000071    5.601446 ^ _045_/D (sky130_fd_sc_hd__or4_2)
     3    0.021607    0.182650    0.295748    5.897193 ^ _045_/X (sky130_fd_sc_hd__or4_2)
                                                         _036_ (net)
                      0.182660    0.001577    5.898770 ^ _048_/B (sky130_fd_sc_hd__nor4_1)
     1    0.006897    0.075745    0.159548    6.058319 v _048_/Y (sky130_fd_sc_hd__nor4_1)
                                                         _039_ (net)
                      0.075745    0.000210    6.058529 v hold4/A (sky130_fd_sc_hd__dlygate4sd3_1)
     1    0.006827    0.144667    1.151040    7.209569 v hold4/X (sky130_fd_sc_hd__dlygate4sd3_1)
                                                         net278 (net)
                      0.144667    0.000203    7.209772 v wire262/A (sky130_fd_sc_hd__buf_2)
     1    0.010194    0.073096    0.288113    7.497884 v wire262/X (sky130_fd_sc_hd__buf_2)
                                                         net262 (net)
                      0.073097    0.000364    7.498249 v hold5/A (sky130_fd_sc_hd__dlygate4sd3_1)
     7    0.052020    0.509796    1.499740    8.997989 v hold5/X (sky130_fd_sc_hd__dlygate4sd3_1)
                                                         net279 (net)
                      0.509822    0.004167    9.002155 v fanout261/A (sky130_fd_sc_hd__buf_4)
    33    0.115901    0.262271    0.622626    9.624782 v fanout261/X (sky130_fd_sc_hd__buf_4)
                                                         net261 (net)
                      0.264592    0.019366    9.644147 v _104_/C (sky130_fd_sc_hd__and3_1)
     1    0.002782    0.065304    0.443006   10.087152 v _104_/X (sky130_fd_sc_hd__and3_1)
                                                         _031_ (net)
                      0.065304    0.000030   10.087183 v _137_/D (sky130_fd_sc_hd__dfrtp_4)
                                             10.087183   data arrival time

                                  0.000000    0.000000   clock clk (rise edge)
                                  5.570000    5.570000   clock source latency
     2    0.029197    0.610000    0.000000    5.570000 ^ clk (in)
                                                         clk (net)
                      0.615156    0.002642    5.572642 ^ wire3/A (sky130_fd_sc_hd__buf_4)
     3    0.041430    0.198093    0.542737    6.115380 ^ wire3/X (sky130_fd_sc_hd__buf_4)
                                                         net274 (net)
                      0.198221    0.004922    6.120302 ^ wire2/A (sky130_fd_sc_hd__buf_6)
     3    0.070368    0.230398    0.363208    6.483510 ^ wire2/X (sky130_fd_sc_hd__buf_6)
                                                         net273 (net)
                      0.231573    0.013603    6.497113 ^ wire1/A (sky130_fd_sc_hd__buf_6)
     3    0.072767    0.237763    0.382769    6.879882 ^ wire1/X (sky130_fd_sc_hd__buf_6)
                                                         net272 (net)
                      0.239037    0.014399    6.894281 ^ clkbuf_0_clk/A (sky130_fd_sc_hd__clkbuf_16)
     9    0.093315    0.166701    0.392763    7.287044 ^ clkbuf_0_clk/X (sky130_fd_sc_hd__clkbuf_16)
                                                         clknet_0_clk (net)
                      0.167135    0.005935    7.292979 ^ clkbuf_2_0__f_clk/A (sky130_fd_sc_hd__clkbuf_16)
    17    0.090501    0.163263    0.356402    7.649382 ^ clkbuf_2_0__f_clk/X (sky130_fd_sc_hd__clkbuf_16)
                                                         clknet_2_0__leaf_clk (net)
                      0.163819    0.006932    7.656314 ^ _137_/CLK (sky130_fd_sc_hd__dfrtp_4)
                                  0.087500    7.743814   clock uncertainty
                                  0.000000    7.743814   clock reconvergence pessimism
                                 -0.067060    7.676754   library hold time
                                              7.676754   data required time
---------------------------------------------------------------------------------------------
                                              7.676754   data required time
                                            -10.087183   data arrival time
---------------------------------------------------------------------------------------------
                                              2.410429   slack (MET)


Startpoint: wbs_adr_i[18] (input port clocked by clk)
Endpoint: _140_ (rising edge-triggered flip-flop clocked by clk)
Path Group: clk
Path Type: min

Fanout         Cap        Slew       Delay        Time   Description
---------------------------------------------------------------------------------------------
                                  0.000000    0.000000   clock clk (rise edge)
                                  4.650000    4.650000   clock network delay (propagated)
                                  0.790000    5.440000 ^ input external delay
     2    0.004431    0.070000    0.000000    5.440000 ^ wbs_adr_i[18] (in)
                                                         wbs_adr_i[18] (net)
                      0.070054    0.000026    5.440026 ^ input88/A (sky130_fd_sc_hd__clkbuf_1)
     1    0.003921    0.091792    0.161348    5.601374 ^ input88/X (sky130_fd_sc_hd__clkbuf_1)
                                                         net88 (net)
                      0.091792    0.000071    5.601446 ^ _045_/D (sky130_fd_sc_hd__or4_2)
     3    0.021607    0.182650    0.295748    5.897193 ^ _045_/X (sky130_fd_sc_hd__or4_2)
                                                         _036_ (net)
                      0.182660    0.001577    5.898770 ^ _048_/B (sky130_fd_sc_hd__nor4_1)
     1    0.006897    0.075745    0.159548    6.058319 v _048_/Y (sky130_fd_sc_hd__nor4_1)
                                                         _039_ (net)
                      0.075745    0.000210    6.058529 v hold4/A (sky130_fd_sc_hd__dlygate4sd3_1)
     1    0.006827    0.144667    1.151040    7.209569 v hold4/X (sky130_fd_sc_hd__dlygate4sd3_1)
                                                         net278 (net)
                      0.144667    0.000203    7.209772 v wire262/A (sky130_fd_sc_hd__buf_2)
     1    0.010194    0.073096    0.288113    7.497884 v wire262/X (sky130_fd_sc_hd__buf_2)
                                                         net262 (net)
                      0.073097    0.000364    7.498249 v hold5/A (sky130_fd_sc_hd__dlygate4sd3_1)
     7    0.052020    0.509796    1.499740    8.997989 v hold5/X (sky130_fd_sc_hd__dlygate4sd3_1)
                                                         net279 (net)
                      0.509822    0.004167    9.002155 v fanout261/A (sky130_fd_sc_hd__buf_4)
    33    0.115901    0.262271    0.622626    9.624782 v fanout261/X (sky130_fd_sc_hd__buf_4)
                                                         net261 (net)
                      0.263751    0.015612    9.640392 v _107_/C (sky130_fd_sc_hd__and3_1)
     1    0.002118    0.060146    0.434918   10.075311 v _107_/X (sky130_fd_sc_hd__and3_1)
                                                         _003_ (net)
                      0.060146    0.000018   10.075329 v _140_/D (sky130_fd_sc_hd__dfrtp_2)
                                             10.075329   data arrival time

                                  0.000000    0.000000   clock clk (rise edge)
                                  5.570000    5.570000   clock source latency
     2    0.029197    0.610000    0.000000    5.570000 ^ clk (in)
                                                         clk (net)
                      0.615156    0.002642    5.572642 ^ wire3/A (sky130_fd_sc_hd__buf_4)
     3    0.041430    0.198093    0.542737    6.115380 ^ wire3/X (sky130_fd_sc_hd__buf_4)
                                                         net274 (net)
                      0.198221    0.004922    6.120302 ^ wire2/A (sky130_fd_sc_hd__buf_6)
     3    0.070368    0.230398    0.363208    6.483510 ^ wire2/X (sky130_fd_sc_hd__buf_6)
                                                         net273 (net)
                      0.231573    0.013603    6.497113 ^ wire1/A (sky130_fd_sc_hd__buf_6)
     3    0.072767    0.237763    0.382769    6.879882 ^ wire1/X (sky130_fd_sc_hd__buf_6)
                                                         net272 (net)
                      0.239037    0.014399    6.894281 ^ clkbuf_0_clk/A (sky130_fd_sc_hd__clkbuf_16)
     9    0.093315    0.166701    0.392763    7.287044 ^ clkbuf_0_clk/X (sky130_fd_sc_hd__clkbuf_16)
                                                         clknet_0_clk (net)
                      0.167126    0.005858    7.292902 ^ clkbuf_2_1__f_clk/A (sky130_fd_sc_hd__clkbuf_16)
    21    0.079864    0.148527    0.343280    7.636183 ^ clkbuf_2_1__f_clk/X (sky130_fd_sc_hd__clkbuf_16)
                                                         clknet_2_1__leaf_clk (net)
                      0.148954    0.006466    7.642649 ^ _140_/CLK (sky130_fd_sc_hd__dfrtp_2)
                                  0.087500    7.730148   clock uncertainty
                                  0.000000    7.730148   clock reconvergence pessimism
                                 -0.066904    7.663244   library hold time
                                              7.663244   data required time
---------------------------------------------------------------------------------------------
                                              7.663244   data required time
                                            -10.075329   data arrival time
---------------------------------------------------------------------------------------------
                                              2.412084   slack (MET)


Startpoint: wbs_adr_i[18] (input port clocked by clk)
Endpoint: _134_ (rising edge-triggered flip-flop clocked by clk)
Path Group: clk
Path Type: min

Fanout         Cap        Slew       Delay        Time   Description
---------------------------------------------------------------------------------------------
                                  0.000000    0.000000   clock clk (rise edge)
                                  4.650000    4.650000   clock network delay (propagated)
                                  0.790000    5.440000 ^ input external delay
     2    0.004431    0.070000    0.000000    5.440000 ^ wbs_adr_i[18] (in)
                                                         wbs_adr_i[18] (net)
                      0.070054    0.000026    5.440026 ^ input88/A (sky130_fd_sc_hd__clkbuf_1)
     1    0.003921    0.091792    0.161348    5.601374 ^ input88/X (sky130_fd_sc_hd__clkbuf_1)
                                                         net88 (net)
                      0.091792    0.000071    5.601446 ^ _045_/D (sky130_fd_sc_hd__or4_2)
     3    0.021607    0.182650    0.295748    5.897193 ^ _045_/X (sky130_fd_sc_hd__or4_2)
                                                         _036_ (net)
                      0.182660    0.001577    5.898770 ^ _048_/B (sky130_fd_sc_hd__nor4_1)
     1    0.006897    0.075745    0.159548    6.058319 v _048_/Y (sky130_fd_sc_hd__nor4_1)
                                                         _039_ (net)
                      0.075745    0.000210    6.058529 v hold4/A (sky130_fd_sc_hd__dlygate4sd3_1)
     1    0.006827    0.144667    1.151040    7.209569 v hold4/X (sky130_fd_sc_hd__dlygate4sd3_1)
                                                         net278 (net)
                      0.144667    0.000203    7.209772 v wire262/A (sky130_fd_sc_hd__buf_2)
     1    0.010194    0.073096    0.288113    7.497884 v wire262/X (sky130_fd_sc_hd__buf_2)
                                                         net262 (net)
                      0.073097    0.000364    7.498249 v hold5/A (sky130_fd_sc_hd__dlygate4sd3_1)
     7    0.052020    0.509796    1.499740    8.997989 v hold5/X (sky130_fd_sc_hd__dlygate4sd3_1)
                                                         net279 (net)
                      0.509822    0.004167    9.002155 v fanout261/A (sky130_fd_sc_hd__buf_4)
    33    0.115901    0.262271    0.622626    9.624782 v fanout261/X (sky130_fd_sc_hd__buf_4)
                                                         net261 (net)
                      0.264701    0.019800    9.644582 v _101_/C (sky130_fd_sc_hd__and3_1)
     1    0.003348    0.069899    0.449599   10.094180 v _101_/X (sky130_fd_sc_hd__and3_1)
                                                         _028_ (net)
                      0.069899    0.000040   10.094220 v _134_/D (sky130_fd_sc_hd__dfrtp_4)
                                             10.094220   data arrival time

                                  0.000000    0.000000   clock clk (rise edge)
                                  5.570000    5.570000   clock source latency
     2    0.029197    0.610000    0.000000    5.570000 ^ clk (in)
                                                         clk (net)
                      0.615156    0.002642    5.572642 ^ wire3/A (sky130_fd_sc_hd__buf_4)
     3    0.041430    0.198093    0.542737    6.115380 ^ wire3/X (sky130_fd_sc_hd__buf_4)
                                                         net274 (net)
                      0.198221    0.004922    6.120302 ^ wire2/A (sky130_fd_sc_hd__buf_6)
     3    0.070368    0.230398    0.363208    6.483510 ^ wire2/X (sky130_fd_sc_hd__buf_6)
                                                         net273 (net)
                      0.231573    0.013603    6.497113 ^ wire1/A (sky130_fd_sc_hd__buf_6)
     3    0.072767    0.237763    0.382769    6.879882 ^ wire1/X (sky130_fd_sc_hd__buf_6)
                                                         net272 (net)
                      0.239037    0.014399    6.894281 ^ clkbuf_0_clk/A (sky130_fd_sc_hd__clkbuf_16)
     9    0.093315    0.166701    0.392763    7.287044 ^ clkbuf_0_clk/X (sky130_fd_sc_hd__clkbuf_16)
                                                         clknet_0_clk (net)
                      0.167135    0.005935    7.292979 ^ clkbuf_2_0__f_clk/A (sky130_fd_sc_hd__clkbuf_16)
    17    0.090501    0.163263    0.356402    7.649382 ^ clkbuf_2_0__f_clk/X (sky130_fd_sc_hd__clkbuf_16)
                                                         clknet_2_0__leaf_clk (net)
                      0.163846    0.007139    7.656521 ^ _134_/CLK (sky130_fd_sc_hd__dfrtp_4)
                                  0.087500    7.744021   clock uncertainty
                                  0.000000    7.744021   clock reconvergence pessimism
                                 -0.068740    7.675281   library hold time
                                              7.675281   data required time
---------------------------------------------------------------------------------------------
                                              7.675281   data required time
                                            -10.094220   data arrival time
---------------------------------------------------------------------------------------------
                                              2.418939   slack (MET)


Startpoint: wbs_adr_i[18] (input port clocked by clk)
Endpoint: _151_ (rising edge-triggered flip-flop clocked by clk)
Path Group: clk
Path Type: min

Fanout         Cap        Slew       Delay        Time   Description
---------------------------------------------------------------------------------------------
                                  0.000000    0.000000   clock clk (rise edge)
                                  4.650000    4.650000   clock network delay (propagated)
                                  0.790000    5.440000 ^ input external delay
     2    0.004431    0.070000    0.000000    5.440000 ^ wbs_adr_i[18] (in)
                                                         wbs_adr_i[18] (net)
                      0.070054    0.000026    5.440026 ^ input88/A (sky130_fd_sc_hd__clkbuf_1)
     1    0.003921    0.091792    0.161348    5.601374 ^ input88/X (sky130_fd_sc_hd__clkbuf_1)
                                                         net88 (net)
                      0.091792    0.000071    5.601446 ^ _045_/D (sky130_fd_sc_hd__or4_2)
     3    0.021607    0.182650    0.295748    5.897193 ^ _045_/X (sky130_fd_sc_hd__or4_2)
                                                         _036_ (net)
                      0.182660    0.001577    5.898770 ^ _048_/B (sky130_fd_sc_hd__nor4_1)
     1    0.006897    0.075745    0.159548    6.058319 v _048_/Y (sky130_fd_sc_hd__nor4_1)
                                                         _039_ (net)
                      0.075745    0.000210    6.058529 v hold4/A (sky130_fd_sc_hd__dlygate4sd3_1)
     1    0.006827    0.144667    1.151040    7.209569 v hold4/X (sky130_fd_sc_hd__dlygate4sd3_1)
                                                         net278 (net)
                      0.144667    0.000203    7.209772 v wire262/A (sky130_fd_sc_hd__buf_2)
     1    0.010194    0.073096    0.288113    7.497884 v wire262/X (sky130_fd_sc_hd__buf_2)
                                                         net262 (net)
                      0.073097    0.000364    7.498249 v hold5/A (sky130_fd_sc_hd__dlygate4sd3_1)
     7    0.052020    0.509796    1.499740    8.997989 v hold5/X (sky130_fd_sc_hd__dlygate4sd3_1)
                                                         net279 (net)
                      0.509796    0.001588    8.999577 v fanout260/A (sky130_fd_sc_hd__buf_4)
    33    0.110780    0.251581    0.618828    9.618404 v fanout260/X (sky130_fd_sc_hd__buf_4)
                                                         net260 (net)
                      0.252758    0.012353    9.630757 v _118_/C (sky130_fd_sc_hd__and3_1)
     1    0.002536    0.063078    0.434214   10.064971 v _118_/X (sky130_fd_sc_hd__and3_1)
                                                         _015_ (net)
                      0.063078    0.000024   10.064996 v _151_/D (sky130_fd_sc_hd__dfrtp_4)
                                             10.064996   data arrival time

                                  0.000000    0.000000   clock clk (rise edge)
                                  5.570000    5.570000   clock source latency
     2    0.029197    0.610000    0.000000    5.570000 ^ clk (in)
                                                         clk (net)
                      0.615156    0.002642    5.572642 ^ wire3/A (sky130_fd_sc_hd__buf_4)
     3    0.041430    0.198093    0.542737    6.115380 ^ wire3/X (sky130_fd_sc_hd__buf_4)
                                                         net274 (net)
                      0.198221    0.004922    6.120302 ^ wire2/A (sky130_fd_sc_hd__buf_6)
     3    0.070368    0.230398    0.363208    6.483510 ^ wire2/X (sky130_fd_sc_hd__buf_6)
                                                         net273 (net)
                      0.231573    0.013603    6.497113 ^ wire1/A (sky130_fd_sc_hd__buf_6)
     3    0.072767    0.237763    0.382769    6.879882 ^ wire1/X (sky130_fd_sc_hd__buf_6)
                                                         net272 (net)
                      0.239037    0.014399    6.894281 ^ clkbuf_0_clk/A (sky130_fd_sc_hd__clkbuf_16)
     9    0.093315    0.166701    0.392763    7.287044 ^ clkbuf_0_clk/X (sky130_fd_sc_hd__clkbuf_16)
                                                         clknet_0_clk (net)
                      0.167076    0.005367    7.292411 ^ clkbuf_2_3__f_clk/A (sky130_fd_sc_hd__clkbuf_16)
    21    0.067863    0.131728    0.329831    7.622242 ^ clkbuf_2_3__f_clk/X (sky130_fd_sc_hd__clkbuf_16)
                                                         clknet_2_3__leaf_clk (net)
                      0.132693    0.009023    7.631266 ^ _151_/CLK (sky130_fd_sc_hd__dfrtp_4)
                                  0.087500    7.718765   clock uncertainty
                                  0.000000    7.718765   clock reconvergence pessimism
                                 -0.073788    7.644977   library hold time
                                              7.644977   data required time
---------------------------------------------------------------------------------------------
                                              7.644977   data required time
                                            -10.064996   data arrival time
---------------------------------------------------------------------------------------------
                                              2.420018   slack (MET)


Startpoint: wbs_adr_i[18] (input port clocked by clk)
Endpoint: _131_ (rising edge-triggered flip-flop clocked by clk)
Path Group: clk
Path Type: min

Fanout         Cap        Slew       Delay        Time   Description
---------------------------------------------------------------------------------------------
                                  0.000000    0.000000   clock clk (rise edge)
                                  4.650000    4.650000   clock network delay (propagated)
                                  0.790000    5.440000 ^ input external delay
     2    0.004431    0.070000    0.000000    5.440000 ^ wbs_adr_i[18] (in)
                                                         wbs_adr_i[18] (net)
                      0.070054    0.000026    5.440026 ^ input88/A (sky130_fd_sc_hd__clkbuf_1)
     1    0.003921    0.091792    0.161348    5.601374 ^ input88/X (sky130_fd_sc_hd__clkbuf_1)
                                                         net88 (net)
                      0.091792    0.000071    5.601446 ^ _045_/D (sky130_fd_sc_hd__or4_2)
     3    0.021607    0.182650    0.295748    5.897193 ^ _045_/X (sky130_fd_sc_hd__or4_2)
                                                         _036_ (net)
                      0.182660    0.001577    5.898770 ^ _048_/B (sky130_fd_sc_hd__nor4_1)
     1    0.006897    0.075745    0.159548    6.058319 v _048_/Y (sky130_fd_sc_hd__nor4_1)
                                                         _039_ (net)
                      0.075745    0.000210    6.058529 v hold4/A (sky130_fd_sc_hd__dlygate4sd3_1)
     1    0.006827    0.144667    1.151040    7.209569 v hold4/X (sky130_fd_sc_hd__dlygate4sd3_1)
                                                         net278 (net)
                      0.144667    0.000203    7.209772 v wire262/A (sky130_fd_sc_hd__buf_2)
     1    0.010194    0.073096    0.288113    7.497884 v wire262/X (sky130_fd_sc_hd__buf_2)
                                                         net262 (net)
                      0.073097    0.000364    7.498249 v hold5/A (sky130_fd_sc_hd__dlygate4sd3_1)
     7    0.052020    0.509796    1.499740    8.997989 v hold5/X (sky130_fd_sc_hd__dlygate4sd3_1)
                                                         net279 (net)
                      0.509822    0.004167    9.002155 v fanout261/A (sky130_fd_sc_hd__buf_4)
    33    0.115901    0.262271    0.622626    9.624782 v fanout261/X (sky130_fd_sc_hd__buf_4)
                                                         net261 (net)
                      0.264698    0.019789    9.644569 v _098_/C (sky130_fd_sc_hd__and3_1)
     1    0.002465    0.062504    0.439404   10.083974 v _098_/X (sky130_fd_sc_hd__and3_1)
                                                         _023_ (net)
                      0.062504    0.000024   10.083998 v _131_/D (sky130_fd_sc_hd__dfrtp_4)
                                             10.083998   data arrival time

                                  0.000000    0.000000   clock clk (rise edge)
                                  5.570000    5.570000   clock source latency
     2    0.029197    0.610000    0.000000    5.570000 ^ clk (in)
                                                         clk (net)
                      0.615156    0.002642    5.572642 ^ wire3/A (sky130_fd_sc_hd__buf_4)
     3    0.041430    0.198093    0.542737    6.115380 ^ wire3/X (sky130_fd_sc_hd__buf_4)
                                                         net274 (net)
                      0.198221    0.004922    6.120302 ^ wire2/A (sky130_fd_sc_hd__buf_6)
     3    0.070368    0.230398    0.363208    6.483510 ^ wire2/X (sky130_fd_sc_hd__buf_6)
                                                         net273 (net)
                      0.231573    0.013603    6.497113 ^ wire1/A (sky130_fd_sc_hd__buf_6)
     3    0.072767    0.237763    0.382769    6.879882 ^ wire1/X (sky130_fd_sc_hd__buf_6)
                                                         net272 (net)
                      0.239037    0.014399    6.894281 ^ clkbuf_0_clk/A (sky130_fd_sc_hd__clkbuf_16)
     9    0.093315    0.166701    0.392763    7.287044 ^ clkbuf_0_clk/X (sky130_fd_sc_hd__clkbuf_16)
                                                         clknet_0_clk (net)
                      0.167126    0.005858    7.292902 ^ clkbuf_2_1__f_clk/A (sky130_fd_sc_hd__clkbuf_16)
    21    0.079864    0.148527    0.343280    7.636183 ^ clkbuf_2_1__f_clk/X (sky130_fd_sc_hd__clkbuf_16)
                                                         clknet_2_1__leaf_clk (net)
                      0.149476    0.009597    7.645779 ^ _131_/CLK (sky130_fd_sc_hd__dfrtp_4)
                                  0.087500    7.733279   clock uncertainty
                                  0.000000    7.733279   clock reconvergence pessimism
                                 -0.069509    7.663770   library hold time
                                              7.663770   data required time
---------------------------------------------------------------------------------------------
                                              7.663770   data required time
                                            -10.083998   data arrival time
---------------------------------------------------------------------------------------------
                                              2.420228   slack (MET)


Startpoint: wbs_adr_i[18] (input port clocked by clk)
Endpoint: _138_ (rising edge-triggered flip-flop clocked by clk)
Path Group: clk
Path Type: min

Fanout         Cap        Slew       Delay        Time   Description
---------------------------------------------------------------------------------------------
                                  0.000000    0.000000   clock clk (rise edge)
                                  4.650000    4.650000   clock network delay (propagated)
                                  0.790000    5.440000 ^ input external delay
     2    0.004431    0.070000    0.000000    5.440000 ^ wbs_adr_i[18] (in)
                                                         wbs_adr_i[18] (net)
                      0.070054    0.000026    5.440026 ^ input88/A (sky130_fd_sc_hd__clkbuf_1)
     1    0.003921    0.091792    0.161348    5.601374 ^ input88/X (sky130_fd_sc_hd__clkbuf_1)
                                                         net88 (net)
                      0.091792    0.000071    5.601446 ^ _045_/D (sky130_fd_sc_hd__or4_2)
     3    0.021607    0.182650    0.295748    5.897193 ^ _045_/X (sky130_fd_sc_hd__or4_2)
                                                         _036_ (net)
                      0.182660    0.001577    5.898770 ^ _048_/B (sky130_fd_sc_hd__nor4_1)
     1    0.006897    0.075745    0.159548    6.058319 v _048_/Y (sky130_fd_sc_hd__nor4_1)
                                                         _039_ (net)
                      0.075745    0.000210    6.058529 v hold4/A (sky130_fd_sc_hd__dlygate4sd3_1)
     1    0.006827    0.144667    1.151040    7.209569 v hold4/X (sky130_fd_sc_hd__dlygate4sd3_1)
                                                         net278 (net)
                      0.144667    0.000203    7.209772 v wire262/A (sky130_fd_sc_hd__buf_2)
     1    0.010194    0.073096    0.288113    7.497884 v wire262/X (sky130_fd_sc_hd__buf_2)
                                                         net262 (net)
                      0.073097    0.000364    7.498249 v hold5/A (sky130_fd_sc_hd__dlygate4sd3_1)
     7    0.052020    0.509796    1.499740    8.997989 v hold5/X (sky130_fd_sc_hd__dlygate4sd3_1)
                                                         net279 (net)
                      0.509822    0.004167    9.002155 v fanout261/A (sky130_fd_sc_hd__buf_4)
    33    0.115901    0.262271    0.622626    9.624782 v fanout261/X (sky130_fd_sc_hd__buf_4)
                                                         net261 (net)
                      0.264493    0.018966    9.643747 v _105_/C (sky130_fd_sc_hd__and3_1)
     1    0.002666    0.064347    0.441620   10.085367 v _105_/X (sky130_fd_sc_hd__and3_1)
                                                         _032_ (net)
                      0.064347    0.000028   10.085395 v _138_/D (sky130_fd_sc_hd__dfrtp_4)
                                             10.085395   data arrival time

                                  0.000000    0.000000   clock clk (rise edge)
                                  5.570000    5.570000   clock source latency
     2    0.029197    0.610000    0.000000    5.570000 ^ clk (in)
                                                         clk (net)
                      0.615156    0.002642    5.572642 ^ wire3/A (sky130_fd_sc_hd__buf_4)
     3    0.041430    0.198093    0.542737    6.115380 ^ wire3/X (sky130_fd_sc_hd__buf_4)
                                                         net274 (net)
                      0.198221    0.004922    6.120302 ^ wire2/A (sky130_fd_sc_hd__buf_6)
     3    0.070368    0.230398    0.363208    6.483510 ^ wire2/X (sky130_fd_sc_hd__buf_6)
                                                         net273 (net)
                      0.231573    0.013603    6.497113 ^ wire1/A (sky130_fd_sc_hd__buf_6)
     3    0.072767    0.237763    0.382769    6.879882 ^ wire1/X (sky130_fd_sc_hd__buf_6)
                                                         net272 (net)
                      0.239037    0.014399    6.894281 ^ clkbuf_0_clk/A (sky130_fd_sc_hd__clkbuf_16)
     9    0.093315    0.166701    0.392763    7.287044 ^ clkbuf_0_clk/X (sky130_fd_sc_hd__clkbuf_16)
                                                         clknet_0_clk (net)
                      0.167126    0.005858    7.292902 ^ clkbuf_2_1__f_clk/A (sky130_fd_sc_hd__clkbuf_16)
    21    0.079864    0.148527    0.343280    7.636183 ^ clkbuf_2_1__f_clk/X (sky130_fd_sc_hd__clkbuf_16)
                                                         clknet_2_1__leaf_clk (net)
                      0.149323    0.008790    7.644973 ^ _138_/CLK (sky130_fd_sc_hd__dfrtp_4)
                                  0.087500    7.732473   clock uncertainty
                                  0.000000    7.732473   clock reconvergence pessimism
                                 -0.070222    7.662251   library hold time
                                              7.662251   data required time
---------------------------------------------------------------------------------------------
                                              7.662251   data required time
                                            -10.085395   data arrival time
---------------------------------------------------------------------------------------------
                                              2.423144   slack (MET)


Startpoint: wbs_adr_i[18] (input port clocked by clk)
Endpoint: _139_ (rising edge-triggered flip-flop clocked by clk)
Path Group: clk
Path Type: min

Fanout         Cap        Slew       Delay        Time   Description
---------------------------------------------------------------------------------------------
                                  0.000000    0.000000   clock clk (rise edge)
                                  4.650000    4.650000   clock network delay (propagated)
                                  0.790000    5.440000 ^ input external delay
     2    0.004431    0.070000    0.000000    5.440000 ^ wbs_adr_i[18] (in)
                                                         wbs_adr_i[18] (net)
                      0.070054    0.000026    5.440026 ^ input88/A (sky130_fd_sc_hd__clkbuf_1)
     1    0.003921    0.091792    0.161348    5.601374 ^ input88/X (sky130_fd_sc_hd__clkbuf_1)
                                                         net88 (net)
                      0.091792    0.000071    5.601446 ^ _045_/D (sky130_fd_sc_hd__or4_2)
     3    0.021607    0.182650    0.295748    5.897193 ^ _045_/X (sky130_fd_sc_hd__or4_2)
                                                         _036_ (net)
                      0.182660    0.001577    5.898770 ^ _048_/B (sky130_fd_sc_hd__nor4_1)
     1    0.006897    0.075745    0.159548    6.058319 v _048_/Y (sky130_fd_sc_hd__nor4_1)
                                                         _039_ (net)
                      0.075745    0.000210    6.058529 v hold4/A (sky130_fd_sc_hd__dlygate4sd3_1)
     1    0.006827    0.144667    1.151040    7.209569 v hold4/X (sky130_fd_sc_hd__dlygate4sd3_1)
                                                         net278 (net)
                      0.144667    0.000203    7.209772 v wire262/A (sky130_fd_sc_hd__buf_2)
     1    0.010194    0.073096    0.288113    7.497884 v wire262/X (sky130_fd_sc_hd__buf_2)
                                                         net262 (net)
                      0.073097    0.000364    7.498249 v hold5/A (sky130_fd_sc_hd__dlygate4sd3_1)
     7    0.052020    0.509796    1.499740    8.997989 v hold5/X (sky130_fd_sc_hd__dlygate4sd3_1)
                                                         net279 (net)
                      0.509822    0.004167    9.002155 v fanout261/A (sky130_fd_sc_hd__buf_4)
    33    0.115901    0.262271    0.622626    9.624782 v fanout261/X (sky130_fd_sc_hd__buf_4)
                                                         net261 (net)
                      0.264282    0.018079    9.642860 v _106_/C (sky130_fd_sc_hd__and3_1)
     1    0.002924    0.066077    0.444494   10.087355 v _106_/X (sky130_fd_sc_hd__and3_1)
                                                         _002_ (net)
                      0.066077    0.000035   10.087389 v _139_/D (sky130_fd_sc_hd__dfrtp_4)
                                             10.087389   data arrival time

                                  0.000000    0.000000   clock clk (rise edge)
                                  5.570000    5.570000   clock source latency
     2    0.029197    0.610000    0.000000    5.570000 ^ clk (in)
                                                         clk (net)
                      0.615156    0.002642    5.572642 ^ wire3/A (sky130_fd_sc_hd__buf_4)
     3    0.041430    0.198093    0.542737    6.115380 ^ wire3/X (sky130_fd_sc_hd__buf_4)
                                                         net274 (net)
                      0.198221    0.004922    6.120302 ^ wire2/A (sky130_fd_sc_hd__buf_6)
     3    0.070368    0.230398    0.363208    6.483510 ^ wire2/X (sky130_fd_sc_hd__buf_6)
                                                         net273 (net)
                      0.231573    0.013603    6.497113 ^ wire1/A (sky130_fd_sc_hd__buf_6)
     3    0.072767    0.237763    0.382769    6.879882 ^ wire1/X (sky130_fd_sc_hd__buf_6)
                                                         net272 (net)
                      0.239037    0.014399    6.894281 ^ clkbuf_0_clk/A (sky130_fd_sc_hd__clkbuf_16)
     9    0.093315    0.166701    0.392763    7.287044 ^ clkbuf_0_clk/X (sky130_fd_sc_hd__clkbuf_16)
                                                         clknet_0_clk (net)
                      0.167126    0.005858    7.292902 ^ clkbuf_2_1__f_clk/A (sky130_fd_sc_hd__clkbuf_16)
    21    0.079864    0.148527    0.343280    7.636183 ^ clkbuf_2_1__f_clk/X (sky130_fd_sc_hd__clkbuf_16)
                                                         clknet_2_1__leaf_clk (net)
                      0.149212    0.008159    7.644341 ^ _139_/CLK (sky130_fd_sc_hd__dfrtp_4)
                                  0.087500    7.731841   clock uncertainty
                                  0.000000    7.731841   clock reconvergence pessimism
                                 -0.070884    7.660956   library hold time
                                              7.660956   data required time
---------------------------------------------------------------------------------------------
                                              7.660956   data required time
                                            -10.087389   data arrival time
---------------------------------------------------------------------------------------------
                                              2.426432   slack (MET)


Startpoint: wbs_adr_i[18] (input port clocked by clk)
Endpoint: _154_ (rising edge-triggered flip-flop clocked by clk)
Path Group: clk
Path Type: min

Fanout         Cap        Slew       Delay        Time   Description
---------------------------------------------------------------------------------------------
                                  0.000000    0.000000   clock clk (rise edge)
                                  4.650000    4.650000   clock network delay (propagated)
                                  0.790000    5.440000 ^ input external delay
     2    0.004431    0.070000    0.000000    5.440000 ^ wbs_adr_i[18] (in)
                                                         wbs_adr_i[18] (net)
                      0.070054    0.000026    5.440026 ^ input88/A (sky130_fd_sc_hd__clkbuf_1)
     1    0.003921    0.091792    0.161348    5.601374 ^ input88/X (sky130_fd_sc_hd__clkbuf_1)
                                                         net88 (net)
                      0.091792    0.000071    5.601446 ^ _045_/D (sky130_fd_sc_hd__or4_2)
     3    0.021607    0.182650    0.295748    5.897193 ^ _045_/X (sky130_fd_sc_hd__or4_2)
                                                         _036_ (net)
                      0.182660    0.001577    5.898770 ^ _048_/B (sky130_fd_sc_hd__nor4_1)
     1    0.006897    0.075745    0.159548    6.058319 v _048_/Y (sky130_fd_sc_hd__nor4_1)
                                                         _039_ (net)
                      0.075745    0.000210    6.058529 v hold4/A (sky130_fd_sc_hd__dlygate4sd3_1)
     1    0.006827    0.144667    1.151040    7.209569 v hold4/X (sky130_fd_sc_hd__dlygate4sd3_1)
                                                         net278 (net)
                      0.144667    0.000203    7.209772 v wire262/A (sky130_fd_sc_hd__buf_2)
     1    0.010194    0.073096    0.288113    7.497884 v wire262/X (sky130_fd_sc_hd__buf_2)
                                                         net262 (net)
                      0.073097    0.000364    7.498249 v hold5/A (sky130_fd_sc_hd__dlygate4sd3_1)
     7    0.052020    0.509796    1.499740    8.997989 v hold5/X (sky130_fd_sc_hd__dlygate4sd3_1)
                                                         net279 (net)
                      0.509796    0.001588    8.999577 v fanout260/A (sky130_fd_sc_hd__buf_4)
    33    0.110780    0.251581    0.618828    9.618404 v fanout260/X (sky130_fd_sc_hd__buf_4)
                                                         net260 (net)
                      0.252825    0.012757    9.631161 v _121_/C (sky130_fd_sc_hd__and3_1)
     1    0.002988    0.066777    0.439470   10.070631 v _121_/X (sky130_fd_sc_hd__and3_1)
                                                         _018_ (net)
                      0.066777    0.000033   10.070663 v _154_/D (sky130_fd_sc_hd__dfrtp_4)
                                             10.070663   data arrival time

                                  0.000000    0.000000   clock clk (rise edge)
                                  5.570000    5.570000   clock source latency
     2    0.029197    0.610000    0.000000    5.570000 ^ clk (in)
                                                         clk (net)
                      0.615156    0.002642    5.572642 ^ wire3/A (sky130_fd_sc_hd__buf_4)
     3    0.041430    0.198093    0.542737    6.115380 ^ wire3/X (sky130_fd_sc_hd__buf_4)
                                                         net274 (net)
                      0.198221    0.004922    6.120302 ^ wire2/A (sky130_fd_sc_hd__buf_6)
     3    0.070368    0.230398    0.363208    6.483510 ^ wire2/X (sky130_fd_sc_hd__buf_6)
                                                         net273 (net)
                      0.231573    0.013603    6.497113 ^ wire1/A (sky130_fd_sc_hd__buf_6)
     3    0.072767    0.237763    0.382769    6.879882 ^ wire1/X (sky130_fd_sc_hd__buf_6)
                                                         net272 (net)
                      0.239037    0.014399    6.894281 ^ clkbuf_0_clk/A (sky130_fd_sc_hd__clkbuf_16)
     9    0.093315    0.166701    0.392763    7.287044 ^ clkbuf_0_clk/X (sky130_fd_sc_hd__clkbuf_16)
                                                         clknet_0_clk (net)
                      0.167076    0.005367    7.292411 ^ clkbuf_2_3__f_clk/A (sky130_fd_sc_hd__clkbuf_16)
    21    0.067863    0.131728    0.329831    7.622242 ^ clkbuf_2_3__f_clk/X (sky130_fd_sc_hd__clkbuf_16)
                                                         clknet_2_3__leaf_clk (net)
                      0.132678    0.008953    7.631196 ^ _154_/CLK (sky130_fd_sc_hd__dfrtp_4)
                                  0.087500    7.718695   clock uncertainty
                                  0.000000    7.718695   clock reconvergence pessimism
                                 -0.075149    7.643547   library hold time
                                              7.643547   data required time
---------------------------------------------------------------------------------------------
                                              7.643547   data required time
                                            -10.070663   data arrival time
---------------------------------------------------------------------------------------------
                                              2.427117   slack (MET)


Startpoint: wbs_adr_i[18] (input port clocked by clk)
Endpoint: _160_ (rising edge-triggered flip-flop clocked by clk)
Path Group: clk
Path Type: min

Fanout         Cap        Slew       Delay        Time   Description
---------------------------------------------------------------------------------------------
                                  0.000000    0.000000   clock clk (rise edge)
                                  4.650000    4.650000   clock network delay (propagated)
                                  0.790000    5.440000 ^ input external delay
     2    0.004431    0.070000    0.000000    5.440000 ^ wbs_adr_i[18] (in)
                                                         wbs_adr_i[18] (net)
                      0.070054    0.000026    5.440026 ^ input88/A (sky130_fd_sc_hd__clkbuf_1)
     1    0.003921    0.091792    0.161348    5.601374 ^ input88/X (sky130_fd_sc_hd__clkbuf_1)
                                                         net88 (net)
                      0.091792    0.000071    5.601446 ^ _045_/D (sky130_fd_sc_hd__or4_2)
     3    0.021607    0.182650    0.295748    5.897193 ^ _045_/X (sky130_fd_sc_hd__or4_2)
                                                         _036_ (net)
                      0.182660    0.001577    5.898770 ^ _048_/B (sky130_fd_sc_hd__nor4_1)
     1    0.006897    0.075745    0.159548    6.058319 v _048_/Y (sky130_fd_sc_hd__nor4_1)
                                                         _039_ (net)
                      0.075745    0.000210    6.058529 v hold4/A (sky130_fd_sc_hd__dlygate4sd3_1)
     1    0.006827    0.144667    1.151040    7.209569 v hold4/X (sky130_fd_sc_hd__dlygate4sd3_1)
                                                         net278 (net)
                      0.144667    0.000203    7.209772 v wire262/A (sky130_fd_sc_hd__buf_2)
     1    0.010194    0.073096    0.288113    7.497884 v wire262/X (sky130_fd_sc_hd__buf_2)
                                                         net262 (net)
                      0.073097    0.000364    7.498249 v hold5/A (sky130_fd_sc_hd__dlygate4sd3_1)
     7    0.052020    0.509796    1.499740    8.997989 v hold5/X (sky130_fd_sc_hd__dlygate4sd3_1)
                                                         net279 (net)
                      0.509796    0.001588    8.999577 v fanout260/A (sky130_fd_sc_hd__buf_4)
    33    0.110780    0.251581    0.618828    9.618404 v fanout260/X (sky130_fd_sc_hd__buf_4)
                                                         net260 (net)
                      0.252694    0.011953    9.630357 v _127_/C (sky130_fd_sc_hd__and3_1)
     1    0.003039    0.066898    0.439988   10.070345 v _127_/X (sky130_fd_sc_hd__and3_1)
                                                         _025_ (net)
                      0.066898    0.000039   10.070384 v _160_/D (sky130_fd_sc_hd__dfrtp_4)
                                             10.070384   data arrival time

                                  0.000000    0.000000   clock clk (rise edge)
                                  5.570000    5.570000   clock source latency
     2    0.029197    0.610000    0.000000    5.570000 ^ clk (in)
                                                         clk (net)
                      0.615156    0.002642    5.572642 ^ wire3/A (sky130_fd_sc_hd__buf_4)
     3    0.041430    0.198093    0.542737    6.115380 ^ wire3/X (sky130_fd_sc_hd__buf_4)
                                                         net274 (net)
                      0.198221    0.004922    6.120302 ^ wire2/A (sky130_fd_sc_hd__buf_6)
     3    0.070368    0.230398    0.363208    6.483510 ^ wire2/X (sky130_fd_sc_hd__buf_6)
                                                         net273 (net)
                      0.231573    0.013603    6.497113 ^ wire1/A (sky130_fd_sc_hd__buf_6)
     3    0.072767    0.237763    0.382769    6.879882 ^ wire1/X (sky130_fd_sc_hd__buf_6)
                                                         net272 (net)
                      0.239037    0.014399    6.894281 ^ clkbuf_0_clk/A (sky130_fd_sc_hd__clkbuf_16)
     9    0.093315    0.166701    0.392763    7.287044 ^ clkbuf_0_clk/X (sky130_fd_sc_hd__clkbuf_16)
                                                         clknet_0_clk (net)
                      0.167076    0.005367    7.292411 ^ clkbuf_2_3__f_clk/A (sky130_fd_sc_hd__clkbuf_16)
    21    0.067863    0.131728    0.329831    7.622242 ^ clkbuf_2_3__f_clk/X (sky130_fd_sc_hd__clkbuf_16)
                                                         clknet_2_3__leaf_clk (net)
                      0.132516    0.008136    7.630378 ^ _160_/CLK (sky130_fd_sc_hd__dfrtp_4)
                                  0.087500    7.717878   clock uncertainty
                                  0.000000    7.717878   clock reconvergence pessimism
                                 -0.075233    7.642646   library hold time
                                              7.642646   data required time
---------------------------------------------------------------------------------------------
                                              7.642646   data required time
                                            -10.070384   data arrival time
---------------------------------------------------------------------------------------------
                                              2.427738   slack (MET)


Startpoint: wbs_adr_i[18] (input port clocked by clk)
Endpoint: _157_ (rising edge-triggered flip-flop clocked by clk)
Path Group: clk
Path Type: min

Fanout         Cap        Slew       Delay        Time   Description
---------------------------------------------------------------------------------------------
                                  0.000000    0.000000   clock clk (rise edge)
                                  4.650000    4.650000   clock network delay (propagated)
                                  0.790000    5.440000 ^ input external delay
     2    0.004431    0.070000    0.000000    5.440000 ^ wbs_adr_i[18] (in)
                                                         wbs_adr_i[18] (net)
                      0.070054    0.000026    5.440026 ^ input88/A (sky130_fd_sc_hd__clkbuf_1)
     1    0.003921    0.091792    0.161348    5.601374 ^ input88/X (sky130_fd_sc_hd__clkbuf_1)
                                                         net88 (net)
                      0.091792    0.000071    5.601446 ^ _045_/D (sky130_fd_sc_hd__or4_2)
     3    0.021607    0.182650    0.295748    5.897193 ^ _045_/X (sky130_fd_sc_hd__or4_2)
                                                         _036_ (net)
                      0.182660    0.001577    5.898770 ^ _048_/B (sky130_fd_sc_hd__nor4_1)
     1    0.006897    0.075745    0.159548    6.058319 v _048_/Y (sky130_fd_sc_hd__nor4_1)
                                                         _039_ (net)
                      0.075745    0.000210    6.058529 v hold4/A (sky130_fd_sc_hd__dlygate4sd3_1)
     1    0.006827    0.144667    1.151040    7.209569 v hold4/X (sky130_fd_sc_hd__dlygate4sd3_1)
                                                         net278 (net)
                      0.144667    0.000203    7.209772 v wire262/A (sky130_fd_sc_hd__buf_2)
     1    0.010194    0.073096    0.288113    7.497884 v wire262/X (sky130_fd_sc_hd__buf_2)
                                                         net262 (net)
                      0.073097    0.000364    7.498249 v hold5/A (sky130_fd_sc_hd__dlygate4sd3_1)
     7    0.052020    0.509796    1.499740    8.997989 v hold5/X (sky130_fd_sc_hd__dlygate4sd3_1)
                                                         net279 (net)
                      0.509796    0.001588    8.999577 v fanout260/A (sky130_fd_sc_hd__buf_4)
    33    0.110780    0.251581    0.618828    9.618404 v fanout260/X (sky130_fd_sc_hd__buf_4)
                                                         net260 (net)
                      0.252580    0.011196    9.629601 v _124_/C (sky130_fd_sc_hd__and3_1)
     1    0.003093    0.067598    0.440555   10.070156 v _124_/X (sky130_fd_sc_hd__and3_1)
                                                         _021_ (net)
                      0.067598    0.000040   10.070195 v _157_/D (sky130_fd_sc_hd__dfrtp_4)
                                             10.070195   data arrival time

                                  0.000000    0.000000   clock clk (rise edge)
                                  5.570000    5.570000   clock source latency
     2    0.029197    0.610000    0.000000    5.570000 ^ clk (in)
                                                         clk (net)
                      0.615156    0.002642    5.572642 ^ wire3/A (sky130_fd_sc_hd__buf_4)
     3    0.041430    0.198093    0.542737    6.115380 ^ wire3/X (sky130_fd_sc_hd__buf_4)
                                                         net274 (net)
                      0.198221    0.004922    6.120302 ^ wire2/A (sky130_fd_sc_hd__buf_6)
     3    0.070368    0.230398    0.363208    6.483510 ^ wire2/X (sky130_fd_sc_hd__buf_6)
                                                         net273 (net)
                      0.231573    0.013603    6.497113 ^ wire1/A (sky130_fd_sc_hd__buf_6)
     3    0.072767    0.237763    0.382769    6.879882 ^ wire1/X (sky130_fd_sc_hd__buf_6)
                                                         net272 (net)
                      0.239037    0.014399    6.894281 ^ clkbuf_0_clk/A (sky130_fd_sc_hd__clkbuf_16)
     9    0.093315    0.166701    0.392763    7.287044 ^ clkbuf_0_clk/X (sky130_fd_sc_hd__clkbuf_16)
                                                         clknet_0_clk (net)
                      0.167076    0.005367    7.292411 ^ clkbuf_2_3__f_clk/A (sky130_fd_sc_hd__clkbuf_16)
    21    0.067863    0.131728    0.329831    7.622242 ^ clkbuf_2_3__f_clk/X (sky130_fd_sc_hd__clkbuf_16)
                                                         clknet_2_3__leaf_clk (net)
                      0.132464    0.007858    7.630100 ^ _157_/CLK (sky130_fd_sc_hd__dfrtp_4)
                                  0.087500    7.717600   clock uncertainty
                                  0.000000    7.717600   clock reconvergence pessimism
                                 -0.075502    7.642098   library hold time
                                              7.642098   data required time
---------------------------------------------------------------------------------------------
                                              7.642098   data required time
                                            -10.070195   data arrival time
---------------------------------------------------------------------------------------------
                                              2.428098   slack (MET)


Startpoint: wbs_adr_i[18] (input port clocked by clk)
Endpoint: _158_ (rising edge-triggered flip-flop clocked by clk)
Path Group: clk
Path Type: min

Fanout         Cap        Slew       Delay        Time   Description
---------------------------------------------------------------------------------------------
                                  0.000000    0.000000   clock clk (rise edge)
                                  4.650000    4.650000   clock network delay (propagated)
                                  0.790000    5.440000 ^ input external delay
     2    0.004431    0.070000    0.000000    5.440000 ^ wbs_adr_i[18] (in)
                                                         wbs_adr_i[18] (net)
                      0.070054    0.000026    5.440026 ^ input88/A (sky130_fd_sc_hd__clkbuf_1)
     1    0.003921    0.091792    0.161348    5.601374 ^ input88/X (sky130_fd_sc_hd__clkbuf_1)
                                                         net88 (net)
                      0.091792    0.000071    5.601446 ^ _045_/D (sky130_fd_sc_hd__or4_2)
     3    0.021607    0.182650    0.295748    5.897193 ^ _045_/X (sky130_fd_sc_hd__or4_2)
                                                         _036_ (net)
                      0.182660    0.001577    5.898770 ^ _048_/B (sky130_fd_sc_hd__nor4_1)
     1    0.006897    0.075745    0.159548    6.058319 v _048_/Y (sky130_fd_sc_hd__nor4_1)
                                                         _039_ (net)
                      0.075745    0.000210    6.058529 v hold4/A (sky130_fd_sc_hd__dlygate4sd3_1)
     1    0.006827    0.144667    1.151040    7.209569 v hold4/X (sky130_fd_sc_hd__dlygate4sd3_1)
                                                         net278 (net)
                      0.144667    0.000203    7.209772 v wire262/A (sky130_fd_sc_hd__buf_2)
     1    0.010194    0.073096    0.288113    7.497884 v wire262/X (sky130_fd_sc_hd__buf_2)
                                                         net262 (net)
                      0.073097    0.000364    7.498249 v hold5/A (sky130_fd_sc_hd__dlygate4sd3_1)
     7    0.052020    0.509796    1.499740    8.997989 v hold5/X (sky130_fd_sc_hd__dlygate4sd3_1)
                                                         net279 (net)
                      0.509796    0.001588    8.999577 v fanout260/A (sky130_fd_sc_hd__buf_4)
    33    0.110780    0.251581    0.618828    9.618404 v fanout260/X (sky130_fd_sc_hd__buf_4)
                                                         net260 (net)
                      0.252742    0.012252    9.630656 v _125_/C (sky130_fd_sc_hd__and3_1)
     1    0.003076    0.067412    0.440445   10.071101 v _125_/X (sky130_fd_sc_hd__and3_1)
                                                         _022_ (net)
                      0.067412    0.000039   10.071140 v _158_/D (sky130_fd_sc_hd__dfrtp_4)
                                             10.071140   data arrival time

                                  0.000000    0.000000   clock clk (rise edge)
                                  5.570000    5.570000   clock source latency
     2    0.029197    0.610000    0.000000    5.570000 ^ clk (in)
                                                         clk (net)
                      0.615156    0.002642    5.572642 ^ wire3/A (sky130_fd_sc_hd__buf_4)
     3    0.041430    0.198093    0.542737    6.115380 ^ wire3/X (sky130_fd_sc_hd__buf_4)
                                                         net274 (net)
                      0.198221    0.004922    6.120302 ^ wire2/A (sky130_fd_sc_hd__buf_6)
     3    0.070368    0.230398    0.363208    6.483510 ^ wire2/X (sky130_fd_sc_hd__buf_6)
                                                         net273 (net)
                      0.231573    0.013603    6.497113 ^ wire1/A (sky130_fd_sc_hd__buf_6)
     3    0.072767    0.237763    0.382769    6.879882 ^ wire1/X (sky130_fd_sc_hd__buf_6)
                                                         net272 (net)
                      0.239037    0.014399    6.894281 ^ clkbuf_0_clk/A (sky130_fd_sc_hd__clkbuf_16)
     9    0.093315    0.166701    0.392763    7.287044 ^ clkbuf_0_clk/X (sky130_fd_sc_hd__clkbuf_16)
                                                         clknet_0_clk (net)
                      0.167076    0.005367    7.292411 ^ clkbuf_2_3__f_clk/A (sky130_fd_sc_hd__clkbuf_16)
    21    0.067863    0.131728    0.329831    7.622242 ^ clkbuf_2_3__f_clk/X (sky130_fd_sc_hd__clkbuf_16)
                                                         clknet_2_3__leaf_clk (net)
                      0.132578    0.008454    7.630696 ^ _158_/CLK (sky130_fd_sc_hd__dfrtp_4)
                                  0.087500    7.718196   clock uncertainty
                                  0.000000    7.718196   clock reconvergence pessimism
                                 -0.075406    7.642790   library hold time
                                              7.642790   data required time
---------------------------------------------------------------------------------------------
                                              7.642790   data required time
                                            -10.071140   data arrival time
---------------------------------------------------------------------------------------------
                                              2.428351   slack (MET)


Startpoint: wbs_adr_i[18] (input port clocked by clk)
Endpoint: _130_ (rising edge-triggered flip-flop clocked by clk)
Path Group: clk
Path Type: min

Fanout         Cap        Slew       Delay        Time   Description
---------------------------------------------------------------------------------------------
                                  0.000000    0.000000   clock clk (rise edge)
                                  4.650000    4.650000   clock network delay (propagated)
                                  0.790000    5.440000 ^ input external delay
     2    0.004431    0.070000    0.000000    5.440000 ^ wbs_adr_i[18] (in)
                                                         wbs_adr_i[18] (net)
                      0.070054    0.000026    5.440026 ^ input88/A (sky130_fd_sc_hd__clkbuf_1)
     1    0.003921    0.091792    0.161348    5.601374 ^ input88/X (sky130_fd_sc_hd__clkbuf_1)
                                                         net88 (net)
                      0.091792    0.000071    5.601446 ^ _045_/D (sky130_fd_sc_hd__or4_2)
     3    0.021607    0.182650    0.295748    5.897193 ^ _045_/X (sky130_fd_sc_hd__or4_2)
                                                         _036_ (net)
                      0.182660    0.001577    5.898770 ^ _048_/B (sky130_fd_sc_hd__nor4_1)
     1    0.006897    0.075745    0.159548    6.058319 v _048_/Y (sky130_fd_sc_hd__nor4_1)
                                                         _039_ (net)
                      0.075745    0.000210    6.058529 v hold4/A (sky130_fd_sc_hd__dlygate4sd3_1)
     1    0.006827    0.144667    1.151040    7.209569 v hold4/X (sky130_fd_sc_hd__dlygate4sd3_1)
                                                         net278 (net)
                      0.144667    0.000203    7.209772 v wire262/A (sky130_fd_sc_hd__buf_2)
     1    0.010194    0.073096    0.288113    7.497884 v wire262/X (sky130_fd_sc_hd__buf_2)
                                                         net262 (net)
                      0.073097    0.000364    7.498249 v hold5/A (sky130_fd_sc_hd__dlygate4sd3_1)
     7    0.052020    0.509796    1.499740    8.997989 v hold5/X (sky130_fd_sc_hd__dlygate4sd3_1)
                                                         net279 (net)
                      0.509822    0.004167    9.002155 v fanout261/A (sky130_fd_sc_hd__buf_4)
    33    0.115901    0.262271    0.622626    9.624782 v fanout261/X (sky130_fd_sc_hd__buf_4)
                                                         net261 (net)
                      0.264690    0.019758    9.644539 v _097_/C (sky130_fd_sc_hd__and3_1)
     1    0.003024    0.067280    0.445849   10.090387 v _097_/X (sky130_fd_sc_hd__and3_1)
                                                         _012_ (net)
                      0.067280    0.000036   10.090423 v _130_/D (sky130_fd_sc_hd__dfrtp_4)
                                             10.090423   data arrival time

                                  0.000000    0.000000   clock clk (rise edge)
                                  5.570000    5.570000   clock source latency
     2    0.029197    0.610000    0.000000    5.570000 ^ clk (in)
                                                         clk (net)
                      0.615156    0.002642    5.572642 ^ wire3/A (sky130_fd_sc_hd__buf_4)
     3    0.041430    0.198093    0.542737    6.115380 ^ wire3/X (sky130_fd_sc_hd__buf_4)
                                                         net274 (net)
                      0.198221    0.004922    6.120302 ^ wire2/A (sky130_fd_sc_hd__buf_6)
     3    0.070368    0.230398    0.363208    6.483510 ^ wire2/X (sky130_fd_sc_hd__buf_6)
                                                         net273 (net)
                      0.231573    0.013603    6.497113 ^ wire1/A (sky130_fd_sc_hd__buf_6)
     3    0.072767    0.237763    0.382769    6.879882 ^ wire1/X (sky130_fd_sc_hd__buf_6)
                                                         net272 (net)
                      0.239037    0.014399    6.894281 ^ clkbuf_0_clk/A (sky130_fd_sc_hd__clkbuf_16)
     9    0.093315    0.166701    0.392763    7.287044 ^ clkbuf_0_clk/X (sky130_fd_sc_hd__clkbuf_16)
                                                         clknet_0_clk (net)
                      0.167126    0.005858    7.292902 ^ clkbuf_2_1__f_clk/A (sky130_fd_sc_hd__clkbuf_16)
    21    0.079864    0.148527    0.343280    7.636183 ^ clkbuf_2_1__f_clk/X (sky130_fd_sc_hd__clkbuf_16)
                                                         clknet_2_1__leaf_clk (net)
                      0.149479    0.009613    7.645795 ^ _130_/CLK (sky130_fd_sc_hd__dfrtp_4)
                                  0.087500    7.733295   clock uncertainty
                                  0.000000    7.733295   clock reconvergence pessimism
                                 -0.071261    7.662034   library hold time
                                              7.662034   data required time
---------------------------------------------------------------------------------------------
                                              7.662034   data required time
                                            -10.090423   data arrival time
---------------------------------------------------------------------------------------------
                                              2.428389   slack (MET)


Startpoint: wbs_adr_i[18] (input port clocked by clk)
Endpoint: _156_ (rising edge-triggered flip-flop clocked by clk)
Path Group: clk
Path Type: min

Fanout         Cap        Slew       Delay        Time   Description
---------------------------------------------------------------------------------------------
                                  0.000000    0.000000   clock clk (rise edge)
                                  4.650000    4.650000   clock network delay (propagated)
                                  0.790000    5.440000 ^ input external delay
     2    0.004431    0.070000    0.000000    5.440000 ^ wbs_adr_i[18] (in)
                                                         wbs_adr_i[18] (net)
                      0.070054    0.000026    5.440026 ^ input88/A (sky130_fd_sc_hd__clkbuf_1)
     1    0.003921    0.091792    0.161348    5.601374 ^ input88/X (sky130_fd_sc_hd__clkbuf_1)
                                                         net88 (net)
                      0.091792    0.000071    5.601446 ^ _045_/D (sky130_fd_sc_hd__or4_2)
     3    0.021607    0.182650    0.295748    5.897193 ^ _045_/X (sky130_fd_sc_hd__or4_2)
                                                         _036_ (net)
                      0.182660    0.001577    5.898770 ^ _048_/B (sky130_fd_sc_hd__nor4_1)
     1    0.006897    0.075745    0.159548    6.058319 v _048_/Y (sky130_fd_sc_hd__nor4_1)
                                                         _039_ (net)
                      0.075745    0.000210    6.058529 v hold4/A (sky130_fd_sc_hd__dlygate4sd3_1)
     1    0.006827    0.144667    1.151040    7.209569 v hold4/X (sky130_fd_sc_hd__dlygate4sd3_1)
                                                         net278 (net)
                      0.144667    0.000203    7.209772 v wire262/A (sky130_fd_sc_hd__buf_2)
     1    0.010194    0.073096    0.288113    7.497884 v wire262/X (sky130_fd_sc_hd__buf_2)
                                                         net262 (net)
                      0.073097    0.000364    7.498249 v hold5/A (sky130_fd_sc_hd__dlygate4sd3_1)
     7    0.052020    0.509796    1.499740    8.997989 v hold5/X (sky130_fd_sc_hd__dlygate4sd3_1)
                                                         net279 (net)
                      0.509796    0.001588    8.999577 v fanout260/A (sky130_fd_sc_hd__buf_4)
    33    0.110780    0.251581    0.618828    9.618404 v fanout260/X (sky130_fd_sc_hd__buf_4)
                                                         net260 (net)
                      0.252666    0.011769    9.630174 v _123_/C (sky130_fd_sc_hd__and3_1)
     1    0.003094    0.067688    0.440614   10.070787 v _123_/X (sky130_fd_sc_hd__and3_1)
                                                         _020_ (net)
                      0.067688    0.000039   10.070827 v _156_/D (sky130_fd_sc_hd__dfrtp_4)
                                             10.070827   data arrival time

                                  0.000000    0.000000   clock clk (rise edge)
                                  5.570000    5.570000   clock source latency
     2    0.029197    0.610000    0.000000    5.570000 ^ clk (in)
                                                         clk (net)
                      0.615156    0.002642    5.572642 ^ wire3/A (sky130_fd_sc_hd__buf_4)
     3    0.041430    0.198093    0.542737    6.115380 ^ wire3/X (sky130_fd_sc_hd__buf_4)
                                                         net274 (net)
                      0.198221    0.004922    6.120302 ^ wire2/A (sky130_fd_sc_hd__buf_6)
     3    0.070368    0.230398    0.363208    6.483510 ^ wire2/X (sky130_fd_sc_hd__buf_6)
                                                         net273 (net)
                      0.231573    0.013603    6.497113 ^ wire1/A (sky130_fd_sc_hd__buf_6)
     3    0.072767    0.237763    0.382769    6.879882 ^ wire1/X (sky130_fd_sc_hd__buf_6)
                                                         net272 (net)
                      0.239037    0.014399    6.894281 ^ clkbuf_0_clk/A (sky130_fd_sc_hd__clkbuf_16)
     9    0.093315    0.166701    0.392763    7.287044 ^ clkbuf_0_clk/X (sky130_fd_sc_hd__clkbuf_16)
                                                         clknet_0_clk (net)
                      0.167076    0.005367    7.292411 ^ clkbuf_2_3__f_clk/A (sky130_fd_sc_hd__clkbuf_16)
    21    0.067863    0.131728    0.329831    7.622242 ^ clkbuf_2_3__f_clk/X (sky130_fd_sc_hd__clkbuf_16)
                                                         clknet_2_3__leaf_clk (net)
                      0.132516    0.008135    7.630377 ^ _156_/CLK (sky130_fd_sc_hd__dfrtp_4)
                                  0.087500    7.717877   clock uncertainty
                                  0.000000    7.717877   clock reconvergence pessimism
                                 -0.075523    7.642354   library hold time
                                              7.642354   data required time
---------------------------------------------------------------------------------------------
                                              7.642354   data required time
                                            -10.070827   data arrival time
---------------------------------------------------------------------------------------------
                                              2.428472   slack (MET)


Startpoint: wbs_adr_i[18] (input port clocked by clk)
Endpoint: _129_ (rising edge-triggered flip-flop clocked by clk)
Path Group: clk
Path Type: min

Fanout         Cap        Slew       Delay        Time   Description
---------------------------------------------------------------------------------------------
                                  0.000000    0.000000   clock clk (rise edge)
                                  4.650000    4.650000   clock network delay (propagated)
                                  0.790000    5.440000 ^ input external delay
     2    0.004431    0.070000    0.000000    5.440000 ^ wbs_adr_i[18] (in)
                                                         wbs_adr_i[18] (net)
                      0.070054    0.000026    5.440026 ^ input88/A (sky130_fd_sc_hd__clkbuf_1)
     1    0.003921    0.091792    0.161348    5.601374 ^ input88/X (sky130_fd_sc_hd__clkbuf_1)
                                                         net88 (net)
                      0.091792    0.000071    5.601446 ^ _045_/D (sky130_fd_sc_hd__or4_2)
     3    0.021607    0.182650    0.295748    5.897193 ^ _045_/X (sky130_fd_sc_hd__or4_2)
                                                         _036_ (net)
                      0.182660    0.001577    5.898770 ^ _048_/B (sky130_fd_sc_hd__nor4_1)
     1    0.006897    0.075745    0.159548    6.058319 v _048_/Y (sky130_fd_sc_hd__nor4_1)
                                                         _039_ (net)
                      0.075745    0.000210    6.058529 v hold4/A (sky130_fd_sc_hd__dlygate4sd3_1)
     1    0.006827    0.144667    1.151040    7.209569 v hold4/X (sky130_fd_sc_hd__dlygate4sd3_1)
                                                         net278 (net)
                      0.144667    0.000203    7.209772 v wire262/A (sky130_fd_sc_hd__buf_2)
     1    0.010194    0.073096    0.288113    7.497884 v wire262/X (sky130_fd_sc_hd__buf_2)
                                                         net262 (net)
                      0.073097    0.000364    7.498249 v hold5/A (sky130_fd_sc_hd__dlygate4sd3_1)
     7    0.052020    0.509796    1.499740    8.997989 v hold5/X (sky130_fd_sc_hd__dlygate4sd3_1)
                                                         net279 (net)
                      0.509822    0.004167    9.002155 v fanout261/A (sky130_fd_sc_hd__buf_4)
    33    0.115901    0.262271    0.622626    9.624782 v fanout261/X (sky130_fd_sc_hd__buf_4)
                                                         net261 (net)
                      0.264407    0.018607    9.643389 v _096_/C (sky130_fd_sc_hd__and3_1)
     1    0.003123    0.067822    0.446850   10.090239 v _096_/X (sky130_fd_sc_hd__and3_1)
                                                         _001_ (net)
                      0.067822    0.000041   10.090280 v _129_/D (sky130_fd_sc_hd__dfrtp_4)
                                             10.090280   data arrival time

                                  0.000000    0.000000   clock clk (rise edge)
                                  5.570000    5.570000   clock source latency
     2    0.029197    0.610000    0.000000    5.570000 ^ clk (in)
                                                         clk (net)
                      0.615156    0.002642    5.572642 ^ wire3/A (sky130_fd_sc_hd__buf_4)
     3    0.041430    0.198093    0.542737    6.115380 ^ wire3/X (sky130_fd_sc_hd__buf_4)
                                                         net274 (net)
                      0.198221    0.004922    6.120302 ^ wire2/A (sky130_fd_sc_hd__buf_6)
     3    0.070368    0.230398    0.363208    6.483510 ^ wire2/X (sky130_fd_sc_hd__buf_6)
                                                         net273 (net)
                      0.231573    0.013603    6.497113 ^ wire1/A (sky130_fd_sc_hd__buf_6)
     3    0.072767    0.237763    0.382769    6.879882 ^ wire1/X (sky130_fd_sc_hd__buf_6)
                                                         net272 (net)
                      0.239037    0.014399    6.894281 ^ clkbuf_0_clk/A (sky130_fd_sc_hd__clkbuf_16)
     9    0.093315    0.166701    0.392763    7.287044 ^ clkbuf_0_clk/X (sky130_fd_sc_hd__clkbuf_16)
                                                         clknet_0_clk (net)
                      0.167126    0.005858    7.292902 ^ clkbuf_2_1__f_clk/A (sky130_fd_sc_hd__clkbuf_16)
    21    0.079864    0.148527    0.343280    7.636183 ^ clkbuf_2_1__f_clk/X (sky130_fd_sc_hd__clkbuf_16)
                                                         clknet_2_1__leaf_clk (net)
                      0.149237    0.008306    7.644489 ^ _129_/CLK (sky130_fd_sc_hd__dfrtp_4)
                                  0.087500    7.731988   clock uncertainty
                                  0.000000    7.731988   clock reconvergence pessimism
                                 -0.071518    7.660470   library hold time
                                              7.660470   data required time
---------------------------------------------------------------------------------------------
                                              7.660470   data required time
                                            -10.090280   data arrival time
---------------------------------------------------------------------------------------------
                                              2.429809   slack (MET)


Startpoint: wbs_adr_i[18] (input port clocked by clk)
Endpoint: _152_ (rising edge-triggered flip-flop clocked by clk)
Path Group: clk
Path Type: min

Fanout         Cap        Slew       Delay        Time   Description
---------------------------------------------------------------------------------------------
                                  0.000000    0.000000   clock clk (rise edge)
                                  4.650000    4.650000   clock network delay (propagated)
                                  0.790000    5.440000 ^ input external delay
     2    0.004431    0.070000    0.000000    5.440000 ^ wbs_adr_i[18] (in)
                                                         wbs_adr_i[18] (net)
                      0.070054    0.000026    5.440026 ^ input88/A (sky130_fd_sc_hd__clkbuf_1)
     1    0.003921    0.091792    0.161348    5.601374 ^ input88/X (sky130_fd_sc_hd__clkbuf_1)
                                                         net88 (net)
                      0.091792    0.000071    5.601446 ^ _045_/D (sky130_fd_sc_hd__or4_2)
     3    0.021607    0.182650    0.295748    5.897193 ^ _045_/X (sky130_fd_sc_hd__or4_2)
                                                         _036_ (net)
                      0.182660    0.001577    5.898770 ^ _048_/B (sky130_fd_sc_hd__nor4_1)
     1    0.006897    0.075745    0.159548    6.058319 v _048_/Y (sky130_fd_sc_hd__nor4_1)
                                                         _039_ (net)
                      0.075745    0.000210    6.058529 v hold4/A (sky130_fd_sc_hd__dlygate4sd3_1)
     1    0.006827    0.144667    1.151040    7.209569 v hold4/X (sky130_fd_sc_hd__dlygate4sd3_1)
                                                         net278 (net)
                      0.144667    0.000203    7.209772 v wire262/A (sky130_fd_sc_hd__buf_2)
     1    0.010194    0.073096    0.288113    7.497884 v wire262/X (sky130_fd_sc_hd__buf_2)
                                                         net262 (net)
                      0.073097    0.000364    7.498249 v hold5/A (sky130_fd_sc_hd__dlygate4sd3_1)
     7    0.052020    0.509796    1.499740    8.997989 v hold5/X (sky130_fd_sc_hd__dlygate4sd3_1)
                                                         net279 (net)
                      0.509796    0.001588    8.999577 v fanout260/A (sky130_fd_sc_hd__buf_4)
    33    0.110780    0.251581    0.618828    9.618404 v fanout260/X (sky130_fd_sc_hd__buf_4)
                                                         net260 (net)
                      0.252795    0.012579    9.630983 v _119_/C (sky130_fd_sc_hd__and3_1)
     1    0.003372    0.070188    0.443887   10.074870 v _119_/X (sky130_fd_sc_hd__and3_1)
                                                         _016_ (net)
                      0.070188    0.000043   10.074913 v _152_/D (sky130_fd_sc_hd__dfrtp_4)
                                             10.074913   data arrival time

                                  0.000000    0.000000   clock clk (rise edge)
                                  5.570000    5.570000   clock source latency
     2    0.029197    0.610000    0.000000    5.570000 ^ clk (in)
                                                         clk (net)
                      0.615156    0.002642    5.572642 ^ wire3/A (sky130_fd_sc_hd__buf_4)
     3    0.041430    0.198093    0.542737    6.115380 ^ wire3/X (sky130_fd_sc_hd__buf_4)
                                                         net274 (net)
                      0.198221    0.004922    6.120302 ^ wire2/A (sky130_fd_sc_hd__buf_6)
     3    0.070368    0.230398    0.363208    6.483510 ^ wire2/X (sky130_fd_sc_hd__buf_6)
                                                         net273 (net)
                      0.231573    0.013603    6.497113 ^ wire1/A (sky130_fd_sc_hd__buf_6)
     3    0.072767    0.237763    0.382769    6.879882 ^ wire1/X (sky130_fd_sc_hd__buf_6)
                                                         net272 (net)
                      0.239037    0.014399    6.894281 ^ clkbuf_0_clk/A (sky130_fd_sc_hd__clkbuf_16)
     9    0.093315    0.166701    0.392763    7.287044 ^ clkbuf_0_clk/X (sky130_fd_sc_hd__clkbuf_16)
                                                         clknet_0_clk (net)
                      0.167076    0.005367    7.292411 ^ clkbuf_2_3__f_clk/A (sky130_fd_sc_hd__clkbuf_16)
    21    0.067863    0.131728    0.329831    7.622242 ^ clkbuf_2_3__f_clk/X (sky130_fd_sc_hd__clkbuf_16)
                                                         clknet_2_3__leaf_clk (net)
                      0.132689    0.009003    7.631245 ^ _152_/CLK (sky130_fd_sc_hd__dfrtp_4)
                                  0.087500    7.718745   clock uncertainty
                                  0.000000    7.718745   clock reconvergence pessimism
                                 -0.076398    7.642346   library hold time
                                              7.642346   data required time
---------------------------------------------------------------------------------------------
                                              7.642346   data required time
                                            -10.074913   data arrival time
---------------------------------------------------------------------------------------------
                                              2.432566   slack (MET)


Startpoint: wbs_adr_i[18] (input port clocked by clk)
Endpoint: _155_ (rising edge-triggered flip-flop clocked by clk)
Path Group: clk
Path Type: min

Fanout         Cap        Slew       Delay        Time   Description
---------------------------------------------------------------------------------------------
                                  0.000000    0.000000   clock clk (rise edge)
                                  4.650000    4.650000   clock network delay (propagated)
                                  0.790000    5.440000 ^ input external delay
     2    0.004431    0.070000    0.000000    5.440000 ^ wbs_adr_i[18] (in)
                                                         wbs_adr_i[18] (net)
                      0.070054    0.000026    5.440026 ^ input88/A (sky130_fd_sc_hd__clkbuf_1)
     1    0.003921    0.091792    0.161348    5.601374 ^ input88/X (sky130_fd_sc_hd__clkbuf_1)
                                                         net88 (net)
                      0.091792    0.000071    5.601446 ^ _045_/D (sky130_fd_sc_hd__or4_2)
     3    0.021607    0.182650    0.295748    5.897193 ^ _045_/X (sky130_fd_sc_hd__or4_2)
                                                         _036_ (net)
                      0.182660    0.001577    5.898770 ^ _048_/B (sky130_fd_sc_hd__nor4_1)
     1    0.006897    0.075745    0.159548    6.058319 v _048_/Y (sky130_fd_sc_hd__nor4_1)
                                                         _039_ (net)
                      0.075745    0.000210    6.058529 v hold4/A (sky130_fd_sc_hd__dlygate4sd3_1)
     1    0.006827    0.144667    1.151040    7.209569 v hold4/X (sky130_fd_sc_hd__dlygate4sd3_1)
                                                         net278 (net)
                      0.144667    0.000203    7.209772 v wire262/A (sky130_fd_sc_hd__buf_2)
     1    0.010194    0.073096    0.288113    7.497884 v wire262/X (sky130_fd_sc_hd__buf_2)
                                                         net262 (net)
                      0.073097    0.000364    7.498249 v hold5/A (sky130_fd_sc_hd__dlygate4sd3_1)
     7    0.052020    0.509796    1.499740    8.997989 v hold5/X (sky130_fd_sc_hd__dlygate4sd3_1)
                                                         net279 (net)
                      0.509796    0.001588    8.999577 v fanout260/A (sky130_fd_sc_hd__buf_4)
    33    0.110780    0.251581    0.618828    9.618404 v fanout260/X (sky130_fd_sc_hd__buf_4)
                                                         net260 (net)
                      0.252770    0.012427    9.630831 v _122_/C (sky130_fd_sc_hd__and3_1)
     1    0.003418    0.070385    0.444406   10.075237 v _122_/X (sky130_fd_sc_hd__and3_1)
                                                         _019_ (net)
                      0.070385    0.000049   10.075286 v _155_/D (sky130_fd_sc_hd__dfrtp_4)
                                             10.075286   data arrival time

                                  0.000000    0.000000   clock clk (rise edge)
                                  5.570000    5.570000   clock source latency
     2    0.029197    0.610000    0.000000    5.570000 ^ clk (in)
                                                         clk (net)
                      0.615156    0.002642    5.572642 ^ wire3/A (sky130_fd_sc_hd__buf_4)
     3    0.041430    0.198093    0.542737    6.115380 ^ wire3/X (sky130_fd_sc_hd__buf_4)
                                                         net274 (net)
                      0.198221    0.004922    6.120302 ^ wire2/A (sky130_fd_sc_hd__buf_6)
     3    0.070368    0.230398    0.363208    6.483510 ^ wire2/X (sky130_fd_sc_hd__buf_6)
                                                         net273 (net)
                      0.231573    0.013603    6.497113 ^ wire1/A (sky130_fd_sc_hd__buf_6)
     3    0.072767    0.237763    0.382769    6.879882 ^ wire1/X (sky130_fd_sc_hd__buf_6)
                                                         net272 (net)
                      0.239037    0.014399    6.894281 ^ clkbuf_0_clk/A (sky130_fd_sc_hd__clkbuf_16)
     9    0.093315    0.166701    0.392763    7.287044 ^ clkbuf_0_clk/X (sky130_fd_sc_hd__clkbuf_16)
                                                         clknet_0_clk (net)
                      0.167076    0.005367    7.292411 ^ clkbuf_2_3__f_clk/A (sky130_fd_sc_hd__clkbuf_16)
    21    0.067863    0.131728    0.329831    7.622242 ^ clkbuf_2_3__f_clk/X (sky130_fd_sc_hd__clkbuf_16)
                                                         clknet_2_3__leaf_clk (net)
                      0.132685    0.008986    7.631228 ^ _155_/CLK (sky130_fd_sc_hd__dfrtp_4)
                                  0.087500    7.718728   clock uncertainty
                                  0.000000    7.718728   clock reconvergence pessimism
                                 -0.076471    7.642257   library hold time
                                              7.642257   data required time
---------------------------------------------------------------------------------------------
                                              7.642257   data required time
                                            -10.075286   data arrival time
---------------------------------------------------------------------------------------------
                                              2.433029   slack (MET)


Startpoint: wbs_adr_i[18] (input port clocked by clk)
Endpoint: _132_ (rising edge-triggered flip-flop clocked by clk)
Path Group: clk
Path Type: min

Fanout         Cap        Slew       Delay        Time   Description
---------------------------------------------------------------------------------------------
                                  0.000000    0.000000   clock clk (rise edge)
                                  4.650000    4.650000   clock network delay (propagated)
                                  0.790000    5.440000 ^ input external delay
     2    0.004431    0.070000    0.000000    5.440000 ^ wbs_adr_i[18] (in)
                                                         wbs_adr_i[18] (net)
                      0.070054    0.000026    5.440026 ^ input88/A (sky130_fd_sc_hd__clkbuf_1)
     1    0.003921    0.091792    0.161348    5.601374 ^ input88/X (sky130_fd_sc_hd__clkbuf_1)
                                                         net88 (net)
                      0.091792    0.000071    5.601446 ^ _045_/D (sky130_fd_sc_hd__or4_2)
     3    0.021607    0.182650    0.295748    5.897193 ^ _045_/X (sky130_fd_sc_hd__or4_2)
                                                         _036_ (net)
                      0.182660    0.001577    5.898770 ^ _048_/B (sky130_fd_sc_hd__nor4_1)
     1    0.006897    0.075745    0.159548    6.058319 v _048_/Y (sky130_fd_sc_hd__nor4_1)
                                                         _039_ (net)
                      0.075745    0.000210    6.058529 v hold4/A (sky130_fd_sc_hd__dlygate4sd3_1)
     1    0.006827    0.144667    1.151040    7.209569 v hold4/X (sky130_fd_sc_hd__dlygate4sd3_1)
                                                         net278 (net)
                      0.144667    0.000203    7.209772 v wire262/A (sky130_fd_sc_hd__buf_2)
     1    0.010194    0.073096    0.288113    7.497884 v wire262/X (sky130_fd_sc_hd__buf_2)
                                                         net262 (net)
                      0.073097    0.000364    7.498249 v hold5/A (sky130_fd_sc_hd__dlygate4sd3_1)
     7    0.052020    0.509796    1.499740    8.997989 v hold5/X (sky130_fd_sc_hd__dlygate4sd3_1)
                                                         net279 (net)
                      0.509822    0.004167    9.002155 v fanout261/A (sky130_fd_sc_hd__buf_4)
    33    0.115901    0.262271    0.622626    9.624782 v fanout261/X (sky130_fd_sc_hd__buf_4)
                                                         net261 (net)
                      0.264725    0.019893    9.644674 v _099_/C (sky130_fd_sc_hd__and3_1)
     1    0.003523    0.071380    0.451635   10.096310 v _099_/X (sky130_fd_sc_hd__and3_1)
                                                         _026_ (net)
                      0.071380    0.000049   10.096358 v _132_/D (sky130_fd_sc_hd__dfrtp_4)
                                             10.096358   data arrival time

                                  0.000000    0.000000   clock clk (rise edge)
                                  5.570000    5.570000   clock source latency
     2    0.029197    0.610000    0.000000    5.570000 ^ clk (in)
                                                         clk (net)
                      0.615156    0.002642    5.572642 ^ wire3/A (sky130_fd_sc_hd__buf_4)
     3    0.041430    0.198093    0.542737    6.115380 ^ wire3/X (sky130_fd_sc_hd__buf_4)
                                                         net274 (net)
                      0.198221    0.004922    6.120302 ^ wire2/A (sky130_fd_sc_hd__buf_6)
     3    0.070368    0.230398    0.363208    6.483510 ^ wire2/X (sky130_fd_sc_hd__buf_6)
                                                         net273 (net)
                      0.231573    0.013603    6.497113 ^ wire1/A (sky130_fd_sc_hd__buf_6)
     3    0.072767    0.237763    0.382769    6.879882 ^ wire1/X (sky130_fd_sc_hd__buf_6)
                                                         net272 (net)
                      0.239037    0.014399    6.894281 ^ clkbuf_0_clk/A (sky130_fd_sc_hd__clkbuf_16)
     9    0.093315    0.166701    0.392763    7.287044 ^ clkbuf_0_clk/X (sky130_fd_sc_hd__clkbuf_16)
                                                         clknet_0_clk (net)
                      0.167126    0.005858    7.292902 ^ clkbuf_2_1__f_clk/A (sky130_fd_sc_hd__clkbuf_16)
    21    0.079864    0.148527    0.343280    7.636183 ^ clkbuf_2_1__f_clk/X (sky130_fd_sc_hd__clkbuf_16)
                                                         clknet_2_1__leaf_clk (net)
                      0.149483    0.009636    7.645818 ^ _132_/CLK (sky130_fd_sc_hd__dfrtp_4)
                                  0.087500    7.733318   clock uncertainty
                                  0.000000    7.733318   clock reconvergence pessimism
                                 -0.072765    7.660553   library hold time
                                              7.660553   data required time
---------------------------------------------------------------------------------------------
                                              7.660553   data required time
                                            -10.096358   data arrival time
---------------------------------------------------------------------------------------------
                                              2.435805   slack (MET)


Startpoint: wbs_adr_i[18] (input port clocked by clk)
Endpoint: _133_ (rising edge-triggered flip-flop clocked by clk)
Path Group: clk
Path Type: min

Fanout         Cap        Slew       Delay        Time   Description
---------------------------------------------------------------------------------------------
                                  0.000000    0.000000   clock clk (rise edge)
                                  4.650000    4.650000   clock network delay (propagated)
                                  0.790000    5.440000 ^ input external delay
     2    0.004431    0.070000    0.000000    5.440000 ^ wbs_adr_i[18] (in)
                                                         wbs_adr_i[18] (net)
                      0.070054    0.000026    5.440026 ^ input88/A (sky130_fd_sc_hd__clkbuf_1)
     1    0.003921    0.091792    0.161348    5.601374 ^ input88/X (sky130_fd_sc_hd__clkbuf_1)
                                                         net88 (net)
                      0.091792    0.000071    5.601446 ^ _045_/D (sky130_fd_sc_hd__or4_2)
     3    0.021607    0.182650    0.295748    5.897193 ^ _045_/X (sky130_fd_sc_hd__or4_2)
                                                         _036_ (net)
                      0.182660    0.001577    5.898770 ^ _048_/B (sky130_fd_sc_hd__nor4_1)
     1    0.006897    0.075745    0.159548    6.058319 v _048_/Y (sky130_fd_sc_hd__nor4_1)
                                                         _039_ (net)
                      0.075745    0.000210    6.058529 v hold4/A (sky130_fd_sc_hd__dlygate4sd3_1)
     1    0.006827    0.144667    1.151040    7.209569 v hold4/X (sky130_fd_sc_hd__dlygate4sd3_1)
                                                         net278 (net)
                      0.144667    0.000203    7.209772 v wire262/A (sky130_fd_sc_hd__buf_2)
     1    0.010194    0.073096    0.288113    7.497884 v wire262/X (sky130_fd_sc_hd__buf_2)
                                                         net262 (net)
                      0.073097    0.000364    7.498249 v hold5/A (sky130_fd_sc_hd__dlygate4sd3_1)
     7    0.052020    0.509796    1.499740    8.997989 v hold5/X (sky130_fd_sc_hd__dlygate4sd3_1)
                                                         net279 (net)
                      0.509822    0.004167    9.002155 v fanout261/A (sky130_fd_sc_hd__buf_4)
    33    0.115901    0.262271    0.622626    9.624782 v fanout261/X (sky130_fd_sc_hd__buf_4)
                                                         net261 (net)
                      0.264728    0.019907    9.644688 v _100_/C (sky130_fd_sc_hd__and3_1)
     1    0.003912    0.074886    0.456130   10.100819 v _100_/X (sky130_fd_sc_hd__and3_1)
                                                         _027_ (net)
                      0.074886    0.000063   10.100882 v _133_/D (sky130_fd_sc_hd__dfrtp_4)
                                             10.100882   data arrival time

                                  0.000000    0.000000   clock clk (rise edge)
                                  5.570000    5.570000   clock source latency
     2    0.029197    0.610000    0.000000    5.570000 ^ clk (in)
                                                         clk (net)
                      0.615156    0.002642    5.572642 ^ wire3/A (sky130_fd_sc_hd__buf_4)
     3    0.041430    0.198093    0.542737    6.115380 ^ wire3/X (sky130_fd_sc_hd__buf_4)
                                                         net274 (net)
                      0.198221    0.004922    6.120302 ^ wire2/A (sky130_fd_sc_hd__buf_6)
     3    0.070368    0.230398    0.363208    6.483510 ^ wire2/X (sky130_fd_sc_hd__buf_6)
                                                         net273 (net)
                      0.231573    0.013603    6.497113 ^ wire1/A (sky130_fd_sc_hd__buf_6)
     3    0.072767    0.237763    0.382769    6.879882 ^ wire1/X (sky130_fd_sc_hd__buf_6)
                                                         net272 (net)
                      0.239037    0.014399    6.894281 ^ clkbuf_0_clk/A (sky130_fd_sc_hd__clkbuf_16)
     9    0.093315    0.166701    0.392763    7.287044 ^ clkbuf_0_clk/X (sky130_fd_sc_hd__clkbuf_16)
                                                         clknet_0_clk (net)
                      0.167126    0.005858    7.292902 ^ clkbuf_2_1__f_clk/A (sky130_fd_sc_hd__clkbuf_16)
    21    0.079864    0.148527    0.343280    7.636183 ^ clkbuf_2_1__f_clk/X (sky130_fd_sc_hd__clkbuf_16)
                                                         clknet_2_1__leaf_clk (net)
                      0.149490    0.009670    7.645852 ^ _133_/CLK (sky130_fd_sc_hd__dfrtp_4)
                                  0.087500    7.733352   clock uncertainty
                                  0.000000    7.733352   clock reconvergence pessimism
                                 -0.074050    7.659302   library hold time
                                              7.659302   data required time
---------------------------------------------------------------------------------------------
                                              7.659302   data required time
                                            -10.100882   data arrival time
---------------------------------------------------------------------------------------------
                                              2.441579   slack (MET)


Startpoint: wbs_adr_i[18] (input port clocked by clk)
Endpoint: _153_ (rising edge-triggered flip-flop clocked by clk)
Path Group: clk
Path Type: min

Fanout         Cap        Slew       Delay        Time   Description
---------------------------------------------------------------------------------------------
                                  0.000000    0.000000   clock clk (rise edge)
                                  4.650000    4.650000   clock network delay (propagated)
                                  0.790000    5.440000 ^ input external delay
     2    0.004431    0.070000    0.000000    5.440000 ^ wbs_adr_i[18] (in)
                                                         wbs_adr_i[18] (net)
                      0.070054    0.000026    5.440026 ^ input88/A (sky130_fd_sc_hd__clkbuf_1)
     1    0.003921    0.091792    0.161348    5.601374 ^ input88/X (sky130_fd_sc_hd__clkbuf_1)
                                                         net88 (net)
                      0.091792    0.000071    5.601446 ^ _045_/D (sky130_fd_sc_hd__or4_2)
     3    0.021607    0.182650    0.295748    5.897193 ^ _045_/X (sky130_fd_sc_hd__or4_2)
                                                         _036_ (net)
                      0.182660    0.001577    5.898770 ^ _048_/B (sky130_fd_sc_hd__nor4_1)
     1    0.006897    0.075745    0.159548    6.058319 v _048_/Y (sky130_fd_sc_hd__nor4_1)
                                                         _039_ (net)
                      0.075745    0.000210    6.058529 v hold4/A (sky130_fd_sc_hd__dlygate4sd3_1)
     1    0.006827    0.144667    1.151040    7.209569 v hold4/X (sky130_fd_sc_hd__dlygate4sd3_1)
                                                         net278 (net)
                      0.144667    0.000203    7.209772 v wire262/A (sky130_fd_sc_hd__buf_2)
     1    0.010194    0.073096    0.288113    7.497884 v wire262/X (sky130_fd_sc_hd__buf_2)
                                                         net262 (net)
                      0.073097    0.000364    7.498249 v hold5/A (sky130_fd_sc_hd__dlygate4sd3_1)
     7    0.052020    0.509796    1.499740    8.997989 v hold5/X (sky130_fd_sc_hd__dlygate4sd3_1)
                                                         net279 (net)
                      0.509796    0.001588    8.999577 v fanout260/A (sky130_fd_sc_hd__buf_4)
    33    0.110780    0.251581    0.618828    9.618404 v fanout260/X (sky130_fd_sc_hd__buf_4)
                                                         net260 (net)
                      0.252814    0.012689    9.631094 v _120_/C (sky130_fd_sc_hd__and3_1)
     1    0.004673    0.081261    0.458067   10.089161 v _120_/X (sky130_fd_sc_hd__and3_1)
                                                         _017_ (net)
                      0.081261    0.000089   10.089250 v _153_/D (sky130_fd_sc_hd__dfrtp_4)
                                             10.089250   data arrival time

                                  0.000000    0.000000   clock clk (rise edge)
                                  5.570000    5.570000   clock source latency
     2    0.029197    0.610000    0.000000    5.570000 ^ clk (in)
                                                         clk (net)
                      0.615156    0.002642    5.572642 ^ wire3/A (sky130_fd_sc_hd__buf_4)
     3    0.041430    0.198093    0.542737    6.115380 ^ wire3/X (sky130_fd_sc_hd__buf_4)
                                                         net274 (net)
                      0.198221    0.004922    6.120302 ^ wire2/A (sky130_fd_sc_hd__buf_6)
     3    0.070368    0.230398    0.363208    6.483510 ^ wire2/X (sky130_fd_sc_hd__buf_6)
                                                         net273 (net)
                      0.231573    0.013603    6.497113 ^ wire1/A (sky130_fd_sc_hd__buf_6)
     3    0.072767    0.237763    0.382769    6.879882 ^ wire1/X (sky130_fd_sc_hd__buf_6)
                                                         net272 (net)
                      0.239037    0.014399    6.894281 ^ clkbuf_0_clk/A (sky130_fd_sc_hd__clkbuf_16)
     9    0.093315    0.166701    0.392763    7.287044 ^ clkbuf_0_clk/X (sky130_fd_sc_hd__clkbuf_16)
                                                         clknet_0_clk (net)
                      0.167076    0.005367    7.292411 ^ clkbuf_2_3__f_clk/A (sky130_fd_sc_hd__clkbuf_16)
    21    0.067863    0.131728    0.329831    7.622242 ^ clkbuf_2_3__f_clk/X (sky130_fd_sc_hd__clkbuf_16)
                                                         clknet_2_3__leaf_clk (net)
                      0.132665    0.008889    7.631132 ^ _153_/CLK (sky130_fd_sc_hd__dfrtp_4)
                                  0.087500    7.718631   clock uncertainty
                                  0.000000    7.718631   clock reconvergence pessimism
                                 -0.080468    7.638163   library hold time
                                              7.638163   data required time
---------------------------------------------------------------------------------------------
                                              7.638163   data required time
                                            -10.089250   data arrival time
---------------------------------------------------------------------------------------------
                                              2.451087   slack (MET)


Startpoint: wbs_adr_i[18] (input port clocked by clk)
Endpoint: _146_ (rising edge-triggered flip-flop clocked by clk)
Path Group: clk
Path Type: min

Fanout         Cap        Slew       Delay        Time   Description
---------------------------------------------------------------------------------------------
                                  0.000000    0.000000   clock clk (rise edge)
                                  4.650000    4.650000   clock network delay (propagated)
                                  0.790000    5.440000 ^ input external delay
     2    0.004431    0.070000    0.000000    5.440000 ^ wbs_adr_i[18] (in)
                                                         wbs_adr_i[18] (net)
                      0.070054    0.000026    5.440026 ^ input88/A (sky130_fd_sc_hd__clkbuf_1)
     1    0.003921    0.091792    0.161348    5.601374 ^ input88/X (sky130_fd_sc_hd__clkbuf_1)
                                                         net88 (net)
                      0.091792    0.000071    5.601446 ^ _045_/D (sky130_fd_sc_hd__or4_2)
     3    0.021607    0.182650    0.295748    5.897193 ^ _045_/X (sky130_fd_sc_hd__or4_2)
                                                         _036_ (net)
                      0.182660    0.001577    5.898770 ^ _048_/B (sky130_fd_sc_hd__nor4_1)
     1    0.006897    0.075745    0.159548    6.058319 v _048_/Y (sky130_fd_sc_hd__nor4_1)
                                                         _039_ (net)
                      0.075745    0.000210    6.058529 v hold4/A (sky130_fd_sc_hd__dlygate4sd3_1)
     1    0.006827    0.144667    1.151040    7.209569 v hold4/X (sky130_fd_sc_hd__dlygate4sd3_1)
                                                         net278 (net)
                      0.144667    0.000203    7.209772 v wire262/A (sky130_fd_sc_hd__buf_2)
     1    0.010194    0.073096    0.288113    7.497884 v wire262/X (sky130_fd_sc_hd__buf_2)
                                                         net262 (net)
                      0.073097    0.000364    7.498249 v hold5/A (sky130_fd_sc_hd__dlygate4sd3_1)
     7    0.052020    0.509796    1.499740    8.997989 v hold5/X (sky130_fd_sc_hd__dlygate4sd3_1)
                                                         net279 (net)
                      0.509796    0.000479    8.998467 v _113_/C (sky130_fd_sc_hd__and3_1)
     1    0.002202    0.060305    0.559640    9.558107 v _113_/X (sky130_fd_sc_hd__and3_1)
                                                         _009_ (net)
                      0.060305    0.000021    9.558128 v hold6/A (sky130_fd_sc_hd__dlygate4sd3_1)
     1    0.002137    0.102478    1.080343   10.638472 v hold6/X (sky130_fd_sc_hd__dlygate4sd3_1)
                                                         net280 (net)
                      0.102478    0.000017   10.638489 v _146_/D (sky130_fd_sc_hd__dfrtp_2)
                                             10.638489   data arrival time

                                  0.000000    0.000000   clock clk (rise edge)
                                  5.570000    5.570000   clock source latency
     2    0.029197    0.610000    0.000000    5.570000 ^ clk (in)
                                                         clk (net)
                      0.615156    0.002642    5.572642 ^ wire3/A (sky130_fd_sc_hd__buf_4)
     3    0.041430    0.198093    0.542737    6.115380 ^ wire3/X (sky130_fd_sc_hd__buf_4)
                                                         net274 (net)
                      0.198221    0.004922    6.120302 ^ wire2/A (sky130_fd_sc_hd__buf_6)
     3    0.070368    0.230398    0.363208    6.483510 ^ wire2/X (sky130_fd_sc_hd__buf_6)
                                                         net273 (net)
                      0.231573    0.013603    6.497113 ^ wire1/A (sky130_fd_sc_hd__buf_6)
     3    0.072767    0.237763    0.382769    6.879882 ^ wire1/X (sky130_fd_sc_hd__buf_6)
                                                         net272 (net)
                      0.239037    0.014399    6.894281 ^ clkbuf_0_clk/A (sky130_fd_sc_hd__clkbuf_16)
     9    0.093315    0.166701    0.392763    7.287044 ^ clkbuf_0_clk/X (sky130_fd_sc_hd__clkbuf_16)
                                                         clknet_0_clk (net)
                      0.167076    0.005367    7.292411 ^ clkbuf_2_3__f_clk/A (sky130_fd_sc_hd__clkbuf_16)
    21    0.067863    0.131728    0.329831    7.622242 ^ clkbuf_2_3__f_clk/X (sky130_fd_sc_hd__clkbuf_16)
                                                         clknet_2_3__leaf_clk (net)
                      0.131793    0.002423    7.624666 ^ _146_/CLK (sky130_fd_sc_hd__dfrtp_2)
                                  0.087500    7.712165   clock uncertainty
                                  0.000000    7.712165   clock reconvergence pessimism
                                 -0.086571    7.625595   library hold time
                                              7.625595   data required time
---------------------------------------------------------------------------------------------
                                              7.625595   data required time
                                            -10.638489   data arrival time
---------------------------------------------------------------------------------------------
                                              3.012894   slack (MET)


Startpoint: _146_ (rising edge-triggered flip-flop clocked by clk)
Endpoint: wbs_dat_o[17] (output port clocked by clk)
Path Group: clk
Path Type: min

Fanout         Cap        Slew       Delay        Time   Description
---------------------------------------------------------------------------------------------
                                  0.000000    0.000000   clock clk (rise edge)
                                  4.650000    4.650000   clock source latency
     2    0.029197    0.610000    0.000000    4.650000 ^ clk (in)
                                                         clk (net)
                      0.615156    0.002514    4.652514 ^ wire3/A (sky130_fd_sc_hd__buf_4)
     3    0.041430    0.198093    0.516262    5.168776 ^ wire3/X (sky130_fd_sc_hd__buf_4)
                                                         net274 (net)
                      0.198221    0.004682    5.173457 ^ wire2/A (sky130_fd_sc_hd__buf_6)
     3    0.070368    0.230398    0.345490    5.518948 ^ wire2/X (sky130_fd_sc_hd__buf_6)
                                                         net273 (net)
                      0.231573    0.012940    5.531888 ^ wire1/A (sky130_fd_sc_hd__buf_6)
     3    0.072767    0.237763    0.364097    5.895985 ^ wire1/X (sky130_fd_sc_hd__buf_6)
                                                         net272 (net)
                      0.239037    0.013697    5.909681 ^ clkbuf_0_clk/A (sky130_fd_sc_hd__clkbuf_16)
     9    0.093315    0.166701    0.373604    6.283286 ^ clkbuf_0_clk/X (sky130_fd_sc_hd__clkbuf_16)
                                                         clknet_0_clk (net)
                      0.167076    0.005105    6.288391 ^ clkbuf_2_3__f_clk/A (sky130_fd_sc_hd__clkbuf_16)
    21    0.067863    0.131728    0.313742    6.602133 ^ clkbuf_2_3__f_clk/X (sky130_fd_sc_hd__clkbuf_16)
                                                         clknet_2_3__leaf_clk (net)
                      0.131793    0.002305    6.604438 ^ _146_/CLK (sky130_fd_sc_hd__dfrtp_2)
     3    0.026735    0.229862    0.839318    7.443757 ^ _146_/Q (sky130_fd_sc_hd__dfrtp_2)
                                                         net236 (net)
                      0.229880    0.002229    7.445985 ^ output236/A (sky130_fd_sc_hd__buf_12)
     1    0.190890    0.342299    0.445996    7.891982 ^ output236/X (sky130_fd_sc_hd__buf_12)
                                                         wbs_dat_o[17] (net)
                      0.342307    0.002002    7.893983 ^ wbs_dat_o[17] (out)
                                              7.893983   data arrival time

                                  0.000000    0.000000   clock clk (rise edge)
                                  5.570000    5.570000   clock network delay (propagated)
                                  0.087500    5.657500   clock uncertainty
                                  0.000000    5.657500   clock reconvergence pessimism
                                 -1.130000    4.527500   output external delay
                                              4.527500   data required time
---------------------------------------------------------------------------------------------
                                              4.527500   data required time
                                             -7.893983   data arrival time
---------------------------------------------------------------------------------------------
                                              3.366484   slack (MET)


Startpoint: _140_ (rising edge-triggered flip-flop clocked by clk)
Endpoint: wbs_dat_o[11] (output port clocked by clk)
Path Group: clk
Path Type: min

Fanout         Cap        Slew       Delay        Time   Description
---------------------------------------------------------------------------------------------
                                  0.000000    0.000000   clock clk (rise edge)
                                  4.650000    4.650000   clock source latency
     2    0.029197    0.610000    0.000000    4.650000 ^ clk (in)
                                                         clk (net)
                      0.615156    0.002514    4.652514 ^ wire3/A (sky130_fd_sc_hd__buf_4)
     3    0.041430    0.198093    0.516262    5.168776 ^ wire3/X (sky130_fd_sc_hd__buf_4)
                                                         net274 (net)
                      0.198221    0.004682    5.173457 ^ wire2/A (sky130_fd_sc_hd__buf_6)
     3    0.070368    0.230398    0.345490    5.518948 ^ wire2/X (sky130_fd_sc_hd__buf_6)
                                                         net273 (net)
                      0.231573    0.012940    5.531888 ^ wire1/A (sky130_fd_sc_hd__buf_6)
     3    0.072767    0.237763    0.364097    5.895985 ^ wire1/X (sky130_fd_sc_hd__buf_6)
                                                         net272 (net)
                      0.239037    0.013697    5.909681 ^ clkbuf_0_clk/A (sky130_fd_sc_hd__clkbuf_16)
     9    0.093315    0.166701    0.373604    6.283286 ^ clkbuf_0_clk/X (sky130_fd_sc_hd__clkbuf_16)
                                                         clknet_0_clk (net)
                      0.167126    0.005573    6.288858 ^ clkbuf_2_1__f_clk/A (sky130_fd_sc_hd__clkbuf_16)
    21    0.079864    0.148527    0.326535    6.615393 ^ clkbuf_2_1__f_clk/X (sky130_fd_sc_hd__clkbuf_16)
                                                         clknet_2_1__leaf_clk (net)
                      0.148954    0.006151    6.621544 ^ _140_/CLK (sky130_fd_sc_hd__dfrtp_2)
     3    0.026615    0.229036    0.846478    7.468022 ^ _140_/Q (sky130_fd_sc_hd__dfrtp_2)
                                                         net230 (net)
                      0.229055    0.002268    7.470290 ^ output230/A (sky130_fd_sc_hd__buf_12)
     1    0.190867    0.342259    0.445699    7.915988 ^ output230/X (sky130_fd_sc_hd__buf_12)
                                                         wbs_dat_o[11] (net)
                      0.342267    0.002002    7.917990 ^ wbs_dat_o[11] (out)
                                              7.917990   data arrival time

                                  0.000000    0.000000   clock clk (rise edge)
                                  5.570000    5.570000   clock network delay (propagated)
                                  0.087500    5.657500   clock uncertainty
                                  0.000000    5.657500   clock reconvergence pessimism
                                 -1.130000    4.527500   output external delay
                                              4.527500   data required time
---------------------------------------------------------------------------------------------
                                              4.527500   data required time
                                             -7.917990   data arrival time
---------------------------------------------------------------------------------------------
                                              3.390490   slack (MET)


Startpoint: _145_ (rising edge-triggered flip-flop clocked by clk)
Endpoint: wbs_dat_o[16] (output port clocked by clk)
Path Group: clk
Path Type: min

Fanout         Cap        Slew       Delay        Time   Description
---------------------------------------------------------------------------------------------
                                  0.000000    0.000000   clock clk (rise edge)
                                  4.650000    4.650000   clock source latency
     2    0.029197    0.610000    0.000000    4.650000 ^ clk (in)
                                                         clk (net)
                      0.615156    0.002514    4.652514 ^ wire3/A (sky130_fd_sc_hd__buf_4)
     3    0.041430    0.198093    0.516262    5.168776 ^ wire3/X (sky130_fd_sc_hd__buf_4)
                                                         net274 (net)
                      0.198221    0.004682    5.173457 ^ wire2/A (sky130_fd_sc_hd__buf_6)
     3    0.070368    0.230398    0.345490    5.518948 ^ wire2/X (sky130_fd_sc_hd__buf_6)
                                                         net273 (net)
                      0.231573    0.012940    5.531888 ^ wire1/A (sky130_fd_sc_hd__buf_6)
     3    0.072767    0.237763    0.364097    5.895985 ^ wire1/X (sky130_fd_sc_hd__buf_6)
                                                         net272 (net)
                      0.239037    0.013697    5.909681 ^ clkbuf_0_clk/A (sky130_fd_sc_hd__clkbuf_16)
     9    0.093315    0.166701    0.373604    6.283286 ^ clkbuf_0_clk/X (sky130_fd_sc_hd__clkbuf_16)
                                                         clknet_0_clk (net)
                      0.167076    0.005102    6.288388 ^ clkbuf_2_2__f_clk/A (sky130_fd_sc_hd__clkbuf_16)
    17    0.088213    0.160040    0.336667    6.625054 ^ clkbuf_2_2__f_clk/X (sky130_fd_sc_hd__clkbuf_16)
                                                         clknet_2_2__leaf_clk (net)
                      0.160245    0.003050    6.628105 ^ _145_/CLK (sky130_fd_sc_hd__dfrtp_2)
     3    0.025393    0.220564    0.845388    7.473492 ^ _145_/Q (sky130_fd_sc_hd__dfrtp_2)
                                                         net235 (net)
                      0.220577    0.001963    7.475455 ^ output235/A (sky130_fd_sc_hd__buf_12)
     1    0.191254    0.342936    0.442822    7.918277 ^ output235/X (sky130_fd_sc_hd__buf_12)
                                                         wbs_dat_o[16] (net)
                      0.342948    0.002292    7.920569 ^ wbs_dat_o[16] (out)
                                              7.920569   data arrival time

                                  0.000000    0.000000   clock clk (rise edge)
                                  5.570000    5.570000   clock network delay (propagated)
                                  0.087500    5.657500   clock uncertainty
                                  0.000000    5.657500   clock reconvergence pessimism
                                 -1.130000    4.527500   output external delay
                                              4.527500   data required time
---------------------------------------------------------------------------------------------
                                              4.527500   data required time
                                             -7.920569   data arrival time
---------------------------------------------------------------------------------------------
                                              3.393070   slack (MET)


Startpoint: _141_ (rising edge-triggered flip-flop clocked by clk)
Endpoint: wbs_dat_o[12] (output port clocked by clk)
Path Group: clk
Path Type: min

Fanout         Cap        Slew       Delay        Time   Description
---------------------------------------------------------------------------------------------
                                  0.000000    0.000000   clock clk (rise edge)
                                  4.650000    4.650000   clock source latency
     2    0.029197    0.610000    0.000000    4.650000 ^ clk (in)
                                                         clk (net)
                      0.615156    0.002514    4.652514 ^ wire3/A (sky130_fd_sc_hd__buf_4)
     3    0.041430    0.198093    0.516262    5.168776 ^ wire3/X (sky130_fd_sc_hd__buf_4)
                                                         net274 (net)
                      0.198221    0.004682    5.173457 ^ wire2/A (sky130_fd_sc_hd__buf_6)
     3    0.070368    0.230398    0.345490    5.518948 ^ wire2/X (sky130_fd_sc_hd__buf_6)
                                                         net273 (net)
                      0.231573    0.012940    5.531888 ^ wire1/A (sky130_fd_sc_hd__buf_6)
     3    0.072767    0.237763    0.364097    5.895985 ^ wire1/X (sky130_fd_sc_hd__buf_6)
                                                         net272 (net)
                      0.239037    0.013697    5.909681 ^ clkbuf_0_clk/A (sky130_fd_sc_hd__clkbuf_16)
     9    0.093315    0.166701    0.373604    6.283286 ^ clkbuf_0_clk/X (sky130_fd_sc_hd__clkbuf_16)
                                                         clknet_0_clk (net)
                      0.167135    0.005646    6.288931 ^ clkbuf_2_0__f_clk/A (sky130_fd_sc_hd__clkbuf_16)
    17    0.090501    0.163263    0.339017    6.627949 ^ clkbuf_2_0__f_clk/X (sky130_fd_sc_hd__clkbuf_16)
                                                         clknet_2_0__leaf_clk (net)
                      0.163432    0.002388    6.630337 ^ _141_/CLK (sky130_fd_sc_hd__dfrtp_2)
     3    0.025051    0.218213    0.845021    7.475358 ^ _141_/Q (sky130_fd_sc_hd__dfrtp_2)
                                                         net231 (net)
                      0.218228    0.001987    7.477345 ^ output231/A (sky130_fd_sc_hd__buf_12)
     1    0.191359    0.343144    0.441747    7.919091 ^ output231/X (sky130_fd_sc_hd__buf_12)
                                                         wbs_dat_o[12] (net)
                      0.343159    0.002518    7.921609 ^ wbs_dat_o[12] (out)
                                              7.921609   data arrival time

                                  0.000000    0.000000   clock clk (rise edge)
                                  5.570000    5.570000   clock network delay (propagated)
                                  0.087500    5.657500   clock uncertainty
                                  0.000000    5.657500   clock reconvergence pessimism
                                 -1.130000    4.527500   output external delay
                                              4.527500   data required time
---------------------------------------------------------------------------------------------
                                              4.527500   data required time
                                             -7.921609   data arrival time
---------------------------------------------------------------------------------------------
                                              3.394109   slack (MET)


Startpoint: _142_ (rising edge-triggered flip-flop clocked by clk)
Endpoint: wbs_dat_o[13] (output port clocked by clk)
Path Group: clk
Path Type: min

Fanout         Cap        Slew       Delay        Time   Description
---------------------------------------------------------------------------------------------
                                  0.000000    0.000000   clock clk (rise edge)
                                  4.650000    4.650000   clock source latency
     2    0.029197    0.610000    0.000000    4.650000 ^ clk (in)
                                                         clk (net)
                      0.615156    0.002514    4.652514 ^ wire3/A (sky130_fd_sc_hd__buf_4)
     3    0.041430    0.198093    0.516262    5.168776 ^ wire3/X (sky130_fd_sc_hd__buf_4)
                                                         net274 (net)
                      0.198221    0.004682    5.173457 ^ wire2/A (sky130_fd_sc_hd__buf_6)
     3    0.070368    0.230398    0.345490    5.518948 ^ wire2/X (sky130_fd_sc_hd__buf_6)
                                                         net273 (net)
                      0.231573    0.012940    5.531888 ^ wire1/A (sky130_fd_sc_hd__buf_6)
     3    0.072767    0.237763    0.364097    5.895985 ^ wire1/X (sky130_fd_sc_hd__buf_6)
                                                         net272 (net)
                      0.239037    0.013697    5.909681 ^ clkbuf_0_clk/A (sky130_fd_sc_hd__clkbuf_16)
     9    0.093315    0.166701    0.373604    6.283286 ^ clkbuf_0_clk/X (sky130_fd_sc_hd__clkbuf_16)
                                                         clknet_0_clk (net)
                      0.167135    0.005646    6.288931 ^ clkbuf_2_0__f_clk/A (sky130_fd_sc_hd__clkbuf_16)
    17    0.090501    0.163263    0.339017    6.627949 ^ clkbuf_2_0__f_clk/X (sky130_fd_sc_hd__clkbuf_16)
                                                         clknet_2_0__leaf_clk (net)
                      0.163498    0.003507    6.631456 ^ _142_/CLK (sky130_fd_sc_hd__dfrtp_2)
     3    0.025123    0.218696    0.845466    7.476923 ^ _142_/Q (sky130_fd_sc_hd__dfrtp_2)
                                                         net232 (net)
                      0.218709    0.001950    7.478873 ^ output232/A (sky130_fd_sc_hd__buf_12)
     1    0.191090    0.342648    0.441807    7.920680 ^ output232/X (sky130_fd_sc_hd__buf_12)
                                                         wbs_dat_o[13] (net)
                      0.342659    0.002290    7.922969 ^ wbs_dat_o[13] (out)
                                              7.922969   data arrival time

                                  0.000000    0.000000   clock clk (rise edge)
                                  5.570000    5.570000   clock network delay (propagated)
                                  0.087500    5.657500   clock uncertainty
                                  0.000000    5.657500   clock reconvergence pessimism
                                 -1.130000    4.527500   output external delay
                                              4.527500   data required time
---------------------------------------------------------------------------------------------
                                              4.527500   data required time
                                             -7.922969   data arrival time
---------------------------------------------------------------------------------------------
                                              3.395469   slack (MET)


Startpoint: _147_ (rising edge-triggered flip-flop clocked by clk)
Endpoint: wbs_dat_o[18] (output port clocked by clk)
Path Group: clk
Path Type: min

Fanout         Cap        Slew       Delay        Time   Description
---------------------------------------------------------------------------------------------
                                  0.000000    0.000000   clock clk (rise edge)
                                  4.650000    4.650000   clock source latency
     2    0.029197    0.610000    0.000000    4.650000 ^ clk (in)
                                                         clk (net)
                      0.615156    0.002514    4.652514 ^ wire3/A (sky130_fd_sc_hd__buf_4)
     3    0.041430    0.198093    0.516262    5.168776 ^ wire3/X (sky130_fd_sc_hd__buf_4)
                                                         net274 (net)
                      0.198221    0.004682    5.173457 ^ wire2/A (sky130_fd_sc_hd__buf_6)
     3    0.070368    0.230398    0.345490    5.518948 ^ wire2/X (sky130_fd_sc_hd__buf_6)
                                                         net273 (net)
                      0.231573    0.012940    5.531888 ^ wire1/A (sky130_fd_sc_hd__buf_6)
     3    0.072767    0.237763    0.364097    5.895985 ^ wire1/X (sky130_fd_sc_hd__buf_6)
                                                         net272 (net)
                      0.239037    0.013697    5.909681 ^ clkbuf_0_clk/A (sky130_fd_sc_hd__clkbuf_16)
     9    0.093315    0.166701    0.373604    6.283286 ^ clkbuf_0_clk/X (sky130_fd_sc_hd__clkbuf_16)
                                                         clknet_0_clk (net)
                      0.167076    0.005102    6.288388 ^ clkbuf_2_2__f_clk/A (sky130_fd_sc_hd__clkbuf_16)
    17    0.088213    0.160040    0.336667    6.625054 ^ clkbuf_2_2__f_clk/X (sky130_fd_sc_hd__clkbuf_16)
                                                         clknet_2_2__leaf_clk (net)
                      0.160419    0.005101    6.630155 ^ _147_/CLK (sky130_fd_sc_hd__dfrtp_2)
     3    0.025662    0.222426    0.846820    7.476976 ^ _147_/Q (sky130_fd_sc_hd__dfrtp_2)
                                                         net237 (net)
                      0.222441    0.002075    7.479051 ^ output237/A (sky130_fd_sc_hd__buf_12)
     1    0.191376    0.343208    0.443626    7.922676 ^ output237/X (sky130_fd_sc_hd__buf_12)
                                                         wbs_dat_o[18] (net)
                      0.343223    0.002518    7.925194 ^ wbs_dat_o[18] (out)
                                              7.925194   data arrival time

                                  0.000000    0.000000   clock clk (rise edge)
                                  5.570000    5.570000   clock network delay (propagated)
                                  0.087500    5.657500   clock uncertainty
                                  0.000000    5.657500   clock reconvergence pessimism
                                 -1.130000    4.527500   output external delay
                                              4.527500   data required time
---------------------------------------------------------------------------------------------
                                              4.527500   data required time
                                             -7.925194   data arrival time
---------------------------------------------------------------------------------------------
                                              3.397694   slack (MET)


Startpoint: _144_ (rising edge-triggered flip-flop clocked by clk)
Endpoint: wbs_dat_o[15] (output port clocked by clk)
Path Group: clk
Path Type: min

Fanout         Cap        Slew       Delay        Time   Description
---------------------------------------------------------------------------------------------
                                  0.000000    0.000000   clock clk (rise edge)
                                  4.650000    4.650000   clock source latency
     2    0.029197    0.610000    0.000000    4.650000 ^ clk (in)
                                                         clk (net)
                      0.615156    0.002514    4.652514 ^ wire3/A (sky130_fd_sc_hd__buf_4)
     3    0.041430    0.198093    0.516262    5.168776 ^ wire3/X (sky130_fd_sc_hd__buf_4)
                                                         net274 (net)
                      0.198221    0.004682    5.173457 ^ wire2/A (sky130_fd_sc_hd__buf_6)
     3    0.070368    0.230398    0.345490    5.518948 ^ wire2/X (sky130_fd_sc_hd__buf_6)
                                                         net273 (net)
                      0.231573    0.012940    5.531888 ^ wire1/A (sky130_fd_sc_hd__buf_6)
     3    0.072767    0.237763    0.364097    5.895985 ^ wire1/X (sky130_fd_sc_hd__buf_6)
                                                         net272 (net)
                      0.239037    0.013697    5.909681 ^ clkbuf_0_clk/A (sky130_fd_sc_hd__clkbuf_16)
     9    0.093315    0.166701    0.373604    6.283286 ^ clkbuf_0_clk/X (sky130_fd_sc_hd__clkbuf_16)
                                                         clknet_0_clk (net)
                      0.167076    0.005102    6.288388 ^ clkbuf_2_2__f_clk/A (sky130_fd_sc_hd__clkbuf_16)
    17    0.088213    0.160040    0.336667    6.625054 ^ clkbuf_2_2__f_clk/X (sky130_fd_sc_hd__clkbuf_16)
                                                         clknet_2_2__leaf_clk (net)
                      0.160295    0.003767    6.628821 ^ _144_/CLK (sky130_fd_sc_hd__dfrtp_2)
     3    0.026288    0.226748    0.850003    7.478824 ^ _144_/Q (sky130_fd_sc_hd__dfrtp_2)
                                                         net234 (net)
                      0.226764    0.002114    7.480938 ^ output234/A (sky130_fd_sc_hd__buf_12)
     1    0.190890    0.342296    0.444975    7.925912 ^ output234/X (sky130_fd_sc_hd__buf_12)
                                                         wbs_dat_o[15] (net)
                      0.342303    0.002002    7.927915 ^ wbs_dat_o[15] (out)
                                              7.927915   data arrival time

                                  0.000000    0.000000   clock clk (rise edge)
                                  5.570000    5.570000   clock network delay (propagated)
                                  0.087500    5.657500   clock uncertainty
                                  0.000000    5.657500   clock reconvergence pessimism
                                 -1.130000    4.527500   output external delay
                                              4.527500   data required time
---------------------------------------------------------------------------------------------
                                              4.527500   data required time
                                             -7.927915   data arrival time
---------------------------------------------------------------------------------------------
                                              3.400415   slack (MET)


Startpoint: _143_ (rising edge-triggered flip-flop clocked by clk)
Endpoint: wbs_dat_o[14] (output port clocked by clk)
Path Group: clk
Path Type: min

Fanout         Cap        Slew       Delay        Time   Description
---------------------------------------------------------------------------------------------
                                  0.000000    0.000000   clock clk (rise edge)
                                  4.650000    4.650000   clock source latency
     2    0.029197    0.610000    0.000000    4.650000 ^ clk (in)
                                                         clk (net)
                      0.615156    0.002514    4.652514 ^ wire3/A (sky130_fd_sc_hd__buf_4)
     3    0.041430    0.198093    0.516262    5.168776 ^ wire3/X (sky130_fd_sc_hd__buf_4)
                                                         net274 (net)
                      0.198221    0.004682    5.173457 ^ wire2/A (sky130_fd_sc_hd__buf_6)
     3    0.070368    0.230398    0.345490    5.518948 ^ wire2/X (sky130_fd_sc_hd__buf_6)
                                                         net273 (net)
                      0.231573    0.012940    5.531888 ^ wire1/A (sky130_fd_sc_hd__buf_6)
     3    0.072767    0.237763    0.364097    5.895985 ^ wire1/X (sky130_fd_sc_hd__buf_6)
                                                         net272 (net)
                      0.239037    0.013697    5.909681 ^ clkbuf_0_clk/A (sky130_fd_sc_hd__clkbuf_16)
     9    0.093315    0.166701    0.373604    6.283286 ^ clkbuf_0_clk/X (sky130_fd_sc_hd__clkbuf_16)
                                                         clknet_0_clk (net)
                      0.167135    0.005646    6.288931 ^ clkbuf_2_0__f_clk/A (sky130_fd_sc_hd__clkbuf_16)
    17    0.090501    0.163263    0.339017    6.627949 ^ clkbuf_2_0__f_clk/X (sky130_fd_sc_hd__clkbuf_16)
                                                         clknet_2_0__leaf_clk (net)
                      0.163563    0.004326    6.632275 ^ _143_/CLK (sky130_fd_sc_hd__dfrtp_2)
     3    0.025980    0.224620    0.849900    7.482175 ^ _143_/Q (sky130_fd_sc_hd__dfrtp_2)
                                                         net233 (net)
                      0.224635    0.002083    7.484258 ^ output233/A (sky130_fd_sc_hd__buf_12)
     1    0.190873    0.342261    0.444256    7.928514 ^ output233/X (sky130_fd_sc_hd__buf_12)
                                                         wbs_dat_o[14] (net)
                      0.342269    0.002002    7.930516 ^ wbs_dat_o[14] (out)
                                              7.930516   data arrival time

                                  0.000000    0.000000   clock clk (rise edge)
                                  5.570000    5.570000   clock network delay (propagated)
                                  0.087500    5.657500   clock uncertainty
                                  0.000000    5.657500   clock reconvergence pessimism
                                 -1.130000    4.527500   output external delay
                                              4.527500   data required time
---------------------------------------------------------------------------------------------
                                              4.527500   data required time
                                             -7.930516   data arrival time
---------------------------------------------------------------------------------------------
                                              3.403016   slack (MET)


Startpoint: _139_ (rising edge-triggered flip-flop clocked by clk)
Endpoint: wbs_dat_o[10] (output port clocked by clk)
Path Group: clk
Path Type: min

Fanout         Cap        Slew       Delay        Time   Description
---------------------------------------------------------------------------------------------
                                  0.000000    0.000000   clock clk (rise edge)
                                  4.650000    4.650000   clock source latency
     2    0.029197    0.610000    0.000000    4.650000 ^ clk (in)
                                                         clk (net)
                      0.615156    0.002514    4.652514 ^ wire3/A (sky130_fd_sc_hd__buf_4)
     3    0.041430    0.198093    0.516262    5.168776 ^ wire3/X (sky130_fd_sc_hd__buf_4)
                                                         net274 (net)
                      0.198221    0.004682    5.173457 ^ wire2/A (sky130_fd_sc_hd__buf_6)
     3    0.070368    0.230398    0.345490    5.518948 ^ wire2/X (sky130_fd_sc_hd__buf_6)
                                                         net273 (net)
                      0.231573    0.012940    5.531888 ^ wire1/A (sky130_fd_sc_hd__buf_6)
     3    0.072767    0.237763    0.364097    5.895985 ^ wire1/X (sky130_fd_sc_hd__buf_6)
                                                         net272 (net)
                      0.239037    0.013697    5.909681 ^ clkbuf_0_clk/A (sky130_fd_sc_hd__clkbuf_16)
     9    0.093315    0.166701    0.373604    6.283286 ^ clkbuf_0_clk/X (sky130_fd_sc_hd__clkbuf_16)
                                                         clknet_0_clk (net)
                      0.167126    0.005573    6.288858 ^ clkbuf_2_1__f_clk/A (sky130_fd_sc_hd__clkbuf_16)
    21    0.079864    0.148527    0.326535    6.615393 ^ clkbuf_2_1__f_clk/X (sky130_fd_sc_hd__clkbuf_16)
                                                         clknet_2_1__leaf_clk (net)
                      0.149212    0.007760    6.623154 ^ _139_/CLK (sky130_fd_sc_hd__dfrtp_4)
     3    0.026947    0.183851    0.917957    7.541111 ^ _139_/Q (sky130_fd_sc_hd__dfrtp_4)
                                                         net229 (net)
                      0.183851    0.002310    7.543421 ^ output229/A (sky130_fd_sc_hd__buf_12)
     1    0.190881    0.341944    0.426390    7.969811 ^ output229/X (sky130_fd_sc_hd__buf_12)
                                                         wbs_dat_o[10] (net)
                      0.341952    0.002001    7.971812 ^ wbs_dat_o[10] (out)
                                              7.971812   data arrival time

                                  0.000000    0.000000   clock clk (rise edge)
                                  5.570000    5.570000   clock network delay (propagated)
                                  0.087500    5.657500   clock uncertainty
                                  0.000000    5.657500   clock reconvergence pessimism
                                 -1.130000    4.527500   output external delay
                                              4.527500   data required time
---------------------------------------------------------------------------------------------
                                              4.527500   data required time
                                             -7.971812   data arrival time
---------------------------------------------------------------------------------------------
                                              3.444312   slack (MET)


Startpoint: _148_ (rising edge-triggered flip-flop clocked by clk)
Endpoint: wbs_dat_o[19] (output port clocked by clk)
Path Group: clk
Path Type: min

Fanout         Cap        Slew       Delay        Time   Description
---------------------------------------------------------------------------------------------
                                  0.000000    0.000000   clock clk (rise edge)
                                  4.650000    4.650000   clock source latency
     2    0.029197    0.610000    0.000000    4.650000 ^ clk (in)
                                                         clk (net)
                      0.615156    0.002514    4.652514 ^ wire3/A (sky130_fd_sc_hd__buf_4)
     3    0.041430    0.198093    0.516262    5.168776 ^ wire3/X (sky130_fd_sc_hd__buf_4)
                                                         net274 (net)
                      0.198221    0.004682    5.173457 ^ wire2/A (sky130_fd_sc_hd__buf_6)
     3    0.070368    0.230398    0.345490    5.518948 ^ wire2/X (sky130_fd_sc_hd__buf_6)
                                                         net273 (net)
                      0.231573    0.012940    5.531888 ^ wire1/A (sky130_fd_sc_hd__buf_6)
     3    0.072767    0.237763    0.364097    5.895985 ^ wire1/X (sky130_fd_sc_hd__buf_6)
                                                         net272 (net)
                      0.239037    0.013697    5.909681 ^ clkbuf_0_clk/A (sky130_fd_sc_hd__clkbuf_16)
     9    0.093315    0.166701    0.373604    6.283286 ^ clkbuf_0_clk/X (sky130_fd_sc_hd__clkbuf_16)
                                                         clknet_0_clk (net)
                      0.167076    0.005102    6.288388 ^ clkbuf_2_2__f_clk/A (sky130_fd_sc_hd__clkbuf_16)
    17    0.088213    0.160040    0.336667    6.625054 ^ clkbuf_2_2__f_clk/X (sky130_fd_sc_hd__clkbuf_16)
                                                         clknet_2_2__leaf_clk (net)
                      0.160519    0.005953    6.631008 ^ _148_/CLK (sky130_fd_sc_hd__dfrtp_4)
     3    0.030216    0.195949    0.933785    7.564793 ^ _148_/Q (sky130_fd_sc_hd__dfrtp_4)
                                                         net238 (net)
                      0.196120    0.002986    7.567779 ^ output238/A (sky130_fd_sc_hd__buf_12)
     1    0.191376    0.342989    0.432014    7.999792 ^ output238/X (sky130_fd_sc_hd__buf_12)
                                                         wbs_dat_o[19] (net)
                      0.343004    0.002518    8.002310 ^ wbs_dat_o[19] (out)
                                              8.002310   data arrival time

                                  0.000000    0.000000   clock clk (rise edge)
                                  5.570000    5.570000   clock network delay (propagated)
                                  0.087500    5.657500   clock uncertainty
                                  0.000000    5.657500   clock reconvergence pessimism
                                 -1.130000    4.527500   output external delay
                                              4.527500   data required time
---------------------------------------------------------------------------------------------
                                              4.527500   data required time
                                             -8.002310   data arrival time
---------------------------------------------------------------------------------------------
                                              3.474810   slack (MET)


Startpoint: _138_ (rising edge-triggered flip-flop clocked by clk)
Endpoint: wbs_dat_o[9] (output port clocked by clk)
Path Group: clk
Path Type: min

Fanout         Cap        Slew       Delay        Time   Description
---------------------------------------------------------------------------------------------
                                  0.000000    0.000000   clock clk (rise edge)
                                  4.650000    4.650000   clock source latency
     2    0.029197    0.610000    0.000000    4.650000 ^ clk (in)
                                                         clk (net)
                      0.615156    0.002514    4.652514 ^ wire3/A (sky130_fd_sc_hd__buf_4)
     3    0.041430    0.198093    0.516262    5.168776 ^ wire3/X (sky130_fd_sc_hd__buf_4)
                                                         net274 (net)
                      0.198221    0.004682    5.173457 ^ wire2/A (sky130_fd_sc_hd__buf_6)
     3    0.070368    0.230398    0.345490    5.518948 ^ wire2/X (sky130_fd_sc_hd__buf_6)
                                                         net273 (net)
                      0.231573    0.012940    5.531888 ^ wire1/A (sky130_fd_sc_hd__buf_6)
     3    0.072767    0.237763    0.364097    5.895985 ^ wire1/X (sky130_fd_sc_hd__buf_6)
                                                         net272 (net)
                      0.239037    0.013697    5.909681 ^ clkbuf_0_clk/A (sky130_fd_sc_hd__clkbuf_16)
     9    0.093315    0.166701    0.373604    6.283286 ^ clkbuf_0_clk/X (sky130_fd_sc_hd__clkbuf_16)
                                                         clknet_0_clk (net)
                      0.167126    0.005573    6.288858 ^ clkbuf_2_1__f_clk/A (sky130_fd_sc_hd__clkbuf_16)
    21    0.079864    0.148527    0.326535    6.615393 ^ clkbuf_2_1__f_clk/X (sky130_fd_sc_hd__clkbuf_16)
                                                         clknet_2_1__leaf_clk (net)
                      0.149323    0.008361    6.623755 ^ _138_/CLK (sky130_fd_sc_hd__dfrtp_4)
     3    0.033306    0.207706    0.938949    7.562704 ^ _138_/Q (sky130_fd_sc_hd__dfrtp_4)
                                                         net259 (net)
                      0.207763    0.003289    7.565992 ^ output259/A (sky130_fd_sc_hd__buf_12)
     1    0.190918    0.342204    0.436982    8.002975 ^ output259/X (sky130_fd_sc_hd__buf_12)
                                                         wbs_dat_o[9] (net)
                      0.342211    0.002002    8.004976 ^ wbs_dat_o[9] (out)
                                              8.004976   data arrival time

                                  0.000000    0.000000   clock clk (rise edge)
                                  5.570000    5.570000   clock network delay (propagated)
                                  0.087500    5.657500   clock uncertainty
                                  0.000000    5.657500   clock reconvergence pessimism
                                 -1.130000    4.527500   output external delay
                                              4.527500   data required time
---------------------------------------------------------------------------------------------
                                              4.527500   data required time
                                             -8.004976   data arrival time
---------------------------------------------------------------------------------------------
                                              3.477477   slack (MET)


Startpoint: _149_ (rising edge-triggered flip-flop clocked by clk)
Endpoint: wbs_dat_o[20] (output port clocked by clk)
Path Group: clk
Path Type: min

Fanout         Cap        Slew       Delay        Time   Description
---------------------------------------------------------------------------------------------
                                  0.000000    0.000000   clock clk (rise edge)
                                  4.650000    4.650000   clock source latency
     2    0.029197    0.610000    0.000000    4.650000 ^ clk (in)
                                                         clk (net)
                      0.615156    0.002514    4.652514 ^ wire3/A (sky130_fd_sc_hd__buf_4)
     3    0.041430    0.198093    0.516262    5.168776 ^ wire3/X (sky130_fd_sc_hd__buf_4)
                                                         net274 (net)
                      0.198221    0.004682    5.173457 ^ wire2/A (sky130_fd_sc_hd__buf_6)
     3    0.070368    0.230398    0.345490    5.518948 ^ wire2/X (sky130_fd_sc_hd__buf_6)
                                                         net273 (net)
                      0.231573    0.012940    5.531888 ^ wire1/A (sky130_fd_sc_hd__buf_6)
     3    0.072767    0.237763    0.364097    5.895985 ^ wire1/X (sky130_fd_sc_hd__buf_6)
                                                         net272 (net)
                      0.239037    0.013697    5.909681 ^ clkbuf_0_clk/A (sky130_fd_sc_hd__clkbuf_16)
     9    0.093315    0.166701    0.373604    6.283286 ^ clkbuf_0_clk/X (sky130_fd_sc_hd__clkbuf_16)
                                                         clknet_0_clk (net)
                      0.167076    0.005102    6.288388 ^ clkbuf_2_2__f_clk/A (sky130_fd_sc_hd__clkbuf_16)
    17    0.088213    0.160040    0.336667    6.625054 ^ clkbuf_2_2__f_clk/X (sky130_fd_sc_hd__clkbuf_16)
                                                         clknet_2_2__leaf_clk (net)
                      0.160558    0.006256    6.631311 ^ _149_/CLK (sky130_fd_sc_hd__dfrtp_4)
     3    0.039602    0.231978    0.964442    7.595753 ^ _149_/Q (sky130_fd_sc_hd__dfrtp_4)
                                                         net240 (net)
                      0.232096    0.004757    7.600510 ^ output240/A (sky130_fd_sc_hd__buf_12)
     1    0.191376    0.343232    0.446923    8.047433 ^ output240/X (sky130_fd_sc_hd__buf_12)
                                                         wbs_dat_o[20] (net)
                      0.343247    0.002518    8.049952 ^ wbs_dat_o[20] (out)
                                              8.049952   data arrival time

                                  0.000000    0.000000   clock clk (rise edge)
                                  5.570000    5.570000   clock network delay (propagated)
                                  0.087500    5.657500   clock uncertainty
                                  0.000000    5.657500   clock reconvergence pessimism
                                 -1.130000    4.527500   output external delay
                                              4.527500   data required time
---------------------------------------------------------------------------------------------
                                              4.527500   data required time
                                             -8.049952   data arrival time
---------------------------------------------------------------------------------------------
                                              3.522451   slack (MET)


Startpoint: _137_ (rising edge-triggered flip-flop clocked by clk)
Endpoint: wbs_dat_o[8] (output port clocked by clk)
Path Group: clk
Path Type: min

Fanout         Cap        Slew       Delay        Time   Description
---------------------------------------------------------------------------------------------
                                  0.000000    0.000000   clock clk (rise edge)
                                  4.650000    4.650000   clock source latency
     2    0.029197    0.610000    0.000000    4.650000 ^ clk (in)
                                                         clk (net)
                      0.615156    0.002514    4.652514 ^ wire3/A (sky130_fd_sc_hd__buf_4)
     3    0.041430    0.198093    0.516262    5.168776 ^ wire3/X (sky130_fd_sc_hd__buf_4)
                                                         net274 (net)
                      0.198221    0.004682    5.173457 ^ wire2/A (sky130_fd_sc_hd__buf_6)
     3    0.070368    0.230398    0.345490    5.518948 ^ wire2/X (sky130_fd_sc_hd__buf_6)
                                                         net273 (net)
                      0.231573    0.012940    5.531888 ^ wire1/A (sky130_fd_sc_hd__buf_6)
     3    0.072767    0.237763    0.364097    5.895985 ^ wire1/X (sky130_fd_sc_hd__buf_6)
                                                         net272 (net)
                      0.239037    0.013697    5.909681 ^ clkbuf_0_clk/A (sky130_fd_sc_hd__clkbuf_16)
     9    0.093315    0.166701    0.373604    6.283286 ^ clkbuf_0_clk/X (sky130_fd_sc_hd__clkbuf_16)
                                                         clknet_0_clk (net)
                      0.167135    0.005646    6.288931 ^ clkbuf_2_0__f_clk/A (sky130_fd_sc_hd__clkbuf_16)
    17    0.090501    0.163263    0.339017    6.627949 ^ clkbuf_2_0__f_clk/X (sky130_fd_sc_hd__clkbuf_16)
                                                         clknet_2_0__leaf_clk (net)
                      0.163819    0.006594    6.634542 ^ _137_/CLK (sky130_fd_sc_hd__dfrtp_4)
     3    0.043887    0.248746    0.979739    7.614281 ^ _137_/Q (sky130_fd_sc_hd__dfrtp_4)
                                                         net258 (net)
                      0.248910    0.005805    7.620086 ^ output258/A (sky130_fd_sc_hd__buf_12)
     1    0.190918    0.342382    0.452269    8.072355 ^ output258/X (sky130_fd_sc_hd__buf_12)
                                                         wbs_dat_o[8] (net)
                      0.342389    0.002002    8.074357 ^ wbs_dat_o[8] (out)
                                              8.074357   data arrival time

                                  0.000000    0.000000   clock clk (rise edge)
                                  5.570000    5.570000   clock network delay (propagated)
                                  0.087500    5.657500   clock uncertainty
                                  0.000000    5.657500   clock reconvergence pessimism
                                 -1.130000    4.527500   output external delay
                                              4.527500   data required time
---------------------------------------------------------------------------------------------
                                              4.527500   data required time
                                             -8.074357   data arrival time
---------------------------------------------------------------------------------------------
                                              3.546858   slack (MET)


Startpoint: _136_ (rising edge-triggered flip-flop clocked by clk)
Endpoint: wbs_dat_o[7] (output port clocked by clk)
Path Group: clk
Path Type: min

Fanout         Cap        Slew       Delay        Time   Description
---------------------------------------------------------------------------------------------
                                  0.000000    0.000000   clock clk (rise edge)
                                  4.650000    4.650000   clock source latency
     2    0.029197    0.610000    0.000000    4.650000 ^ clk (in)
                                                         clk (net)
                      0.615156    0.002514    4.652514 ^ wire3/A (sky130_fd_sc_hd__buf_4)
     3    0.041430    0.198093    0.516262    5.168776 ^ wire3/X (sky130_fd_sc_hd__buf_4)
                                                         net274 (net)
                      0.198221    0.004682    5.173457 ^ wire2/A (sky130_fd_sc_hd__buf_6)
     3    0.070368    0.230398    0.345490    5.518948 ^ wire2/X (sky130_fd_sc_hd__buf_6)
                                                         net273 (net)
                      0.231573    0.012940    5.531888 ^ wire1/A (sky130_fd_sc_hd__buf_6)
     3    0.072767    0.237763    0.364097    5.895985 ^ wire1/X (sky130_fd_sc_hd__buf_6)
                                                         net272 (net)
                      0.239037    0.013697    5.909681 ^ clkbuf_0_clk/A (sky130_fd_sc_hd__clkbuf_16)
     9    0.093315    0.166701    0.373604    6.283286 ^ clkbuf_0_clk/X (sky130_fd_sc_hd__clkbuf_16)
                                                         clknet_0_clk (net)
                      0.167135    0.005646    6.288931 ^ clkbuf_2_0__f_clk/A (sky130_fd_sc_hd__clkbuf_16)
    17    0.090501    0.163263    0.339017    6.627949 ^ clkbuf_2_0__f_clk/X (sky130_fd_sc_hd__clkbuf_16)
                                                         clknet_2_0__leaf_clk (net)
                      0.163842    0.006762    6.634710 ^ _136_/CLK (sky130_fd_sc_hd__dfrtp_4)
     3    0.044467    0.251081    0.981326    7.616036 ^ _136_/Q (sky130_fd_sc_hd__dfrtp_4)
                                                         net257 (net)
                      0.251324    0.006948    7.622984 ^ output257/A (sky130_fd_sc_hd__buf_12)
     1    0.190918    0.342389    0.453061    8.076045 ^ output257/X (sky130_fd_sc_hd__buf_12)
                                                         wbs_dat_o[7] (net)
                      0.342396    0.002002    8.078047 ^ wbs_dat_o[7] (out)
                                              8.078047   data arrival time

                                  0.000000    0.000000   clock clk (rise edge)
                                  5.570000    5.570000   clock network delay (propagated)
                                  0.087500    5.657500   clock uncertainty
                                  0.000000    5.657500   clock reconvergence pessimism
                                 -1.130000    4.527500   output external delay
                                              4.527500   data required time
---------------------------------------------------------------------------------------------
                                              4.527500   data required time
                                             -8.078047   data arrival time
---------------------------------------------------------------------------------------------
                                              3.550547   slack (MET)


Startpoint: _150_ (rising edge-triggered flip-flop clocked by clk)
Endpoint: wbs_dat_o[21] (output port clocked by clk)
Path Group: clk
Path Type: min

Fanout         Cap        Slew       Delay        Time   Description
---------------------------------------------------------------------------------------------
                                  0.000000    0.000000   clock clk (rise edge)
                                  4.650000    4.650000   clock source latency
     2    0.029197    0.610000    0.000000    4.650000 ^ clk (in)
                                                         clk (net)
                      0.615156    0.002514    4.652514 ^ wire3/A (sky130_fd_sc_hd__buf_4)
     3    0.041430    0.198093    0.516262    5.168776 ^ wire3/X (sky130_fd_sc_hd__buf_4)
                                                         net274 (net)
                      0.198221    0.004682    5.173457 ^ wire2/A (sky130_fd_sc_hd__buf_6)
     3    0.070368    0.230398    0.345490    5.518948 ^ wire2/X (sky130_fd_sc_hd__buf_6)
                                                         net273 (net)
                      0.231573    0.012940    5.531888 ^ wire1/A (sky130_fd_sc_hd__buf_6)
     3    0.072767    0.237763    0.364097    5.895985 ^ wire1/X (sky130_fd_sc_hd__buf_6)
                                                         net272 (net)
                      0.239037    0.013697    5.909681 ^ clkbuf_0_clk/A (sky130_fd_sc_hd__clkbuf_16)
     9    0.093315    0.166701    0.373604    6.283286 ^ clkbuf_0_clk/X (sky130_fd_sc_hd__clkbuf_16)
                                                         clknet_0_clk (net)
                      0.167076    0.005102    6.288388 ^ clkbuf_2_2__f_clk/A (sky130_fd_sc_hd__clkbuf_16)
    17    0.088213    0.160040    0.336667    6.625054 ^ clkbuf_2_2__f_clk/X (sky130_fd_sc_hd__clkbuf_16)
                                                         clknet_2_2__leaf_clk (net)
                      0.160582    0.006436    6.631490 ^ _150_/CLK (sky130_fd_sc_hd__dfrtp_4)
     3    0.045440    0.254944    0.982999    7.614489 ^ _150_/Q (sky130_fd_sc_hd__dfrtp_4)
                                                         net241 (net)
                      0.255178    0.006838    7.621327 ^ output241/A (sky130_fd_sc_hd__buf_12)
     1    0.191385    0.343289    0.454503    8.075830 ^ output241/X (sky130_fd_sc_hd__buf_12)
                                                         wbs_dat_o[21] (net)
                      0.343304    0.002518    8.078348 ^ wbs_dat_o[21] (out)
                                              8.078348   data arrival time

                                  0.000000    0.000000   clock clk (rise edge)
                                  5.570000    5.570000   clock network delay (propagated)
                                  0.087500    5.657500   clock uncertainty
                                  0.000000    5.657500   clock reconvergence pessimism
                                 -1.130000    4.527500   output external delay
                                              4.527500   data required time
---------------------------------------------------------------------------------------------
                                              4.527500   data required time
                                             -8.078348   data arrival time
---------------------------------------------------------------------------------------------
                                              3.550848   slack (MET)


Startpoint: _151_ (rising edge-triggered flip-flop clocked by clk)
Endpoint: wbs_dat_o[22] (output port clocked by clk)
Path Group: clk
Path Type: min

Fanout         Cap        Slew       Delay        Time   Description
---------------------------------------------------------------------------------------------
                                  0.000000    0.000000   clock clk (rise edge)
                                  4.650000    4.650000   clock source latency
     2    0.029197    0.610000    0.000000    4.650000 ^ clk (in)
                                                         clk (net)
                      0.615156    0.002514    4.652514 ^ wire3/A (sky130_fd_sc_hd__buf_4)
     3    0.041430    0.198093    0.516262    5.168776 ^ wire3/X (sky130_fd_sc_hd__buf_4)
                                                         net274 (net)
                      0.198221    0.004682    5.173457 ^ wire2/A (sky130_fd_sc_hd__buf_6)
     3    0.070368    0.230398    0.345490    5.518948 ^ wire2/X (sky130_fd_sc_hd__buf_6)
                                                         net273 (net)
                      0.231573    0.012940    5.531888 ^ wire1/A (sky130_fd_sc_hd__buf_6)
     3    0.072767    0.237763    0.364097    5.895985 ^ wire1/X (sky130_fd_sc_hd__buf_6)
                                                         net272 (net)
                      0.239037    0.013697    5.909681 ^ clkbuf_0_clk/A (sky130_fd_sc_hd__clkbuf_16)
     9    0.093315    0.166701    0.373604    6.283286 ^ clkbuf_0_clk/X (sky130_fd_sc_hd__clkbuf_16)
                                                         clknet_0_clk (net)
                      0.167076    0.005105    6.288391 ^ clkbuf_2_3__f_clk/A (sky130_fd_sc_hd__clkbuf_16)
    21    0.067863    0.131728    0.313742    6.602133 ^ clkbuf_2_3__f_clk/X (sky130_fd_sc_hd__clkbuf_16)
                                                         clknet_2_3__leaf_clk (net)
                      0.132693    0.008583    6.610716 ^ _151_/CLK (sky130_fd_sc_hd__dfrtp_4)
     3    0.063701    0.328387    1.028227    7.638943 ^ _151_/Q (sky130_fd_sc_hd__dfrtp_4)
                                                         net242 (net)
                      0.328979    0.012123    7.651066 ^ output242/A (sky130_fd_sc_hd__buf_12)
     1    0.191378    0.343416    0.478694    8.129760 ^ output242/X (sky130_fd_sc_hd__buf_12)
                                                         wbs_dat_o[22] (net)
                      0.343431    0.002518    8.132277 ^ wbs_dat_o[22] (out)
                                              8.132277   data arrival time

                                  0.000000    0.000000   clock clk (rise edge)
                                  5.570000    5.570000   clock network delay (propagated)
                                  0.087500    5.657500   clock uncertainty
                                  0.000000    5.657500   clock reconvergence pessimism
                                 -1.130000    4.527500   output external delay
                                              4.527500   data required time
---------------------------------------------------------------------------------------------
                                              4.527500   data required time
                                             -8.132277   data arrival time
---------------------------------------------------------------------------------------------
                                              3.604778   slack (MET)


Startpoint: _153_ (rising edge-triggered flip-flop clocked by clk)
Endpoint: wbs_dat_o[24] (output port clocked by clk)
Path Group: clk
Path Type: min

Fanout         Cap        Slew       Delay        Time   Description
---------------------------------------------------------------------------------------------
                                  0.000000    0.000000   clock clk (rise edge)
                                  4.650000    4.650000   clock source latency
     2    0.029197    0.610000    0.000000    4.650000 ^ clk (in)
                                                         clk (net)
                      0.615156    0.002514    4.652514 ^ wire3/A (sky130_fd_sc_hd__buf_4)
     3    0.041430    0.198093    0.516262    5.168776 ^ wire3/X (sky130_fd_sc_hd__buf_4)
                                                         net274 (net)
                      0.198221    0.004682    5.173457 ^ wire2/A (sky130_fd_sc_hd__buf_6)
     3    0.070368    0.230398    0.345490    5.518948 ^ wire2/X (sky130_fd_sc_hd__buf_6)
                                                         net273 (net)
                      0.231573    0.012940    5.531888 ^ wire1/A (sky130_fd_sc_hd__buf_6)
     3    0.072767    0.237763    0.364097    5.895985 ^ wire1/X (sky130_fd_sc_hd__buf_6)
                                                         net272 (net)
                      0.239037    0.013697    5.909681 ^ clkbuf_0_clk/A (sky130_fd_sc_hd__clkbuf_16)
     9    0.093315    0.166701    0.373604    6.283286 ^ clkbuf_0_clk/X (sky130_fd_sc_hd__clkbuf_16)
                                                         clknet_0_clk (net)
                      0.167076    0.005105    6.288391 ^ clkbuf_2_3__f_clk/A (sky130_fd_sc_hd__clkbuf_16)
    21    0.067863    0.131728    0.313742    6.602133 ^ clkbuf_2_3__f_clk/X (sky130_fd_sc_hd__clkbuf_16)
                                                         clknet_2_3__leaf_clk (net)
                      0.132665    0.008455    6.610588 ^ _153_/CLK (sky130_fd_sc_hd__dfrtp_4)
     3    0.064488    0.333313    1.029853    7.640440 ^ _153_/Q (sky130_fd_sc_hd__dfrtp_4)
                                                         net244 (net)
                      0.334206    0.015006    7.655446 ^ output244/A (sky130_fd_sc_hd__buf_12)
     1    0.191226    0.343125    0.480392    8.135838 ^ output244/X (sky130_fd_sc_hd__buf_12)
                                                         wbs_dat_o[24] (net)
                      0.343136    0.002292    8.138129 ^ wbs_dat_o[24] (out)
                                              8.138129   data arrival time

                                  0.000000    0.000000   clock clk (rise edge)
                                  5.570000    5.570000   clock network delay (propagated)
                                  0.087500    5.657500   clock uncertainty
                                  0.000000    5.657500   clock reconvergence pessimism
                                 -1.130000    4.527500   output external delay
                                              4.527500   data required time
---------------------------------------------------------------------------------------------
                                              4.527500   data required time
                                             -8.138129   data arrival time
---------------------------------------------------------------------------------------------
                                              3.610630   slack (MET)


Startpoint: _134_ (rising edge-triggered flip-flop clocked by clk)
Endpoint: wbs_dat_o[5] (output port clocked by clk)
Path Group: clk
Path Type: min

Fanout         Cap        Slew       Delay        Time   Description
---------------------------------------------------------------------------------------------
                                  0.000000    0.000000   clock clk (rise edge)
                                  4.650000    4.650000   clock source latency
     2    0.029197    0.610000    0.000000    4.650000 ^ clk (in)
                                                         clk (net)
                      0.615156    0.002514    4.652514 ^ wire3/A (sky130_fd_sc_hd__buf_4)
     3    0.041430    0.198093    0.516262    5.168776 ^ wire3/X (sky130_fd_sc_hd__buf_4)
                                                         net274 (net)
                      0.198221    0.004682    5.173457 ^ wire2/A (sky130_fd_sc_hd__buf_6)
     3    0.070368    0.230398    0.345490    5.518948 ^ wire2/X (sky130_fd_sc_hd__buf_6)
                                                         net273 (net)
                      0.231573    0.012940    5.531888 ^ wire1/A (sky130_fd_sc_hd__buf_6)
     3    0.072767    0.237763    0.364097    5.895985 ^ wire1/X (sky130_fd_sc_hd__buf_6)
                                                         net272 (net)
                      0.239037    0.013697    5.909681 ^ clkbuf_0_clk/A (sky130_fd_sc_hd__clkbuf_16)
     9    0.093315    0.166701    0.373604    6.283286 ^ clkbuf_0_clk/X (sky130_fd_sc_hd__clkbuf_16)
                                                         clknet_0_clk (net)
                      0.167135    0.005646    6.288931 ^ clkbuf_2_0__f_clk/A (sky130_fd_sc_hd__clkbuf_16)
    17    0.090501    0.163263    0.339017    6.627949 ^ clkbuf_2_0__f_clk/X (sky130_fd_sc_hd__clkbuf_16)
                                                         clknet_2_0__leaf_clk (net)
                      0.163846    0.006791    6.634739 ^ _134_/CLK (sky130_fd_sc_hd__dfrtp_4)
     3    0.059219    0.310067    1.028434    7.663173 ^ _134_/Q (sky130_fd_sc_hd__dfrtp_4)
                                                         net255 (net)
                      0.310670    0.011929    7.675103 ^ output255/A (sky130_fd_sc_hd__buf_12)
     1    0.190909    0.342483    0.472509    8.147612 ^ output255/X (sky130_fd_sc_hd__buf_12)
                                                         wbs_dat_o[5] (net)
                      0.342490    0.002002    8.149613 ^ wbs_dat_o[5] (out)
                                              8.149613   data arrival time

                                  0.000000    0.000000   clock clk (rise edge)
                                  5.570000    5.570000   clock network delay (propagated)
                                  0.087500    5.657500   clock uncertainty
                                  0.000000    5.657500   clock reconvergence pessimism
                                 -1.130000    4.527500   output external delay
                                              4.527500   data required time
---------------------------------------------------------------------------------------------
                                              4.527500   data required time
                                             -8.149613   data arrival time
---------------------------------------------------------------------------------------------
                                              3.622114   slack (MET)


Startpoint: _152_ (rising edge-triggered flip-flop clocked by clk)
Endpoint: wbs_dat_o[23] (output port clocked by clk)
Path Group: clk
Path Type: min

Fanout         Cap        Slew       Delay        Time   Description
---------------------------------------------------------------------------------------------
                                  0.000000    0.000000   clock clk (rise edge)
                                  4.650000    4.650000   clock source latency
     2    0.029197    0.610000    0.000000    4.650000 ^ clk (in)
                                                         clk (net)
                      0.615156    0.002514    4.652514 ^ wire3/A (sky130_fd_sc_hd__buf_4)
     3    0.041430    0.198093    0.516262    5.168776 ^ wire3/X (sky130_fd_sc_hd__buf_4)
                                                         net274 (net)
                      0.198221    0.004682    5.173457 ^ wire2/A (sky130_fd_sc_hd__buf_6)
     3    0.070368    0.230398    0.345490    5.518948 ^ wire2/X (sky130_fd_sc_hd__buf_6)
                                                         net273 (net)
                      0.231573    0.012940    5.531888 ^ wire1/A (sky130_fd_sc_hd__buf_6)
     3    0.072767    0.237763    0.364097    5.895985 ^ wire1/X (sky130_fd_sc_hd__buf_6)
                                                         net272 (net)
                      0.239037    0.013697    5.909681 ^ clkbuf_0_clk/A (sky130_fd_sc_hd__clkbuf_16)
     9    0.093315    0.166701    0.373604    6.283286 ^ clkbuf_0_clk/X (sky130_fd_sc_hd__clkbuf_16)
                                                         clknet_0_clk (net)
                      0.167076    0.005105    6.288391 ^ clkbuf_2_3__f_clk/A (sky130_fd_sc_hd__clkbuf_16)
    21    0.067863    0.131728    0.313742    6.602133 ^ clkbuf_2_3__f_clk/X (sky130_fd_sc_hd__clkbuf_16)
                                                         clknet_2_3__leaf_clk (net)
                      0.132689    0.008563    6.610696 ^ _152_/CLK (sky130_fd_sc_hd__dfrtp_4)
     3    0.071056    0.358009    1.052848    7.663544 ^ _152_/Q (sky130_fd_sc_hd__dfrtp_4)
                                                         net243 (net)
                      0.358665    0.013436    7.676980 ^ output243/A (sky130_fd_sc_hd__buf_12)
     1    0.191226    0.343169    0.488412    8.165392 ^ output243/X (sky130_fd_sc_hd__buf_12)
                                                         wbs_dat_o[23] (net)
                      0.343180    0.002292    8.167684 ^ wbs_dat_o[23] (out)
                                              8.167684   data arrival time

                                  0.000000    0.000000   clock clk (rise edge)
                                  5.570000    5.570000   clock network delay (propagated)
                                  0.087500    5.657500   clock uncertainty
                                  0.000000    5.657500   clock reconvergence pessimism
                                 -1.130000    4.527500   output external delay
                                              4.527500   data required time
---------------------------------------------------------------------------------------------
                                              4.527500   data required time
                                             -8.167684   data arrival time
---------------------------------------------------------------------------------------------
                                              3.640184   slack (MET)


Startpoint: _154_ (rising edge-triggered flip-flop clocked by clk)
Endpoint: wbs_dat_o[25] (output port clocked by clk)
Path Group: clk
Path Type: min

Fanout         Cap        Slew       Delay        Time   Description
---------------------------------------------------------------------------------------------
                                  0.000000    0.000000   clock clk (rise edge)
                                  4.650000    4.650000   clock source latency
     2    0.029197    0.610000    0.000000    4.650000 ^ clk (in)
                                                         clk (net)
                      0.615156    0.002514    4.652514 ^ wire3/A (sky130_fd_sc_hd__buf_4)
     3    0.041430    0.198093    0.516262    5.168776 ^ wire3/X (sky130_fd_sc_hd__buf_4)
                                                         net274 (net)
                      0.198221    0.004682    5.173457 ^ wire2/A (sky130_fd_sc_hd__buf_6)
     3    0.070368    0.230398    0.345490    5.518948 ^ wire2/X (sky130_fd_sc_hd__buf_6)
                                                         net273 (net)
                      0.231573    0.012940    5.531888 ^ wire1/A (sky130_fd_sc_hd__buf_6)
     3    0.072767    0.237763    0.364097    5.895985 ^ wire1/X (sky130_fd_sc_hd__buf_6)
                                                         net272 (net)
                      0.239037    0.013697    5.909681 ^ clkbuf_0_clk/A (sky130_fd_sc_hd__clkbuf_16)
     9    0.093315    0.166701    0.373604    6.283286 ^ clkbuf_0_clk/X (sky130_fd_sc_hd__clkbuf_16)
                                                         clknet_0_clk (net)
                      0.167076    0.005105    6.288391 ^ clkbuf_2_3__f_clk/A (sky130_fd_sc_hd__clkbuf_16)
    21    0.067863    0.131728    0.313742    6.602133 ^ clkbuf_2_3__f_clk/X (sky130_fd_sc_hd__clkbuf_16)
                                                         clknet_2_3__leaf_clk (net)
                      0.132678    0.008516    6.610649 ^ _154_/CLK (sky130_fd_sc_hd__dfrtp_4)
     3    0.073353    0.369881    1.057575    7.668223 ^ _154_/Q (sky130_fd_sc_hd__dfrtp_4)
                                                         net245 (net)
                      0.371758    0.019106    7.687329 ^ output245/A (sky130_fd_sc_hd__buf_12)
     1    0.191226    0.343194    0.492705    8.180035 ^ output245/X (sky130_fd_sc_hd__buf_12)
                                                         wbs_dat_o[25] (net)
                      0.343205    0.002292    8.182326 ^ wbs_dat_o[25] (out)
                                              8.182326   data arrival time

                                  0.000000    0.000000   clock clk (rise edge)
                                  5.570000    5.570000   clock network delay (propagated)
                                  0.087500    5.657500   clock uncertainty
                                  0.000000    5.657500   clock reconvergence pessimism
                                 -1.130000    4.527500   output external delay
                                              4.527500   data required time
---------------------------------------------------------------------------------------------
                                              4.527500   data required time
                                             -8.182326   data arrival time
---------------------------------------------------------------------------------------------
                                              3.654826   slack (MET)


Startpoint: _133_ (rising edge-triggered flip-flop clocked by clk)
Endpoint: wbs_dat_o[4] (output port clocked by clk)
Path Group: clk
Path Type: min

Fanout         Cap        Slew       Delay        Time   Description
---------------------------------------------------------------------------------------------
                                  0.000000    0.000000   clock clk (rise edge)
                                  4.650000    4.650000   clock source latency
     2    0.029197    0.610000    0.000000    4.650000 ^ clk (in)
                                                         clk (net)
                      0.615156    0.002514    4.652514 ^ wire3/A (sky130_fd_sc_hd__buf_4)
     3    0.041430    0.198093    0.516262    5.168776 ^ wire3/X (sky130_fd_sc_hd__buf_4)
                                                         net274 (net)
                      0.198221    0.004682    5.173457 ^ wire2/A (sky130_fd_sc_hd__buf_6)
     3    0.070368    0.230398    0.345490    5.518948 ^ wire2/X (sky130_fd_sc_hd__buf_6)
                                                         net273 (net)
                      0.231573    0.012940    5.531888 ^ wire1/A (sky130_fd_sc_hd__buf_6)
     3    0.072767    0.237763    0.364097    5.895985 ^ wire1/X (sky130_fd_sc_hd__buf_6)
                                                         net272 (net)
                      0.239037    0.013697    5.909681 ^ clkbuf_0_clk/A (sky130_fd_sc_hd__clkbuf_16)
     9    0.093315    0.166701    0.373604    6.283286 ^ clkbuf_0_clk/X (sky130_fd_sc_hd__clkbuf_16)
                                                         clknet_0_clk (net)
                      0.167126    0.005573    6.288858 ^ clkbuf_2_1__f_clk/A (sky130_fd_sc_hd__clkbuf_16)
    21    0.079864    0.148527    0.326535    6.615393 ^ clkbuf_2_1__f_clk/X (sky130_fd_sc_hd__clkbuf_16)
                                                         clknet_2_1__leaf_clk (net)
                      0.149490    0.009198    6.624591 ^ _133_/CLK (sky130_fd_sc_hd__dfrtp_4)
     3    0.071723    0.363296    1.060197    7.684788 ^ _133_/Q (sky130_fd_sc_hd__dfrtp_4)
                                                         net254 (net)
                      0.364453    0.017422    7.702210 ^ output254/A (sky130_fd_sc_hd__buf_12)
     1    0.190891    0.342557    0.490124    8.192333 ^ output254/X (sky130_fd_sc_hd__buf_12)
                                                         wbs_dat_o[4] (net)
                      0.342565    0.002002    8.194335 ^ wbs_dat_o[4] (out)
                                              8.194335   data arrival time

                                  0.000000    0.000000   clock clk (rise edge)
                                  5.570000    5.570000   clock network delay (propagated)
                                  0.087500    5.657500   clock uncertainty
                                  0.000000    5.657500   clock reconvergence pessimism
                                 -1.130000    4.527500   output external delay
                                              4.527500   data required time
---------------------------------------------------------------------------------------------
                                              4.527500   data required time
                                             -8.194335   data arrival time
---------------------------------------------------------------------------------------------
                                              3.666835   slack (MET)


Startpoint: _135_ (rising edge-triggered flip-flop clocked by clk)
Endpoint: wbs_dat_o[6] (output port clocked by clk)
Path Group: clk
Path Type: min

Fanout         Cap        Slew       Delay        Time   Description
---------------------------------------------------------------------------------------------
                                  0.000000    0.000000   clock clk (rise edge)
                                  4.650000    4.650000   clock source latency
     2    0.029197    0.610000    0.000000    4.650000 ^ clk (in)
                                                         clk (net)
                      0.615156    0.002514    4.652514 ^ wire3/A (sky130_fd_sc_hd__buf_4)
     3    0.041430    0.198093    0.516262    5.168776 ^ wire3/X (sky130_fd_sc_hd__buf_4)
                                                         net274 (net)
                      0.198221    0.004682    5.173457 ^ wire2/A (sky130_fd_sc_hd__buf_6)
     3    0.070368    0.230398    0.345490    5.518948 ^ wire2/X (sky130_fd_sc_hd__buf_6)
                                                         net273 (net)
                      0.231573    0.012940    5.531888 ^ wire1/A (sky130_fd_sc_hd__buf_6)
     3    0.072767    0.237763    0.364097    5.895985 ^ wire1/X (sky130_fd_sc_hd__buf_6)
                                                         net272 (net)
                      0.239037    0.013697    5.909681 ^ clkbuf_0_clk/A (sky130_fd_sc_hd__clkbuf_16)
     9    0.093315    0.166701    0.373604    6.283286 ^ clkbuf_0_clk/X (sky130_fd_sc_hd__clkbuf_16)
                                                         clknet_0_clk (net)
                      0.167135    0.005646    6.288931 ^ clkbuf_2_0__f_clk/A (sky130_fd_sc_hd__clkbuf_16)
    17    0.090501    0.163263    0.339017    6.627949 ^ clkbuf_2_0__f_clk/X (sky130_fd_sc_hd__clkbuf_16)
                                                         clknet_2_0__leaf_clk (net)
                      0.163770    0.006228    6.634177 ^ _135_/CLK (sky130_fd_sc_hd__dfrtp_4)
     3    0.080878    0.402742    1.092301    7.726478 ^ _135_/Q (sky130_fd_sc_hd__dfrtp_4)
                                                         net256 (net)
                      0.404451    0.022208    7.748685 ^ output256/A (sky130_fd_sc_hd__buf_12)
     1    0.190909    0.342660    0.503259    8.251945 ^ output256/X (sky130_fd_sc_hd__buf_12)
                                                         wbs_dat_o[6] (net)
                      0.342667    0.002002    8.253946 ^ wbs_dat_o[6] (out)
                                              8.253946   data arrival time

                                  0.000000    0.000000   clock clk (rise edge)
                                  5.570000    5.570000   clock network delay (propagated)
                                  0.087500    5.657500   clock uncertainty
                                  0.000000    5.657500   clock reconvergence pessimism
                                 -1.130000    4.527500   output external delay
                                              4.527500   data required time
---------------------------------------------------------------------------------------------
                                              4.527500   data required time
                                             -8.253946   data arrival time
---------------------------------------------------------------------------------------------
                                              3.726446   slack (MET)


Startpoint: _155_ (rising edge-triggered flip-flop clocked by clk)
Endpoint: wbs_dat_o[26] (output port clocked by clk)
Path Group: clk
Path Type: min

Fanout         Cap        Slew       Delay        Time   Description
---------------------------------------------------------------------------------------------
                                  0.000000    0.000000   clock clk (rise edge)
                                  4.650000    4.650000   clock source latency
     2    0.029197    0.610000    0.000000    4.650000 ^ clk (in)
                                                         clk (net)
                      0.615156    0.002514    4.652514 ^ wire3/A (sky130_fd_sc_hd__buf_4)
     3    0.041430    0.198093    0.516262    5.168776 ^ wire3/X (sky130_fd_sc_hd__buf_4)
                                                         net274 (net)
                      0.198221    0.004682    5.173457 ^ wire2/A (sky130_fd_sc_hd__buf_6)
     3    0.070368    0.230398    0.345490    5.518948 ^ wire2/X (sky130_fd_sc_hd__buf_6)
                                                         net273 (net)
                      0.231573    0.012940    5.531888 ^ wire1/A (sky130_fd_sc_hd__buf_6)
     3    0.072767    0.237763    0.364097    5.895985 ^ wire1/X (sky130_fd_sc_hd__buf_6)
                                                         net272 (net)
                      0.239037    0.013697    5.909681 ^ clkbuf_0_clk/A (sky130_fd_sc_hd__clkbuf_16)
     9    0.093315    0.166701    0.373604    6.283286 ^ clkbuf_0_clk/X (sky130_fd_sc_hd__clkbuf_16)
                                                         clknet_0_clk (net)
                      0.167076    0.005105    6.288391 ^ clkbuf_2_3__f_clk/A (sky130_fd_sc_hd__clkbuf_16)
    21    0.067863    0.131728    0.313742    6.602133 ^ clkbuf_2_3__f_clk/X (sky130_fd_sc_hd__clkbuf_16)
                                                         clknet_2_3__leaf_clk (net)
                      0.132685    0.008547    6.610680 ^ _155_/CLK (sky130_fd_sc_hd__dfrtp_4)
     3    0.089728    0.424701    1.107353    7.718033 ^ _155_/Q (sky130_fd_sc_hd__dfrtp_4)
                                                         net246 (net)
                      0.427622    0.027470    7.745504 ^ output246/A (sky130_fd_sc_hd__buf_12)
     1    0.191226    0.343297    0.511022    8.256526 ^ output246/X (sky130_fd_sc_hd__buf_12)
                                                         wbs_dat_o[26] (net)
                      0.343308    0.002292    8.258818 ^ wbs_dat_o[26] (out)
                                              8.258818   data arrival time

                                  0.000000    0.000000   clock clk (rise edge)
                                  5.570000    5.570000   clock network delay (propagated)
                                  0.087500    5.657500   clock uncertainty
                                  0.000000    5.657500   clock reconvergence pessimism
                                 -1.130000    4.527500   output external delay
                                              4.527500   data required time
---------------------------------------------------------------------------------------------
                                              4.527500   data required time
                                             -8.258818   data arrival time
---------------------------------------------------------------------------------------------
                                              3.731318   slack (MET)


Startpoint: _132_ (rising edge-triggered flip-flop clocked by clk)
Endpoint: wbs_dat_o[3] (output port clocked by clk)
Path Group: clk
Path Type: min

Fanout         Cap        Slew       Delay        Time   Description
---------------------------------------------------------------------------------------------
                                  0.000000    0.000000   clock clk (rise edge)
                                  4.650000    4.650000   clock source latency
     2    0.029197    0.610000    0.000000    4.650000 ^ clk (in)
                                                         clk (net)
                      0.615156    0.002514    4.652514 ^ wire3/A (sky130_fd_sc_hd__buf_4)
     3    0.041430    0.198093    0.516262    5.168776 ^ wire3/X (sky130_fd_sc_hd__buf_4)
                                                         net274 (net)
                      0.198221    0.004682    5.173457 ^ wire2/A (sky130_fd_sc_hd__buf_6)
     3    0.070368    0.230398    0.345490    5.518948 ^ wire2/X (sky130_fd_sc_hd__buf_6)
                                                         net273 (net)
                      0.231573    0.012940    5.531888 ^ wire1/A (sky130_fd_sc_hd__buf_6)
     3    0.072767    0.237763    0.364097    5.895985 ^ wire1/X (sky130_fd_sc_hd__buf_6)
                                                         net272 (net)
                      0.239037    0.013697    5.909681 ^ clkbuf_0_clk/A (sky130_fd_sc_hd__clkbuf_16)
     9    0.093315    0.166701    0.373604    6.283286 ^ clkbuf_0_clk/X (sky130_fd_sc_hd__clkbuf_16)
                                                         clknet_0_clk (net)
                      0.167126    0.005573    6.288858 ^ clkbuf_2_1__f_clk/A (sky130_fd_sc_hd__clkbuf_16)
    21    0.079864    0.148527    0.326535    6.615393 ^ clkbuf_2_1__f_clk/X (sky130_fd_sc_hd__clkbuf_16)
                                                         clknet_2_1__leaf_clk (net)
                      0.149483    0.009166    6.624559 ^ _132_/CLK (sky130_fd_sc_hd__dfrtp_4)
     3    0.088580    0.424997    1.109767    7.734326 ^ _132_/Q (sky130_fd_sc_hd__dfrtp_4)
                                                         net253 (net)
                      0.428187    0.028953    7.763279 ^ output253/A (sky130_fd_sc_hd__buf_12)
     1    0.190882    0.342662    0.511011    8.274290 ^ output253/X (sky130_fd_sc_hd__buf_12)
                                                         wbs_dat_o[3] (net)
                      0.342669    0.002002    8.276292 ^ wbs_dat_o[3] (out)
                                              8.276292   data arrival time

                                  0.000000    0.000000   clock clk (rise edge)
                                  5.570000    5.570000   clock network delay (propagated)
                                  0.087500    5.657500   clock uncertainty
                                  0.000000    5.657500   clock reconvergence pessimism
                                 -1.130000    4.527500   output external delay
                                              4.527500   data required time
---------------------------------------------------------------------------------------------
                                              4.527500   data required time
                                             -8.276292   data arrival time
---------------------------------------------------------------------------------------------
                                              3.748792   slack (MET)


Startpoint: _131_ (rising edge-triggered flip-flop clocked by clk)
Endpoint: wbs_dat_o[2] (output port clocked by clk)
Path Group: clk
Path Type: min

Fanout         Cap        Slew       Delay        Time   Description
---------------------------------------------------------------------------------------------
                                  0.000000    0.000000   clock clk (rise edge)
                                  4.650000    4.650000   clock source latency
     2    0.029197    0.610000    0.000000    4.650000 ^ clk (in)
                                                         clk (net)
                      0.615156    0.002514    4.652514 ^ wire3/A (sky130_fd_sc_hd__buf_4)
     3    0.041430    0.198093    0.516262    5.168776 ^ wire3/X (sky130_fd_sc_hd__buf_4)
                                                         net274 (net)
                      0.198221    0.004682    5.173457 ^ wire2/A (sky130_fd_sc_hd__buf_6)
     3    0.070368    0.230398    0.345490    5.518948 ^ wire2/X (sky130_fd_sc_hd__buf_6)
                                                         net273 (net)
                      0.231573    0.012940    5.531888 ^ wire1/A (sky130_fd_sc_hd__buf_6)
     3    0.072767    0.237763    0.364097    5.895985 ^ wire1/X (sky130_fd_sc_hd__buf_6)
                                                         net272 (net)
                      0.239037    0.013697    5.909681 ^ clkbuf_0_clk/A (sky130_fd_sc_hd__clkbuf_16)
     9    0.093315    0.166701    0.373604    6.283286 ^ clkbuf_0_clk/X (sky130_fd_sc_hd__clkbuf_16)
                                                         clknet_0_clk (net)
                      0.167126    0.005573    6.288858 ^ clkbuf_2_1__f_clk/A (sky130_fd_sc_hd__clkbuf_16)
    21    0.079864    0.148527    0.326535    6.615393 ^ clkbuf_2_1__f_clk/X (sky130_fd_sc_hd__clkbuf_16)
                                                         clknet_2_1__leaf_clk (net)
                      0.149476    0.009129    6.624522 ^ _131_/CLK (sky130_fd_sc_hd__dfrtp_4)
     3    0.090376    0.427001    1.118294    7.742815 ^ _131_/Q (sky130_fd_sc_hd__dfrtp_4)
                                                         net250 (net)
                      0.430040    0.028042    7.770858 ^ output250/A (sky130_fd_sc_hd__buf_12)
     1    0.190882    0.342665    0.511618    8.282476 ^ output250/X (sky130_fd_sc_hd__buf_12)
                                                         wbs_dat_o[2] (net)
                      0.342672    0.002002    8.284478 ^ wbs_dat_o[2] (out)
                                              8.284478   data arrival time

                                  0.000000    0.000000   clock clk (rise edge)
                                  5.570000    5.570000   clock network delay (propagated)
                                  0.087500    5.657500   clock uncertainty
                                  0.000000    5.657500   clock reconvergence pessimism
                                 -1.130000    4.527500   output external delay
                                              4.527500   data required time
---------------------------------------------------------------------------------------------
                                              4.527500   data required time
                                             -8.284478   data arrival time
---------------------------------------------------------------------------------------------
                                              3.756978   slack (MET)


Startpoint: _156_ (rising edge-triggered flip-flop clocked by clk)
Endpoint: wbs_dat_o[27] (output port clocked by clk)
Path Group: clk
Path Type: min

Fanout         Cap        Slew       Delay        Time   Description
---------------------------------------------------------------------------------------------
                                  0.000000    0.000000   clock clk (rise edge)
                                  4.650000    4.650000   clock source latency
     2    0.029197    0.610000    0.000000    4.650000 ^ clk (in)
                                                         clk (net)
                      0.615156    0.002514    4.652514 ^ wire3/A (sky130_fd_sc_hd__buf_4)
     3    0.041430    0.198093    0.516262    5.168776 ^ wire3/X (sky130_fd_sc_hd__buf_4)
                                                         net274 (net)
                      0.198221    0.004682    5.173457 ^ wire2/A (sky130_fd_sc_hd__buf_6)
     3    0.070368    0.230398    0.345490    5.518948 ^ wire2/X (sky130_fd_sc_hd__buf_6)
                                                         net273 (net)
                      0.231573    0.012940    5.531888 ^ wire1/A (sky130_fd_sc_hd__buf_6)
     3    0.072767    0.237763    0.364097    5.895985 ^ wire1/X (sky130_fd_sc_hd__buf_6)
                                                         net272 (net)
                      0.239037    0.013697    5.909681 ^ clkbuf_0_clk/A (sky130_fd_sc_hd__clkbuf_16)
     9    0.093315    0.166701    0.373604    6.283286 ^ clkbuf_0_clk/X (sky130_fd_sc_hd__clkbuf_16)
                                                         clknet_0_clk (net)
                      0.167076    0.005105    6.288391 ^ clkbuf_2_3__f_clk/A (sky130_fd_sc_hd__clkbuf_16)
    21    0.067863    0.131728    0.313742    6.602133 ^ clkbuf_2_3__f_clk/X (sky130_fd_sc_hd__clkbuf_16)
                                                         clknet_2_3__leaf_clk (net)
                      0.132516    0.007738    6.609870 ^ _156_/CLK (sky130_fd_sc_hd__dfrtp_4)
     3    0.096406    0.451280    1.125727    7.735597 ^ _156_/Q (sky130_fd_sc_hd__dfrtp_4)
                                                         net247 (net)
                      0.455607    0.034410    7.770007 ^ output247/A (sky130_fd_sc_hd__buf_12)
     1    0.191116    0.343167    0.520068    8.290075 ^ output247/X (sky130_fd_sc_hd__buf_12)
                                                         wbs_dat_o[27] (net)
                      0.343178    0.002291    8.292366 ^ wbs_dat_o[27] (out)
                                              8.292366   data arrival time

                                  0.000000    0.000000   clock clk (rise edge)
                                  5.570000    5.570000   clock network delay (propagated)
                                  0.087500    5.657500   clock uncertainty
                                  0.000000    5.657500   clock reconvergence pessimism
                                 -1.130000    4.527500   output external delay
                                              4.527500   data required time
---------------------------------------------------------------------------------------------
                                              4.527500   data required time
                                             -8.292366   data arrival time
---------------------------------------------------------------------------------------------
                                              3.764866   slack (MET)


Startpoint: _157_ (rising edge-triggered flip-flop clocked by clk)
Endpoint: wbs_dat_o[28] (output port clocked by clk)
Path Group: clk
Path Type: min

Fanout         Cap        Slew       Delay        Time   Description
---------------------------------------------------------------------------------------------
                                  0.000000    0.000000   clock clk (rise edge)
                                  4.650000    4.650000   clock source latency
     2    0.029197    0.610000    0.000000    4.650000 ^ clk (in)
                                                         clk (net)
                      0.615156    0.002514    4.652514 ^ wire3/A (sky130_fd_sc_hd__buf_4)
     3    0.041430    0.198093    0.516262    5.168776 ^ wire3/X (sky130_fd_sc_hd__buf_4)
                                                         net274 (net)
                      0.198221    0.004682    5.173457 ^ wire2/A (sky130_fd_sc_hd__buf_6)
     3    0.070368    0.230398    0.345490    5.518948 ^ wire2/X (sky130_fd_sc_hd__buf_6)
                                                         net273 (net)
                      0.231573    0.012940    5.531888 ^ wire1/A (sky130_fd_sc_hd__buf_6)
     3    0.072767    0.237763    0.364097    5.895985 ^ wire1/X (sky130_fd_sc_hd__buf_6)
                                                         net272 (net)
                      0.239037    0.013697    5.909681 ^ clkbuf_0_clk/A (sky130_fd_sc_hd__clkbuf_16)
     9    0.093315    0.166701    0.373604    6.283286 ^ clkbuf_0_clk/X (sky130_fd_sc_hd__clkbuf_16)
                                                         clknet_0_clk (net)
                      0.167076    0.005105    6.288391 ^ clkbuf_2_3__f_clk/A (sky130_fd_sc_hd__clkbuf_16)
    21    0.067863    0.131728    0.313742    6.602133 ^ clkbuf_2_3__f_clk/X (sky130_fd_sc_hd__clkbuf_16)
                                                         clknet_2_3__leaf_clk (net)
                      0.132464    0.007474    6.609607 ^ _157_/CLK (sky130_fd_sc_hd__dfrtp_4)
     3    0.106172    0.491444    1.150485    7.760091 ^ _157_/Q (sky130_fd_sc_hd__dfrtp_4)
                                                         net248 (net)
                      0.497345    0.041894    7.801985 ^ output248/A (sky130_fd_sc_hd__buf_12)
     1    0.191133    0.343276    0.533775    8.335760 ^ output248/X (sky130_fd_sc_hd__buf_12)
                                                         wbs_dat_o[28] (net)
                      0.343287    0.002291    8.338051 ^ wbs_dat_o[28] (out)
                                              8.338051   data arrival time

                                  0.000000    0.000000   clock clk (rise edge)
                                  5.570000    5.570000   clock network delay (propagated)
                                  0.087500    5.657500   clock uncertainty
                                  0.000000    5.657500   clock reconvergence pessimism
                                 -1.130000    4.527500   output external delay
                                              4.527500   data required time
---------------------------------------------------------------------------------------------
                                              4.527500   data required time
                                             -8.338051   data arrival time
---------------------------------------------------------------------------------------------
                                              3.810551   slack (MET)


Startpoint: _130_ (rising edge-triggered flip-flop clocked by clk)
Endpoint: wbs_dat_o[1] (output port clocked by clk)
Path Group: clk
Path Type: min

Fanout         Cap        Slew       Delay        Time   Description
---------------------------------------------------------------------------------------------
                                  0.000000    0.000000   clock clk (rise edge)
                                  4.650000    4.650000   clock source latency
     2    0.029197    0.610000    0.000000    4.650000 ^ clk (in)
                                                         clk (net)
                      0.615156    0.002514    4.652514 ^ wire3/A (sky130_fd_sc_hd__buf_4)
     3    0.041430    0.198093    0.516262    5.168776 ^ wire3/X (sky130_fd_sc_hd__buf_4)
                                                         net274 (net)
                      0.198221    0.004682    5.173457 ^ wire2/A (sky130_fd_sc_hd__buf_6)
     3    0.070368    0.230398    0.345490    5.518948 ^ wire2/X (sky130_fd_sc_hd__buf_6)
                                                         net273 (net)
                      0.231573    0.012940    5.531888 ^ wire1/A (sky130_fd_sc_hd__buf_6)
     3    0.072767    0.237763    0.364097    5.895985 ^ wire1/X (sky130_fd_sc_hd__buf_6)
                                                         net272 (net)
                      0.239037    0.013697    5.909681 ^ clkbuf_0_clk/A (sky130_fd_sc_hd__clkbuf_16)
     9    0.093315    0.166701    0.373604    6.283286 ^ clkbuf_0_clk/X (sky130_fd_sc_hd__clkbuf_16)
                                                         clknet_0_clk (net)
                      0.167126    0.005573    6.288858 ^ clkbuf_2_1__f_clk/A (sky130_fd_sc_hd__clkbuf_16)
    21    0.079864    0.148527    0.326535    6.615393 ^ clkbuf_2_1__f_clk/X (sky130_fd_sc_hd__clkbuf_16)
                                                         clknet_2_1__leaf_clk (net)
                      0.149479    0.009144    6.624537 ^ _130_/CLK (sky130_fd_sc_hd__dfrtp_4)
     3    0.103953    0.482342    1.156490    7.781028 ^ _130_/Q (sky130_fd_sc_hd__dfrtp_4)
                                                         net239 (net)
                      0.486657    0.035524    7.816552 ^ output239/A (sky130_fd_sc_hd__buf_12)
     1    0.190882    0.342773    0.530182    8.346734 ^ output239/X (sky130_fd_sc_hd__buf_12)
                                                         wbs_dat_o[1] (net)
                      0.342780    0.002002    8.348736 ^ wbs_dat_o[1] (out)
                                              8.348736   data arrival time

                                  0.000000    0.000000   clock clk (rise edge)
                                  5.570000    5.570000   clock network delay (propagated)
                                  0.087500    5.657500   clock uncertainty
                                  0.000000    5.657500   clock reconvergence pessimism
                                 -1.130000    4.527500   output external delay
                                              4.527500   data required time
---------------------------------------------------------------------------------------------
                                              4.527500   data required time
                                             -8.348736   data arrival time
---------------------------------------------------------------------------------------------
                                              3.821236   slack (MET)


Startpoint: _158_ (rising edge-triggered flip-flop clocked by clk)
Endpoint: wbs_dat_o[29] (output port clocked by clk)
Path Group: clk
Path Type: min

Fanout         Cap        Slew       Delay        Time   Description
---------------------------------------------------------------------------------------------
                                  0.000000    0.000000   clock clk (rise edge)
                                  4.650000    4.650000   clock source latency
     2    0.029197    0.610000    0.000000    4.650000 ^ clk (in)
                                                         clk (net)
                      0.615156    0.002514    4.652514 ^ wire3/A (sky130_fd_sc_hd__buf_4)
     3    0.041430    0.198093    0.516262    5.168776 ^ wire3/X (sky130_fd_sc_hd__buf_4)
                                                         net274 (net)
                      0.198221    0.004682    5.173457 ^ wire2/A (sky130_fd_sc_hd__buf_6)
     3    0.070368    0.230398    0.345490    5.518948 ^ wire2/X (sky130_fd_sc_hd__buf_6)
                                                         net273 (net)
                      0.231573    0.012940    5.531888 ^ wire1/A (sky130_fd_sc_hd__buf_6)
     3    0.072767    0.237763    0.364097    5.895985 ^ wire1/X (sky130_fd_sc_hd__buf_6)
                                                         net272 (net)
                      0.239037    0.013697    5.909681 ^ clkbuf_0_clk/A (sky130_fd_sc_hd__clkbuf_16)
     9    0.093315    0.166701    0.373604    6.283286 ^ clkbuf_0_clk/X (sky130_fd_sc_hd__clkbuf_16)
                                                         clknet_0_clk (net)
                      0.167076    0.005105    6.288391 ^ clkbuf_2_3__f_clk/A (sky130_fd_sc_hd__clkbuf_16)
    21    0.067863    0.131728    0.313742    6.602133 ^ clkbuf_2_3__f_clk/X (sky130_fd_sc_hd__clkbuf_16)
                                                         clknet_2_3__leaf_clk (net)
                      0.132578    0.008042    6.610174 ^ _158_/CLK (sky130_fd_sc_hd__dfrtp_4)
     3    0.112162    0.516063    1.165809    7.775984 ^ _158_/Q (sky130_fd_sc_hd__dfrtp_4)
                                                         net249 (net)
                      0.523011    0.046549    7.822532 ^ output249/A (sky130_fd_sc_hd__buf_12)
     1    0.191217    0.343464    0.542290    8.364822 ^ output249/X (sky130_fd_sc_hd__buf_12)
                                                         wbs_dat_o[29] (net)
                      0.343475    0.002292    8.367113 ^ wbs_dat_o[29] (out)
                                              8.367113   data arrival time

                                  0.000000    0.000000   clock clk (rise edge)
                                  5.570000    5.570000   clock network delay (propagated)
                                  0.087500    5.657500   clock uncertainty
                                  0.000000    5.657500   clock reconvergence pessimism
                                 -1.130000    4.527500   output external delay
                                              4.527500   data required time
---------------------------------------------------------------------------------------------
                                              4.527500   data required time
                                             -8.367113   data arrival time
---------------------------------------------------------------------------------------------
                                              3.839614   slack (MET)


Startpoint: _129_ (rising edge-triggered flip-flop clocked by clk)
Endpoint: wbs_dat_o[0] (output port clocked by clk)
Path Group: clk
Path Type: min

Fanout         Cap        Slew       Delay        Time   Description
---------------------------------------------------------------------------------------------
                                  0.000000    0.000000   clock clk (rise edge)
                                  4.650000    4.650000   clock source latency
     2    0.029197    0.610000    0.000000    4.650000 ^ clk (in)
                                                         clk (net)
                      0.615156    0.002514    4.652514 ^ wire3/A (sky130_fd_sc_hd__buf_4)
     3    0.041430    0.198093    0.516262    5.168776 ^ wire3/X (sky130_fd_sc_hd__buf_4)
                                                         net274 (net)
                      0.198221    0.004682    5.173457 ^ wire2/A (sky130_fd_sc_hd__buf_6)
     3    0.070368    0.230398    0.345490    5.518948 ^ wire2/X (sky130_fd_sc_hd__buf_6)
                                                         net273 (net)
                      0.231573    0.012940    5.531888 ^ wire1/A (sky130_fd_sc_hd__buf_6)
     3    0.072767    0.237763    0.364097    5.895985 ^ wire1/X (sky130_fd_sc_hd__buf_6)
                                                         net272 (net)
                      0.239037    0.013697    5.909681 ^ clkbuf_0_clk/A (sky130_fd_sc_hd__clkbuf_16)
     9    0.093315    0.166701    0.373604    6.283286 ^ clkbuf_0_clk/X (sky130_fd_sc_hd__clkbuf_16)
                                                         clknet_0_clk (net)
                      0.167126    0.005573    6.288858 ^ clkbuf_2_1__f_clk/A (sky130_fd_sc_hd__clkbuf_16)
    21    0.079864    0.148527    0.326535    6.615393 ^ clkbuf_2_1__f_clk/X (sky130_fd_sc_hd__clkbuf_16)
                                                         clknet_2_1__leaf_clk (net)
                      0.149237    0.007901    6.623294 ^ _129_/CLK (sky130_fd_sc_hd__dfrtp_4)
     3    0.114007    0.523771    1.182048    7.805342 ^ _129_/Q (sky130_fd_sc_hd__dfrtp_4)
                                                         net228 (net)
                      0.530158    0.044952    7.850295 ^ output228/A (sky130_fd_sc_hd__buf_12)
     1    0.190882    0.342856    0.544446    8.394741 ^ output228/X (sky130_fd_sc_hd__buf_12)
                                                         wbs_dat_o[0] (net)
                      0.342863    0.002002    8.396743 ^ wbs_dat_o[0] (out)
                                              8.396743   data arrival time

                                  0.000000    0.000000   clock clk (rise edge)
                                  5.570000    5.570000   clock network delay (propagated)
                                  0.087500    5.657500   clock uncertainty
                                  0.000000    5.657500   clock reconvergence pessimism
                                 -1.130000    4.527500   output external delay
                                              4.527500   data required time
---------------------------------------------------------------------------------------------
                                              4.527500   data required time
                                             -8.396743   data arrival time
---------------------------------------------------------------------------------------------
                                              3.869243   slack (MET)


Startpoint: _159_ (rising edge-triggered flip-flop clocked by clk)
Endpoint: wbs_dat_o[30] (output port clocked by clk)
Path Group: clk
Path Type: min

Fanout         Cap        Slew       Delay        Time   Description
---------------------------------------------------------------------------------------------
                                  0.000000    0.000000   clock clk (rise edge)
                                  4.650000    4.650000   clock source latency
     2    0.029197    0.610000    0.000000    4.650000 ^ clk (in)
                                                         clk (net)
                      0.615156    0.002514    4.652514 ^ wire3/A (sky130_fd_sc_hd__buf_4)
     3    0.041430    0.198093    0.516262    5.168776 ^ wire3/X (sky130_fd_sc_hd__buf_4)
                                                         net274 (net)
                      0.198221    0.004682    5.173457 ^ wire2/A (sky130_fd_sc_hd__buf_6)
     3    0.070368    0.230398    0.345490    5.518948 ^ wire2/X (sky130_fd_sc_hd__buf_6)
                                                         net273 (net)
                      0.231573    0.012940    5.531888 ^ wire1/A (sky130_fd_sc_hd__buf_6)
     3    0.072767    0.237763    0.364097    5.895985 ^ wire1/X (sky130_fd_sc_hd__buf_6)
                                                         net272 (net)
                      0.239037    0.013697    5.909681 ^ clkbuf_0_clk/A (sky130_fd_sc_hd__clkbuf_16)
     9    0.093315    0.166701    0.373604    6.283286 ^ clkbuf_0_clk/X (sky130_fd_sc_hd__clkbuf_16)
                                                         clknet_0_clk (net)
                      0.167076    0.005102    6.288388 ^ clkbuf_2_2__f_clk/A (sky130_fd_sc_hd__clkbuf_16)
    17    0.088213    0.160040    0.336667    6.625054 ^ clkbuf_2_2__f_clk/X (sky130_fd_sc_hd__clkbuf_16)
                                                         clknet_2_2__leaf_clk (net)
                      0.160603    0.006585    6.631639 ^ _159_/CLK (sky130_fd_sc_hd__dfrtp_4)
     3    0.137763    0.397311    1.314179    7.945818 v _159_/Q (sky130_fd_sc_hd__dfrtp_4)
                                                         net251 (net)
                      0.408566    0.050677    7.996495 v output251/A (sky130_fd_sc_hd__buf_12)
     1    0.191090    0.175167    0.492304    8.488799 v output251/X (sky130_fd_sc_hd__buf_12)
                                                         wbs_dat_o[30] (net)
                      0.175200    0.002288    8.491087 v wbs_dat_o[30] (out)
                                              8.491087   data arrival time

                                  0.000000    0.000000   clock clk (rise edge)
                                  5.570000    5.570000   clock network delay (propagated)
                                  0.087500    5.657500   clock uncertainty
                                  0.000000    5.657500   clock reconvergence pessimism
                                 -1.130000    4.527500   output external delay
                                              4.527500   data required time
---------------------------------------------------------------------------------------------
                                              4.527500   data required time
                                             -8.491087   data arrival time
---------------------------------------------------------------------------------------------
                                              3.963587   slack (MET)


Startpoint: _160_ (rising edge-triggered flip-flop clocked by clk)
Endpoint: wbs_dat_o[31] (output port clocked by clk)
Path Group: clk
Path Type: min

Fanout         Cap        Slew       Delay        Time   Description
---------------------------------------------------------------------------------------------
                                  0.000000    0.000000   clock clk (rise edge)
                                  4.650000    4.650000   clock source latency
     2    0.029197    0.610000    0.000000    4.650000 ^ clk (in)
                                                         clk (net)
                      0.615156    0.002514    4.652514 ^ wire3/A (sky130_fd_sc_hd__buf_4)
     3    0.041430    0.198093    0.516262    5.168776 ^ wire3/X (sky130_fd_sc_hd__buf_4)
                                                         net274 (net)
                      0.198221    0.004682    5.173457 ^ wire2/A (sky130_fd_sc_hd__buf_6)
     3    0.070368    0.230398    0.345490    5.518948 ^ wire2/X (sky130_fd_sc_hd__buf_6)
                                                         net273 (net)
                      0.231573    0.012940    5.531888 ^ wire1/A (sky130_fd_sc_hd__buf_6)
     3    0.072767    0.237763    0.364097    5.895985 ^ wire1/X (sky130_fd_sc_hd__buf_6)
                                                         net272 (net)
                      0.239037    0.013697    5.909681 ^ clkbuf_0_clk/A (sky130_fd_sc_hd__clkbuf_16)
     9    0.093315    0.166701    0.373604    6.283286 ^ clkbuf_0_clk/X (sky130_fd_sc_hd__clkbuf_16)
                                                         clknet_0_clk (net)
                      0.167076    0.005105    6.288391 ^ clkbuf_2_3__f_clk/A (sky130_fd_sc_hd__clkbuf_16)
    21    0.067863    0.131728    0.313742    6.602133 ^ clkbuf_2_3__f_clk/X (sky130_fd_sc_hd__clkbuf_16)
                                                         clknet_2_3__leaf_clk (net)
                      0.132516    0.007739    6.609871 ^ _160_/CLK (sky130_fd_sc_hd__dfrtp_4)
     3    0.152908    0.431098    1.323333    7.933205 v _160_/Q (sky130_fd_sc_hd__dfrtp_4)
                                                         net252 (net)
                      0.446310    0.061347    7.994552 v output252/A (sky130_fd_sc_hd__buf_12)
     1    0.191090    0.175417    0.509832    8.504384 v output252/X (sky130_fd_sc_hd__buf_12)
                                                         wbs_dat_o[31] (net)
                      0.175451    0.002288    8.506672 v wbs_dat_o[31] (out)
                                              8.506672   data arrival time

                                  0.000000    0.000000   clock clk (rise edge)
                                  5.570000    5.570000   clock network delay (propagated)
                                  0.087500    5.657500   clock uncertainty
                                  0.000000    5.657500   clock reconvergence pessimism
                                 -1.130000    4.527500   output external delay
                                              4.527500   data required time
---------------------------------------------------------------------------------------------
                                              4.527500   data required time
                                             -8.506672   data arrival time
---------------------------------------------------------------------------------------------
                                              3.979172   slack (MET)


Startpoint: _128_ (rising edge-triggered flip-flop clocked by clk)
Endpoint: wbs_ack_o (output port clocked by clk)
Path Group: clk
Path Type: min

Fanout         Cap        Slew       Delay        Time   Description
---------------------------------------------------------------------------------------------
                                  0.000000    0.000000   clock clk (rise edge)
                                  4.650000    4.650000   clock source latency
     2    0.029197    0.610000    0.000000    4.650000 ^ clk (in)
                                                         clk (net)
                      0.615156    0.002514    4.652514 ^ wire3/A (sky130_fd_sc_hd__buf_4)
     3    0.041430    0.198093    0.516262    5.168776 ^ wire3/X (sky130_fd_sc_hd__buf_4)
                                                         net274 (net)
                      0.198221    0.004682    5.173457 ^ wire2/A (sky130_fd_sc_hd__buf_6)
     3    0.070368    0.230398    0.345490    5.518948 ^ wire2/X (sky130_fd_sc_hd__buf_6)
                                                         net273 (net)
                      0.231573    0.012940    5.531888 ^ wire1/A (sky130_fd_sc_hd__buf_6)
     3    0.072767    0.237763    0.364097    5.895985 ^ wire1/X (sky130_fd_sc_hd__buf_6)
                                                         net272 (net)
                      0.239037    0.013697    5.909681 ^ clkbuf_0_clk/A (sky130_fd_sc_hd__clkbuf_16)
     9    0.093315    0.166701    0.373604    6.283286 ^ clkbuf_0_clk/X (sky130_fd_sc_hd__clkbuf_16)
                                                         clknet_0_clk (net)
                      0.167126    0.005573    6.288858 ^ clkbuf_2_1__f_clk/A (sky130_fd_sc_hd__clkbuf_16)
    21    0.079864    0.148527    0.326535    6.615393 ^ clkbuf_2_1__f_clk/X (sky130_fd_sc_hd__clkbuf_16)
                                                         clknet_2_1__leaf_clk (net)
                      0.148868    0.005517    6.620910 ^ _128_/CLK (sky130_fd_sc_hd__dfrtp_4)
     3    0.157867    0.445676    1.332634    7.953544 v _128_/Q (sky130_fd_sc_hd__dfrtp_4)
                                                         net227 (net)
                      0.462373    0.065722    8.019265 v output227/A (sky130_fd_sc_hd__buf_12)
     1    0.190872    0.175248    0.517375    8.536641 v output227/X (sky130_fd_sc_hd__buf_12)
                                                         wbs_ack_o (net)
                      0.175273    0.002000    8.538641 v wbs_ack_o (out)
                                              8.538641   data arrival time

                                  0.000000    0.000000   clock clk (rise edge)
                                  5.570000    5.570000   clock network delay (propagated)
                                  0.087500    5.657500   clock uncertainty
                                  0.000000    5.657500   clock reconvergence pessimism
                                 -1.370000    4.287500   output external delay
                                              4.287500   data required time
---------------------------------------------------------------------------------------------
                                              4.287500   data required time
                                             -8.538641   data arrival time
---------------------------------------------------------------------------------------------
                                              4.251142   slack (MET)



