
===========================================================================
report_checks -path_delay min (Hold)
============================================================================
======================= nom_tt_025C_1v80 Corner ===================================

Startpoint: wbs_stb_i (input port clocked by clk)
Endpoint: _128_ (rising edge-triggered flip-flop clocked by clk)
Path Group: clk
Path Type: min

Fanout         Cap        Slew       Delay        Time   Description
---------------------------------------------------------------------------------------------
                                  0.000000    0.000000   clock clk (rise edge)
                                  4.650000    4.650000   clock network delay (propagated)
                                  1.860000    6.510000 v input external delay
     2    0.006398    0.150000    0.000000    6.510000 v wbs_stb_i (in)
                                                         wbs_stb_i (net)
                      0.150154    0.000075    6.510075 v input147/A (sky130_fd_sc_hd__buf_6)
     3    0.171998    0.118439    0.207665    6.717741 v input147/X (sky130_fd_sc_hd__buf_6)
                                                         net147 (net)
                      0.264548    0.112227    6.829967 v _041_/B (sky130_fd_sc_hd__and2_4)
     5    0.083566    0.113667    0.326946    7.156913 v _041_/X (sky130_fd_sc_hd__and2_4)
                                                         _000_ (net)
                      0.113776    0.002636    7.159549 v hold194/A (sky130_fd_sc_hd__dlygate4sd3_1)
     1    0.002742    0.052658    0.563917    7.723465 v hold194/X (sky130_fd_sc_hd__dlygate4sd3_1)
                                                         net468 (net)
                      0.052658    0.000077    7.723543 v _128_/D (sky130_fd_sc_hd__dfrtp_4)
                                              7.723543   data arrival time

                                  0.000000    0.000000   clock clk (rise edge)
                                  5.570000    5.570000   clock source latency
     2    0.031059    0.610000    0.000000    5.570000 ^ clk (in)
                                                         clk (net)
                      0.616615    0.003390    5.573390 ^ wire3/A (sky130_fd_sc_hd__buf_4)
     3    0.045272    0.136866    0.305691    5.879081 ^ wire3/X (sky130_fd_sc_hd__buf_4)
                                                         net274 (net)
                      0.137375    0.006904    5.885986 ^ wire2/A (sky130_fd_sc_hd__buf_6)
     3    0.077626    0.158030    0.211666    6.097652 ^ wire2/X (sky130_fd_sc_hd__buf_6)
                                                         net273 (net)
                      0.161239    0.018222    6.115874 ^ wire1/A (sky130_fd_sc_hd__buf_6)
     3    0.079944    0.162562    0.219547    6.335421 ^ wire1/X (sky130_fd_sc_hd__buf_6)
                                                         net272 (net)
                      0.166011    0.019154    6.354575 ^ clkbuf_0_clk/A (sky130_fd_sc_hd__clkbuf_16)
     9    0.099226    0.116200    0.229902    6.584476 ^ clkbuf_0_clk/X (sky130_fd_sc_hd__clkbuf_16)
                                                         clknet_0_clk (net)
                      0.117074    0.008286    6.592762 ^ clkbuf_2_1__f_clk/A (sky130_fd_sc_hd__clkbuf_16)
    21    0.084691    0.102658    0.200590    6.793353 ^ clkbuf_2_1__f_clk/X (sky130_fd_sc_hd__clkbuf_16)
                                                         clknet_2_1__leaf_clk (net)
                      0.103698    0.008438    6.801790 ^ _128_/CLK (sky130_fd_sc_hd__dfrtp_4)
                                  0.087500    6.889290   clock uncertainty
                                  0.000000    6.889290   clock reconvergence pessimism
                                 -0.031753    6.857537   library hold time
                                              6.857537   data required time
---------------------------------------------------------------------------------------------
                                              6.857537   data required time
                                             -7.723543   data arrival time
---------------------------------------------------------------------------------------------
                                              0.866006   slack (MET)


Startpoint: wbs_adr_i[18] (input port clocked by clk)
Endpoint: _143_ (rising edge-triggered flip-flop clocked by clk)
Path Group: clk
Path Type: min

Fanout         Cap        Slew       Delay        Time   Description
---------------------------------------------------------------------------------------------
                                  0.000000    0.000000   clock clk (rise edge)
                                  4.650000    4.650000   clock network delay (propagated)
                                  0.790000    5.440000 ^ input external delay
     2    0.004514    0.070000    0.000000    5.440000 ^ wbs_adr_i[18] (in)
                                                         wbs_adr_i[18] (net)
                      0.070100    0.000048    5.440049 ^ input88/A (sky130_fd_sc_hd__clkbuf_1)
     1    0.004230    0.059891    0.096804    5.536853 ^ input88/X (sky130_fd_sc_hd__clkbuf_1)
                                                         net88 (net)
                      0.059891    0.000153    5.537006 ^ _045_/D (sky130_fd_sc_hd__or4_2)
     3    0.022730    0.118863    0.170192    5.707199 ^ _045_/X (sky130_fd_sc_hd__or4_2)
                                                         _036_ (net)
                      0.118929    0.002242    5.709440 ^ _048_/B (sky130_fd_sc_hd__nor4_1)
     1    0.007403    0.042261    0.085101    5.794541 v _048_/Y (sky130_fd_sc_hd__nor4_1)
                                                         _039_ (net)
                      0.042266    0.000356    5.794897 v hold4/A (sky130_fd_sc_hd__dlygate4sd3_1)
     1    0.007301    0.075449    0.563469    6.358366 v hold4/X (sky130_fd_sc_hd__dlygate4sd3_1)
                                                         net278 (net)
                      0.075449    0.000341    6.358707 v wire262/A (sky130_fd_sc_hd__buf_2)
     1    0.011242    0.042537    0.146249    6.504956 v wire262/X (sky130_fd_sc_hd__buf_2)
                                                         net262 (net)
                      0.042546    0.000606    6.505562 v hold5/A (sky130_fd_sc_hd__dlygate4sd3_1)
     7    0.056307    0.286815    0.754826    7.260388 v hold5/X (sky130_fd_sc_hd__dlygate4sd3_1)
                                                         net279 (net)
                      0.286968    0.005977    7.266366 v fanout261/A (sky130_fd_sc_hd__buf_4)
    33    0.124100    0.159209    0.337376    7.603742 v fanout261/X (sky130_fd_sc_hd__buf_4)
                                                         net261 (net)
                      0.159224    0.001338    7.605080 v _110_/C (sky130_fd_sc_hd__and3_1)
     1    0.002570    0.032912    0.218517    7.823597 v _110_/X (sky130_fd_sc_hd__and3_1)
                                                         _006_ (net)
                      0.032912    0.000071    7.823668 v _143_/D (sky130_fd_sc_hd__dfrtp_2)
                                              7.823668   data arrival time

                                  0.000000    0.000000   clock clk (rise edge)
                                  5.570000    5.570000   clock source latency
     2    0.031059    0.610000    0.000000    5.570000 ^ clk (in)
                                                         clk (net)
                      0.616615    0.003390    5.573390 ^ wire3/A (sky130_fd_sc_hd__buf_4)
     3    0.045272    0.136866    0.305691    5.879081 ^ wire3/X (sky130_fd_sc_hd__buf_4)
                                                         net274 (net)
                      0.137375    0.006904    5.885986 ^ wire2/A (sky130_fd_sc_hd__buf_6)
     3    0.077626    0.158030    0.211666    6.097652 ^ wire2/X (sky130_fd_sc_hd__buf_6)
                                                         net273 (net)
                      0.161239    0.018222    6.115874 ^ wire1/A (sky130_fd_sc_hd__buf_6)
     3    0.079944    0.162562    0.219547    6.335421 ^ wire1/X (sky130_fd_sc_hd__buf_6)
                                                         net272 (net)
                      0.166011    0.019154    6.354575 ^ clkbuf_0_clk/A (sky130_fd_sc_hd__clkbuf_16)
     9    0.099226    0.116200    0.229902    6.584476 ^ clkbuf_0_clk/X (sky130_fd_sc_hd__clkbuf_16)
                                                         clknet_0_clk (net)
                      0.117103    0.008417    6.592894 ^ clkbuf_2_0__f_clk/A (sky130_fd_sc_hd__clkbuf_16)
    17    0.097201    0.113842    0.211917    6.804810 ^ clkbuf_2_0__f_clk/X (sky130_fd_sc_hd__clkbuf_16)
                                                         clknet_2_0__leaf_clk (net)
                      0.114481    0.007065    6.811875 ^ _143_/CLK (sky130_fd_sc_hd__dfrtp_2)
                                  0.087500    6.899374   clock uncertainty
                                  0.000000    6.899374   clock reconvergence pessimism
                                 -0.021347    6.878027   library hold time
                                              6.878027   data required time
---------------------------------------------------------------------------------------------
                                              6.878027   data required time
                                             -7.823668   data arrival time
---------------------------------------------------------------------------------------------
                                              0.945641   slack (MET)


Startpoint: wbs_adr_i[18] (input port clocked by clk)
Endpoint: _145_ (rising edge-triggered flip-flop clocked by clk)
Path Group: clk
Path Type: min

Fanout         Cap        Slew       Delay        Time   Description
---------------------------------------------------------------------------------------------
                                  0.000000    0.000000   clock clk (rise edge)
                                  4.650000    4.650000   clock network delay (propagated)
                                  0.790000    5.440000 ^ input external delay
     2    0.004514    0.070000    0.000000    5.440000 ^ wbs_adr_i[18] (in)
                                                         wbs_adr_i[18] (net)
                      0.070100    0.000048    5.440049 ^ input88/A (sky130_fd_sc_hd__clkbuf_1)
     1    0.004230    0.059891    0.096804    5.536853 ^ input88/X (sky130_fd_sc_hd__clkbuf_1)
                                                         net88 (net)
                      0.059891    0.000153    5.537006 ^ _045_/D (sky130_fd_sc_hd__or4_2)
     3    0.022730    0.118863    0.170192    5.707199 ^ _045_/X (sky130_fd_sc_hd__or4_2)
                                                         _036_ (net)
                      0.118929    0.002242    5.709440 ^ _048_/B (sky130_fd_sc_hd__nor4_1)
     1    0.007403    0.042261    0.085101    5.794541 v _048_/Y (sky130_fd_sc_hd__nor4_1)
                                                         _039_ (net)
                      0.042266    0.000356    5.794897 v hold4/A (sky130_fd_sc_hd__dlygate4sd3_1)
     1    0.007301    0.075449    0.563469    6.358366 v hold4/X (sky130_fd_sc_hd__dlygate4sd3_1)
                                                         net278 (net)
                      0.075449    0.000341    6.358707 v wire262/A (sky130_fd_sc_hd__buf_2)
     1    0.011242    0.042537    0.146249    6.504956 v wire262/X (sky130_fd_sc_hd__buf_2)
                                                         net262 (net)
                      0.042546    0.000606    6.505562 v hold5/A (sky130_fd_sc_hd__dlygate4sd3_1)
     7    0.056307    0.286815    0.754826    7.260388 v hold5/X (sky130_fd_sc_hd__dlygate4sd3_1)
                                                         net279 (net)
                      0.286835    0.002547    7.262935 v fanout260/A (sky130_fd_sc_hd__buf_4)
    33    0.118826    0.151925    0.338053    7.600988 v fanout260/X (sky130_fd_sc_hd__buf_4)
                                                         net260 (net)
                      0.151964    0.002077    7.603065 v _112_/C (sky130_fd_sc_hd__and3_1)
     1    0.002805    0.034140    0.216692    7.819757 v _112_/X (sky130_fd_sc_hd__and3_1)
                                                         _008_ (net)
                      0.034140    0.000082    7.819839 v _145_/D (sky130_fd_sc_hd__dfrtp_2)
                                              7.819839   data arrival time

                                  0.000000    0.000000   clock clk (rise edge)
                                  5.570000    5.570000   clock source latency
     2    0.031059    0.610000    0.000000    5.570000 ^ clk (in)
                                                         clk (net)
                      0.616615    0.003390    5.573390 ^ wire3/A (sky130_fd_sc_hd__buf_4)
     3    0.045272    0.136866    0.305691    5.879081 ^ wire3/X (sky130_fd_sc_hd__buf_4)
                                                         net274 (net)
                      0.137375    0.006904    5.885986 ^ wire2/A (sky130_fd_sc_hd__buf_6)
     3    0.077626    0.158030    0.211666    6.097652 ^ wire2/X (sky130_fd_sc_hd__buf_6)
                                                         net273 (net)
                      0.161239    0.018222    6.115874 ^ wire1/A (sky130_fd_sc_hd__buf_6)
     3    0.079944    0.162562    0.219547    6.335421 ^ wire1/X (sky130_fd_sc_hd__buf_6)
                                                         net272 (net)
                      0.166011    0.019154    6.354575 ^ clkbuf_0_clk/A (sky130_fd_sc_hd__clkbuf_16)
     9    0.099226    0.116200    0.229902    6.584476 ^ clkbuf_0_clk/X (sky130_fd_sc_hd__clkbuf_16)
                                                         clknet_0_clk (net)
                      0.116908    0.007482    6.591959 ^ clkbuf_2_2__f_clk/A (sky130_fd_sc_hd__clkbuf_16)
    17    0.095052    0.111770    0.210394    6.802352 ^ clkbuf_2_2__f_clk/X (sky130_fd_sc_hd__clkbuf_16)
                                                         clknet_2_2__leaf_clk (net)
                      0.112121    0.005245    6.807597 ^ _145_/CLK (sky130_fd_sc_hd__dfrtp_2)
                                  0.087500    6.895097   clock uncertainty
                                  0.000000    6.895097   clock reconvergence pessimism
                                 -0.022385    6.872712   library hold time
                                              6.872712   data required time
---------------------------------------------------------------------------------------------
                                              6.872712   data required time
                                             -7.819839   data arrival time
---------------------------------------------------------------------------------------------
                                              0.947126   slack (MET)


Startpoint: wbs_adr_i[18] (input port clocked by clk)
Endpoint: _144_ (rising edge-triggered flip-flop clocked by clk)
Path Group: clk
Path Type: min

Fanout         Cap        Slew       Delay        Time   Description
---------------------------------------------------------------------------------------------
                                  0.000000    0.000000   clock clk (rise edge)
                                  4.650000    4.650000   clock network delay (propagated)
                                  0.790000    5.440000 ^ input external delay
     2    0.004514    0.070000    0.000000    5.440000 ^ wbs_adr_i[18] (in)
                                                         wbs_adr_i[18] (net)
                      0.070100    0.000048    5.440049 ^ input88/A (sky130_fd_sc_hd__clkbuf_1)
     1    0.004230    0.059891    0.096804    5.536853 ^ input88/X (sky130_fd_sc_hd__clkbuf_1)
                                                         net88 (net)
                      0.059891    0.000153    5.537006 ^ _045_/D (sky130_fd_sc_hd__or4_2)
     3    0.022730    0.118863    0.170192    5.707199 ^ _045_/X (sky130_fd_sc_hd__or4_2)
                                                         _036_ (net)
                      0.118929    0.002242    5.709440 ^ _048_/B (sky130_fd_sc_hd__nor4_1)
     1    0.007403    0.042261    0.085101    5.794541 v _048_/Y (sky130_fd_sc_hd__nor4_1)
                                                         _039_ (net)
                      0.042266    0.000356    5.794897 v hold4/A (sky130_fd_sc_hd__dlygate4sd3_1)
     1    0.007301    0.075449    0.563469    6.358366 v hold4/X (sky130_fd_sc_hd__dlygate4sd3_1)
                                                         net278 (net)
                      0.075449    0.000341    6.358707 v wire262/A (sky130_fd_sc_hd__buf_2)
     1    0.011242    0.042537    0.146249    6.504956 v wire262/X (sky130_fd_sc_hd__buf_2)
                                                         net262 (net)
                      0.042546    0.000606    6.505562 v hold5/A (sky130_fd_sc_hd__dlygate4sd3_1)
     7    0.056307    0.286815    0.754826    7.260388 v hold5/X (sky130_fd_sc_hd__dlygate4sd3_1)
                                                         net279 (net)
                      0.286835    0.002547    7.262935 v fanout260/A (sky130_fd_sc_hd__buf_4)
    33    0.118826    0.151925    0.338053    7.600988 v fanout260/X (sky130_fd_sc_hd__buf_4)
                                                         net260 (net)
                      0.151977    0.002377    7.603365 v _111_/C (sky130_fd_sc_hd__and3_1)
     1    0.003095    0.035710    0.218577    7.821942 v _111_/X (sky130_fd_sc_hd__and3_1)
                                                         _007_ (net)
                      0.035710    0.000091    7.822034 v _144_/D (sky130_fd_sc_hd__dfrtp_2)
                                              7.822034   data arrival time

                                  0.000000    0.000000   clock clk (rise edge)
                                  5.570000    5.570000   clock source latency
     2    0.031059    0.610000    0.000000    5.570000 ^ clk (in)
                                                         clk (net)
                      0.616615    0.003390    5.573390 ^ wire3/A (sky130_fd_sc_hd__buf_4)
     3    0.045272    0.136866    0.305691    5.879081 ^ wire3/X (sky130_fd_sc_hd__buf_4)
                                                         net274 (net)
                      0.137375    0.006904    5.885986 ^ wire2/A (sky130_fd_sc_hd__buf_6)
     3    0.077626    0.158030    0.211666    6.097652 ^ wire2/X (sky130_fd_sc_hd__buf_6)
                                                         net273 (net)
                      0.161239    0.018222    6.115874 ^ wire1/A (sky130_fd_sc_hd__buf_6)
     3    0.079944    0.162562    0.219547    6.335421 ^ wire1/X (sky130_fd_sc_hd__buf_6)
                                                         net272 (net)
                      0.166011    0.019154    6.354575 ^ clkbuf_0_clk/A (sky130_fd_sc_hd__clkbuf_16)
     9    0.099226    0.116200    0.229902    6.584476 ^ clkbuf_0_clk/X (sky130_fd_sc_hd__clkbuf_16)
                                                         clknet_0_clk (net)
                      0.116908    0.007482    6.591959 ^ clkbuf_2_2__f_clk/A (sky130_fd_sc_hd__clkbuf_16)
    17    0.095052    0.111770    0.210394    6.802352 ^ clkbuf_2_2__f_clk/X (sky130_fd_sc_hd__clkbuf_16)
                                                         clknet_2_2__leaf_clk (net)
                      0.112287    0.006311    6.808664 ^ _144_/CLK (sky130_fd_sc_hd__dfrtp_2)
                                  0.087500    6.896164   clock uncertainty
                                  0.000000    6.896164   clock reconvergence pessimism
                                 -0.022986    6.873178   library hold time
                                              6.873178   data required time
---------------------------------------------------------------------------------------------
                                              6.873178   data required time
                                             -7.822034   data arrival time
---------------------------------------------------------------------------------------------
                                              0.948856   slack (MET)


Startpoint: wbs_adr_i[18] (input port clocked by clk)
Endpoint: _142_ (rising edge-triggered flip-flop clocked by clk)
Path Group: clk
Path Type: min

Fanout         Cap        Slew       Delay        Time   Description
---------------------------------------------------------------------------------------------
                                  0.000000    0.000000   clock clk (rise edge)
                                  4.650000    4.650000   clock network delay (propagated)
                                  0.790000    5.440000 ^ input external delay
     2    0.004514    0.070000    0.000000    5.440000 ^ wbs_adr_i[18] (in)
                                                         wbs_adr_i[18] (net)
                      0.070100    0.000048    5.440049 ^ input88/A (sky130_fd_sc_hd__clkbuf_1)
     1    0.004230    0.059891    0.096804    5.536853 ^ input88/X (sky130_fd_sc_hd__clkbuf_1)
                                                         net88 (net)
                      0.059891    0.000153    5.537006 ^ _045_/D (sky130_fd_sc_hd__or4_2)
     3    0.022730    0.118863    0.170192    5.707199 ^ _045_/X (sky130_fd_sc_hd__or4_2)
                                                         _036_ (net)
                      0.118929    0.002242    5.709440 ^ _048_/B (sky130_fd_sc_hd__nor4_1)
     1    0.007403    0.042261    0.085101    5.794541 v _048_/Y (sky130_fd_sc_hd__nor4_1)
                                                         _039_ (net)
                      0.042266    0.000356    5.794897 v hold4/A (sky130_fd_sc_hd__dlygate4sd3_1)
     1    0.007301    0.075449    0.563469    6.358366 v hold4/X (sky130_fd_sc_hd__dlygate4sd3_1)
                                                         net278 (net)
                      0.075449    0.000341    6.358707 v wire262/A (sky130_fd_sc_hd__buf_2)
     1    0.011242    0.042537    0.146249    6.504956 v wire262/X (sky130_fd_sc_hd__buf_2)
                                                         net262 (net)
                      0.042546    0.000606    6.505562 v hold5/A (sky130_fd_sc_hd__dlygate4sd3_1)
     7    0.056307    0.286815    0.754826    7.260388 v hold5/X (sky130_fd_sc_hd__dlygate4sd3_1)
                                                         net279 (net)
                      0.286968    0.005977    7.266366 v fanout261/A (sky130_fd_sc_hd__buf_4)
    33    0.124100    0.159209    0.337376    7.603742 v fanout261/X (sky130_fd_sc_hd__buf_4)
                                                         net261 (net)
                      0.159880    0.008602    7.612344 v _109_/C (sky130_fd_sc_hd__and3_1)
     1    0.003178    0.036204    0.222752    7.835095 v _109_/X (sky130_fd_sc_hd__and3_1)
                                                         _005_ (net)
                      0.036204    0.000094    7.835190 v _142_/D (sky130_fd_sc_hd__dfrtp_2)
                                              7.835190   data arrival time

                                  0.000000    0.000000   clock clk (rise edge)
                                  5.570000    5.570000   clock source latency
     2    0.031059    0.610000    0.000000    5.570000 ^ clk (in)
                                                         clk (net)
                      0.616615    0.003390    5.573390 ^ wire3/A (sky130_fd_sc_hd__buf_4)
     3    0.045272    0.136866    0.305691    5.879081 ^ wire3/X (sky130_fd_sc_hd__buf_4)
                                                         net274 (net)
                      0.137375    0.006904    5.885986 ^ wire2/A (sky130_fd_sc_hd__buf_6)
     3    0.077626    0.158030    0.211666    6.097652 ^ wire2/X (sky130_fd_sc_hd__buf_6)
                                                         net273 (net)
                      0.161239    0.018222    6.115874 ^ wire1/A (sky130_fd_sc_hd__buf_6)
     3    0.079944    0.162562    0.219547    6.335421 ^ wire1/X (sky130_fd_sc_hd__buf_6)
                                                         net272 (net)
                      0.166011    0.019154    6.354575 ^ clkbuf_0_clk/A (sky130_fd_sc_hd__clkbuf_16)
     9    0.099226    0.116200    0.229902    6.584476 ^ clkbuf_0_clk/X (sky130_fd_sc_hd__clkbuf_16)
                                                         clknet_0_clk (net)
                      0.117103    0.008417    6.592894 ^ clkbuf_2_0__f_clk/A (sky130_fd_sc_hd__clkbuf_16)
    17    0.097201    0.113842    0.211917    6.804810 ^ clkbuf_2_0__f_clk/X (sky130_fd_sc_hd__clkbuf_16)
                                                         clknet_2_0__leaf_clk (net)
                      0.114283    0.005917    6.810727 ^ _142_/CLK (sky130_fd_sc_hd__dfrtp_2)
                                  0.087500    6.898227   clock uncertainty
                                  0.000000    6.898227   clock reconvergence pessimism
                                 -0.022731    6.875495   library hold time
                                              6.875495   data required time
---------------------------------------------------------------------------------------------
                                              6.875495   data required time
                                             -7.835190   data arrival time
---------------------------------------------------------------------------------------------
                                              0.959695   slack (MET)


Startpoint: wbs_adr_i[18] (input port clocked by clk)
Endpoint: _147_ (rising edge-triggered flip-flop clocked by clk)
Path Group: clk
Path Type: min

Fanout         Cap        Slew       Delay        Time   Description
---------------------------------------------------------------------------------------------
                                  0.000000    0.000000   clock clk (rise edge)
                                  4.650000    4.650000   clock network delay (propagated)
                                  0.790000    5.440000 ^ input external delay
     2    0.004514    0.070000    0.000000    5.440000 ^ wbs_adr_i[18] (in)
                                                         wbs_adr_i[18] (net)
                      0.070100    0.000048    5.440049 ^ input88/A (sky130_fd_sc_hd__clkbuf_1)
     1    0.004230    0.059891    0.096804    5.536853 ^ input88/X (sky130_fd_sc_hd__clkbuf_1)
                                                         net88 (net)
                      0.059891    0.000153    5.537006 ^ _045_/D (sky130_fd_sc_hd__or4_2)
     3    0.022730    0.118863    0.170192    5.707199 ^ _045_/X (sky130_fd_sc_hd__or4_2)
                                                         _036_ (net)
                      0.118929    0.002242    5.709440 ^ _048_/B (sky130_fd_sc_hd__nor4_1)
     1    0.007403    0.042261    0.085101    5.794541 v _048_/Y (sky130_fd_sc_hd__nor4_1)
                                                         _039_ (net)
                      0.042266    0.000356    5.794897 v hold4/A (sky130_fd_sc_hd__dlygate4sd3_1)
     1    0.007301    0.075449    0.563469    6.358366 v hold4/X (sky130_fd_sc_hd__dlygate4sd3_1)
                                                         net278 (net)
                      0.075449    0.000341    6.358707 v wire262/A (sky130_fd_sc_hd__buf_2)
     1    0.011242    0.042537    0.146249    6.504956 v wire262/X (sky130_fd_sc_hd__buf_2)
                                                         net262 (net)
                      0.042546    0.000606    6.505562 v hold5/A (sky130_fd_sc_hd__dlygate4sd3_1)
     7    0.056307    0.286815    0.754826    7.260388 v hold5/X (sky130_fd_sc_hd__dlygate4sd3_1)
                                                         net279 (net)
                      0.286835    0.002547    7.262935 v fanout260/A (sky130_fd_sc_hd__buf_4)
    33    0.118826    0.151925    0.338053    7.600988 v fanout260/X (sky130_fd_sc_hd__buf_4)
                                                         net260 (net)
                      0.153460    0.012116    7.613104 v _114_/C (sky130_fd_sc_hd__and3_1)
     1    0.003526    0.037419    0.221849    7.834953 v _114_/X (sky130_fd_sc_hd__and3_1)
                                                         _010_ (net)
                      0.037419    0.000109    7.835063 v _147_/D (sky130_fd_sc_hd__dfrtp_2)
                                              7.835063   data arrival time

                                  0.000000    0.000000   clock clk (rise edge)
                                  5.570000    5.570000   clock source latency
     2    0.031059    0.610000    0.000000    5.570000 ^ clk (in)
                                                         clk (net)
                      0.616615    0.003390    5.573390 ^ wire3/A (sky130_fd_sc_hd__buf_4)
     3    0.045272    0.136866    0.305691    5.879081 ^ wire3/X (sky130_fd_sc_hd__buf_4)
                                                         net274 (net)
                      0.137375    0.006904    5.885986 ^ wire2/A (sky130_fd_sc_hd__buf_6)
     3    0.077626    0.158030    0.211666    6.097652 ^ wire2/X (sky130_fd_sc_hd__buf_6)
                                                         net273 (net)
                      0.161239    0.018222    6.115874 ^ wire1/A (sky130_fd_sc_hd__buf_6)
     3    0.079944    0.162562    0.219547    6.335421 ^ wire1/X (sky130_fd_sc_hd__buf_6)
                                                         net272 (net)
                      0.166011    0.019154    6.354575 ^ clkbuf_0_clk/A (sky130_fd_sc_hd__clkbuf_16)
     9    0.099226    0.116200    0.229902    6.584476 ^ clkbuf_0_clk/X (sky130_fd_sc_hd__clkbuf_16)
                                                         clknet_0_clk (net)
                      0.116908    0.007482    6.591959 ^ clkbuf_2_2__f_clk/A (sky130_fd_sc_hd__clkbuf_16)
    17    0.095052    0.111770    0.210394    6.802352 ^ clkbuf_2_2__f_clk/X (sky130_fd_sc_hd__clkbuf_16)
                                                         clknet_2_2__leaf_clk (net)
                      0.112636    0.008086    6.810438 ^ _147_/CLK (sky130_fd_sc_hd__dfrtp_2)
                                  0.087500    6.897938   clock uncertainty
                                  0.000000    6.897938   clock reconvergence pessimism
                                 -0.023601    6.874337   library hold time
                                              6.874337   data required time
---------------------------------------------------------------------------------------------
                                              6.874337   data required time
                                             -7.835063   data arrival time
---------------------------------------------------------------------------------------------
                                              0.960726   slack (MET)


Startpoint: wbs_adr_i[18] (input port clocked by clk)
Endpoint: _148_ (rising edge-triggered flip-flop clocked by clk)
Path Group: clk
Path Type: min

Fanout         Cap        Slew       Delay        Time   Description
---------------------------------------------------------------------------------------------
                                  0.000000    0.000000   clock clk (rise edge)
                                  4.650000    4.650000   clock network delay (propagated)
                                  0.790000    5.440000 ^ input external delay
     2    0.004514    0.070000    0.000000    5.440000 ^ wbs_adr_i[18] (in)
                                                         wbs_adr_i[18] (net)
                      0.070100    0.000048    5.440049 ^ input88/A (sky130_fd_sc_hd__clkbuf_1)
     1    0.004230    0.059891    0.096804    5.536853 ^ input88/X (sky130_fd_sc_hd__clkbuf_1)
                                                         net88 (net)
                      0.059891    0.000153    5.537006 ^ _045_/D (sky130_fd_sc_hd__or4_2)
     3    0.022730    0.118863    0.170192    5.707199 ^ _045_/X (sky130_fd_sc_hd__or4_2)
                                                         _036_ (net)
                      0.118929    0.002242    5.709440 ^ _048_/B (sky130_fd_sc_hd__nor4_1)
     1    0.007403    0.042261    0.085101    5.794541 v _048_/Y (sky130_fd_sc_hd__nor4_1)
                                                         _039_ (net)
                      0.042266    0.000356    5.794897 v hold4/A (sky130_fd_sc_hd__dlygate4sd3_1)
     1    0.007301    0.075449    0.563469    6.358366 v hold4/X (sky130_fd_sc_hd__dlygate4sd3_1)
                                                         net278 (net)
                      0.075449    0.000341    6.358707 v wire262/A (sky130_fd_sc_hd__buf_2)
     1    0.011242    0.042537    0.146249    6.504956 v wire262/X (sky130_fd_sc_hd__buf_2)
                                                         net262 (net)
                      0.042546    0.000606    6.505562 v hold5/A (sky130_fd_sc_hd__dlygate4sd3_1)
     7    0.056307    0.286815    0.754826    7.260388 v hold5/X (sky130_fd_sc_hd__dlygate4sd3_1)
                                                         net279 (net)
                      0.286835    0.002547    7.262935 v fanout260/A (sky130_fd_sc_hd__buf_4)
    33    0.118826    0.151925    0.338053    7.600988 v fanout260/X (sky130_fd_sc_hd__buf_4)
                                                         net260 (net)
                      0.154372    0.015096    7.616085 v _115_/C (sky130_fd_sc_hd__and3_1)
     1    0.003432    0.037175    0.221820    7.837905 v _115_/X (sky130_fd_sc_hd__and3_1)
                                                         _011_ (net)
                      0.037175    0.000102    7.838007 v _148_/D (sky130_fd_sc_hd__dfrtp_4)
                                              7.838007   data arrival time

                                  0.000000    0.000000   clock clk (rise edge)
                                  5.570000    5.570000   clock source latency
     2    0.031059    0.610000    0.000000    5.570000 ^ clk (in)
                                                         clk (net)
                      0.616615    0.003390    5.573390 ^ wire3/A (sky130_fd_sc_hd__buf_4)
     3    0.045272    0.136866    0.305691    5.879081 ^ wire3/X (sky130_fd_sc_hd__buf_4)
                                                         net274 (net)
                      0.137375    0.006904    5.885986 ^ wire2/A (sky130_fd_sc_hd__buf_6)
     3    0.077626    0.158030    0.211666    6.097652 ^ wire2/X (sky130_fd_sc_hd__buf_6)
                                                         net273 (net)
                      0.161239    0.018222    6.115874 ^ wire1/A (sky130_fd_sc_hd__buf_6)
     3    0.079944    0.162562    0.219547    6.335421 ^ wire1/X (sky130_fd_sc_hd__buf_6)
                                                         net272 (net)
                      0.166011    0.019154    6.354575 ^ clkbuf_0_clk/A (sky130_fd_sc_hd__clkbuf_16)
     9    0.099226    0.116200    0.229902    6.584476 ^ clkbuf_0_clk/X (sky130_fd_sc_hd__clkbuf_16)
                                                         clknet_0_clk (net)
                      0.116908    0.007482    6.591959 ^ clkbuf_2_2__f_clk/A (sky130_fd_sc_hd__clkbuf_16)
    17    0.095052    0.111770    0.210394    6.802352 ^ clkbuf_2_2__f_clk/X (sky130_fd_sc_hd__clkbuf_16)
                                                         clknet_2_2__leaf_clk (net)
                      0.112902    0.009212    6.811564 ^ _148_/CLK (sky130_fd_sc_hd__dfrtp_4)
                                  0.087500    6.899064   clock uncertainty
                                  0.000000    6.899064   clock reconvergence pessimism
                                 -0.023388    6.875676   library hold time
                                              6.875676   data required time
---------------------------------------------------------------------------------------------
                                              6.875676   data required time
                                             -7.838007   data arrival time
---------------------------------------------------------------------------------------------
                                              0.962331   slack (MET)


Startpoint: wbs_adr_i[18] (input port clocked by clk)
Endpoint: _149_ (rising edge-triggered flip-flop clocked by clk)
Path Group: clk
Path Type: min

Fanout         Cap        Slew       Delay        Time   Description
---------------------------------------------------------------------------------------------
                                  0.000000    0.000000   clock clk (rise edge)
                                  4.650000    4.650000   clock network delay (propagated)
                                  0.790000    5.440000 ^ input external delay
     2    0.004514    0.070000    0.000000    5.440000 ^ wbs_adr_i[18] (in)
                                                         wbs_adr_i[18] (net)
                      0.070100    0.000048    5.440049 ^ input88/A (sky130_fd_sc_hd__clkbuf_1)
     1    0.004230    0.059891    0.096804    5.536853 ^ input88/X (sky130_fd_sc_hd__clkbuf_1)
                                                         net88 (net)
                      0.059891    0.000153    5.537006 ^ _045_/D (sky130_fd_sc_hd__or4_2)
     3    0.022730    0.118863    0.170192    5.707199 ^ _045_/X (sky130_fd_sc_hd__or4_2)
                                                         _036_ (net)
                      0.118929    0.002242    5.709440 ^ _048_/B (sky130_fd_sc_hd__nor4_1)
     1    0.007403    0.042261    0.085101    5.794541 v _048_/Y (sky130_fd_sc_hd__nor4_1)
                                                         _039_ (net)
                      0.042266    0.000356    5.794897 v hold4/A (sky130_fd_sc_hd__dlygate4sd3_1)
     1    0.007301    0.075449    0.563469    6.358366 v hold4/X (sky130_fd_sc_hd__dlygate4sd3_1)
                                                         net278 (net)
                      0.075449    0.000341    6.358707 v wire262/A (sky130_fd_sc_hd__buf_2)
     1    0.011242    0.042537    0.146249    6.504956 v wire262/X (sky130_fd_sc_hd__buf_2)
                                                         net262 (net)
                      0.042546    0.000606    6.505562 v hold5/A (sky130_fd_sc_hd__dlygate4sd3_1)
     7    0.056307    0.286815    0.754826    7.260388 v hold5/X (sky130_fd_sc_hd__dlygate4sd3_1)
                                                         net279 (net)
                      0.286835    0.002547    7.262935 v fanout260/A (sky130_fd_sc_hd__buf_4)
    33    0.118826    0.151925    0.338053    7.600988 v fanout260/X (sky130_fd_sc_hd__buf_4)
                                                         net260 (net)
                      0.154759    0.016185    7.617174 v _116_/C (sky130_fd_sc_hd__and3_1)
     1    0.003408    0.036405    0.221879    7.839052 v _116_/X (sky130_fd_sc_hd__and3_1)
                                                         _013_ (net)
                      0.036405    0.000104    7.839156 v _149_/D (sky130_fd_sc_hd__dfrtp_4)
                                              7.839156   data arrival time

                                  0.000000    0.000000   clock clk (rise edge)
                                  5.570000    5.570000   clock source latency
     2    0.031059    0.610000    0.000000    5.570000 ^ clk (in)
                                                         clk (net)
                      0.616615    0.003390    5.573390 ^ wire3/A (sky130_fd_sc_hd__buf_4)
     3    0.045272    0.136866    0.305691    5.879081 ^ wire3/X (sky130_fd_sc_hd__buf_4)
                                                         net274 (net)
                      0.137375    0.006904    5.885986 ^ wire2/A (sky130_fd_sc_hd__buf_6)
     3    0.077626    0.158030    0.211666    6.097652 ^ wire2/X (sky130_fd_sc_hd__buf_6)
                                                         net273 (net)
                      0.161239    0.018222    6.115874 ^ wire1/A (sky130_fd_sc_hd__buf_6)
     3    0.079944    0.162562    0.219547    6.335421 ^ wire1/X (sky130_fd_sc_hd__buf_6)
                                                         net272 (net)
                      0.166011    0.019154    6.354575 ^ clkbuf_0_clk/A (sky130_fd_sc_hd__clkbuf_16)
     9    0.099226    0.116200    0.229902    6.584476 ^ clkbuf_0_clk/X (sky130_fd_sc_hd__clkbuf_16)
                                                         clknet_0_clk (net)
                      0.116908    0.007482    6.591959 ^ clkbuf_2_2__f_clk/A (sky130_fd_sc_hd__clkbuf_16)
    17    0.095052    0.111770    0.210394    6.802352 ^ clkbuf_2_2__f_clk/X (sky130_fd_sc_hd__clkbuf_16)
                                                         clknet_2_2__leaf_clk (net)
                      0.113015    0.009650    6.812002 ^ _149_/CLK (sky130_fd_sc_hd__dfrtp_4)
                                  0.087500    6.899502   clock uncertainty
                                  0.000000    6.899502   clock reconvergence pessimism
                                 -0.023050    6.876451   library hold time
                                              6.876451   data required time
---------------------------------------------------------------------------------------------
                                              6.876451   data required time
                                             -7.839156   data arrival time
---------------------------------------------------------------------------------------------
                                              0.962705   slack (MET)


Startpoint: wbs_adr_i[18] (input port clocked by clk)
Endpoint: _150_ (rising edge-triggered flip-flop clocked by clk)
Path Group: clk
Path Type: min

Fanout         Cap        Slew       Delay        Time   Description
---------------------------------------------------------------------------------------------
                                  0.000000    0.000000   clock clk (rise edge)
                                  4.650000    4.650000   clock network delay (propagated)
                                  0.790000    5.440000 ^ input external delay
     2    0.004514    0.070000    0.000000    5.440000 ^ wbs_adr_i[18] (in)
                                                         wbs_adr_i[18] (net)
                      0.070100    0.000048    5.440049 ^ input88/A (sky130_fd_sc_hd__clkbuf_1)
     1    0.004230    0.059891    0.096804    5.536853 ^ input88/X (sky130_fd_sc_hd__clkbuf_1)
                                                         net88 (net)
                      0.059891    0.000153    5.537006 ^ _045_/D (sky130_fd_sc_hd__or4_2)
     3    0.022730    0.118863    0.170192    5.707199 ^ _045_/X (sky130_fd_sc_hd__or4_2)
                                                         _036_ (net)
                      0.118929    0.002242    5.709440 ^ _048_/B (sky130_fd_sc_hd__nor4_1)
     1    0.007403    0.042261    0.085101    5.794541 v _048_/Y (sky130_fd_sc_hd__nor4_1)
                                                         _039_ (net)
                      0.042266    0.000356    5.794897 v hold4/A (sky130_fd_sc_hd__dlygate4sd3_1)
     1    0.007301    0.075449    0.563469    6.358366 v hold4/X (sky130_fd_sc_hd__dlygate4sd3_1)
                                                         net278 (net)
                      0.075449    0.000341    6.358707 v wire262/A (sky130_fd_sc_hd__buf_2)
     1    0.011242    0.042537    0.146249    6.504956 v wire262/X (sky130_fd_sc_hd__buf_2)
                                                         net262 (net)
                      0.042546    0.000606    6.505562 v hold5/A (sky130_fd_sc_hd__dlygate4sd3_1)
     7    0.056307    0.286815    0.754826    7.260388 v hold5/X (sky130_fd_sc_hd__dlygate4sd3_1)
                                                         net279 (net)
                      0.286835    0.002547    7.262935 v fanout260/A (sky130_fd_sc_hd__buf_4)
    33    0.118826    0.151925    0.338053    7.600988 v fanout260/X (sky130_fd_sc_hd__buf_4)
                                                         net260 (net)
                      0.154981    0.016779    7.617767 v _117_/C (sky130_fd_sc_hd__and3_1)
     1    0.003494    0.036879    0.222396    7.840163 v _117_/X (sky130_fd_sc_hd__and3_1)
                                                         _014_ (net)
                      0.036879    0.000110    7.840273 v _150_/D (sky130_fd_sc_hd__dfrtp_4)
                                              7.840273   data arrival time

                                  0.000000    0.000000   clock clk (rise edge)
                                  5.570000    5.570000   clock source latency
     2    0.031059    0.610000    0.000000    5.570000 ^ clk (in)
                                                         clk (net)
                      0.616615    0.003390    5.573390 ^ wire3/A (sky130_fd_sc_hd__buf_4)
     3    0.045272    0.136866    0.305691    5.879081 ^ wire3/X (sky130_fd_sc_hd__buf_4)
                                                         net274 (net)
                      0.137375    0.006904    5.885986 ^ wire2/A (sky130_fd_sc_hd__buf_6)
     3    0.077626    0.158030    0.211666    6.097652 ^ wire2/X (sky130_fd_sc_hd__buf_6)
                                                         net273 (net)
                      0.161239    0.018222    6.115874 ^ wire1/A (sky130_fd_sc_hd__buf_6)
     3    0.079944    0.162562    0.219547    6.335421 ^ wire1/X (sky130_fd_sc_hd__buf_6)
                                                         net272 (net)
                      0.166011    0.019154    6.354575 ^ clkbuf_0_clk/A (sky130_fd_sc_hd__clkbuf_16)
     9    0.099226    0.116200    0.229902    6.584476 ^ clkbuf_0_clk/X (sky130_fd_sc_hd__clkbuf_16)
                                                         clknet_0_clk (net)
                      0.116908    0.007482    6.591959 ^ clkbuf_2_2__f_clk/A (sky130_fd_sc_hd__clkbuf_16)
    17    0.095052    0.111770    0.210394    6.802352 ^ clkbuf_2_2__f_clk/X (sky130_fd_sc_hd__clkbuf_16)
                                                         clknet_2_2__leaf_clk (net)
                      0.113093    0.009941    6.812294 ^ _150_/CLK (sky130_fd_sc_hd__dfrtp_4)
                                  0.087500    6.899794   clock uncertainty
                                  0.000000    6.899794   clock reconvergence pessimism
                                 -0.023225    6.876569   library hold time
                                              6.876569   data required time
---------------------------------------------------------------------------------------------
                                              6.876569   data required time
                                             -7.840273   data arrival time
---------------------------------------------------------------------------------------------
                                              0.963704   slack (MET)


Startpoint: wbs_adr_i[18] (input port clocked by clk)
Endpoint: _159_ (rising edge-triggered flip-flop clocked by clk)
Path Group: clk
Path Type: min

Fanout         Cap        Slew       Delay        Time   Description
---------------------------------------------------------------------------------------------
                                  0.000000    0.000000   clock clk (rise edge)
                                  4.650000    4.650000   clock network delay (propagated)
                                  0.790000    5.440000 ^ input external delay
     2    0.004514    0.070000    0.000000    5.440000 ^ wbs_adr_i[18] (in)
                                                         wbs_adr_i[18] (net)
                      0.070100    0.000048    5.440049 ^ input88/A (sky130_fd_sc_hd__clkbuf_1)
     1    0.004230    0.059891    0.096804    5.536853 ^ input88/X (sky130_fd_sc_hd__clkbuf_1)
                                                         net88 (net)
                      0.059891    0.000153    5.537006 ^ _045_/D (sky130_fd_sc_hd__or4_2)
     3    0.022730    0.118863    0.170192    5.707199 ^ _045_/X (sky130_fd_sc_hd__or4_2)
                                                         _036_ (net)
                      0.118929    0.002242    5.709440 ^ _048_/B (sky130_fd_sc_hd__nor4_1)
     1    0.007403    0.042261    0.085101    5.794541 v _048_/Y (sky130_fd_sc_hd__nor4_1)
                                                         _039_ (net)
                      0.042266    0.000356    5.794897 v hold4/A (sky130_fd_sc_hd__dlygate4sd3_1)
     1    0.007301    0.075449    0.563469    6.358366 v hold4/X (sky130_fd_sc_hd__dlygate4sd3_1)
                                                         net278 (net)
                      0.075449    0.000341    6.358707 v wire262/A (sky130_fd_sc_hd__buf_2)
     1    0.011242    0.042537    0.146249    6.504956 v wire262/X (sky130_fd_sc_hd__buf_2)
                                                         net262 (net)
                      0.042546    0.000606    6.505562 v hold5/A (sky130_fd_sc_hd__dlygate4sd3_1)
     7    0.056307    0.286815    0.754826    7.260388 v hold5/X (sky130_fd_sc_hd__dlygate4sd3_1)
                                                         net279 (net)
                      0.286835    0.002547    7.262935 v fanout260/A (sky130_fd_sc_hd__buf_4)
    33    0.118826    0.151925    0.338053    7.600988 v fanout260/X (sky130_fd_sc_hd__buf_4)
                                                         net260 (net)
                      0.155300    0.017594    7.618582 v _126_/C (sky130_fd_sc_hd__and3_1)
     1    0.003937    0.038557    0.224662    7.843245 v _126_/X (sky130_fd_sc_hd__and3_1)
                                                         _024_ (net)
                      0.038557    0.000123    7.843367 v _159_/D (sky130_fd_sc_hd__dfrtp_4)
                                              7.843367   data arrival time

                                  0.000000    0.000000   clock clk (rise edge)
                                  5.570000    5.570000   clock source latency
     2    0.031059    0.610000    0.000000    5.570000 ^ clk (in)
                                                         clk (net)
                      0.616615    0.003390    5.573390 ^ wire3/A (sky130_fd_sc_hd__buf_4)
     3    0.045272    0.136866    0.305691    5.879081 ^ wire3/X (sky130_fd_sc_hd__buf_4)
                                                         net274 (net)
                      0.137375    0.006904    5.885986 ^ wire2/A (sky130_fd_sc_hd__buf_6)
     3    0.077626    0.158030    0.211666    6.097652 ^ wire2/X (sky130_fd_sc_hd__buf_6)
                                                         net273 (net)
                      0.161239    0.018222    6.115874 ^ wire1/A (sky130_fd_sc_hd__buf_6)
     3    0.079944    0.162562    0.219547    6.335421 ^ wire1/X (sky130_fd_sc_hd__buf_6)
                                                         net272 (net)
                      0.166011    0.019154    6.354575 ^ clkbuf_0_clk/A (sky130_fd_sc_hd__clkbuf_16)
     9    0.099226    0.116200    0.229902    6.584476 ^ clkbuf_0_clk/X (sky130_fd_sc_hd__clkbuf_16)
                                                         clknet_0_clk (net)
                      0.116908    0.007482    6.591959 ^ clkbuf_2_2__f_clk/A (sky130_fd_sc_hd__clkbuf_16)
    17    0.095052    0.111770    0.210394    6.802352 ^ clkbuf_2_2__f_clk/X (sky130_fd_sc_hd__clkbuf_16)
                                                         clknet_2_2__leaf_clk (net)
                      0.113151    0.010152    6.812505 ^ _159_/CLK (sky130_fd_sc_hd__dfrtp_4)
                                  0.087500    6.900004   clock uncertainty
                                  0.000000    6.900004   clock reconvergence pessimism
                                 -0.023891    6.876113   library hold time
                                              6.876113   data required time
---------------------------------------------------------------------------------------------
                                              6.876113   data required time
                                             -7.843367   data arrival time
---------------------------------------------------------------------------------------------
                                              0.967253   slack (MET)


Startpoint: wbs_adr_i[18] (input port clocked by clk)
Endpoint: _141_ (rising edge-triggered flip-flop clocked by clk)
Path Group: clk
Path Type: min

Fanout         Cap        Slew       Delay        Time   Description
---------------------------------------------------------------------------------------------
                                  0.000000    0.000000   clock clk (rise edge)
                                  4.650000    4.650000   clock network delay (propagated)
                                  0.790000    5.440000 ^ input external delay
     2    0.004514    0.070000    0.000000    5.440000 ^ wbs_adr_i[18] (in)
                                                         wbs_adr_i[18] (net)
                      0.070100    0.000048    5.440049 ^ input88/A (sky130_fd_sc_hd__clkbuf_1)
     1    0.004230    0.059891    0.096804    5.536853 ^ input88/X (sky130_fd_sc_hd__clkbuf_1)
                                                         net88 (net)
                      0.059891    0.000153    5.537006 ^ _045_/D (sky130_fd_sc_hd__or4_2)
     3    0.022730    0.118863    0.170192    5.707199 ^ _045_/X (sky130_fd_sc_hd__or4_2)
                                                         _036_ (net)
                      0.118929    0.002242    5.709440 ^ _048_/B (sky130_fd_sc_hd__nor4_1)
     1    0.007403    0.042261    0.085101    5.794541 v _048_/Y (sky130_fd_sc_hd__nor4_1)
                                                         _039_ (net)
                      0.042266    0.000356    5.794897 v hold4/A (sky130_fd_sc_hd__dlygate4sd3_1)
     1    0.007301    0.075449    0.563469    6.358366 v hold4/X (sky130_fd_sc_hd__dlygate4sd3_1)
                                                         net278 (net)
                      0.075449    0.000341    6.358707 v wire262/A (sky130_fd_sc_hd__buf_2)
     1    0.011242    0.042537    0.146249    6.504956 v wire262/X (sky130_fd_sc_hd__buf_2)
                                                         net262 (net)
                      0.042546    0.000606    6.505562 v hold5/A (sky130_fd_sc_hd__dlygate4sd3_1)
     7    0.056307    0.286815    0.754826    7.260388 v hold5/X (sky130_fd_sc_hd__dlygate4sd3_1)
                                                         net279 (net)
                      0.286968    0.005977    7.266366 v fanout261/A (sky130_fd_sc_hd__buf_4)
    33    0.124100    0.159209    0.337376    7.603742 v fanout261/X (sky130_fd_sc_hd__buf_4)
                                                         net261 (net)
                      0.161358    0.014704    7.618446 v _108_/C (sky130_fd_sc_hd__and3_1)
     1    0.003124    0.036363    0.223079    7.841525 v _108_/X (sky130_fd_sc_hd__and3_1)
                                                         _004_ (net)
                      0.036363    0.000094    7.841619 v _141_/D (sky130_fd_sc_hd__dfrtp_2)
                                              7.841619   data arrival time

                                  0.000000    0.000000   clock clk (rise edge)
                                  5.570000    5.570000   clock source latency
     2    0.031059    0.610000    0.000000    5.570000 ^ clk (in)
                                                         clk (net)
                      0.616615    0.003390    5.573390 ^ wire3/A (sky130_fd_sc_hd__buf_4)
     3    0.045272    0.136866    0.305691    5.879081 ^ wire3/X (sky130_fd_sc_hd__buf_4)
                                                         net274 (net)
                      0.137375    0.006904    5.885986 ^ wire2/A (sky130_fd_sc_hd__buf_6)
     3    0.077626    0.158030    0.211666    6.097652 ^ wire2/X (sky130_fd_sc_hd__buf_6)
                                                         net273 (net)
                      0.161239    0.018222    6.115874 ^ wire1/A (sky130_fd_sc_hd__buf_6)
     3    0.079944    0.162562    0.219547    6.335421 ^ wire1/X (sky130_fd_sc_hd__buf_6)
                                                         net272 (net)
                      0.166011    0.019154    6.354575 ^ clkbuf_0_clk/A (sky130_fd_sc_hd__clkbuf_16)
     9    0.099226    0.116200    0.229902    6.584476 ^ clkbuf_0_clk/X (sky130_fd_sc_hd__clkbuf_16)
                                                         clknet_0_clk (net)
                      0.117103    0.008417    6.592894 ^ clkbuf_2_0__f_clk/A (sky130_fd_sc_hd__clkbuf_16)
    17    0.097201    0.113842    0.211917    6.804810 ^ clkbuf_2_0__f_clk/X (sky130_fd_sc_hd__clkbuf_16)
                                                         clknet_2_0__leaf_clk (net)
                      0.114075    0.004364    6.809175 ^ _141_/CLK (sky130_fd_sc_hd__dfrtp_2)
                                  0.087500    6.896674   clock uncertainty
                                  0.000000    6.896674   clock reconvergence pessimism
                                 -0.022843    6.873831   library hold time
                                              6.873831   data required time
---------------------------------------------------------------------------------------------
                                              6.873831   data required time
                                             -7.841619   data arrival time
---------------------------------------------------------------------------------------------
                                              0.967789   slack (MET)


Startpoint: wbs_adr_i[18] (input port clocked by clk)
Endpoint: _135_ (rising edge-triggered flip-flop clocked by clk)
Path Group: clk
Path Type: min

Fanout         Cap        Slew       Delay        Time   Description
---------------------------------------------------------------------------------------------
                                  0.000000    0.000000   clock clk (rise edge)
                                  4.650000    4.650000   clock network delay (propagated)
                                  0.790000    5.440000 ^ input external delay
     2    0.004514    0.070000    0.000000    5.440000 ^ wbs_adr_i[18] (in)
                                                         wbs_adr_i[18] (net)
                      0.070100    0.000048    5.440049 ^ input88/A (sky130_fd_sc_hd__clkbuf_1)
     1    0.004230    0.059891    0.096804    5.536853 ^ input88/X (sky130_fd_sc_hd__clkbuf_1)
                                                         net88 (net)
                      0.059891    0.000153    5.537006 ^ _045_/D (sky130_fd_sc_hd__or4_2)
     3    0.022730    0.118863    0.170192    5.707199 ^ _045_/X (sky130_fd_sc_hd__or4_2)
                                                         _036_ (net)
                      0.118929    0.002242    5.709440 ^ _048_/B (sky130_fd_sc_hd__nor4_1)
     1    0.007403    0.042261    0.085101    5.794541 v _048_/Y (sky130_fd_sc_hd__nor4_1)
                                                         _039_ (net)
                      0.042266    0.000356    5.794897 v hold4/A (sky130_fd_sc_hd__dlygate4sd3_1)
     1    0.007301    0.075449    0.563469    6.358366 v hold4/X (sky130_fd_sc_hd__dlygate4sd3_1)
                                                         net278 (net)
                      0.075449    0.000341    6.358707 v wire262/A (sky130_fd_sc_hd__buf_2)
     1    0.011242    0.042537    0.146249    6.504956 v wire262/X (sky130_fd_sc_hd__buf_2)
                                                         net262 (net)
                      0.042546    0.000606    6.505562 v hold5/A (sky130_fd_sc_hd__dlygate4sd3_1)
     7    0.056307    0.286815    0.754826    7.260388 v hold5/X (sky130_fd_sc_hd__dlygate4sd3_1)
                                                         net279 (net)
                      0.286968    0.005977    7.266366 v fanout261/A (sky130_fd_sc_hd__buf_4)
    33    0.124100    0.159209    0.337376    7.603742 v fanout261/X (sky130_fd_sc_hd__buf_4)
                                                         net261 (net)
                      0.165794    0.024788    7.628530 v _102_/C (sky130_fd_sc_hd__and3_1)
     1    0.002844    0.034217    0.223310    7.851840 v _102_/X (sky130_fd_sc_hd__and3_1)
                                                         _029_ (net)
                      0.034217    0.000082    7.851922 v _135_/D (sky130_fd_sc_hd__dfrtp_4)
                                              7.851922   data arrival time

                                  0.000000    0.000000   clock clk (rise edge)
                                  5.570000    5.570000   clock source latency
     2    0.031059    0.610000    0.000000    5.570000 ^ clk (in)
                                                         clk (net)
                      0.616615    0.003390    5.573390 ^ wire3/A (sky130_fd_sc_hd__buf_4)
     3    0.045272    0.136866    0.305691    5.879081 ^ wire3/X (sky130_fd_sc_hd__buf_4)
                                                         net274 (net)
                      0.137375    0.006904    5.885986 ^ wire2/A (sky130_fd_sc_hd__buf_6)
     3    0.077626    0.158030    0.211666    6.097652 ^ wire2/X (sky130_fd_sc_hd__buf_6)
                                                         net273 (net)
                      0.161239    0.018222    6.115874 ^ wire1/A (sky130_fd_sc_hd__buf_6)
     3    0.079944    0.162562    0.219547    6.335421 ^ wire1/X (sky130_fd_sc_hd__buf_6)
                                                         net272 (net)
                      0.166011    0.019154    6.354575 ^ clkbuf_0_clk/A (sky130_fd_sc_hd__clkbuf_16)
     9    0.099226    0.116200    0.229902    6.584476 ^ clkbuf_0_clk/X (sky130_fd_sc_hd__clkbuf_16)
                                                         clknet_0_clk (net)
                      0.117103    0.008417    6.592894 ^ clkbuf_2_0__f_clk/A (sky130_fd_sc_hd__clkbuf_16)
    17    0.097201    0.113842    0.211917    6.804810 ^ clkbuf_2_0__f_clk/X (sky130_fd_sc_hd__clkbuf_16)
                                                         clknet_2_0__leaf_clk (net)
                      0.115055    0.009628    6.814438 ^ _135_/CLK (sky130_fd_sc_hd__dfrtp_4)
                                  0.087500    6.901938   clock uncertainty
                                  0.000000    6.901938   clock reconvergence pessimism
                                 -0.021699    6.880239   library hold time
                                              6.880239   data required time
---------------------------------------------------------------------------------------------
                                              6.880239   data required time
                                             -7.851922   data arrival time
---------------------------------------------------------------------------------------------
                                              0.971683   slack (MET)


Startpoint: wbs_adr_i[18] (input port clocked by clk)
Endpoint: _136_ (rising edge-triggered flip-flop clocked by clk)
Path Group: clk
Path Type: min

Fanout         Cap        Slew       Delay        Time   Description
---------------------------------------------------------------------------------------------
                                  0.000000    0.000000   clock clk (rise edge)
                                  4.650000    4.650000   clock network delay (propagated)
                                  0.790000    5.440000 ^ input external delay
     2    0.004514    0.070000    0.000000    5.440000 ^ wbs_adr_i[18] (in)
                                                         wbs_adr_i[18] (net)
                      0.070100    0.000048    5.440049 ^ input88/A (sky130_fd_sc_hd__clkbuf_1)
     1    0.004230    0.059891    0.096804    5.536853 ^ input88/X (sky130_fd_sc_hd__clkbuf_1)
                                                         net88 (net)
                      0.059891    0.000153    5.537006 ^ _045_/D (sky130_fd_sc_hd__or4_2)
     3    0.022730    0.118863    0.170192    5.707199 ^ _045_/X (sky130_fd_sc_hd__or4_2)
                                                         _036_ (net)
                      0.118929    0.002242    5.709440 ^ _048_/B (sky130_fd_sc_hd__nor4_1)
     1    0.007403    0.042261    0.085101    5.794541 v _048_/Y (sky130_fd_sc_hd__nor4_1)
                                                         _039_ (net)
                      0.042266    0.000356    5.794897 v hold4/A (sky130_fd_sc_hd__dlygate4sd3_1)
     1    0.007301    0.075449    0.563469    6.358366 v hold4/X (sky130_fd_sc_hd__dlygate4sd3_1)
                                                         net278 (net)
                      0.075449    0.000341    6.358707 v wire262/A (sky130_fd_sc_hd__buf_2)
     1    0.011242    0.042537    0.146249    6.504956 v wire262/X (sky130_fd_sc_hd__buf_2)
                                                         net262 (net)
                      0.042546    0.000606    6.505562 v hold5/A (sky130_fd_sc_hd__dlygate4sd3_1)
     7    0.056307    0.286815    0.754826    7.260388 v hold5/X (sky130_fd_sc_hd__dlygate4sd3_1)
                                                         net279 (net)
                      0.286968    0.005977    7.266366 v fanout261/A (sky130_fd_sc_hd__buf_4)
    33    0.124100    0.159209    0.337376    7.603742 v fanout261/X (sky130_fd_sc_hd__buf_4)
                                                         net261 (net)
                      0.166588    0.026182    7.629923 v _103_/C (sky130_fd_sc_hd__and3_1)
     1    0.002727    0.034386    0.222919    7.852843 v _103_/X (sky130_fd_sc_hd__and3_1)
                                                         _030_ (net)
                      0.034386    0.000078    7.852921 v _136_/D (sky130_fd_sc_hd__dfrtp_4)
                                              7.852921   data arrival time

                                  0.000000    0.000000   clock clk (rise edge)
                                  5.570000    5.570000   clock source latency
     2    0.031059    0.610000    0.000000    5.570000 ^ clk (in)
                                                         clk (net)
                      0.616615    0.003390    5.573390 ^ wire3/A (sky130_fd_sc_hd__buf_4)
     3    0.045272    0.136866    0.305691    5.879081 ^ wire3/X (sky130_fd_sc_hd__buf_4)
                                                         net274 (net)
                      0.137375    0.006904    5.885986 ^ wire2/A (sky130_fd_sc_hd__buf_6)
     3    0.077626    0.158030    0.211666    6.097652 ^ wire2/X (sky130_fd_sc_hd__buf_6)
                                                         net273 (net)
                      0.161239    0.018222    6.115874 ^ wire1/A (sky130_fd_sc_hd__buf_6)
     3    0.079944    0.162562    0.219547    6.335421 ^ wire1/X (sky130_fd_sc_hd__buf_6)
                                                         net272 (net)
                      0.166011    0.019154    6.354575 ^ clkbuf_0_clk/A (sky130_fd_sc_hd__clkbuf_16)
     9    0.099226    0.116200    0.229902    6.584476 ^ clkbuf_0_clk/X (sky130_fd_sc_hd__clkbuf_16)
                                                         clknet_0_clk (net)
                      0.117103    0.008417    6.592894 ^ clkbuf_2_0__f_clk/A (sky130_fd_sc_hd__clkbuf_16)
    17    0.097201    0.113842    0.211917    6.804810 ^ clkbuf_2_0__f_clk/X (sky130_fd_sc_hd__clkbuf_16)
                                                         clknet_2_0__leaf_clk (net)
                      0.115259    0.010388    6.815198 ^ _136_/CLK (sky130_fd_sc_hd__dfrtp_4)
                                  0.087500    6.902698   clock uncertainty
                                  0.000000    6.902698   clock reconvergence pessimism
                                 -0.021721    6.880976   library hold time
                                              6.880976   data required time
---------------------------------------------------------------------------------------------
                                              6.880976   data required time
                                             -7.852921   data arrival time
---------------------------------------------------------------------------------------------
                                              0.971945   slack (MET)


Startpoint: wbs_adr_i[18] (input port clocked by clk)
Endpoint: _137_ (rising edge-triggered flip-flop clocked by clk)
Path Group: clk
Path Type: min

Fanout         Cap        Slew       Delay        Time   Description
---------------------------------------------------------------------------------------------
                                  0.000000    0.000000   clock clk (rise edge)
                                  4.650000    4.650000   clock network delay (propagated)
                                  0.790000    5.440000 ^ input external delay
     2    0.004514    0.070000    0.000000    5.440000 ^ wbs_adr_i[18] (in)
                                                         wbs_adr_i[18] (net)
                      0.070100    0.000048    5.440049 ^ input88/A (sky130_fd_sc_hd__clkbuf_1)
     1    0.004230    0.059891    0.096804    5.536853 ^ input88/X (sky130_fd_sc_hd__clkbuf_1)
                                                         net88 (net)
                      0.059891    0.000153    5.537006 ^ _045_/D (sky130_fd_sc_hd__or4_2)
     3    0.022730    0.118863    0.170192    5.707199 ^ _045_/X (sky130_fd_sc_hd__or4_2)
                                                         _036_ (net)
                      0.118929    0.002242    5.709440 ^ _048_/B (sky130_fd_sc_hd__nor4_1)
     1    0.007403    0.042261    0.085101    5.794541 v _048_/Y (sky130_fd_sc_hd__nor4_1)
                                                         _039_ (net)
                      0.042266    0.000356    5.794897 v hold4/A (sky130_fd_sc_hd__dlygate4sd3_1)
     1    0.007301    0.075449    0.563469    6.358366 v hold4/X (sky130_fd_sc_hd__dlygate4sd3_1)
                                                         net278 (net)
                      0.075449    0.000341    6.358707 v wire262/A (sky130_fd_sc_hd__buf_2)
     1    0.011242    0.042537    0.146249    6.504956 v wire262/X (sky130_fd_sc_hd__buf_2)
                                                         net262 (net)
                      0.042546    0.000606    6.505562 v hold5/A (sky130_fd_sc_hd__dlygate4sd3_1)
     7    0.056307    0.286815    0.754826    7.260388 v hold5/X (sky130_fd_sc_hd__dlygate4sd3_1)
                                                         net279 (net)
                      0.286968    0.005977    7.266366 v fanout261/A (sky130_fd_sc_hd__buf_4)
    33    0.124100    0.159209    0.337376    7.603742 v fanout261/X (sky130_fd_sc_hd__buf_4)
                                                         net261 (net)
                      0.166388    0.025838    7.629580 v _104_/C (sky130_fd_sc_hd__and3_1)
     1    0.003012    0.035301    0.224676    7.854256 v _104_/X (sky130_fd_sc_hd__and3_1)
                                                         _031_ (net)
                      0.035301    0.000085    7.854342 v _137_/D (sky130_fd_sc_hd__dfrtp_4)
                                              7.854342   data arrival time

                                  0.000000    0.000000   clock clk (rise edge)
                                  5.570000    5.570000   clock source latency
     2    0.031059    0.610000    0.000000    5.570000 ^ clk (in)
                                                         clk (net)
                      0.616615    0.003390    5.573390 ^ wire3/A (sky130_fd_sc_hd__buf_4)
     3    0.045272    0.136866    0.305691    5.879081 ^ wire3/X (sky130_fd_sc_hd__buf_4)
                                                         net274 (net)
                      0.137375    0.006904    5.885986 ^ wire2/A (sky130_fd_sc_hd__buf_6)
     3    0.077626    0.158030    0.211666    6.097652 ^ wire2/X (sky130_fd_sc_hd__buf_6)
                                                         net273 (net)
                      0.161239    0.018222    6.115874 ^ wire1/A (sky130_fd_sc_hd__buf_6)
     3    0.079944    0.162562    0.219547    6.335421 ^ wire1/X (sky130_fd_sc_hd__buf_6)
                                                         net272 (net)
                      0.166011    0.019154    6.354575 ^ clkbuf_0_clk/A (sky130_fd_sc_hd__clkbuf_16)
     9    0.099226    0.116200    0.229902    6.584476 ^ clkbuf_0_clk/X (sky130_fd_sc_hd__clkbuf_16)
                                                         clknet_0_clk (net)
                      0.117103    0.008417    6.592894 ^ clkbuf_2_0__f_clk/A (sky130_fd_sc_hd__clkbuf_16)
    17    0.097201    0.113842    0.211917    6.804810 ^ clkbuf_2_0__f_clk/X (sky130_fd_sc_hd__clkbuf_16)
                                                         clknet_2_0__leaf_clk (net)
                      0.115196    0.010156    6.814967 ^ _137_/CLK (sky130_fd_sc_hd__dfrtp_4)
                                  0.087500    6.902466   clock uncertainty
                                  0.000000    6.902466   clock reconvergence pessimism
                                 -0.022107    6.880360   library hold time
                                              6.880360   data required time
---------------------------------------------------------------------------------------------
                                              6.880360   data required time
                                             -7.854342   data arrival time
---------------------------------------------------------------------------------------------
                                              0.973982   slack (MET)


Startpoint: wbs_adr_i[18] (input port clocked by clk)
Endpoint: _140_ (rising edge-triggered flip-flop clocked by clk)
Path Group: clk
Path Type: min

Fanout         Cap        Slew       Delay        Time   Description
---------------------------------------------------------------------------------------------
                                  0.000000    0.000000   clock clk (rise edge)
                                  4.650000    4.650000   clock network delay (propagated)
                                  0.790000    5.440000 ^ input external delay
     2    0.004514    0.070000    0.000000    5.440000 ^ wbs_adr_i[18] (in)
                                                         wbs_adr_i[18] (net)
                      0.070100    0.000048    5.440049 ^ input88/A (sky130_fd_sc_hd__clkbuf_1)
     1    0.004230    0.059891    0.096804    5.536853 ^ input88/X (sky130_fd_sc_hd__clkbuf_1)
                                                         net88 (net)
                      0.059891    0.000153    5.537006 ^ _045_/D (sky130_fd_sc_hd__or4_2)
     3    0.022730    0.118863    0.170192    5.707199 ^ _045_/X (sky130_fd_sc_hd__or4_2)
                                                         _036_ (net)
                      0.118929    0.002242    5.709440 ^ _048_/B (sky130_fd_sc_hd__nor4_1)
     1    0.007403    0.042261    0.085101    5.794541 v _048_/Y (sky130_fd_sc_hd__nor4_1)
                                                         _039_ (net)
                      0.042266    0.000356    5.794897 v hold4/A (sky130_fd_sc_hd__dlygate4sd3_1)
     1    0.007301    0.075449    0.563469    6.358366 v hold4/X (sky130_fd_sc_hd__dlygate4sd3_1)
                                                         net278 (net)
                      0.075449    0.000341    6.358707 v wire262/A (sky130_fd_sc_hd__buf_2)
     1    0.011242    0.042537    0.146249    6.504956 v wire262/X (sky130_fd_sc_hd__buf_2)
                                                         net262 (net)
                      0.042546    0.000606    6.505562 v hold5/A (sky130_fd_sc_hd__dlygate4sd3_1)
     7    0.056307    0.286815    0.754826    7.260388 v hold5/X (sky130_fd_sc_hd__dlygate4sd3_1)
                                                         net279 (net)
                      0.286968    0.005977    7.266366 v fanout261/A (sky130_fd_sc_hd__buf_4)
    33    0.124100    0.159209    0.337376    7.603742 v fanout261/X (sky130_fd_sc_hd__buf_4)
                                                         net261 (net)
                      0.163884    0.021070    7.624812 v _107_/C (sky130_fd_sc_hd__and3_1)
     1    0.002264    0.032166    0.218678    7.843491 v _107_/X (sky130_fd_sc_hd__and3_1)
                                                         _003_ (net)
                      0.032166    0.000062    7.843553 v _140_/D (sky130_fd_sc_hd__dfrtp_2)
                                              7.843553   data arrival time

                                  0.000000    0.000000   clock clk (rise edge)
                                  5.570000    5.570000   clock source latency
     2    0.031059    0.610000    0.000000    5.570000 ^ clk (in)
                                                         clk (net)
                      0.616615    0.003390    5.573390 ^ wire3/A (sky130_fd_sc_hd__buf_4)
     3    0.045272    0.136866    0.305691    5.879081 ^ wire3/X (sky130_fd_sc_hd__buf_4)
                                                         net274 (net)
                      0.137375    0.006904    5.885986 ^ wire2/A (sky130_fd_sc_hd__buf_6)
     3    0.077626    0.158030    0.211666    6.097652 ^ wire2/X (sky130_fd_sc_hd__buf_6)
                                                         net273 (net)
                      0.161239    0.018222    6.115874 ^ wire1/A (sky130_fd_sc_hd__buf_6)
     3    0.079944    0.162562    0.219547    6.335421 ^ wire1/X (sky130_fd_sc_hd__buf_6)
                                                         net272 (net)
                      0.166011    0.019154    6.354575 ^ clkbuf_0_clk/A (sky130_fd_sc_hd__clkbuf_16)
     9    0.099226    0.116200    0.229902    6.584476 ^ clkbuf_0_clk/X (sky130_fd_sc_hd__clkbuf_16)
                                                         clknet_0_clk (net)
                      0.117074    0.008286    6.592762 ^ clkbuf_2_1__f_clk/A (sky130_fd_sc_hd__clkbuf_16)
    21    0.084691    0.102658    0.200590    6.793353 ^ clkbuf_2_1__f_clk/X (sky130_fd_sc_hd__clkbuf_16)
                                                         clknet_2_1__leaf_clk (net)
                      0.103935    0.009308    6.802661 ^ _140_/CLK (sky130_fd_sc_hd__dfrtp_2)
                                  0.087500    6.890161   clock uncertainty
                                  0.000000    6.890161   clock reconvergence pessimism
                                 -0.023449    6.866712   library hold time
                                              6.866712   data required time
---------------------------------------------------------------------------------------------
                                              6.866712   data required time
                                             -7.843553   data arrival time
---------------------------------------------------------------------------------------------
                                              0.976841   slack (MET)


Startpoint: wbs_adr_i[18] (input port clocked by clk)
Endpoint: _134_ (rising edge-triggered flip-flop clocked by clk)
Path Group: clk
Path Type: min

Fanout         Cap        Slew       Delay        Time   Description
---------------------------------------------------------------------------------------------
                                  0.000000    0.000000   clock clk (rise edge)
                                  4.650000    4.650000   clock network delay (propagated)
                                  0.790000    5.440000 ^ input external delay
     2    0.004514    0.070000    0.000000    5.440000 ^ wbs_adr_i[18] (in)
                                                         wbs_adr_i[18] (net)
                      0.070100    0.000048    5.440049 ^ input88/A (sky130_fd_sc_hd__clkbuf_1)
     1    0.004230    0.059891    0.096804    5.536853 ^ input88/X (sky130_fd_sc_hd__clkbuf_1)
                                                         net88 (net)
                      0.059891    0.000153    5.537006 ^ _045_/D (sky130_fd_sc_hd__or4_2)
     3    0.022730    0.118863    0.170192    5.707199 ^ _045_/X (sky130_fd_sc_hd__or4_2)
                                                         _036_ (net)
                      0.118929    0.002242    5.709440 ^ _048_/B (sky130_fd_sc_hd__nor4_1)
     1    0.007403    0.042261    0.085101    5.794541 v _048_/Y (sky130_fd_sc_hd__nor4_1)
                                                         _039_ (net)
                      0.042266    0.000356    5.794897 v hold4/A (sky130_fd_sc_hd__dlygate4sd3_1)
     1    0.007301    0.075449    0.563469    6.358366 v hold4/X (sky130_fd_sc_hd__dlygate4sd3_1)
                                                         net278 (net)
                      0.075449    0.000341    6.358707 v wire262/A (sky130_fd_sc_hd__buf_2)
     1    0.011242    0.042537    0.146249    6.504956 v wire262/X (sky130_fd_sc_hd__buf_2)
                                                         net262 (net)
                      0.042546    0.000606    6.505562 v hold5/A (sky130_fd_sc_hd__dlygate4sd3_1)
     7    0.056307    0.286815    0.754826    7.260388 v hold5/X (sky130_fd_sc_hd__dlygate4sd3_1)
                                                         net279 (net)
                      0.286968    0.005977    7.266366 v fanout261/A (sky130_fd_sc_hd__buf_4)
    33    0.124100    0.159209    0.337376    7.603742 v fanout261/X (sky130_fd_sc_hd__buf_4)
                                                         net261 (net)
                      0.166685    0.026348    7.630090 v _101_/C (sky130_fd_sc_hd__and3_1)
     1    0.003654    0.037764    0.228550    7.858639 v _101_/X (sky130_fd_sc_hd__and3_1)
                                                         _028_ (net)
                      0.037764    0.000107    7.858747 v _134_/D (sky130_fd_sc_hd__dfrtp_4)
                                              7.858747   data arrival time

                                  0.000000    0.000000   clock clk (rise edge)
                                  5.570000    5.570000   clock source latency
     2    0.031059    0.610000    0.000000    5.570000 ^ clk (in)
                                                         clk (net)
                      0.616615    0.003390    5.573390 ^ wire3/A (sky130_fd_sc_hd__buf_4)
     3    0.045272    0.136866    0.305691    5.879081 ^ wire3/X (sky130_fd_sc_hd__buf_4)
                                                         net274 (net)
                      0.137375    0.006904    5.885986 ^ wire2/A (sky130_fd_sc_hd__buf_6)
     3    0.077626    0.158030    0.211666    6.097652 ^ wire2/X (sky130_fd_sc_hd__buf_6)
                                                         net273 (net)
                      0.161239    0.018222    6.115874 ^ wire1/A (sky130_fd_sc_hd__buf_6)
     3    0.079944    0.162562    0.219547    6.335421 ^ wire1/X (sky130_fd_sc_hd__buf_6)
                                                         net272 (net)
                      0.166011    0.019154    6.354575 ^ clkbuf_0_clk/A (sky130_fd_sc_hd__clkbuf_16)
     9    0.099226    0.116200    0.229902    6.584476 ^ clkbuf_0_clk/X (sky130_fd_sc_hd__clkbuf_16)
                                                         clknet_0_clk (net)
                      0.117103    0.008417    6.592894 ^ clkbuf_2_0__f_clk/A (sky130_fd_sc_hd__clkbuf_16)
    17    0.097201    0.113842    0.211917    6.804810 ^ clkbuf_2_0__f_clk/X (sky130_fd_sc_hd__clkbuf_16)
                                                         clknet_2_0__leaf_clk (net)
                      0.115274    0.010441    6.815251 ^ _134_/CLK (sky130_fd_sc_hd__dfrtp_4)
                                  0.087500    6.902751   clock uncertainty
                                  0.000000    6.902751   clock reconvergence pessimism
                                 -0.023086    6.879665   library hold time
                                              6.879665   data required time
---------------------------------------------------------------------------------------------
                                              6.879665   data required time
                                             -7.858747   data arrival time
---------------------------------------------------------------------------------------------
                                              0.979081   slack (MET)


Startpoint: wbs_adr_i[18] (input port clocked by clk)
Endpoint: _151_ (rising edge-triggered flip-flop clocked by clk)
Path Group: clk
Path Type: min

Fanout         Cap        Slew       Delay        Time   Description
---------------------------------------------------------------------------------------------
                                  0.000000    0.000000   clock clk (rise edge)
                                  4.650000    4.650000   clock network delay (propagated)
                                  0.790000    5.440000 ^ input external delay
     2    0.004514    0.070000    0.000000    5.440000 ^ wbs_adr_i[18] (in)
                                                         wbs_adr_i[18] (net)
                      0.070100    0.000048    5.440049 ^ input88/A (sky130_fd_sc_hd__clkbuf_1)
     1    0.004230    0.059891    0.096804    5.536853 ^ input88/X (sky130_fd_sc_hd__clkbuf_1)
                                                         net88 (net)
                      0.059891    0.000153    5.537006 ^ _045_/D (sky130_fd_sc_hd__or4_2)
     3    0.022730    0.118863    0.170192    5.707199 ^ _045_/X (sky130_fd_sc_hd__or4_2)
                                                         _036_ (net)
                      0.118929    0.002242    5.709440 ^ _048_/B (sky130_fd_sc_hd__nor4_1)
     1    0.007403    0.042261    0.085101    5.794541 v _048_/Y (sky130_fd_sc_hd__nor4_1)
                                                         _039_ (net)
                      0.042266    0.000356    5.794897 v hold4/A (sky130_fd_sc_hd__dlygate4sd3_1)
     1    0.007301    0.075449    0.563469    6.358366 v hold4/X (sky130_fd_sc_hd__dlygate4sd3_1)
                                                         net278 (net)
                      0.075449    0.000341    6.358707 v wire262/A (sky130_fd_sc_hd__buf_2)
     1    0.011242    0.042537    0.146249    6.504956 v wire262/X (sky130_fd_sc_hd__buf_2)
                                                         net262 (net)
                      0.042546    0.000606    6.505562 v hold5/A (sky130_fd_sc_hd__dlygate4sd3_1)
     7    0.056307    0.286815    0.754826    7.260388 v hold5/X (sky130_fd_sc_hd__dlygate4sd3_1)
                                                         net279 (net)
                      0.286835    0.002547    7.262935 v fanout260/A (sky130_fd_sc_hd__buf_4)
    33    0.118826    0.151925    0.338053    7.600988 v fanout260/X (sky130_fd_sc_hd__buf_4)
                                                         net260 (net)
                      0.155082    0.017041    7.618029 v _118_/C (sky130_fd_sc_hd__and3_1)
     1    0.002734    0.033530    0.217671    7.835701 v _118_/X (sky130_fd_sc_hd__and3_1)
                                                         _015_ (net)
                      0.033530    0.000076    7.835777 v _151_/D (sky130_fd_sc_hd__dfrtp_4)
                                              7.835777   data arrival time

                                  0.000000    0.000000   clock clk (rise edge)
                                  5.570000    5.570000   clock source latency
     2    0.031059    0.610000    0.000000    5.570000 ^ clk (in)
                                                         clk (net)
                      0.616615    0.003390    5.573390 ^ wire3/A (sky130_fd_sc_hd__buf_4)
     3    0.045272    0.136866    0.305691    5.879081 ^ wire3/X (sky130_fd_sc_hd__buf_4)
                                                         net274 (net)
                      0.137375    0.006904    5.885986 ^ wire2/A (sky130_fd_sc_hd__buf_6)
     3    0.077626    0.158030    0.211666    6.097652 ^ wire2/X (sky130_fd_sc_hd__buf_6)
                                                         net273 (net)
                      0.161239    0.018222    6.115874 ^ wire1/A (sky130_fd_sc_hd__buf_6)
     3    0.079944    0.162562    0.219547    6.335421 ^ wire1/X (sky130_fd_sc_hd__buf_6)
                                                         net272 (net)
                      0.166011    0.019154    6.354575 ^ clkbuf_0_clk/A (sky130_fd_sc_hd__clkbuf_16)
     9    0.099226    0.116200    0.229902    6.584476 ^ clkbuf_0_clk/X (sky130_fd_sc_hd__clkbuf_16)
                                                         clknet_0_clk (net)
                      0.116909    0.007485    6.591962 ^ clkbuf_2_3__f_clk/A (sky130_fd_sc_hd__clkbuf_16)
    21    0.071883    0.090374    0.190991    6.782953 ^ clkbuf_2_3__f_clk/X (sky130_fd_sc_hd__clkbuf_16)
                                                         clknet_2_3__leaf_clk (net)
                      0.092966    0.012266    6.795219 ^ _151_/CLK (sky130_fd_sc_hd__dfrtp_4)
                                  0.087500    6.882719   clock uncertainty
                                  0.000000    6.882719   clock reconvergence pessimism
                                 -0.026457    6.856262   library hold time
                                              6.856262   data required time
---------------------------------------------------------------------------------------------
                                              6.856262   data required time
                                             -7.835777   data arrival time
---------------------------------------------------------------------------------------------
                                              0.979514   slack (MET)


Startpoint: wbs_adr_i[18] (input port clocked by clk)
Endpoint: _131_ (rising edge-triggered flip-flop clocked by clk)
Path Group: clk
Path Type: min

Fanout         Cap        Slew       Delay        Time   Description
---------------------------------------------------------------------------------------------
                                  0.000000    0.000000   clock clk (rise edge)
                                  4.650000    4.650000   clock network delay (propagated)
                                  0.790000    5.440000 ^ input external delay
     2    0.004514    0.070000    0.000000    5.440000 ^ wbs_adr_i[18] (in)
                                                         wbs_adr_i[18] (net)
                      0.070100    0.000048    5.440049 ^ input88/A (sky130_fd_sc_hd__clkbuf_1)
     1    0.004230    0.059891    0.096804    5.536853 ^ input88/X (sky130_fd_sc_hd__clkbuf_1)
                                                         net88 (net)
                      0.059891    0.000153    5.537006 ^ _045_/D (sky130_fd_sc_hd__or4_2)
     3    0.022730    0.118863    0.170192    5.707199 ^ _045_/X (sky130_fd_sc_hd__or4_2)
                                                         _036_ (net)
                      0.118929    0.002242    5.709440 ^ _048_/B (sky130_fd_sc_hd__nor4_1)
     1    0.007403    0.042261    0.085101    5.794541 v _048_/Y (sky130_fd_sc_hd__nor4_1)
                                                         _039_ (net)
                      0.042266    0.000356    5.794897 v hold4/A (sky130_fd_sc_hd__dlygate4sd3_1)
     1    0.007301    0.075449    0.563469    6.358366 v hold4/X (sky130_fd_sc_hd__dlygate4sd3_1)
                                                         net278 (net)
                      0.075449    0.000341    6.358707 v wire262/A (sky130_fd_sc_hd__buf_2)
     1    0.011242    0.042537    0.146249    6.504956 v wire262/X (sky130_fd_sc_hd__buf_2)
                                                         net262 (net)
                      0.042546    0.000606    6.505562 v hold5/A (sky130_fd_sc_hd__dlygate4sd3_1)
     7    0.056307    0.286815    0.754826    7.260388 v hold5/X (sky130_fd_sc_hd__dlygate4sd3_1)
                                                         net279 (net)
                      0.286968    0.005977    7.266366 v fanout261/A (sky130_fd_sc_hd__buf_4)
    33    0.124100    0.159209    0.337376    7.603742 v fanout261/X (sky130_fd_sc_hd__buf_4)
                                                         net261 (net)
                      0.166677    0.026334    7.630075 v _098_/C (sky130_fd_sc_hd__and3_1)
     1    0.002647    0.033117    0.222443    7.852519 v _098_/X (sky130_fd_sc_hd__and3_1)
                                                         _023_ (net)
                      0.033117    0.000075    7.852594 v _131_/D (sky130_fd_sc_hd__dfrtp_4)
                                              7.852594   data arrival time

                                  0.000000    0.000000   clock clk (rise edge)
                                  5.570000    5.570000   clock source latency
     2    0.031059    0.610000    0.000000    5.570000 ^ clk (in)
                                                         clk (net)
                      0.616615    0.003390    5.573390 ^ wire3/A (sky130_fd_sc_hd__buf_4)
     3    0.045272    0.136866    0.305691    5.879081 ^ wire3/X (sky130_fd_sc_hd__buf_4)
                                                         net274 (net)
                      0.137375    0.006904    5.885986 ^ wire2/A (sky130_fd_sc_hd__buf_6)
     3    0.077626    0.158030    0.211666    6.097652 ^ wire2/X (sky130_fd_sc_hd__buf_6)
                                                         net273 (net)
                      0.161239    0.018222    6.115874 ^ wire1/A (sky130_fd_sc_hd__buf_6)
     3    0.079944    0.162562    0.219547    6.335421 ^ wire1/X (sky130_fd_sc_hd__buf_6)
                                                         net272 (net)
                      0.166011    0.019154    6.354575 ^ clkbuf_0_clk/A (sky130_fd_sc_hd__clkbuf_16)
     9    0.099226    0.116200    0.229902    6.584476 ^ clkbuf_0_clk/X (sky130_fd_sc_hd__clkbuf_16)
                                                         clknet_0_clk (net)
                      0.117074    0.008286    6.592762 ^ clkbuf_2_1__f_clk/A (sky130_fd_sc_hd__clkbuf_16)
    21    0.084691    0.102658    0.200590    6.793353 ^ clkbuf_2_1__f_clk/X (sky130_fd_sc_hd__clkbuf_16)
                                                         clknet_2_1__leaf_clk (net)
                      0.105328    0.013370    6.806723 ^ _131_/CLK (sky130_fd_sc_hd__dfrtp_4)
                                  0.087500    6.894222   clock uncertainty
                                  0.000000    6.894222   clock reconvergence pessimism
                                 -0.023471    6.870751   library hold time
                                              6.870751   data required time
---------------------------------------------------------------------------------------------
                                              6.870751   data required time
                                             -7.852594   data arrival time
---------------------------------------------------------------------------------------------
                                              0.981844   slack (MET)


Startpoint: wbs_adr_i[18] (input port clocked by clk)
Endpoint: _138_ (rising edge-triggered flip-flop clocked by clk)
Path Group: clk
Path Type: min

Fanout         Cap        Slew       Delay        Time   Description
---------------------------------------------------------------------------------------------
                                  0.000000    0.000000   clock clk (rise edge)
                                  4.650000    4.650000   clock network delay (propagated)
                                  0.790000    5.440000 ^ input external delay
     2    0.004514    0.070000    0.000000    5.440000 ^ wbs_adr_i[18] (in)
                                                         wbs_adr_i[18] (net)
                      0.070100    0.000048    5.440049 ^ input88/A (sky130_fd_sc_hd__clkbuf_1)
     1    0.004230    0.059891    0.096804    5.536853 ^ input88/X (sky130_fd_sc_hd__clkbuf_1)
                                                         net88 (net)
                      0.059891    0.000153    5.537006 ^ _045_/D (sky130_fd_sc_hd__or4_2)
     3    0.022730    0.118863    0.170192    5.707199 ^ _045_/X (sky130_fd_sc_hd__or4_2)
                                                         _036_ (net)
                      0.118929    0.002242    5.709440 ^ _048_/B (sky130_fd_sc_hd__nor4_1)
     1    0.007403    0.042261    0.085101    5.794541 v _048_/Y (sky130_fd_sc_hd__nor4_1)
                                                         _039_ (net)
                      0.042266    0.000356    5.794897 v hold4/A (sky130_fd_sc_hd__dlygate4sd3_1)
     1    0.007301    0.075449    0.563469    6.358366 v hold4/X (sky130_fd_sc_hd__dlygate4sd3_1)
                                                         net278 (net)
                      0.075449    0.000341    6.358707 v wire262/A (sky130_fd_sc_hd__buf_2)
     1    0.011242    0.042537    0.146249    6.504956 v wire262/X (sky130_fd_sc_hd__buf_2)
                                                         net262 (net)
                      0.042546    0.000606    6.505562 v hold5/A (sky130_fd_sc_hd__dlygate4sd3_1)
     7    0.056307    0.286815    0.754826    7.260388 v hold5/X (sky130_fd_sc_hd__dlygate4sd3_1)
                                                         net279 (net)
                      0.286968    0.005977    7.266366 v fanout261/A (sky130_fd_sc_hd__buf_4)
    33    0.124100    0.159209    0.337376    7.603742 v fanout261/X (sky130_fd_sc_hd__buf_4)
                                                         net261 (net)
                      0.166118    0.025365    7.629107 v _105_/C (sky130_fd_sc_hd__and3_1)
     1    0.002883    0.034509    0.223712    7.852819 v _105_/X (sky130_fd_sc_hd__and3_1)
                                                         _032_ (net)
                      0.034509    0.000083    7.852901 v _138_/D (sky130_fd_sc_hd__dfrtp_4)
                                              7.852901   data arrival time

                                  0.000000    0.000000   clock clk (rise edge)
                                  5.570000    5.570000   clock source latency
     2    0.031059    0.610000    0.000000    5.570000 ^ clk (in)
                                                         clk (net)
                      0.616615    0.003390    5.573390 ^ wire3/A (sky130_fd_sc_hd__buf_4)
     3    0.045272    0.136866    0.305691    5.879081 ^ wire3/X (sky130_fd_sc_hd__buf_4)
                                                         net274 (net)
                      0.137375    0.006904    5.885986 ^ wire2/A (sky130_fd_sc_hd__buf_6)
     3    0.077626    0.158030    0.211666    6.097652 ^ wire2/X (sky130_fd_sc_hd__buf_6)
                                                         net273 (net)
                      0.161239    0.018222    6.115874 ^ wire1/A (sky130_fd_sc_hd__buf_6)
     3    0.079944    0.162562    0.219547    6.335421 ^ wire1/X (sky130_fd_sc_hd__buf_6)
                                                         net272 (net)
                      0.166011    0.019154    6.354575 ^ clkbuf_0_clk/A (sky130_fd_sc_hd__clkbuf_16)
     9    0.099226    0.116200    0.229902    6.584476 ^ clkbuf_0_clk/X (sky130_fd_sc_hd__clkbuf_16)
                                                         clknet_0_clk (net)
                      0.117074    0.008286    6.592762 ^ clkbuf_2_1__f_clk/A (sky130_fd_sc_hd__clkbuf_16)
    21    0.084691    0.102658    0.200590    6.793353 ^ clkbuf_2_1__f_clk/X (sky130_fd_sc_hd__clkbuf_16)
                                                         clknet_2_1__leaf_clk (net)
                      0.104935    0.012350    6.805702 ^ _138_/CLK (sky130_fd_sc_hd__dfrtp_4)
                                  0.087500    6.893202   clock uncertainty
                                  0.000000    6.893202   clock reconvergence pessimism
                                 -0.024125    6.869078   library hold time
                                              6.869078   data required time
---------------------------------------------------------------------------------------------
                                              6.869078   data required time
                                             -7.852901   data arrival time
---------------------------------------------------------------------------------------------
                                              0.983824   slack (MET)


Startpoint: wbs_adr_i[18] (input port clocked by clk)
Endpoint: _157_ (rising edge-triggered flip-flop clocked by clk)
Path Group: clk
Path Type: min

Fanout         Cap        Slew       Delay        Time   Description
---------------------------------------------------------------------------------------------
                                  0.000000    0.000000   clock clk (rise edge)
                                  4.650000    4.650000   clock network delay (propagated)
                                  0.790000    5.440000 ^ input external delay
     2    0.004514    0.070000    0.000000    5.440000 ^ wbs_adr_i[18] (in)
                                                         wbs_adr_i[18] (net)
                      0.070100    0.000048    5.440049 ^ input88/A (sky130_fd_sc_hd__clkbuf_1)
     1    0.004230    0.059891    0.096804    5.536853 ^ input88/X (sky130_fd_sc_hd__clkbuf_1)
                                                         net88 (net)
                      0.059891    0.000153    5.537006 ^ _045_/D (sky130_fd_sc_hd__or4_2)
     3    0.022730    0.118863    0.170192    5.707199 ^ _045_/X (sky130_fd_sc_hd__or4_2)
                                                         _036_ (net)
                      0.118929    0.002242    5.709440 ^ _048_/B (sky130_fd_sc_hd__nor4_1)
     1    0.007403    0.042261    0.085101    5.794541 v _048_/Y (sky130_fd_sc_hd__nor4_1)
                                                         _039_ (net)
                      0.042266    0.000356    5.794897 v hold4/A (sky130_fd_sc_hd__dlygate4sd3_1)
     1    0.007301    0.075449    0.563469    6.358366 v hold4/X (sky130_fd_sc_hd__dlygate4sd3_1)
                                                         net278 (net)
                      0.075449    0.000341    6.358707 v wire262/A (sky130_fd_sc_hd__buf_2)
     1    0.011242    0.042537    0.146249    6.504956 v wire262/X (sky130_fd_sc_hd__buf_2)
                                                         net262 (net)
                      0.042546    0.000606    6.505562 v hold5/A (sky130_fd_sc_hd__dlygate4sd3_1)
     7    0.056307    0.286815    0.754826    7.260388 v hold5/X (sky130_fd_sc_hd__dlygate4sd3_1)
                                                         net279 (net)
                      0.286835    0.002547    7.262935 v fanout260/A (sky130_fd_sc_hd__buf_4)
    33    0.118826    0.151925    0.338053    7.600988 v fanout260/X (sky130_fd_sc_hd__buf_4)
                                                         net260 (net)
                      0.154510    0.015493    7.616482 v _124_/C (sky130_fd_sc_hd__and3_1)
     1    0.003342    0.036219    0.221335    7.837817 v _124_/X (sky130_fd_sc_hd__and3_1)
                                                         _021_ (net)
                      0.036219    0.000106    7.837923 v _157_/D (sky130_fd_sc_hd__dfrtp_4)
                                              7.837923   data arrival time

                                  0.000000    0.000000   clock clk (rise edge)
                                  5.570000    5.570000   clock source latency
     2    0.031059    0.610000    0.000000    5.570000 ^ clk (in)
                                                         clk (net)
                      0.616615    0.003390    5.573390 ^ wire3/A (sky130_fd_sc_hd__buf_4)
     3    0.045272    0.136866    0.305691    5.879081 ^ wire3/X (sky130_fd_sc_hd__buf_4)
                                                         net274 (net)
                      0.137375    0.006904    5.885986 ^ wire2/A (sky130_fd_sc_hd__buf_6)
     3    0.077626    0.158030    0.211666    6.097652 ^ wire2/X (sky130_fd_sc_hd__buf_6)
                                                         net273 (net)
                      0.161239    0.018222    6.115874 ^ wire1/A (sky130_fd_sc_hd__buf_6)
     3    0.079944    0.162562    0.219547    6.335421 ^ wire1/X (sky130_fd_sc_hd__buf_6)
                                                         net272 (net)
                      0.166011    0.019154    6.354575 ^ clkbuf_0_clk/A (sky130_fd_sc_hd__clkbuf_16)
     9    0.099226    0.116200    0.229902    6.584476 ^ clkbuf_0_clk/X (sky130_fd_sc_hd__clkbuf_16)
                                                         clknet_0_clk (net)
                      0.116909    0.007485    6.591962 ^ clkbuf_2_3__f_clk/A (sky130_fd_sc_hd__clkbuf_16)
    21    0.071883    0.090374    0.190991    6.782953 ^ clkbuf_2_3__f_clk/X (sky130_fd_sc_hd__clkbuf_16)
                                                         clknet_2_3__leaf_clk (net)
                      0.092321    0.010620    6.793572 ^ _157_/CLK (sky130_fd_sc_hd__dfrtp_4)
                                  0.087500    6.881073   clock uncertainty
                                  0.000000    6.881073   clock reconvergence pessimism
                                 -0.027692    6.853381   library hold time
                                              6.853381   data required time
---------------------------------------------------------------------------------------------
                                              6.853381   data required time
                                             -7.837923   data arrival time
---------------------------------------------------------------------------------------------
                                              0.984542   slack (MET)


Startpoint: wbs_adr_i[18] (input port clocked by clk)
Endpoint: _154_ (rising edge-triggered flip-flop clocked by clk)
Path Group: clk
Path Type: min

Fanout         Cap        Slew       Delay        Time   Description
---------------------------------------------------------------------------------------------
                                  0.000000    0.000000   clock clk (rise edge)
                                  4.650000    4.650000   clock network delay (propagated)
                                  0.790000    5.440000 ^ input external delay
     2    0.004514    0.070000    0.000000    5.440000 ^ wbs_adr_i[18] (in)
                                                         wbs_adr_i[18] (net)
                      0.070100    0.000048    5.440049 ^ input88/A (sky130_fd_sc_hd__clkbuf_1)
     1    0.004230    0.059891    0.096804    5.536853 ^ input88/X (sky130_fd_sc_hd__clkbuf_1)
                                                         net88 (net)
                      0.059891    0.000153    5.537006 ^ _045_/D (sky130_fd_sc_hd__or4_2)
     3    0.022730    0.118863    0.170192    5.707199 ^ _045_/X (sky130_fd_sc_hd__or4_2)
                                                         _036_ (net)
                      0.118929    0.002242    5.709440 ^ _048_/B (sky130_fd_sc_hd__nor4_1)
     1    0.007403    0.042261    0.085101    5.794541 v _048_/Y (sky130_fd_sc_hd__nor4_1)
                                                         _039_ (net)
                      0.042266    0.000356    5.794897 v hold4/A (sky130_fd_sc_hd__dlygate4sd3_1)
     1    0.007301    0.075449    0.563469    6.358366 v hold4/X (sky130_fd_sc_hd__dlygate4sd3_1)
                                                         net278 (net)
                      0.075449    0.000341    6.358707 v wire262/A (sky130_fd_sc_hd__buf_2)
     1    0.011242    0.042537    0.146249    6.504956 v wire262/X (sky130_fd_sc_hd__buf_2)
                                                         net262 (net)
                      0.042546    0.000606    6.505562 v hold5/A (sky130_fd_sc_hd__dlygate4sd3_1)
     7    0.056307    0.286815    0.754826    7.260388 v hold5/X (sky130_fd_sc_hd__dlygate4sd3_1)
                                                         net279 (net)
                      0.286835    0.002547    7.262935 v fanout260/A (sky130_fd_sc_hd__buf_4)
    33    0.118826    0.151925    0.338053    7.600988 v fanout260/X (sky130_fd_sc_hd__buf_4)
                                                         net260 (net)
                      0.155319    0.017642    7.618630 v _121_/C (sky130_fd_sc_hd__and3_1)
     1    0.003248    0.035927    0.221104    7.839735 v _121_/X (sky130_fd_sc_hd__and3_1)
                                                         _018_ (net)
                      0.035927    0.000097    7.839831 v _154_/D (sky130_fd_sc_hd__dfrtp_4)
                                              7.839831   data arrival time

                                  0.000000    0.000000   clock clk (rise edge)
                                  5.570000    5.570000   clock source latency
     2    0.031059    0.610000    0.000000    5.570000 ^ clk (in)
                                                         clk (net)
                      0.616615    0.003390    5.573390 ^ wire3/A (sky130_fd_sc_hd__buf_4)
     3    0.045272    0.136866    0.305691    5.879081 ^ wire3/X (sky130_fd_sc_hd__buf_4)
                                                         net274 (net)
                      0.137375    0.006904    5.885986 ^ wire2/A (sky130_fd_sc_hd__buf_6)
     3    0.077626    0.158030    0.211666    6.097652 ^ wire2/X (sky130_fd_sc_hd__buf_6)
                                                         net273 (net)
                      0.161239    0.018222    6.115874 ^ wire1/A (sky130_fd_sc_hd__buf_6)
     3    0.079944    0.162562    0.219547    6.335421 ^ wire1/X (sky130_fd_sc_hd__buf_6)
                                                         net272 (net)
                      0.166011    0.019154    6.354575 ^ clkbuf_0_clk/A (sky130_fd_sc_hd__clkbuf_16)
     9    0.099226    0.116200    0.229902    6.584476 ^ clkbuf_0_clk/X (sky130_fd_sc_hd__clkbuf_16)
                                                         clknet_0_clk (net)
                      0.116909    0.007485    6.591962 ^ clkbuf_2_3__f_clk/A (sky130_fd_sc_hd__clkbuf_16)
    21    0.071883    0.090374    0.190991    6.782953 ^ clkbuf_2_3__f_clk/X (sky130_fd_sc_hd__clkbuf_16)
                                                         clknet_2_3__leaf_clk (net)
                      0.092922    0.012160    6.795113 ^ _154_/CLK (sky130_fd_sc_hd__dfrtp_4)
                                  0.087500    6.882613   clock uncertainty
                                  0.000000    6.882613   clock reconvergence pessimism
                                 -0.027437    6.855175   library hold time
                                              6.855175   data required time
---------------------------------------------------------------------------------------------
                                              6.855175   data required time
                                             -7.839831   data arrival time
---------------------------------------------------------------------------------------------
                                              0.984655   slack (MET)


Startpoint: wbs_adr_i[18] (input port clocked by clk)
Endpoint: _160_ (rising edge-triggered flip-flop clocked by clk)
Path Group: clk
Path Type: min

Fanout         Cap        Slew       Delay        Time   Description
---------------------------------------------------------------------------------------------
                                  0.000000    0.000000   clock clk (rise edge)
                                  4.650000    4.650000   clock network delay (propagated)
                                  0.790000    5.440000 ^ input external delay
     2    0.004514    0.070000    0.000000    5.440000 ^ wbs_adr_i[18] (in)
                                                         wbs_adr_i[18] (net)
                      0.070100    0.000048    5.440049 ^ input88/A (sky130_fd_sc_hd__clkbuf_1)
     1    0.004230    0.059891    0.096804    5.536853 ^ input88/X (sky130_fd_sc_hd__clkbuf_1)
                                                         net88 (net)
                      0.059891    0.000153    5.537006 ^ _045_/D (sky130_fd_sc_hd__or4_2)
     3    0.022730    0.118863    0.170192    5.707199 ^ _045_/X (sky130_fd_sc_hd__or4_2)
                                                         _036_ (net)
                      0.118929    0.002242    5.709440 ^ _048_/B (sky130_fd_sc_hd__nor4_1)
     1    0.007403    0.042261    0.085101    5.794541 v _048_/Y (sky130_fd_sc_hd__nor4_1)
                                                         _039_ (net)
                      0.042266    0.000356    5.794897 v hold4/A (sky130_fd_sc_hd__dlygate4sd3_1)
     1    0.007301    0.075449    0.563469    6.358366 v hold4/X (sky130_fd_sc_hd__dlygate4sd3_1)
                                                         net278 (net)
                      0.075449    0.000341    6.358707 v wire262/A (sky130_fd_sc_hd__buf_2)
     1    0.011242    0.042537    0.146249    6.504956 v wire262/X (sky130_fd_sc_hd__buf_2)
                                                         net262 (net)
                      0.042546    0.000606    6.505562 v hold5/A (sky130_fd_sc_hd__dlygate4sd3_1)
     7    0.056307    0.286815    0.754826    7.260388 v hold5/X (sky130_fd_sc_hd__dlygate4sd3_1)
                                                         net279 (net)
                      0.286835    0.002547    7.262935 v fanout260/A (sky130_fd_sc_hd__buf_4)
    33    0.118826    0.151925    0.338053    7.600988 v fanout260/X (sky130_fd_sc_hd__buf_4)
                                                         net260 (net)
                      0.154898    0.016560    7.617548 v _127_/C (sky130_fd_sc_hd__and3_1)
     1    0.003276    0.035466    0.221094    7.838643 v _127_/X (sky130_fd_sc_hd__and3_1)
                                                         _025_ (net)
                      0.035466    0.000101    7.838744 v _160_/D (sky130_fd_sc_hd__dfrtp_4)
                                              7.838744   data arrival time

                                  0.000000    0.000000   clock clk (rise edge)
                                  5.570000    5.570000   clock source latency
     2    0.031059    0.610000    0.000000    5.570000 ^ clk (in)
                                                         clk (net)
                      0.616615    0.003390    5.573390 ^ wire3/A (sky130_fd_sc_hd__buf_4)
     3    0.045272    0.136866    0.305691    5.879081 ^ wire3/X (sky130_fd_sc_hd__buf_4)
                                                         net274 (net)
                      0.137375    0.006904    5.885986 ^ wire2/A (sky130_fd_sc_hd__buf_6)
     3    0.077626    0.158030    0.211666    6.097652 ^ wire2/X (sky130_fd_sc_hd__buf_6)
                                                         net273 (net)
                      0.161239    0.018222    6.115874 ^ wire1/A (sky130_fd_sc_hd__buf_6)
     3    0.079944    0.162562    0.219547    6.335421 ^ wire1/X (sky130_fd_sc_hd__buf_6)
                                                         net272 (net)
                      0.166011    0.019154    6.354575 ^ clkbuf_0_clk/A (sky130_fd_sc_hd__clkbuf_16)
     9    0.099226    0.116200    0.229902    6.584476 ^ clkbuf_0_clk/X (sky130_fd_sc_hd__clkbuf_16)
                                                         clknet_0_clk (net)
                      0.116909    0.007485    6.591962 ^ clkbuf_2_3__f_clk/A (sky130_fd_sc_hd__clkbuf_16)
    21    0.071883    0.090374    0.190991    6.782953 ^ clkbuf_2_3__f_clk/X (sky130_fd_sc_hd__clkbuf_16)
                                                         clknet_2_3__leaf_clk (net)
                      0.092455    0.010980    6.793933 ^ _160_/CLK (sky130_fd_sc_hd__dfrtp_4)
                                  0.087500    6.881433   clock uncertainty
                                  0.000000    6.881433   clock reconvergence pessimism
                                 -0.027356    6.854076   library hold time
                                              6.854076   data required time
---------------------------------------------------------------------------------------------
                                              6.854076   data required time
                                             -7.838744   data arrival time
---------------------------------------------------------------------------------------------
                                              0.984667   slack (MET)


Startpoint: wbs_adr_i[18] (input port clocked by clk)
Endpoint: _158_ (rising edge-triggered flip-flop clocked by clk)
Path Group: clk
Path Type: min

Fanout         Cap        Slew       Delay        Time   Description
---------------------------------------------------------------------------------------------
                                  0.000000    0.000000   clock clk (rise edge)
                                  4.650000    4.650000   clock network delay (propagated)
                                  0.790000    5.440000 ^ input external delay
     2    0.004514    0.070000    0.000000    5.440000 ^ wbs_adr_i[18] (in)
                                                         wbs_adr_i[18] (net)
                      0.070100    0.000048    5.440049 ^ input88/A (sky130_fd_sc_hd__clkbuf_1)
     1    0.004230    0.059891    0.096804    5.536853 ^ input88/X (sky130_fd_sc_hd__clkbuf_1)
                                                         net88 (net)
                      0.059891    0.000153    5.537006 ^ _045_/D (sky130_fd_sc_hd__or4_2)
     3    0.022730    0.118863    0.170192    5.707199 ^ _045_/X (sky130_fd_sc_hd__or4_2)
                                                         _036_ (net)
                      0.118929    0.002242    5.709440 ^ _048_/B (sky130_fd_sc_hd__nor4_1)
     1    0.007403    0.042261    0.085101    5.794541 v _048_/Y (sky130_fd_sc_hd__nor4_1)
                                                         _039_ (net)
                      0.042266    0.000356    5.794897 v hold4/A (sky130_fd_sc_hd__dlygate4sd3_1)
     1    0.007301    0.075449    0.563469    6.358366 v hold4/X (sky130_fd_sc_hd__dlygate4sd3_1)
                                                         net278 (net)
                      0.075449    0.000341    6.358707 v wire262/A (sky130_fd_sc_hd__buf_2)
     1    0.011242    0.042537    0.146249    6.504956 v wire262/X (sky130_fd_sc_hd__buf_2)
                                                         net262 (net)
                      0.042546    0.000606    6.505562 v hold5/A (sky130_fd_sc_hd__dlygate4sd3_1)
     7    0.056307    0.286815    0.754826    7.260388 v hold5/X (sky130_fd_sc_hd__dlygate4sd3_1)
                                                         net279 (net)
                      0.286835    0.002547    7.262935 v fanout260/A (sky130_fd_sc_hd__buf_4)
    33    0.118826    0.151925    0.338053    7.600988 v fanout260/X (sky130_fd_sc_hd__buf_4)
                                                         net260 (net)
                      0.155035    0.016919    7.617908 v _125_/C (sky130_fd_sc_hd__and3_1)
     1    0.003320    0.036100    0.221433    7.839340 v _125_/X (sky130_fd_sc_hd__and3_1)
                                                         _022_ (net)
                      0.036100    0.000107    7.839447 v _158_/D (sky130_fd_sc_hd__dfrtp_4)
                                              7.839447   data arrival time

                                  0.000000    0.000000   clock clk (rise edge)
                                  5.570000    5.570000   clock source latency
     2    0.031059    0.610000    0.000000    5.570000 ^ clk (in)
                                                         clk (net)
                      0.616615    0.003390    5.573390 ^ wire3/A (sky130_fd_sc_hd__buf_4)
     3    0.045272    0.136866    0.305691    5.879081 ^ wire3/X (sky130_fd_sc_hd__buf_4)
                                                         net274 (net)
                      0.137375    0.006904    5.885986 ^ wire2/A (sky130_fd_sc_hd__buf_6)
     3    0.077626    0.158030    0.211666    6.097652 ^ wire2/X (sky130_fd_sc_hd__buf_6)
                                                         net273 (net)
                      0.161239    0.018222    6.115874 ^ wire1/A (sky130_fd_sc_hd__buf_6)
     3    0.079944    0.162562    0.219547    6.335421 ^ wire1/X (sky130_fd_sc_hd__buf_6)
                                                         net272 (net)
                      0.166011    0.019154    6.354575 ^ clkbuf_0_clk/A (sky130_fd_sc_hd__clkbuf_16)
     9    0.099226    0.116200    0.229902    6.584476 ^ clkbuf_0_clk/X (sky130_fd_sc_hd__clkbuf_16)
                                                         clknet_0_clk (net)
                      0.116909    0.007485    6.591962 ^ clkbuf_2_3__f_clk/A (sky130_fd_sc_hd__clkbuf_16)
    21    0.071883    0.090374    0.190991    6.782953 ^ clkbuf_2_3__f_clk/X (sky130_fd_sc_hd__clkbuf_16)
                                                         clknet_2_3__leaf_clk (net)
                      0.092592    0.011338    6.794291 ^ _158_/CLK (sky130_fd_sc_hd__dfrtp_4)
                                  0.087500    6.881791   clock uncertainty
                                  0.000000    6.881791   clock reconvergence pessimism
                                 -0.027582    6.854208   library hold time
                                              6.854208   data required time
---------------------------------------------------------------------------------------------
                                              6.854208   data required time
                                             -7.839447   data arrival time
---------------------------------------------------------------------------------------------
                                              0.985239   slack (MET)


Startpoint: wbs_adr_i[18] (input port clocked by clk)
Endpoint: _156_ (rising edge-triggered flip-flop clocked by clk)
Path Group: clk
Path Type: min

Fanout         Cap        Slew       Delay        Time   Description
---------------------------------------------------------------------------------------------
                                  0.000000    0.000000   clock clk (rise edge)
                                  4.650000    4.650000   clock network delay (propagated)
                                  0.790000    5.440000 ^ input external delay
     2    0.004514    0.070000    0.000000    5.440000 ^ wbs_adr_i[18] (in)
                                                         wbs_adr_i[18] (net)
                      0.070100    0.000048    5.440049 ^ input88/A (sky130_fd_sc_hd__clkbuf_1)
     1    0.004230    0.059891    0.096804    5.536853 ^ input88/X (sky130_fd_sc_hd__clkbuf_1)
                                                         net88 (net)
                      0.059891    0.000153    5.537006 ^ _045_/D (sky130_fd_sc_hd__or4_2)
     3    0.022730    0.118863    0.170192    5.707199 ^ _045_/X (sky130_fd_sc_hd__or4_2)
                                                         _036_ (net)
                      0.118929    0.002242    5.709440 ^ _048_/B (sky130_fd_sc_hd__nor4_1)
     1    0.007403    0.042261    0.085101    5.794541 v _048_/Y (sky130_fd_sc_hd__nor4_1)
                                                         _039_ (net)
                      0.042266    0.000356    5.794897 v hold4/A (sky130_fd_sc_hd__dlygate4sd3_1)
     1    0.007301    0.075449    0.563469    6.358366 v hold4/X (sky130_fd_sc_hd__dlygate4sd3_1)
                                                         net278 (net)
                      0.075449    0.000341    6.358707 v wire262/A (sky130_fd_sc_hd__buf_2)
     1    0.011242    0.042537    0.146249    6.504956 v wire262/X (sky130_fd_sc_hd__buf_2)
                                                         net262 (net)
                      0.042546    0.000606    6.505562 v hold5/A (sky130_fd_sc_hd__dlygate4sd3_1)
     7    0.056307    0.286815    0.754826    7.260388 v hold5/X (sky130_fd_sc_hd__dlygate4sd3_1)
                                                         net279 (net)
                      0.286835    0.002547    7.262935 v fanout260/A (sky130_fd_sc_hd__buf_4)
    33    0.118826    0.151925    0.338053    7.600988 v fanout260/X (sky130_fd_sc_hd__buf_4)
                                                         net260 (net)
                      0.154815    0.016338    7.617327 v _123_/C (sky130_fd_sc_hd__and3_1)
     1    0.003344    0.036873    0.221496    7.838822 v _123_/X (sky130_fd_sc_hd__and3_1)
                                                         _020_ (net)
                      0.036873    0.000103    7.838925 v _156_/D (sky130_fd_sc_hd__dfrtp_4)
                                              7.838925   data arrival time

                                  0.000000    0.000000   clock clk (rise edge)
                                  5.570000    5.570000   clock source latency
     2    0.031059    0.610000    0.000000    5.570000 ^ clk (in)
                                                         clk (net)
                      0.616615    0.003390    5.573390 ^ wire3/A (sky130_fd_sc_hd__buf_4)
     3    0.045272    0.136866    0.305691    5.879081 ^ wire3/X (sky130_fd_sc_hd__buf_4)
                                                         net274 (net)
                      0.137375    0.006904    5.885986 ^ wire2/A (sky130_fd_sc_hd__buf_6)
     3    0.077626    0.158030    0.211666    6.097652 ^ wire2/X (sky130_fd_sc_hd__buf_6)
                                                         net273 (net)
                      0.161239    0.018222    6.115874 ^ wire1/A (sky130_fd_sc_hd__buf_6)
     3    0.079944    0.162562    0.219547    6.335421 ^ wire1/X (sky130_fd_sc_hd__buf_6)
                                                         net272 (net)
                      0.166011    0.019154    6.354575 ^ clkbuf_0_clk/A (sky130_fd_sc_hd__clkbuf_16)
     9    0.099226    0.116200    0.229902    6.584476 ^ clkbuf_0_clk/X (sky130_fd_sc_hd__clkbuf_16)
                                                         clknet_0_clk (net)
                      0.116909    0.007485    6.591962 ^ clkbuf_2_3__f_clk/A (sky130_fd_sc_hd__clkbuf_16)
    21    0.071883    0.090374    0.190991    6.782953 ^ clkbuf_2_3__f_clk/X (sky130_fd_sc_hd__clkbuf_16)
                                                         clknet_2_3__leaf_clk (net)
                      0.092455    0.010980    6.793933 ^ _156_/CLK (sky130_fd_sc_hd__dfrtp_4)
                                  0.087500    6.881433   clock uncertainty
                                  0.000000    6.881433   clock reconvergence pessimism
                                 -0.027926    6.853507   library hold time
                                              6.853507   data required time
---------------------------------------------------------------------------------------------
                                              6.853507   data required time
                                             -7.838925   data arrival time
---------------------------------------------------------------------------------------------
                                              0.985419   slack (MET)


Startpoint: wbs_adr_i[18] (input port clocked by clk)
Endpoint: _139_ (rising edge-triggered flip-flop clocked by clk)
Path Group: clk
Path Type: min

Fanout         Cap        Slew       Delay        Time   Description
---------------------------------------------------------------------------------------------
                                  0.000000    0.000000   clock clk (rise edge)
                                  4.650000    4.650000   clock network delay (propagated)
                                  0.790000    5.440000 ^ input external delay
     2    0.004514    0.070000    0.000000    5.440000 ^ wbs_adr_i[18] (in)
                                                         wbs_adr_i[18] (net)
                      0.070100    0.000048    5.440049 ^ input88/A (sky130_fd_sc_hd__clkbuf_1)
     1    0.004230    0.059891    0.096804    5.536853 ^ input88/X (sky130_fd_sc_hd__clkbuf_1)
                                                         net88 (net)
                      0.059891    0.000153    5.537006 ^ _045_/D (sky130_fd_sc_hd__or4_2)
     3    0.022730    0.118863    0.170192    5.707199 ^ _045_/X (sky130_fd_sc_hd__or4_2)
                                                         _036_ (net)
                      0.118929    0.002242    5.709440 ^ _048_/B (sky130_fd_sc_hd__nor4_1)
     1    0.007403    0.042261    0.085101    5.794541 v _048_/Y (sky130_fd_sc_hd__nor4_1)
                                                         _039_ (net)
                      0.042266    0.000356    5.794897 v hold4/A (sky130_fd_sc_hd__dlygate4sd3_1)
     1    0.007301    0.075449    0.563469    6.358366 v hold4/X (sky130_fd_sc_hd__dlygate4sd3_1)
                                                         net278 (net)
                      0.075449    0.000341    6.358707 v wire262/A (sky130_fd_sc_hd__buf_2)
     1    0.011242    0.042537    0.146249    6.504956 v wire262/X (sky130_fd_sc_hd__buf_2)
                                                         net262 (net)
                      0.042546    0.000606    6.505562 v hold5/A (sky130_fd_sc_hd__dlygate4sd3_1)
     7    0.056307    0.286815    0.754826    7.260388 v hold5/X (sky130_fd_sc_hd__dlygate4sd3_1)
                                                         net279 (net)
                      0.286968    0.005977    7.266366 v fanout261/A (sky130_fd_sc_hd__buf_4)
    33    0.124100    0.159209    0.337376    7.603742 v fanout261/X (sky130_fd_sc_hd__buf_4)
                                                         net261 (net)
                      0.165533    0.024313    7.628055 v _106_/C (sky130_fd_sc_hd__and3_1)
     1    0.003169    0.035463    0.225299    7.853354 v _106_/X (sky130_fd_sc_hd__and3_1)
                                                         _002_ (net)
                      0.035463    0.000094    7.853448 v _139_/D (sky130_fd_sc_hd__dfrtp_4)
                                              7.853448   data arrival time

                                  0.000000    0.000000   clock clk (rise edge)
                                  5.570000    5.570000   clock source latency
     2    0.031059    0.610000    0.000000    5.570000 ^ clk (in)
                                                         clk (net)
                      0.616615    0.003390    5.573390 ^ wire3/A (sky130_fd_sc_hd__buf_4)
     3    0.045272    0.136866    0.305691    5.879081 ^ wire3/X (sky130_fd_sc_hd__buf_4)
                                                         net274 (net)
                      0.137375    0.006904    5.885986 ^ wire2/A (sky130_fd_sc_hd__buf_6)
     3    0.077626    0.158030    0.211666    6.097652 ^ wire2/X (sky130_fd_sc_hd__buf_6)
                                                         net273 (net)
                      0.161239    0.018222    6.115874 ^ wire1/A (sky130_fd_sc_hd__buf_6)
     3    0.079944    0.162562    0.219547    6.335421 ^ wire1/X (sky130_fd_sc_hd__buf_6)
                                                         net272 (net)
                      0.166011    0.019154    6.354575 ^ clkbuf_0_clk/A (sky130_fd_sc_hd__clkbuf_16)
     9    0.099226    0.116200    0.229902    6.584476 ^ clkbuf_0_clk/X (sky130_fd_sc_hd__clkbuf_16)
                                                         clknet_0_clk (net)
                      0.117074    0.008286    6.592762 ^ clkbuf_2_1__f_clk/A (sky130_fd_sc_hd__clkbuf_16)
    21    0.084691    0.102658    0.200590    6.793353 ^ clkbuf_2_1__f_clk/X (sky130_fd_sc_hd__clkbuf_16)
                                                         clknet_2_1__leaf_clk (net)
                      0.104612    0.011453    6.804806 ^ _139_/CLK (sky130_fd_sc_hd__dfrtp_4)
                                  0.087500    6.892305   clock uncertainty
                                  0.000000    6.892305   clock reconvergence pessimism
                                 -0.024584    6.867721   library hold time
                                              6.867721   data required time
---------------------------------------------------------------------------------------------
                                              6.867721   data required time
                                             -7.853448   data arrival time
---------------------------------------------------------------------------------------------
                                              0.985727   slack (MET)


Startpoint: wbs_adr_i[18] (input port clocked by clk)
Endpoint: _155_ (rising edge-triggered flip-flop clocked by clk)
Path Group: clk
Path Type: min

Fanout         Cap        Slew       Delay        Time   Description
---------------------------------------------------------------------------------------------
                                  0.000000    0.000000   clock clk (rise edge)
                                  4.650000    4.650000   clock network delay (propagated)
                                  0.790000    5.440000 ^ input external delay
     2    0.004514    0.070000    0.000000    5.440000 ^ wbs_adr_i[18] (in)
                                                         wbs_adr_i[18] (net)
                      0.070100    0.000048    5.440049 ^ input88/A (sky130_fd_sc_hd__clkbuf_1)
     1    0.004230    0.059891    0.096804    5.536853 ^ input88/X (sky130_fd_sc_hd__clkbuf_1)
                                                         net88 (net)
                      0.059891    0.000153    5.537006 ^ _045_/D (sky130_fd_sc_hd__or4_2)
     3    0.022730    0.118863    0.170192    5.707199 ^ _045_/X (sky130_fd_sc_hd__or4_2)
                                                         _036_ (net)
                      0.118929    0.002242    5.709440 ^ _048_/B (sky130_fd_sc_hd__nor4_1)
     1    0.007403    0.042261    0.085101    5.794541 v _048_/Y (sky130_fd_sc_hd__nor4_1)
                                                         _039_ (net)
                      0.042266    0.000356    5.794897 v hold4/A (sky130_fd_sc_hd__dlygate4sd3_1)
     1    0.007301    0.075449    0.563469    6.358366 v hold4/X (sky130_fd_sc_hd__dlygate4sd3_1)
                                                         net278 (net)
                      0.075449    0.000341    6.358707 v wire262/A (sky130_fd_sc_hd__buf_2)
     1    0.011242    0.042537    0.146249    6.504956 v wire262/X (sky130_fd_sc_hd__buf_2)
                                                         net262 (net)
                      0.042546    0.000606    6.505562 v hold5/A (sky130_fd_sc_hd__dlygate4sd3_1)
     7    0.056307    0.286815    0.754826    7.260388 v hold5/X (sky130_fd_sc_hd__dlygate4sd3_1)
                                                         net279 (net)
                      0.286835    0.002547    7.262935 v fanout260/A (sky130_fd_sc_hd__buf_4)
    33    0.118826    0.151925    0.338053    7.600988 v fanout260/X (sky130_fd_sc_hd__buf_4)
                                                         net260 (net)
                      0.155119    0.017137    7.618125 v _122_/C (sky130_fd_sc_hd__and3_1)
     1    0.003692    0.037449    0.223404    7.841528 v _122_/X (sky130_fd_sc_hd__and3_1)
                                                         _019_ (net)
                      0.037449    0.000122    7.841650 v _155_/D (sky130_fd_sc_hd__dfrtp_4)
                                              7.841650   data arrival time

                                  0.000000    0.000000   clock clk (rise edge)
                                  5.570000    5.570000   clock source latency
     2    0.031059    0.610000    0.000000    5.570000 ^ clk (in)
                                                         clk (net)
                      0.616615    0.003390    5.573390 ^ wire3/A (sky130_fd_sc_hd__buf_4)
     3    0.045272    0.136866    0.305691    5.879081 ^ wire3/X (sky130_fd_sc_hd__buf_4)
                                                         net274 (net)
                      0.137375    0.006904    5.885986 ^ wire2/A (sky130_fd_sc_hd__buf_6)
     3    0.077626    0.158030    0.211666    6.097652 ^ wire2/X (sky130_fd_sc_hd__buf_6)
                                                         net273 (net)
                      0.161239    0.018222    6.115874 ^ wire1/A (sky130_fd_sc_hd__buf_6)
     3    0.079944    0.162562    0.219547    6.335421 ^ wire1/X (sky130_fd_sc_hd__buf_6)
                                                         net272 (net)
                      0.166011    0.019154    6.354575 ^ clkbuf_0_clk/A (sky130_fd_sc_hd__clkbuf_16)
     9    0.099226    0.116200    0.229902    6.584476 ^ clkbuf_0_clk/X (sky130_fd_sc_hd__clkbuf_16)
                                                         clknet_0_clk (net)
                      0.116909    0.007485    6.591962 ^ clkbuf_2_3__f_clk/A (sky130_fd_sc_hd__clkbuf_16)
    21    0.071883    0.090374    0.190991    6.782953 ^ clkbuf_2_3__f_clk/X (sky130_fd_sc_hd__clkbuf_16)
                                                         clknet_2_3__leaf_clk (net)
                      0.092941    0.012206    6.795159 ^ _155_/CLK (sky130_fd_sc_hd__dfrtp_4)
                                  0.087500    6.882658   clock uncertainty
                                  0.000000    6.882658   clock reconvergence pessimism
                                 -0.028049    6.854610   library hold time
                                              6.854610   data required time
---------------------------------------------------------------------------------------------
                                              6.854610   data required time
                                             -7.841650   data arrival time
---------------------------------------------------------------------------------------------
                                              0.987040   slack (MET)


Startpoint: wbs_adr_i[18] (input port clocked by clk)
Endpoint: _130_ (rising edge-triggered flip-flop clocked by clk)
Path Group: clk
Path Type: min

Fanout         Cap        Slew       Delay        Time   Description
---------------------------------------------------------------------------------------------
                                  0.000000    0.000000   clock clk (rise edge)
                                  4.650000    4.650000   clock network delay (propagated)
                                  0.790000    5.440000 ^ input external delay
     2    0.004514    0.070000    0.000000    5.440000 ^ wbs_adr_i[18] (in)
                                                         wbs_adr_i[18] (net)
                      0.070100    0.000048    5.440049 ^ input88/A (sky130_fd_sc_hd__clkbuf_1)
     1    0.004230    0.059891    0.096804    5.536853 ^ input88/X (sky130_fd_sc_hd__clkbuf_1)
                                                         net88 (net)
                      0.059891    0.000153    5.537006 ^ _045_/D (sky130_fd_sc_hd__or4_2)
     3    0.022730    0.118863    0.170192    5.707199 ^ _045_/X (sky130_fd_sc_hd__or4_2)
                                                         _036_ (net)
                      0.118929    0.002242    5.709440 ^ _048_/B (sky130_fd_sc_hd__nor4_1)
     1    0.007403    0.042261    0.085101    5.794541 v _048_/Y (sky130_fd_sc_hd__nor4_1)
                                                         _039_ (net)
                      0.042266    0.000356    5.794897 v hold4/A (sky130_fd_sc_hd__dlygate4sd3_1)
     1    0.007301    0.075449    0.563469    6.358366 v hold4/X (sky130_fd_sc_hd__dlygate4sd3_1)
                                                         net278 (net)
                      0.075449    0.000341    6.358707 v wire262/A (sky130_fd_sc_hd__buf_2)
     1    0.011242    0.042537    0.146249    6.504956 v wire262/X (sky130_fd_sc_hd__buf_2)
                                                         net262 (net)
                      0.042546    0.000606    6.505562 v hold5/A (sky130_fd_sc_hd__dlygate4sd3_1)
     7    0.056307    0.286815    0.754826    7.260388 v hold5/X (sky130_fd_sc_hd__dlygate4sd3_1)
                                                         net279 (net)
                      0.286968    0.005977    7.266366 v fanout261/A (sky130_fd_sc_hd__buf_4)
    33    0.124100    0.159209    0.337376    7.603742 v fanout261/X (sky130_fd_sc_hd__buf_4)
                                                         net261 (net)
                      0.166655    0.026297    7.630039 v _097_/C (sky130_fd_sc_hd__and3_1)
     1    0.003276    0.036384    0.226501    7.856540 v _097_/X (sky130_fd_sc_hd__and3_1)
                                                         _012_ (net)
                      0.036384    0.000100    7.856640 v _130_/D (sky130_fd_sc_hd__dfrtp_4)
                                              7.856640   data arrival time

                                  0.000000    0.000000   clock clk (rise edge)
                                  5.570000    5.570000   clock source latency
     2    0.031059    0.610000    0.000000    5.570000 ^ clk (in)
                                                         clk (net)
                      0.616615    0.003390    5.573390 ^ wire3/A (sky130_fd_sc_hd__buf_4)
     3    0.045272    0.136866    0.305691    5.879081 ^ wire3/X (sky130_fd_sc_hd__buf_4)
                                                         net274 (net)
                      0.137375    0.006904    5.885986 ^ wire2/A (sky130_fd_sc_hd__buf_6)
     3    0.077626    0.158030    0.211666    6.097652 ^ wire2/X (sky130_fd_sc_hd__buf_6)
                                                         net273 (net)
                      0.161239    0.018222    6.115874 ^ wire1/A (sky130_fd_sc_hd__buf_6)
     3    0.079944    0.162562    0.219547    6.335421 ^ wire1/X (sky130_fd_sc_hd__buf_6)
                                                         net272 (net)
                      0.166011    0.019154    6.354575 ^ clkbuf_0_clk/A (sky130_fd_sc_hd__clkbuf_16)
     9    0.099226    0.116200    0.229902    6.584476 ^ clkbuf_0_clk/X (sky130_fd_sc_hd__clkbuf_16)
                                                         clknet_0_clk (net)
                      0.117074    0.008286    6.592762 ^ clkbuf_2_1__f_clk/A (sky130_fd_sc_hd__clkbuf_16)
    21    0.084691    0.102658    0.200590    6.793353 ^ clkbuf_2_1__f_clk/X (sky130_fd_sc_hd__clkbuf_16)
                                                         clknet_2_1__leaf_clk (net)
                      0.105334    0.013386    6.806739 ^ _130_/CLK (sky130_fd_sc_hd__dfrtp_4)
                                  0.087500    6.894238   clock uncertainty
                                  0.000000    6.894238   clock reconvergence pessimism
                                 -0.024793    6.869446   library hold time
                                              6.869446   data required time
---------------------------------------------------------------------------------------------
                                              6.869446   data required time
                                             -7.856640   data arrival time
---------------------------------------------------------------------------------------------
                                              0.987194   slack (MET)


Startpoint: wbs_adr_i[18] (input port clocked by clk)
Endpoint: _152_ (rising edge-triggered flip-flop clocked by clk)
Path Group: clk
Path Type: min

Fanout         Cap        Slew       Delay        Time   Description
---------------------------------------------------------------------------------------------
                                  0.000000    0.000000   clock clk (rise edge)
                                  4.650000    4.650000   clock network delay (propagated)
                                  0.790000    5.440000 ^ input external delay
     2    0.004514    0.070000    0.000000    5.440000 ^ wbs_adr_i[18] (in)
                                                         wbs_adr_i[18] (net)
                      0.070100    0.000048    5.440049 ^ input88/A (sky130_fd_sc_hd__clkbuf_1)
     1    0.004230    0.059891    0.096804    5.536853 ^ input88/X (sky130_fd_sc_hd__clkbuf_1)
                                                         net88 (net)
                      0.059891    0.000153    5.537006 ^ _045_/D (sky130_fd_sc_hd__or4_2)
     3    0.022730    0.118863    0.170192    5.707199 ^ _045_/X (sky130_fd_sc_hd__or4_2)
                                                         _036_ (net)
                      0.118929    0.002242    5.709440 ^ _048_/B (sky130_fd_sc_hd__nor4_1)
     1    0.007403    0.042261    0.085101    5.794541 v _048_/Y (sky130_fd_sc_hd__nor4_1)
                                                         _039_ (net)
                      0.042266    0.000356    5.794897 v hold4/A (sky130_fd_sc_hd__dlygate4sd3_1)
     1    0.007301    0.075449    0.563469    6.358366 v hold4/X (sky130_fd_sc_hd__dlygate4sd3_1)
                                                         net278 (net)
                      0.075449    0.000341    6.358707 v wire262/A (sky130_fd_sc_hd__buf_2)
     1    0.011242    0.042537    0.146249    6.504956 v wire262/X (sky130_fd_sc_hd__buf_2)
                                                         net262 (net)
                      0.042546    0.000606    6.505562 v hold5/A (sky130_fd_sc_hd__dlygate4sd3_1)
     7    0.056307    0.286815    0.754826    7.260388 v hold5/X (sky130_fd_sc_hd__dlygate4sd3_1)
                                                         net279 (net)
                      0.286835    0.002547    7.262935 v fanout260/A (sky130_fd_sc_hd__buf_4)
    33    0.118826    0.151925    0.338053    7.600988 v fanout260/X (sky130_fd_sc_hd__buf_4)
                                                         net260 (net)
                      0.155208    0.017363    7.618351 v _119_/C (sky130_fd_sc_hd__and3_1)
     1    0.003698    0.038203    0.223470    7.841822 v _119_/X (sky130_fd_sc_hd__and3_1)
                                                         _016_ (net)
                      0.038203    0.000120    7.841941 v _152_/D (sky130_fd_sc_hd__dfrtp_4)
                                              7.841941   data arrival time

                                  0.000000    0.000000   clock clk (rise edge)
                                  5.570000    5.570000   clock source latency
     2    0.031059    0.610000    0.000000    5.570000 ^ clk (in)
                                                         clk (net)
                      0.616615    0.003390    5.573390 ^ wire3/A (sky130_fd_sc_hd__buf_4)
     3    0.045272    0.136866    0.305691    5.879081 ^ wire3/X (sky130_fd_sc_hd__buf_4)
                                                         net274 (net)
                      0.137375    0.006904    5.885986 ^ wire2/A (sky130_fd_sc_hd__buf_6)
     3    0.077626    0.158030    0.211666    6.097652 ^ wire2/X (sky130_fd_sc_hd__buf_6)
                                                         net273 (net)
                      0.161239    0.018222    6.115874 ^ wire1/A (sky130_fd_sc_hd__buf_6)
     3    0.079944    0.162562    0.219547    6.335421 ^ wire1/X (sky130_fd_sc_hd__buf_6)
                                                         net272 (net)
                      0.166011    0.019154    6.354575 ^ clkbuf_0_clk/A (sky130_fd_sc_hd__clkbuf_16)
     9    0.099226    0.116200    0.229902    6.584476 ^ clkbuf_0_clk/X (sky130_fd_sc_hd__clkbuf_16)
                                                         clknet_0_clk (net)
                      0.116909    0.007485    6.591962 ^ clkbuf_2_3__f_clk/A (sky130_fd_sc_hd__clkbuf_16)
    21    0.071883    0.090374    0.190991    6.782953 ^ clkbuf_2_3__f_clk/X (sky130_fd_sc_hd__clkbuf_16)
                                                         clknet_2_3__leaf_clk (net)
                      0.092947    0.012221    6.795174 ^ _152_/CLK (sky130_fd_sc_hd__dfrtp_4)
                                  0.087500    6.882674   clock uncertainty
                                  0.000000    6.882674   clock reconvergence pessimism
                                 -0.028352    6.854321   library hold time
                                              6.854321   data required time
---------------------------------------------------------------------------------------------
                                              6.854321   data required time
                                             -7.841941   data arrival time
---------------------------------------------------------------------------------------------
                                              0.987620   slack (MET)


Startpoint: wbs_adr_i[18] (input port clocked by clk)
Endpoint: _129_ (rising edge-triggered flip-flop clocked by clk)
Path Group: clk
Path Type: min

Fanout         Cap        Slew       Delay        Time   Description
---------------------------------------------------------------------------------------------
                                  0.000000    0.000000   clock clk (rise edge)
                                  4.650000    4.650000   clock network delay (propagated)
                                  0.790000    5.440000 ^ input external delay
     2    0.004514    0.070000    0.000000    5.440000 ^ wbs_adr_i[18] (in)
                                                         wbs_adr_i[18] (net)
                      0.070100    0.000048    5.440049 ^ input88/A (sky130_fd_sc_hd__clkbuf_1)
     1    0.004230    0.059891    0.096804    5.536853 ^ input88/X (sky130_fd_sc_hd__clkbuf_1)
                                                         net88 (net)
                      0.059891    0.000153    5.537006 ^ _045_/D (sky130_fd_sc_hd__or4_2)
     3    0.022730    0.118863    0.170192    5.707199 ^ _045_/X (sky130_fd_sc_hd__or4_2)
                                                         _036_ (net)
                      0.118929    0.002242    5.709440 ^ _048_/B (sky130_fd_sc_hd__nor4_1)
     1    0.007403    0.042261    0.085101    5.794541 v _048_/Y (sky130_fd_sc_hd__nor4_1)
                                                         _039_ (net)
                      0.042266    0.000356    5.794897 v hold4/A (sky130_fd_sc_hd__dlygate4sd3_1)
     1    0.007301    0.075449    0.563469    6.358366 v hold4/X (sky130_fd_sc_hd__dlygate4sd3_1)
                                                         net278 (net)
                      0.075449    0.000341    6.358707 v wire262/A (sky130_fd_sc_hd__buf_2)
     1    0.011242    0.042537    0.146249    6.504956 v wire262/X (sky130_fd_sc_hd__buf_2)
                                                         net262 (net)
                      0.042546    0.000606    6.505562 v hold5/A (sky130_fd_sc_hd__dlygate4sd3_1)
     7    0.056307    0.286815    0.754826    7.260388 v hold5/X (sky130_fd_sc_hd__dlygate4sd3_1)
                                                         net279 (net)
                      0.286968    0.005977    7.266366 v fanout261/A (sky130_fd_sc_hd__buf_4)
    33    0.124100    0.159209    0.337376    7.603742 v fanout261/X (sky130_fd_sc_hd__buf_4)
                                                         net261 (net)
                      0.165879    0.024941    7.628683 v _096_/C (sky130_fd_sc_hd__and3_1)
     1    0.003369    0.036244    0.226745    7.855428 v _096_/X (sky130_fd_sc_hd__and3_1)
                                                         _001_ (net)
                      0.036244    0.000106    7.855533 v _129_/D (sky130_fd_sc_hd__dfrtp_4)
                                              7.855533   data arrival time

                                  0.000000    0.000000   clock clk (rise edge)
                                  5.570000    5.570000   clock source latency
     2    0.031059    0.610000    0.000000    5.570000 ^ clk (in)
                                                         clk (net)
                      0.616615    0.003390    5.573390 ^ wire3/A (sky130_fd_sc_hd__buf_4)
     3    0.045272    0.136866    0.305691    5.879081 ^ wire3/X (sky130_fd_sc_hd__buf_4)
                                                         net274 (net)
                      0.137375    0.006904    5.885986 ^ wire2/A (sky130_fd_sc_hd__buf_6)
     3    0.077626    0.158030    0.211666    6.097652 ^ wire2/X (sky130_fd_sc_hd__buf_6)
                                                         net273 (net)
                      0.161239    0.018222    6.115874 ^ wire1/A (sky130_fd_sc_hd__buf_6)
     3    0.079944    0.162562    0.219547    6.335421 ^ wire1/X (sky130_fd_sc_hd__buf_6)
                                                         net272 (net)
                      0.166011    0.019154    6.354575 ^ clkbuf_0_clk/A (sky130_fd_sc_hd__clkbuf_16)
     9    0.099226    0.116200    0.229902    6.584476 ^ clkbuf_0_clk/X (sky130_fd_sc_hd__clkbuf_16)
                                                         clknet_0_clk (net)
                      0.117074    0.008286    6.592762 ^ clkbuf_2_1__f_clk/A (sky130_fd_sc_hd__clkbuf_16)
    21    0.084691    0.102658    0.200590    6.793353 ^ clkbuf_2_1__f_clk/X (sky130_fd_sc_hd__clkbuf_16)
                                                         clknet_2_1__leaf_clk (net)
                      0.104676    0.011634    6.804987 ^ _129_/CLK (sky130_fd_sc_hd__dfrtp_4)
                                  0.087500    6.892487   clock uncertainty
                                  0.000000    6.892487   clock reconvergence pessimism
                                 -0.024886    6.867601   library hold time
                                              6.867601   data required time
---------------------------------------------------------------------------------------------
                                              6.867601   data required time
                                             -7.855533   data arrival time
---------------------------------------------------------------------------------------------
                                              0.987932   slack (MET)


Startpoint: wbs_adr_i[18] (input port clocked by clk)
Endpoint: _132_ (rising edge-triggered flip-flop clocked by clk)
Path Group: clk
Path Type: min

Fanout         Cap        Slew       Delay        Time   Description
---------------------------------------------------------------------------------------------
                                  0.000000    0.000000   clock clk (rise edge)
                                  4.650000    4.650000   clock network delay (propagated)
                                  0.790000    5.440000 ^ input external delay
     2    0.004514    0.070000    0.000000    5.440000 ^ wbs_adr_i[18] (in)
                                                         wbs_adr_i[18] (net)
                      0.070100    0.000048    5.440049 ^ input88/A (sky130_fd_sc_hd__clkbuf_1)
     1    0.004230    0.059891    0.096804    5.536853 ^ input88/X (sky130_fd_sc_hd__clkbuf_1)
                                                         net88 (net)
                      0.059891    0.000153    5.537006 ^ _045_/D (sky130_fd_sc_hd__or4_2)
     3    0.022730    0.118863    0.170192    5.707199 ^ _045_/X (sky130_fd_sc_hd__or4_2)
                                                         _036_ (net)
                      0.118929    0.002242    5.709440 ^ _048_/B (sky130_fd_sc_hd__nor4_1)
     1    0.007403    0.042261    0.085101    5.794541 v _048_/Y (sky130_fd_sc_hd__nor4_1)
                                                         _039_ (net)
                      0.042266    0.000356    5.794897 v hold4/A (sky130_fd_sc_hd__dlygate4sd3_1)
     1    0.007301    0.075449    0.563469    6.358366 v hold4/X (sky130_fd_sc_hd__dlygate4sd3_1)
                                                         net278 (net)
                      0.075449    0.000341    6.358707 v wire262/A (sky130_fd_sc_hd__buf_2)
     1    0.011242    0.042537    0.146249    6.504956 v wire262/X (sky130_fd_sc_hd__buf_2)
                                                         net262 (net)
                      0.042546    0.000606    6.505562 v hold5/A (sky130_fd_sc_hd__dlygate4sd3_1)
     7    0.056307    0.286815    0.754826    7.260388 v hold5/X (sky130_fd_sc_hd__dlygate4sd3_1)
                                                         net279 (net)
                      0.286968    0.005977    7.266366 v fanout261/A (sky130_fd_sc_hd__buf_4)
    33    0.124100    0.159209    0.337376    7.603742 v fanout261/X (sky130_fd_sc_hd__buf_4)
                                                         net261 (net)
                      0.166787    0.026521    7.630263 v _099_/C (sky130_fd_sc_hd__and3_1)
     1    0.003842    0.038227    0.229495    7.859757 v _099_/X (sky130_fd_sc_hd__and3_1)
                                                         _026_ (net)
                      0.038227    0.000120    7.859878 v _132_/D (sky130_fd_sc_hd__dfrtp_4)
                                              7.859878   data arrival time

                                  0.000000    0.000000   clock clk (rise edge)
                                  5.570000    5.570000   clock source latency
     2    0.031059    0.610000    0.000000    5.570000 ^ clk (in)
                                                         clk (net)
                      0.616615    0.003390    5.573390 ^ wire3/A (sky130_fd_sc_hd__buf_4)
     3    0.045272    0.136866    0.305691    5.879081 ^ wire3/X (sky130_fd_sc_hd__buf_4)
                                                         net274 (net)
                      0.137375    0.006904    5.885986 ^ wire2/A (sky130_fd_sc_hd__buf_6)
     3    0.077626    0.158030    0.211666    6.097652 ^ wire2/X (sky130_fd_sc_hd__buf_6)
                                                         net273 (net)
                      0.161239    0.018222    6.115874 ^ wire1/A (sky130_fd_sc_hd__buf_6)
     3    0.079944    0.162562    0.219547    6.335421 ^ wire1/X (sky130_fd_sc_hd__buf_6)
                                                         net272 (net)
                      0.166011    0.019154    6.354575 ^ clkbuf_0_clk/A (sky130_fd_sc_hd__clkbuf_16)
     9    0.099226    0.116200    0.229902    6.584476 ^ clkbuf_0_clk/X (sky130_fd_sc_hd__clkbuf_16)
                                                         clknet_0_clk (net)
                      0.117074    0.008286    6.592762 ^ clkbuf_2_1__f_clk/A (sky130_fd_sc_hd__clkbuf_16)
    21    0.084691    0.102658    0.200590    6.793353 ^ clkbuf_2_1__f_clk/X (sky130_fd_sc_hd__clkbuf_16)
                                                         clknet_2_1__leaf_clk (net)
                      0.105347    0.013417    6.806769 ^ _132_/CLK (sky130_fd_sc_hd__dfrtp_4)
                                  0.087500    6.894269   clock uncertainty
                                  0.000000    6.894269   clock reconvergence pessimism
                                 -0.025536    6.868733   library hold time
                                              6.868733   data required time
---------------------------------------------------------------------------------------------
                                              6.868733   data required time
                                             -7.859878   data arrival time
---------------------------------------------------------------------------------------------
                                              0.991144   slack (MET)


Startpoint: wbs_adr_i[18] (input port clocked by clk)
Endpoint: _133_ (rising edge-triggered flip-flop clocked by clk)
Path Group: clk
Path Type: min

Fanout         Cap        Slew       Delay        Time   Description
---------------------------------------------------------------------------------------------
                                  0.000000    0.000000   clock clk (rise edge)
                                  4.650000    4.650000   clock network delay (propagated)
                                  0.790000    5.440000 ^ input external delay
     2    0.004514    0.070000    0.000000    5.440000 ^ wbs_adr_i[18] (in)
                                                         wbs_adr_i[18] (net)
                      0.070100    0.000048    5.440049 ^ input88/A (sky130_fd_sc_hd__clkbuf_1)
     1    0.004230    0.059891    0.096804    5.536853 ^ input88/X (sky130_fd_sc_hd__clkbuf_1)
                                                         net88 (net)
                      0.059891    0.000153    5.537006 ^ _045_/D (sky130_fd_sc_hd__or4_2)
     3    0.022730    0.118863    0.170192    5.707199 ^ _045_/X (sky130_fd_sc_hd__or4_2)
                                                         _036_ (net)
                      0.118929    0.002242    5.709440 ^ _048_/B (sky130_fd_sc_hd__nor4_1)
     1    0.007403    0.042261    0.085101    5.794541 v _048_/Y (sky130_fd_sc_hd__nor4_1)
                                                         _039_ (net)
                      0.042266    0.000356    5.794897 v hold4/A (sky130_fd_sc_hd__dlygate4sd3_1)
     1    0.007301    0.075449    0.563469    6.358366 v hold4/X (sky130_fd_sc_hd__dlygate4sd3_1)
                                                         net278 (net)
                      0.075449    0.000341    6.358707 v wire262/A (sky130_fd_sc_hd__buf_2)
     1    0.011242    0.042537    0.146249    6.504956 v wire262/X (sky130_fd_sc_hd__buf_2)
                                                         net262 (net)
                      0.042546    0.000606    6.505562 v hold5/A (sky130_fd_sc_hd__dlygate4sd3_1)
     7    0.056307    0.286815    0.754826    7.260388 v hold5/X (sky130_fd_sc_hd__dlygate4sd3_1)
                                                         net279 (net)
                      0.286968    0.005977    7.266366 v fanout261/A (sky130_fd_sc_hd__buf_4)
    33    0.124100    0.159209    0.337376    7.603742 v fanout261/X (sky130_fd_sc_hd__buf_4)
                                                         net261 (net)
                      0.166796    0.026535    7.630277 v _100_/C (sky130_fd_sc_hd__and3_1)
     1    0.004258    0.040365    0.231483    7.861760 v _100_/X (sky130_fd_sc_hd__and3_1)
                                                         _027_ (net)
                      0.040365    0.000144    7.861904 v _133_/D (sky130_fd_sc_hd__dfrtp_4)
                                              7.861904   data arrival time

                                  0.000000    0.000000   clock clk (rise edge)
                                  5.570000    5.570000   clock source latency
     2    0.031059    0.610000    0.000000    5.570000 ^ clk (in)
                                                         clk (net)
                      0.616615    0.003390    5.573390 ^ wire3/A (sky130_fd_sc_hd__buf_4)
     3    0.045272    0.136866    0.305691    5.879081 ^ wire3/X (sky130_fd_sc_hd__buf_4)
                                                         net274 (net)
                      0.137375    0.006904    5.885986 ^ wire2/A (sky130_fd_sc_hd__buf_6)
     3    0.077626    0.158030    0.211666    6.097652 ^ wire2/X (sky130_fd_sc_hd__buf_6)
                                                         net273 (net)
                      0.161239    0.018222    6.115874 ^ wire1/A (sky130_fd_sc_hd__buf_6)
     3    0.079944    0.162562    0.219547    6.335421 ^ wire1/X (sky130_fd_sc_hd__buf_6)
                                                         net272 (net)
                      0.166011    0.019154    6.354575 ^ clkbuf_0_clk/A (sky130_fd_sc_hd__clkbuf_16)
     9    0.099226    0.116200    0.229902    6.584476 ^ clkbuf_0_clk/X (sky130_fd_sc_hd__clkbuf_16)
                                                         clknet_0_clk (net)
                      0.117074    0.008286    6.592762 ^ clkbuf_2_1__f_clk/A (sky130_fd_sc_hd__clkbuf_16)
    21    0.084691    0.102658    0.200590    6.793353 ^ clkbuf_2_1__f_clk/X (sky130_fd_sc_hd__clkbuf_16)
                                                         clknet_2_1__leaf_clk (net)
                      0.105368    0.013470    6.806822 ^ _133_/CLK (sky130_fd_sc_hd__dfrtp_4)
                                  0.087500    6.894322   clock uncertainty
                                  0.000000    6.894322   clock reconvergence pessimism
                                 -0.026397    6.867926   library hold time
                                              6.867926   data required time
---------------------------------------------------------------------------------------------
                                              6.867926   data required time
                                             -7.861904   data arrival time
---------------------------------------------------------------------------------------------
                                              0.993979   slack (MET)


Startpoint: wbs_adr_i[18] (input port clocked by clk)
Endpoint: _153_ (rising edge-triggered flip-flop clocked by clk)
Path Group: clk
Path Type: min

Fanout         Cap        Slew       Delay        Time   Description
---------------------------------------------------------------------------------------------
                                  0.000000    0.000000   clock clk (rise edge)
                                  4.650000    4.650000   clock network delay (propagated)
                                  0.790000    5.440000 ^ input external delay
     2    0.004514    0.070000    0.000000    5.440000 ^ wbs_adr_i[18] (in)
                                                         wbs_adr_i[18] (net)
                      0.070100    0.000048    5.440049 ^ input88/A (sky130_fd_sc_hd__clkbuf_1)
     1    0.004230    0.059891    0.096804    5.536853 ^ input88/X (sky130_fd_sc_hd__clkbuf_1)
                                                         net88 (net)
                      0.059891    0.000153    5.537006 ^ _045_/D (sky130_fd_sc_hd__or4_2)
     3    0.022730    0.118863    0.170192    5.707199 ^ _045_/X (sky130_fd_sc_hd__or4_2)
                                                         _036_ (net)
                      0.118929    0.002242    5.709440 ^ _048_/B (sky130_fd_sc_hd__nor4_1)
     1    0.007403    0.042261    0.085101    5.794541 v _048_/Y (sky130_fd_sc_hd__nor4_1)
                                                         _039_ (net)
                      0.042266    0.000356    5.794897 v hold4/A (sky130_fd_sc_hd__dlygate4sd3_1)
     1    0.007301    0.075449    0.563469    6.358366 v hold4/X (sky130_fd_sc_hd__dlygate4sd3_1)
                                                         net278 (net)
                      0.075449    0.000341    6.358707 v wire262/A (sky130_fd_sc_hd__buf_2)
     1    0.011242    0.042537    0.146249    6.504956 v wire262/X (sky130_fd_sc_hd__buf_2)
                                                         net262 (net)
                      0.042546    0.000606    6.505562 v hold5/A (sky130_fd_sc_hd__dlygate4sd3_1)
     7    0.056307    0.286815    0.754826    7.260388 v hold5/X (sky130_fd_sc_hd__dlygate4sd3_1)
                                                         net279 (net)
                      0.286835    0.002547    7.262935 v fanout260/A (sky130_fd_sc_hd__buf_4)
    33    0.118826    0.151925    0.338053    7.600988 v fanout260/X (sky130_fd_sc_hd__buf_4)
                                                         net260 (net)
                      0.155274    0.017528    7.618517 v _120_/C (sky130_fd_sc_hd__and3_1)
     1    0.005109    0.043757    0.230224    7.848741 v _120_/X (sky130_fd_sc_hd__and3_1)
                                                         _017_ (net)
                      0.043757    0.000196    7.848937 v _153_/D (sky130_fd_sc_hd__dfrtp_4)
                                              7.848937   data arrival time

                                  0.000000    0.000000   clock clk (rise edge)
                                  5.570000    5.570000   clock source latency
     2    0.031059    0.610000    0.000000    5.570000 ^ clk (in)
                                                         clk (net)
                      0.616615    0.003390    5.573390 ^ wire3/A (sky130_fd_sc_hd__buf_4)
     3    0.045272    0.136866    0.305691    5.879081 ^ wire3/X (sky130_fd_sc_hd__buf_4)
                                                         net274 (net)
                      0.137375    0.006904    5.885986 ^ wire2/A (sky130_fd_sc_hd__buf_6)
     3    0.077626    0.158030    0.211666    6.097652 ^ wire2/X (sky130_fd_sc_hd__buf_6)
                                                         net273 (net)
                      0.161239    0.018222    6.115874 ^ wire1/A (sky130_fd_sc_hd__buf_6)
     3    0.079944    0.162562    0.219547    6.335421 ^ wire1/X (sky130_fd_sc_hd__buf_6)
                                                         net272 (net)
                      0.166011    0.019154    6.354575 ^ clkbuf_0_clk/A (sky130_fd_sc_hd__clkbuf_16)
     9    0.099226    0.116200    0.229902    6.584476 ^ clkbuf_0_clk/X (sky130_fd_sc_hd__clkbuf_16)
                                                         clknet_0_clk (net)
                      0.116909    0.007485    6.591962 ^ clkbuf_2_3__f_clk/A (sky130_fd_sc_hd__clkbuf_16)
    21    0.071883    0.090374    0.190991    6.782953 ^ clkbuf_2_3__f_clk/X (sky130_fd_sc_hd__clkbuf_16)
                                                         clknet_2_3__leaf_clk (net)
                      0.092875    0.012045    6.794999 ^ _153_/CLK (sky130_fd_sc_hd__dfrtp_4)
                                  0.087500    6.882498   clock uncertainty
                                  0.000000    6.882498   clock reconvergence pessimism
                                 -0.030617    6.851881   library hold time
                                              6.851881   data required time
---------------------------------------------------------------------------------------------
                                              6.851881   data required time
                                             -7.848937   data arrival time
---------------------------------------------------------------------------------------------
                                              0.997056   slack (MET)


Startpoint: wbs_adr_i[18] (input port clocked by clk)
Endpoint: _146_ (rising edge-triggered flip-flop clocked by clk)
Path Group: clk
Path Type: min

Fanout         Cap        Slew       Delay        Time   Description
---------------------------------------------------------------------------------------------
                                  0.000000    0.000000   clock clk (rise edge)
                                  4.650000    4.650000   clock network delay (propagated)
                                  0.790000    5.440000 ^ input external delay
     2    0.004514    0.070000    0.000000    5.440000 ^ wbs_adr_i[18] (in)
                                                         wbs_adr_i[18] (net)
                      0.070100    0.000048    5.440049 ^ input88/A (sky130_fd_sc_hd__clkbuf_1)
     1    0.004230    0.059891    0.096804    5.536853 ^ input88/X (sky130_fd_sc_hd__clkbuf_1)
                                                         net88 (net)
                      0.059891    0.000153    5.537006 ^ _045_/D (sky130_fd_sc_hd__or4_2)
     3    0.022730    0.118863    0.170192    5.707199 ^ _045_/X (sky130_fd_sc_hd__or4_2)
                                                         _036_ (net)
                      0.118929    0.002242    5.709440 ^ _048_/B (sky130_fd_sc_hd__nor4_1)
     1    0.007403    0.042261    0.085101    5.794541 v _048_/Y (sky130_fd_sc_hd__nor4_1)
                                                         _039_ (net)
                      0.042266    0.000356    5.794897 v hold4/A (sky130_fd_sc_hd__dlygate4sd3_1)
     1    0.007301    0.075449    0.563469    6.358366 v hold4/X (sky130_fd_sc_hd__dlygate4sd3_1)
                                                         net278 (net)
                      0.075449    0.000341    6.358707 v wire262/A (sky130_fd_sc_hd__buf_2)
     1    0.011242    0.042537    0.146249    6.504956 v wire262/X (sky130_fd_sc_hd__buf_2)
                                                         net262 (net)
                      0.042546    0.000606    6.505562 v hold5/A (sky130_fd_sc_hd__dlygate4sd3_1)
     7    0.056307    0.286815    0.754826    7.260388 v hold5/X (sky130_fd_sc_hd__dlygate4sd3_1)
                                                         net279 (net)
                      0.286815    0.001062    7.261451 v _113_/C (sky130_fd_sc_hd__and3_1)
     1    0.002348    0.032030    0.275528    7.536979 v _113_/X (sky130_fd_sc_hd__and3_1)
                                                         _009_ (net)
                      0.032030    0.000068    7.537047 v hold6/A (sky130_fd_sc_hd__dlygate4sd3_1)
     1    0.002291    0.050326    0.525039    8.062085 v hold6/X (sky130_fd_sc_hd__dlygate4sd3_1)
                                                         net280 (net)
                      0.050326    0.000061    8.062147 v _146_/D (sky130_fd_sc_hd__dfrtp_2)
                                              8.062147   data arrival time

                                  0.000000    0.000000   clock clk (rise edge)
                                  5.570000    5.570000   clock source latency
     2    0.031059    0.610000    0.000000    5.570000 ^ clk (in)
                                                         clk (net)
                      0.616615    0.003390    5.573390 ^ wire3/A (sky130_fd_sc_hd__buf_4)
     3    0.045272    0.136866    0.305691    5.879081 ^ wire3/X (sky130_fd_sc_hd__buf_4)
                                                         net274 (net)
                      0.137375    0.006904    5.885986 ^ wire2/A (sky130_fd_sc_hd__buf_6)
     3    0.077626    0.158030    0.211666    6.097652 ^ wire2/X (sky130_fd_sc_hd__buf_6)
                                                         net273 (net)
                      0.161239    0.018222    6.115874 ^ wire1/A (sky130_fd_sc_hd__buf_6)
     3    0.079944    0.162562    0.219547    6.335421 ^ wire1/X (sky130_fd_sc_hd__buf_6)
                                                         net272 (net)
                      0.166011    0.019154    6.354575 ^ clkbuf_0_clk/A (sky130_fd_sc_hd__clkbuf_16)
     9    0.099226    0.116200    0.229902    6.584476 ^ clkbuf_0_clk/X (sky130_fd_sc_hd__clkbuf_16)
                                                         clknet_0_clk (net)
                      0.116909    0.007485    6.591962 ^ clkbuf_2_3__f_clk/A (sky130_fd_sc_hd__clkbuf_16)
    21    0.071883    0.090374    0.190991    6.782953 ^ clkbuf_2_3__f_clk/X (sky130_fd_sc_hd__clkbuf_16)
                                                         clknet_2_3__leaf_clk (net)
                      0.090593    0.003770    6.786723 ^ _146_/CLK (sky130_fd_sc_hd__dfrtp_2)
                                  0.087500    6.874223   clock uncertainty
                                  0.000000    6.874223   clock reconvergence pessimism
                                 -0.033881    6.840342   library hold time
                                              6.840342   data required time
---------------------------------------------------------------------------------------------
                                              6.840342   data required time
                                             -8.062147   data arrival time
---------------------------------------------------------------------------------------------
                                              1.221804   slack (MET)


Startpoint: _146_ (rising edge-triggered flip-flop clocked by clk)
Endpoint: wbs_dat_o[17] (output port clocked by clk)
Path Group: clk
Path Type: min

Fanout         Cap        Slew       Delay        Time   Description
---------------------------------------------------------------------------------------------
                                  0.000000    0.000000   clock clk (rise edge)
                                  4.650000    4.650000   clock source latency
     2    0.031059    0.610000    0.000000    4.650000 ^ clk (in)
                                                         clk (net)
                      0.616615    0.003225    4.653225 ^ wire3/A (sky130_fd_sc_hd__buf_4)
     3    0.045272    0.136866    0.290779    4.944005 ^ wire3/X (sky130_fd_sc_hd__buf_4)
                                                         net274 (net)
                      0.137375    0.006568    4.950572 ^ wire2/A (sky130_fd_sc_hd__buf_6)
     3    0.077626    0.158030    0.201341    5.151913 ^ wire2/X (sky130_fd_sc_hd__buf_6)
                                                         net273 (net)
                      0.161239    0.017333    5.169246 ^ wire1/A (sky130_fd_sc_hd__buf_6)
     3    0.079944    0.162562    0.208838    5.378083 ^ wire1/X (sky130_fd_sc_hd__buf_6)
                                                         net272 (net)
                      0.166011    0.018219    5.396303 ^ clkbuf_0_clk/A (sky130_fd_sc_hd__clkbuf_16)
     9    0.099226    0.116200    0.218687    5.614990 ^ clkbuf_0_clk/X (sky130_fd_sc_hd__clkbuf_16)
                                                         clknet_0_clk (net)
                      0.116909    0.007120    5.622110 ^ clkbuf_2_3__f_clk/A (sky130_fd_sc_hd__clkbuf_16)
    21    0.071883    0.090374    0.181675    5.803785 ^ clkbuf_2_3__f_clk/X (sky130_fd_sc_hd__clkbuf_16)
                                                         clknet_2_3__leaf_clk (net)
                      0.090593    0.003586    5.807371 ^ _146_/CLK (sky130_fd_sc_hd__dfrtp_2)
     3    0.027241    0.097048    0.456433    6.263803 v _146_/Q (sky130_fd_sc_hd__dfrtp_2)
                                                         net236 (net)
                      0.097164    0.002974    6.266778 v output236/A (sky130_fd_sc_hd__buf_12)
     1    0.190955    0.103264    0.210963    6.477741 v output236/X (sky130_fd_sc_hd__buf_12)
                                                         wbs_dat_o[17] (net)
                      0.103492    0.004130    6.481870 v wbs_dat_o[17] (out)
                                              6.481870   data arrival time

                                  0.000000    0.000000   clock clk (rise edge)
                                  5.570000    5.570000   clock network delay (propagated)
                                  0.087500    5.657500   clock uncertainty
                                  0.000000    5.657500   clock reconvergence pessimism
                                 -1.130000    4.527500   output external delay
                                              4.527500   data required time
---------------------------------------------------------------------------------------------
                                              4.527500   data required time
                                             -6.481870   data arrival time
---------------------------------------------------------------------------------------------
                                              1.954370   slack (MET)


Startpoint: _140_ (rising edge-triggered flip-flop clocked by clk)
Endpoint: wbs_dat_o[11] (output port clocked by clk)
Path Group: clk
Path Type: min

Fanout         Cap        Slew       Delay        Time   Description
---------------------------------------------------------------------------------------------
                                  0.000000    0.000000   clock clk (rise edge)
                                  4.650000    4.650000   clock source latency
     2    0.031059    0.610000    0.000000    4.650000 ^ clk (in)
                                                         clk (net)
                      0.616615    0.003225    4.653225 ^ wire3/A (sky130_fd_sc_hd__buf_4)
     3    0.045272    0.136866    0.290779    4.944005 ^ wire3/X (sky130_fd_sc_hd__buf_4)
                                                         net274 (net)
                      0.137375    0.006568    4.950572 ^ wire2/A (sky130_fd_sc_hd__buf_6)
     3    0.077626    0.158030    0.201341    5.151913 ^ wire2/X (sky130_fd_sc_hd__buf_6)
                                                         net273 (net)
                      0.161239    0.017333    5.169246 ^ wire1/A (sky130_fd_sc_hd__buf_6)
     3    0.079944    0.162562    0.208838    5.378083 ^ wire1/X (sky130_fd_sc_hd__buf_6)
                                                         net272 (net)
                      0.166011    0.018219    5.396303 ^ clkbuf_0_clk/A (sky130_fd_sc_hd__clkbuf_16)
     9    0.099226    0.116200    0.218687    5.614990 ^ clkbuf_0_clk/X (sky130_fd_sc_hd__clkbuf_16)
                                                         clknet_0_clk (net)
                      0.117074    0.007882    5.622872 ^ clkbuf_2_1__f_clk/A (sky130_fd_sc_hd__clkbuf_16)
    21    0.084691    0.102658    0.190805    5.813677 ^ clkbuf_2_1__f_clk/X (sky130_fd_sc_hd__clkbuf_16)
                                                         clknet_2_1__leaf_clk (net)
                      0.103935    0.008854    5.822531 ^ _140_/CLK (sky130_fd_sc_hd__dfrtp_2)
     3    0.027115    0.096440    0.460959    6.283490 v _140_/Q (sky130_fd_sc_hd__dfrtp_2)
                                                         net230 (net)
                      0.096571    0.003122    6.286612 v output230/A (sky130_fd_sc_hd__buf_12)
     1    0.190929    0.103252    0.210684    6.497296 v output230/X (sky130_fd_sc_hd__buf_12)
                                                         wbs_dat_o[11] (net)
                      0.103480    0.004129    6.501424 v wbs_dat_o[11] (out)
                                              6.501424   data arrival time

                                  0.000000    0.000000   clock clk (rise edge)
                                  5.570000    5.570000   clock network delay (propagated)
                                  0.087500    5.657500   clock uncertainty
                                  0.000000    5.657500   clock reconvergence pessimism
                                 -1.130000    4.527500   output external delay
                                              4.527500   data required time
---------------------------------------------------------------------------------------------
                                              4.527500   data required time
                                             -6.501424   data arrival time
---------------------------------------------------------------------------------------------
                                              1.973925   slack (MET)


Startpoint: _145_ (rising edge-triggered flip-flop clocked by clk)
Endpoint: wbs_dat_o[16] (output port clocked by clk)
Path Group: clk
Path Type: min

Fanout         Cap        Slew       Delay        Time   Description
---------------------------------------------------------------------------------------------
                                  0.000000    0.000000   clock clk (rise edge)
                                  4.650000    4.650000   clock source latency
     2    0.031059    0.610000    0.000000    4.650000 ^ clk (in)
                                                         clk (net)
                      0.616615    0.003225    4.653225 ^ wire3/A (sky130_fd_sc_hd__buf_4)
     3    0.045272    0.136866    0.290779    4.944005 ^ wire3/X (sky130_fd_sc_hd__buf_4)
                                                         net274 (net)
                      0.137375    0.006568    4.950572 ^ wire2/A (sky130_fd_sc_hd__buf_6)
     3    0.077626    0.158030    0.201341    5.151913 ^ wire2/X (sky130_fd_sc_hd__buf_6)
                                                         net273 (net)
                      0.161239    0.017333    5.169246 ^ wire1/A (sky130_fd_sc_hd__buf_6)
     3    0.079944    0.162562    0.208838    5.378083 ^ wire1/X (sky130_fd_sc_hd__buf_6)
                                                         net272 (net)
                      0.166011    0.018219    5.396303 ^ clkbuf_0_clk/A (sky130_fd_sc_hd__clkbuf_16)
     9    0.099226    0.116200    0.218687    5.614990 ^ clkbuf_0_clk/X (sky130_fd_sc_hd__clkbuf_16)
                                                         clknet_0_clk (net)
                      0.116908    0.007117    5.622107 ^ clkbuf_2_2__f_clk/A (sky130_fd_sc_hd__clkbuf_16)
    17    0.095052    0.111770    0.200131    5.822237 ^ clkbuf_2_2__f_clk/X (sky130_fd_sc_hd__clkbuf_16)
                                                         clknet_2_2__leaf_clk (net)
                      0.112121    0.004989    5.827227 ^ _145_/CLK (sky130_fd_sc_hd__dfrtp_2)
     3    0.025738    0.093345    0.460907    6.288134 v _145_/Q (sky130_fd_sc_hd__dfrtp_2)
                                                         net235 (net)
                      0.093437    0.002629    6.290762 v output235/A (sky130_fd_sc_hd__buf_12)
     1    0.191371    0.103570    0.209138    6.499900 v output235/X (sky130_fd_sc_hd__buf_12)
                                                         wbs_dat_o[16] (net)
                      0.103839    0.004476    6.504377 v wbs_dat_o[16] (out)
                                              6.504377   data arrival time

                                  0.000000    0.000000   clock clk (rise edge)
                                  5.570000    5.570000   clock network delay (propagated)
                                  0.087500    5.657500   clock uncertainty
                                  0.000000    5.657500   clock reconvergence pessimism
                                 -1.130000    4.527500   output external delay
                                              4.527500   data required time
---------------------------------------------------------------------------------------------
                                              4.527500   data required time
                                             -6.504377   data arrival time
---------------------------------------------------------------------------------------------
                                              1.976877   slack (MET)


Startpoint: _141_ (rising edge-triggered flip-flop clocked by clk)
Endpoint: wbs_dat_o[12] (output port clocked by clk)
Path Group: clk
Path Type: min

Fanout         Cap        Slew       Delay        Time   Description
---------------------------------------------------------------------------------------------
                                  0.000000    0.000000   clock clk (rise edge)
                                  4.650000    4.650000   clock source latency
     2    0.031059    0.610000    0.000000    4.650000 ^ clk (in)
                                                         clk (net)
                      0.616615    0.003225    4.653225 ^ wire3/A (sky130_fd_sc_hd__buf_4)
     3    0.045272    0.136866    0.290779    4.944005 ^ wire3/X (sky130_fd_sc_hd__buf_4)
                                                         net274 (net)
                      0.137375    0.006568    4.950572 ^ wire2/A (sky130_fd_sc_hd__buf_6)
     3    0.077626    0.158030    0.201341    5.151913 ^ wire2/X (sky130_fd_sc_hd__buf_6)
                                                         net273 (net)
                      0.161239    0.017333    5.169246 ^ wire1/A (sky130_fd_sc_hd__buf_6)
     3    0.079944    0.162562    0.208838    5.378083 ^ wire1/X (sky130_fd_sc_hd__buf_6)
                                                         net272 (net)
                      0.166011    0.018219    5.396303 ^ clkbuf_0_clk/A (sky130_fd_sc_hd__clkbuf_16)
     9    0.099226    0.116200    0.218687    5.614990 ^ clkbuf_0_clk/X (sky130_fd_sc_hd__clkbuf_16)
                                                         clknet_0_clk (net)
                      0.117103    0.008006    5.622996 ^ clkbuf_2_0__f_clk/A (sky130_fd_sc_hd__clkbuf_16)
    17    0.097201    0.113842    0.201579    5.824575 ^ clkbuf_2_0__f_clk/X (sky130_fd_sc_hd__clkbuf_16)
                                                         clknet_2_0__leaf_clk (net)
                      0.114075    0.004151    5.828727 ^ _141_/CLK (sky130_fd_sc_hd__dfrtp_2)
     3    0.025342    0.092083    0.460718    6.289445 v _141_/Q (sky130_fd_sc_hd__dfrtp_2)
                                                         net231 (net)
                      0.092179    0.002651    6.292096 v output231/A (sky130_fd_sc_hd__buf_12)
     1    0.191457    0.103701    0.208390    6.500486 v output231/X (sky130_fd_sc_hd__buf_12)
                                                         wbs_dat_o[12] (net)
                      0.104005    0.004741    6.505226 v wbs_dat_o[12] (out)
                                              6.505226   data arrival time

                                  0.000000    0.000000   clock clk (rise edge)
                                  5.570000    5.570000   clock network delay (propagated)
                                  0.087500    5.657500   clock uncertainty
                                  0.000000    5.657500   clock reconvergence pessimism
                                 -1.130000    4.527500   output external delay
                                              4.527500   data required time
---------------------------------------------------------------------------------------------
                                              4.527500   data required time
                                             -6.505226   data arrival time
---------------------------------------------------------------------------------------------
                                              1.977726   slack (MET)


Startpoint: _142_ (rising edge-triggered flip-flop clocked by clk)
Endpoint: wbs_dat_o[13] (output port clocked by clk)
Path Group: clk
Path Type: min

Fanout         Cap        Slew       Delay        Time   Description
---------------------------------------------------------------------------------------------
                                  0.000000    0.000000   clock clk (rise edge)
                                  4.650000    4.650000   clock source latency
     2    0.031059    0.610000    0.000000    4.650000 ^ clk (in)
                                                         clk (net)
                      0.616615    0.003225    4.653225 ^ wire3/A (sky130_fd_sc_hd__buf_4)
     3    0.045272    0.136866    0.290779    4.944005 ^ wire3/X (sky130_fd_sc_hd__buf_4)
                                                         net274 (net)
                      0.137375    0.006568    4.950572 ^ wire2/A (sky130_fd_sc_hd__buf_6)
     3    0.077626    0.158030    0.201341    5.151913 ^ wire2/X (sky130_fd_sc_hd__buf_6)
                                                         net273 (net)
                      0.161239    0.017333    5.169246 ^ wire1/A (sky130_fd_sc_hd__buf_6)
     3    0.079944    0.162562    0.208838    5.378083 ^ wire1/X (sky130_fd_sc_hd__buf_6)
                                                         net272 (net)
                      0.166011    0.018219    5.396303 ^ clkbuf_0_clk/A (sky130_fd_sc_hd__clkbuf_16)
     9    0.099226    0.116200    0.218687    5.614990 ^ clkbuf_0_clk/X (sky130_fd_sc_hd__clkbuf_16)
                                                         clknet_0_clk (net)
                      0.117103    0.008006    5.622996 ^ clkbuf_2_0__f_clk/A (sky130_fd_sc_hd__clkbuf_16)
    17    0.097201    0.113842    0.201579    5.824575 ^ clkbuf_2_0__f_clk/X (sky130_fd_sc_hd__clkbuf_16)
                                                         clknet_2_0__leaf_clk (net)
                      0.114283    0.005628    5.830203 ^ _142_/CLK (sky130_fd_sc_hd__dfrtp_2)
     3    0.025445    0.092635    0.461019    6.291222 v _142_/Q (sky130_fd_sc_hd__dfrtp_2)
                                                         net232 (net)
                      0.092727    0.002611    6.293833 v output232/A (sky130_fd_sc_hd__buf_12)
     1    0.191174    0.103478    0.208750    6.502583 v output232/X (sky130_fd_sc_hd__buf_12)
                                                         wbs_dat_o[13] (net)
                      0.103747    0.004470    6.507053 v wbs_dat_o[13] (out)
                                              6.507053   data arrival time

                                  0.000000    0.000000   clock clk (rise edge)
                                  5.570000    5.570000   clock network delay (propagated)
                                  0.087500    5.657500   clock uncertainty
                                  0.000000    5.657500   clock reconvergence pessimism
                                 -1.130000    4.527500   output external delay
                                              4.527500   data required time
---------------------------------------------------------------------------------------------
                                              4.527500   data required time
                                             -6.507053   data arrival time
---------------------------------------------------------------------------------------------
                                              1.979553   slack (MET)


Startpoint: _147_ (rising edge-triggered flip-flop clocked by clk)
Endpoint: wbs_dat_o[18] (output port clocked by clk)
Path Group: clk
Path Type: min

Fanout         Cap        Slew       Delay        Time   Description
---------------------------------------------------------------------------------------------
                                  0.000000    0.000000   clock clk (rise edge)
                                  4.650000    4.650000   clock source latency
     2    0.031059    0.610000    0.000000    4.650000 ^ clk (in)
                                                         clk (net)
                      0.616615    0.003225    4.653225 ^ wire3/A (sky130_fd_sc_hd__buf_4)
     3    0.045272    0.136866    0.290779    4.944005 ^ wire3/X (sky130_fd_sc_hd__buf_4)
                                                         net274 (net)
                      0.137375    0.006568    4.950572 ^ wire2/A (sky130_fd_sc_hd__buf_6)
     3    0.077626    0.158030    0.201341    5.151913 ^ wire2/X (sky130_fd_sc_hd__buf_6)
                                                         net273 (net)
                      0.161239    0.017333    5.169246 ^ wire1/A (sky130_fd_sc_hd__buf_6)
     3    0.079944    0.162562    0.208838    5.378083 ^ wire1/X (sky130_fd_sc_hd__buf_6)
                                                         net272 (net)
                      0.166011    0.018219    5.396303 ^ clkbuf_0_clk/A (sky130_fd_sc_hd__clkbuf_16)
     9    0.099226    0.116200    0.218687    5.614990 ^ clkbuf_0_clk/X (sky130_fd_sc_hd__clkbuf_16)
                                                         clknet_0_clk (net)
                      0.116908    0.007117    5.622107 ^ clkbuf_2_2__f_clk/A (sky130_fd_sc_hd__clkbuf_16)
    17    0.095052    0.111770    0.200131    5.822237 ^ clkbuf_2_2__f_clk/X (sky130_fd_sc_hd__clkbuf_16)
                                                         clknet_2_2__leaf_clk (net)
                      0.112636    0.007691    5.829929 ^ _147_/CLK (sky130_fd_sc_hd__dfrtp_2)
     3    0.026034    0.094103    0.461722    6.291650 v _147_/Q (sky130_fd_sc_hd__dfrtp_2)
                                                         net237 (net)
                      0.094205    0.002766    6.294417 v output237/A (sky130_fd_sc_hd__buf_12)
     1    0.191479    0.103716    0.209322    6.503738 v output237/X (sky130_fd_sc_hd__buf_12)
                                                         wbs_dat_o[18] (net)
                      0.104020    0.004741    6.508480 v wbs_dat_o[18] (out)
                                              6.508480   data arrival time

                                  0.000000    0.000000   clock clk (rise edge)
                                  5.570000    5.570000   clock network delay (propagated)
                                  0.087500    5.657500   clock uncertainty
                                  0.000000    5.657500   clock reconvergence pessimism
                                 -1.130000    4.527500   output external delay
                                              4.527500   data required time
---------------------------------------------------------------------------------------------
                                              4.527500   data required time
                                             -6.508480   data arrival time
---------------------------------------------------------------------------------------------
                                              1.980980   slack (MET)


Startpoint: _144_ (rising edge-triggered flip-flop clocked by clk)
Endpoint: wbs_dat_o[15] (output port clocked by clk)
Path Group: clk
Path Type: min

Fanout         Cap        Slew       Delay        Time   Description
---------------------------------------------------------------------------------------------
                                  0.000000    0.000000   clock clk (rise edge)
                                  4.650000    4.650000   clock source latency
     2    0.031059    0.610000    0.000000    4.650000 ^ clk (in)
                                                         clk (net)
                      0.616615    0.003225    4.653225 ^ wire3/A (sky130_fd_sc_hd__buf_4)
     3    0.045272    0.136866    0.290779    4.944005 ^ wire3/X (sky130_fd_sc_hd__buf_4)
                                                         net274 (net)
                      0.137375    0.006568    4.950572 ^ wire2/A (sky130_fd_sc_hd__buf_6)
     3    0.077626    0.158030    0.201341    5.151913 ^ wire2/X (sky130_fd_sc_hd__buf_6)
                                                         net273 (net)
                      0.161239    0.017333    5.169246 ^ wire1/A (sky130_fd_sc_hd__buf_6)
     3    0.079944    0.162562    0.208838    5.378083 ^ wire1/X (sky130_fd_sc_hd__buf_6)
                                                         net272 (net)
                      0.166011    0.018219    5.396303 ^ clkbuf_0_clk/A (sky130_fd_sc_hd__clkbuf_16)
     9    0.099226    0.116200    0.218687    5.614990 ^ clkbuf_0_clk/X (sky130_fd_sc_hd__clkbuf_16)
                                                         clknet_0_clk (net)
                      0.116908    0.007117    5.622107 ^ clkbuf_2_2__f_clk/A (sky130_fd_sc_hd__clkbuf_16)
    17    0.095052    0.111770    0.200131    5.822237 ^ clkbuf_2_2__f_clk/X (sky130_fd_sc_hd__clkbuf_16)
                                                         clknet_2_2__leaf_clk (net)
                      0.112287    0.006004    5.828241 ^ _144_/CLK (sky130_fd_sc_hd__dfrtp_2)
     3    0.026747    0.095856    0.463225    6.291466 v _144_/Q (sky130_fd_sc_hd__dfrtp_2)
                                                         net234 (net)
                      0.095962    0.002825    6.294291 v output234/A (sky130_fd_sc_hd__buf_12)
     1    0.190955    0.103262    0.210414    6.504705 v output234/X (sky130_fd_sc_hd__buf_12)
                                                         wbs_dat_o[15] (net)
                      0.103490    0.004130    6.508835 v wbs_dat_o[15] (out)
                                              6.508835   data arrival time

                                  0.000000    0.000000   clock clk (rise edge)
                                  5.570000    5.570000   clock network delay (propagated)
                                  0.087500    5.657500   clock uncertainty
                                  0.000000    5.657500   clock reconvergence pessimism
                                 -1.130000    4.527500   output external delay
                                              4.527500   data required time
---------------------------------------------------------------------------------------------
                                              4.527500   data required time
                                             -6.508835   data arrival time
---------------------------------------------------------------------------------------------
                                              1.981335   slack (MET)


Startpoint: _143_ (rising edge-triggered flip-flop clocked by clk)
Endpoint: wbs_dat_o[14] (output port clocked by clk)
Path Group: clk
Path Type: min

Fanout         Cap        Slew       Delay        Time   Description
---------------------------------------------------------------------------------------------
                                  0.000000    0.000000   clock clk (rise edge)
                                  4.650000    4.650000   clock source latency
     2    0.031059    0.610000    0.000000    4.650000 ^ clk (in)
                                                         clk (net)
                      0.616615    0.003225    4.653225 ^ wire3/A (sky130_fd_sc_hd__buf_4)
     3    0.045272    0.136866    0.290779    4.944005 ^ wire3/X (sky130_fd_sc_hd__buf_4)
                                                         net274 (net)
                      0.137375    0.006568    4.950572 ^ wire2/A (sky130_fd_sc_hd__buf_6)
     3    0.077626    0.158030    0.201341    5.151913 ^ wire2/X (sky130_fd_sc_hd__buf_6)
                                                         net273 (net)
                      0.161239    0.017333    5.169246 ^ wire1/A (sky130_fd_sc_hd__buf_6)
     3    0.079944    0.162562    0.208838    5.378083 ^ wire1/X (sky130_fd_sc_hd__buf_6)
                                                         net272 (net)
                      0.166011    0.018219    5.396303 ^ clkbuf_0_clk/A (sky130_fd_sc_hd__clkbuf_16)
     9    0.099226    0.116200    0.218687    5.614990 ^ clkbuf_0_clk/X (sky130_fd_sc_hd__clkbuf_16)
                                                         clknet_0_clk (net)
                      0.117103    0.008006    5.622996 ^ clkbuf_2_0__f_clk/A (sky130_fd_sc_hd__clkbuf_16)
    17    0.097201    0.113842    0.201579    5.824575 ^ clkbuf_2_0__f_clk/X (sky130_fd_sc_hd__clkbuf_16)
                                                         clknet_2_0__leaf_clk (net)
                      0.114481    0.006720    5.831295 ^ _143_/CLK (sky130_fd_sc_hd__dfrtp_2)
     3    0.026377    0.094947    0.463182    6.294477 v _143_/Q (sky130_fd_sc_hd__dfrtp_2)
                                                         net233 (net)
                      0.095050    0.002778    6.297256 v output233/A (sky130_fd_sc_hd__buf_12)
     1    0.190938    0.103251    0.209992    6.507248 v output233/X (sky130_fd_sc_hd__buf_12)
                                                         wbs_dat_o[14] (net)
                      0.103479    0.004129    6.511377 v wbs_dat_o[14] (out)
                                              6.511377   data arrival time

                                  0.000000    0.000000   clock clk (rise edge)
                                  5.570000    5.570000   clock network delay (propagated)
                                  0.087500    5.657500   clock uncertainty
                                  0.000000    5.657500   clock reconvergence pessimism
                                 -1.130000    4.527500   output external delay
                                              4.527500   data required time
---------------------------------------------------------------------------------------------
                                              4.527500   data required time
                                             -6.511377   data arrival time
---------------------------------------------------------------------------------------------
                                              1.983877   slack (MET)


Startpoint: _139_ (rising edge-triggered flip-flop clocked by clk)
Endpoint: wbs_dat_o[10] (output port clocked by clk)
Path Group: clk
Path Type: min

Fanout         Cap        Slew       Delay        Time   Description
---------------------------------------------------------------------------------------------
                                  0.000000    0.000000   clock clk (rise edge)
                                  4.650000    4.650000   clock source latency
     2    0.031059    0.610000    0.000000    4.650000 ^ clk (in)
                                                         clk (net)
                      0.616615    0.003225    4.653225 ^ wire3/A (sky130_fd_sc_hd__buf_4)
     3    0.045272    0.136866    0.290779    4.944005 ^ wire3/X (sky130_fd_sc_hd__buf_4)
                                                         net274 (net)
                      0.137375    0.006568    4.950572 ^ wire2/A (sky130_fd_sc_hd__buf_6)
     3    0.077626    0.158030    0.201341    5.151913 ^ wire2/X (sky130_fd_sc_hd__buf_6)
                                                         net273 (net)
                      0.161239    0.017333    5.169246 ^ wire1/A (sky130_fd_sc_hd__buf_6)
     3    0.079944    0.162562    0.208838    5.378083 ^ wire1/X (sky130_fd_sc_hd__buf_6)
                                                         net272 (net)
                      0.166011    0.018219    5.396303 ^ clkbuf_0_clk/A (sky130_fd_sc_hd__clkbuf_16)
     9    0.099226    0.116200    0.218687    5.614990 ^ clkbuf_0_clk/X (sky130_fd_sc_hd__clkbuf_16)
                                                         clknet_0_clk (net)
                      0.117074    0.007882    5.622872 ^ clkbuf_2_1__f_clk/A (sky130_fd_sc_hd__clkbuf_16)
    21    0.084691    0.102658    0.190805    5.813677 ^ clkbuf_2_1__f_clk/X (sky130_fd_sc_hd__clkbuf_16)
                                                         clknet_2_1__leaf_clk (net)
                      0.104612    0.010894    5.824571 ^ _139_/CLK (sky130_fd_sc_hd__dfrtp_4)
     3    0.028413    0.110044    0.462646    6.287217 ^ _139_/Q (sky130_fd_sc_hd__dfrtp_4)
                                                         net229 (net)
                      0.110165    0.003233    6.290451 ^ output229/A (sky130_fd_sc_hd__buf_12)
     1    0.190951    0.219845    0.242930    6.533380 ^ output229/X (sky130_fd_sc_hd__buf_12)
                                                         wbs_dat_o[10] (net)
                      0.219964    0.004142    6.537523 ^ wbs_dat_o[10] (out)
                                              6.537523   data arrival time

                                  0.000000    0.000000   clock clk (rise edge)
                                  5.570000    5.570000   clock network delay (propagated)
                                  0.087500    5.657500   clock uncertainty
                                  0.000000    5.657500   clock reconvergence pessimism
                                 -1.130000    4.527500   output external delay
                                              4.527500   data required time
---------------------------------------------------------------------------------------------
                                              4.527500   data required time
                                             -6.537523   data arrival time
---------------------------------------------------------------------------------------------
                                              2.010023   slack (MET)


Startpoint: _148_ (rising edge-triggered flip-flop clocked by clk)
Endpoint: wbs_dat_o[19] (output port clocked by clk)
Path Group: clk
Path Type: min

Fanout         Cap        Slew       Delay        Time   Description
---------------------------------------------------------------------------------------------
                                  0.000000    0.000000   clock clk (rise edge)
                                  4.650000    4.650000   clock source latency
     2    0.031059    0.610000    0.000000    4.650000 ^ clk (in)
                                                         clk (net)
                      0.616615    0.003225    4.653225 ^ wire3/A (sky130_fd_sc_hd__buf_4)
     3    0.045272    0.136866    0.290779    4.944005 ^ wire3/X (sky130_fd_sc_hd__buf_4)
                                                         net274 (net)
                      0.137375    0.006568    4.950572 ^ wire2/A (sky130_fd_sc_hd__buf_6)
     3    0.077626    0.158030    0.201341    5.151913 ^ wire2/X (sky130_fd_sc_hd__buf_6)
                                                         net273 (net)
                      0.161239    0.017333    5.169246 ^ wire1/A (sky130_fd_sc_hd__buf_6)
     3    0.079944    0.162562    0.208838    5.378083 ^ wire1/X (sky130_fd_sc_hd__buf_6)
                                                         net272 (net)
                      0.166011    0.018219    5.396303 ^ clkbuf_0_clk/A (sky130_fd_sc_hd__clkbuf_16)
     9    0.099226    0.116200    0.218687    5.614990 ^ clkbuf_0_clk/X (sky130_fd_sc_hd__clkbuf_16)
                                                         clknet_0_clk (net)
                      0.116908    0.007117    5.622107 ^ clkbuf_2_2__f_clk/A (sky130_fd_sc_hd__clkbuf_16)
    17    0.095052    0.111770    0.200131    5.822237 ^ clkbuf_2_2__f_clk/X (sky130_fd_sc_hd__clkbuf_16)
                                                         clknet_2_2__leaf_clk (net)
                      0.112902    0.008762    5.831000 ^ _148_/CLK (sky130_fd_sc_hd__dfrtp_4)
     3    0.032069    0.119295    0.473158    6.304157 ^ _148_/Q (sky130_fd_sc_hd__dfrtp_4)
                                                         net238 (net)
                      0.119489    0.004188    6.308345 ^ output238/A (sky130_fd_sc_hd__buf_12)
     1    0.191479    0.220531    0.245161    6.553506 ^ output238/X (sky130_fd_sc_hd__buf_12)
                                                         wbs_dat_o[19] (net)
                      0.220688    0.004760    6.558266 ^ wbs_dat_o[19] (out)
                                              6.558266   data arrival time

                                  0.000000    0.000000   clock clk (rise edge)
                                  5.570000    5.570000   clock network delay (propagated)
                                  0.087500    5.657500   clock uncertainty
                                  0.000000    5.657500   clock reconvergence pessimism
                                 -1.130000    4.527500   output external delay
                                              4.527500   data required time
---------------------------------------------------------------------------------------------
                                              4.527500   data required time
                                             -6.558266   data arrival time
---------------------------------------------------------------------------------------------
                                              2.030766   slack (MET)


Startpoint: _138_ (rising edge-triggered flip-flop clocked by clk)
Endpoint: wbs_dat_o[9] (output port clocked by clk)
Path Group: clk
Path Type: min

Fanout         Cap        Slew       Delay        Time   Description
---------------------------------------------------------------------------------------------
                                  0.000000    0.000000   clock clk (rise edge)
                                  4.650000    4.650000   clock source latency
     2    0.031059    0.610000    0.000000    4.650000 ^ clk (in)
                                                         clk (net)
                      0.616615    0.003225    4.653225 ^ wire3/A (sky130_fd_sc_hd__buf_4)
     3    0.045272    0.136866    0.290779    4.944005 ^ wire3/X (sky130_fd_sc_hd__buf_4)
                                                         net274 (net)
                      0.137375    0.006568    4.950572 ^ wire2/A (sky130_fd_sc_hd__buf_6)
     3    0.077626    0.158030    0.201341    5.151913 ^ wire2/X (sky130_fd_sc_hd__buf_6)
                                                         net273 (net)
                      0.161239    0.017333    5.169246 ^ wire1/A (sky130_fd_sc_hd__buf_6)
     3    0.079944    0.162562    0.208838    5.378083 ^ wire1/X (sky130_fd_sc_hd__buf_6)
                                                         net272 (net)
                      0.166011    0.018219    5.396303 ^ clkbuf_0_clk/A (sky130_fd_sc_hd__clkbuf_16)
     9    0.099226    0.116200    0.218687    5.614990 ^ clkbuf_0_clk/X (sky130_fd_sc_hd__clkbuf_16)
                                                         clknet_0_clk (net)
                      0.117074    0.007882    5.622872 ^ clkbuf_2_1__f_clk/A (sky130_fd_sc_hd__clkbuf_16)
    21    0.084691    0.102658    0.190805    5.813677 ^ clkbuf_2_1__f_clk/X (sky130_fd_sc_hd__clkbuf_16)
                                                         clknet_2_1__leaf_clk (net)
                      0.104935    0.011747    5.825424 ^ _138_/CLK (sky130_fd_sc_hd__dfrtp_4)
     3    0.035300    0.127487    0.477231    6.302655 ^ _138_/Q (sky130_fd_sc_hd__dfrtp_4)
                                                         net259 (net)
                      0.127696    0.004530    6.307185 ^ output259/A (sky130_fd_sc_hd__buf_12)
     1    0.190994    0.218989    0.247361    6.554546 ^ output259/X (sky130_fd_sc_hd__buf_12)
                                                         wbs_dat_o[9] (net)
                      0.219109    0.004144    6.558690 ^ wbs_dat_o[9] (out)
                                              6.558690   data arrival time

                                  0.000000    0.000000   clock clk (rise edge)
                                  5.570000    5.570000   clock network delay (propagated)
                                  0.087500    5.657500   clock uncertainty
                                  0.000000    5.657500   clock reconvergence pessimism
                                 -1.130000    4.527500   output external delay
                                              4.527500   data required time
---------------------------------------------------------------------------------------------
                                              4.527500   data required time
                                             -6.558690   data arrival time
---------------------------------------------------------------------------------------------
                                              2.031190   slack (MET)


Startpoint: _149_ (rising edge-triggered flip-flop clocked by clk)
Endpoint: wbs_dat_o[20] (output port clocked by clk)
Path Group: clk
Path Type: min

Fanout         Cap        Slew       Delay        Time   Description
---------------------------------------------------------------------------------------------
                                  0.000000    0.000000   clock clk (rise edge)
                                  4.650000    4.650000   clock source latency
     2    0.031059    0.610000    0.000000    4.650000 ^ clk (in)
                                                         clk (net)
                      0.616615    0.003225    4.653225 ^ wire3/A (sky130_fd_sc_hd__buf_4)
     3    0.045272    0.136866    0.290779    4.944005 ^ wire3/X (sky130_fd_sc_hd__buf_4)
                                                         net274 (net)
                      0.137375    0.006568    4.950572 ^ wire2/A (sky130_fd_sc_hd__buf_6)
     3    0.077626    0.158030    0.201341    5.151913 ^ wire2/X (sky130_fd_sc_hd__buf_6)
                                                         net273 (net)
                      0.161239    0.017333    5.169246 ^ wire1/A (sky130_fd_sc_hd__buf_6)
     3    0.079944    0.162562    0.208838    5.378083 ^ wire1/X (sky130_fd_sc_hd__buf_6)
                                                         net272 (net)
                      0.166011    0.018219    5.396303 ^ clkbuf_0_clk/A (sky130_fd_sc_hd__clkbuf_16)
     9    0.099226    0.116200    0.218687    5.614990 ^ clkbuf_0_clk/X (sky130_fd_sc_hd__clkbuf_16)
                                                         clknet_0_clk (net)
                      0.116908    0.007117    5.622107 ^ clkbuf_2_2__f_clk/A (sky130_fd_sc_hd__clkbuf_16)
    17    0.095052    0.111770    0.200131    5.822237 ^ clkbuf_2_2__f_clk/X (sky130_fd_sc_hd__clkbuf_16)
                                                         clknet_2_2__leaf_clk (net)
                      0.113015    0.009179    5.831417 ^ _149_/CLK (sky130_fd_sc_hd__dfrtp_4)
     3    0.042430    0.146773    0.494505    6.325922 ^ _149_/Q (sky130_fd_sc_hd__dfrtp_4)
                                                         net240 (net)
                      0.147184    0.006611    6.332532 ^ output240/A (sky130_fd_sc_hd__buf_12)
     1    0.191479    0.220571    0.251944    6.584476 ^ output240/X (sky130_fd_sc_hd__buf_12)
                                                         wbs_dat_o[20] (net)
                      0.220728    0.004760    6.589237 ^ wbs_dat_o[20] (out)
                                              6.589237   data arrival time

                                  0.000000    0.000000   clock clk (rise edge)
                                  5.570000    5.570000   clock network delay (propagated)
                                  0.087500    5.657500   clock uncertainty
                                  0.000000    5.657500   clock reconvergence pessimism
                                 -1.130000    4.527500   output external delay
                                              4.527500   data required time
---------------------------------------------------------------------------------------------
                                              4.527500   data required time
                                             -6.589237   data arrival time
---------------------------------------------------------------------------------------------
                                              2.061737   slack (MET)


Startpoint: _137_ (rising edge-triggered flip-flop clocked by clk)
Endpoint: wbs_dat_o[8] (output port clocked by clk)
Path Group: clk
Path Type: min

Fanout         Cap        Slew       Delay        Time   Description
---------------------------------------------------------------------------------------------
                                  0.000000    0.000000   clock clk (rise edge)
                                  4.650000    4.650000   clock source latency
     2    0.031059    0.610000    0.000000    4.650000 ^ clk (in)
                                                         clk (net)
                      0.616615    0.003225    4.653225 ^ wire3/A (sky130_fd_sc_hd__buf_4)
     3    0.045272    0.136866    0.290779    4.944005 ^ wire3/X (sky130_fd_sc_hd__buf_4)
                                                         net274 (net)
                      0.137375    0.006568    4.950572 ^ wire2/A (sky130_fd_sc_hd__buf_6)
     3    0.077626    0.158030    0.201341    5.151913 ^ wire2/X (sky130_fd_sc_hd__buf_6)
                                                         net273 (net)
                      0.161239    0.017333    5.169246 ^ wire1/A (sky130_fd_sc_hd__buf_6)
     3    0.079944    0.162562    0.208838    5.378083 ^ wire1/X (sky130_fd_sc_hd__buf_6)
                                                         net272 (net)
                      0.166011    0.018219    5.396303 ^ clkbuf_0_clk/A (sky130_fd_sc_hd__clkbuf_16)
     9    0.099226    0.116200    0.218687    5.614990 ^ clkbuf_0_clk/X (sky130_fd_sc_hd__clkbuf_16)
                                                         clknet_0_clk (net)
                      0.117103    0.008006    5.622996 ^ clkbuf_2_0__f_clk/A (sky130_fd_sc_hd__clkbuf_16)
    17    0.097201    0.113842    0.201579    5.824575 ^ clkbuf_2_0__f_clk/X (sky130_fd_sc_hd__clkbuf_16)
                                                         clknet_2_0__leaf_clk (net)
                      0.115196    0.009661    5.834236 ^ _137_/CLK (sky130_fd_sc_hd__dfrtp_4)
     3    0.047119    0.159223    0.504730    6.338966 ^ _137_/Q (sky130_fd_sc_hd__dfrtp_4)
                                                         net258 (net)
                      0.159767    0.007952    6.346918 ^ output258/A (sky130_fd_sc_hd__buf_12)
     1    0.190994    0.219034    0.255218    6.602136 ^ output258/X (sky130_fd_sc_hd__buf_12)
                                                         wbs_dat_o[8] (net)
                      0.219154    0.004144    6.606280 ^ wbs_dat_o[8] (out)
                                              6.606280   data arrival time

                                  0.000000    0.000000   clock clk (rise edge)
                                  5.570000    5.570000   clock network delay (propagated)
                                  0.087500    5.657500   clock uncertainty
                                  0.000000    5.657500   clock reconvergence pessimism
                                 -1.130000    4.527500   output external delay
                                              4.527500   data required time
---------------------------------------------------------------------------------------------
                                              4.527500   data required time
                                             -6.606280   data arrival time
---------------------------------------------------------------------------------------------
                                              2.078780   slack (MET)


Startpoint: _136_ (rising edge-triggered flip-flop clocked by clk)
Endpoint: wbs_dat_o[7] (output port clocked by clk)
Path Group: clk
Path Type: min

Fanout         Cap        Slew       Delay        Time   Description
---------------------------------------------------------------------------------------------
                                  0.000000    0.000000   clock clk (rise edge)
                                  4.650000    4.650000   clock source latency
     2    0.031059    0.610000    0.000000    4.650000 ^ clk (in)
                                                         clk (net)
                      0.616615    0.003225    4.653225 ^ wire3/A (sky130_fd_sc_hd__buf_4)
     3    0.045272    0.136866    0.290779    4.944005 ^ wire3/X (sky130_fd_sc_hd__buf_4)
                                                         net274 (net)
                      0.137375    0.006568    4.950572 ^ wire2/A (sky130_fd_sc_hd__buf_6)
     3    0.077626    0.158030    0.201341    5.151913 ^ wire2/X (sky130_fd_sc_hd__buf_6)
                                                         net273 (net)
                      0.161239    0.017333    5.169246 ^ wire1/A (sky130_fd_sc_hd__buf_6)
     3    0.079944    0.162562    0.208838    5.378083 ^ wire1/X (sky130_fd_sc_hd__buf_6)
                                                         net272 (net)
                      0.166011    0.018219    5.396303 ^ clkbuf_0_clk/A (sky130_fd_sc_hd__clkbuf_16)
     9    0.099226    0.116200    0.218687    5.614990 ^ clkbuf_0_clk/X (sky130_fd_sc_hd__clkbuf_16)
                                                         clknet_0_clk (net)
                      0.117103    0.008006    5.622996 ^ clkbuf_2_0__f_clk/A (sky130_fd_sc_hd__clkbuf_16)
    17    0.097201    0.113842    0.201579    5.824575 ^ clkbuf_2_0__f_clk/X (sky130_fd_sc_hd__clkbuf_16)
                                                         clknet_2_0__leaf_clk (net)
                      0.115259    0.009881    5.834456 ^ _136_/CLK (sky130_fd_sc_hd__dfrtp_4)
     3    0.047134    0.159388    0.504342    6.338798 ^ _136_/Q (sky130_fd_sc_hd__dfrtp_4)
                                                         net257 (net)
                      0.160150    0.009291    6.348089 ^ output257/A (sky130_fd_sc_hd__buf_12)
     1    0.190994    0.219036    0.255312    6.603401 ^ output257/X (sky130_fd_sc_hd__buf_12)
                                                         wbs_dat_o[7] (net)
                      0.219155    0.004144    6.607545 ^ wbs_dat_o[7] (out)
                                              6.607545   data arrival time

                                  0.000000    0.000000   clock clk (rise edge)
                                  5.570000    5.570000   clock network delay (propagated)
                                  0.087500    5.657500   clock uncertainty
                                  0.000000    5.657500   clock reconvergence pessimism
                                 -1.130000    4.527500   output external delay
                                              4.527500   data required time
---------------------------------------------------------------------------------------------
                                              4.527500   data required time
                                             -6.607545   data arrival time
---------------------------------------------------------------------------------------------
                                              2.080045   slack (MET)


Startpoint: _150_ (rising edge-triggered flip-flop clocked by clk)
Endpoint: wbs_dat_o[21] (output port clocked by clk)
Path Group: clk
Path Type: min

Fanout         Cap        Slew       Delay        Time   Description
---------------------------------------------------------------------------------------------
                                  0.000000    0.000000   clock clk (rise edge)
                                  4.650000    4.650000   clock source latency
     2    0.031059    0.610000    0.000000    4.650000 ^ clk (in)
                                                         clk (net)
                      0.616615    0.003225    4.653225 ^ wire3/A (sky130_fd_sc_hd__buf_4)
     3    0.045272    0.136866    0.290779    4.944005 ^ wire3/X (sky130_fd_sc_hd__buf_4)
                                                         net274 (net)
                      0.137375    0.006568    4.950572 ^ wire2/A (sky130_fd_sc_hd__buf_6)
     3    0.077626    0.158030    0.201341    5.151913 ^ wire2/X (sky130_fd_sc_hd__buf_6)
                                                         net273 (net)
                      0.161239    0.017333    5.169246 ^ wire1/A (sky130_fd_sc_hd__buf_6)
     3    0.079944    0.162562    0.208838    5.378083 ^ wire1/X (sky130_fd_sc_hd__buf_6)
                                                         net272 (net)
                      0.166011    0.018219    5.396303 ^ clkbuf_0_clk/A (sky130_fd_sc_hd__clkbuf_16)
     9    0.099226    0.116200    0.218687    5.614990 ^ clkbuf_0_clk/X (sky130_fd_sc_hd__clkbuf_16)
                                                         clknet_0_clk (net)
                      0.116908    0.007117    5.622107 ^ clkbuf_2_2__f_clk/A (sky130_fd_sc_hd__clkbuf_16)
    17    0.095052    0.111770    0.200131    5.822237 ^ clkbuf_2_2__f_clk/X (sky130_fd_sc_hd__clkbuf_16)
                                                         clknet_2_2__leaf_clk (net)
                      0.113093    0.009456    5.831694 ^ _150_/CLK (sky130_fd_sc_hd__dfrtp_4)
     3    0.048330    0.162641    0.505894    6.337588 ^ _150_/Q (sky130_fd_sc_hd__dfrtp_4)
                                                         net241 (net)
                      0.163405    0.009354    6.346943 ^ output241/A (sky130_fd_sc_hd__buf_12)
     1    0.191491    0.220608    0.255927    6.602870 ^ output241/X (sky130_fd_sc_hd__buf_12)
                                                         wbs_dat_o[21] (net)
                      0.220765    0.004760    6.607630 ^ wbs_dat_o[21] (out)
                                              6.607630   data arrival time

                                  0.000000    0.000000   clock clk (rise edge)
                                  5.570000    5.570000   clock network delay (propagated)
                                  0.087500    5.657500   clock uncertainty
                                  0.000000    5.657500   clock reconvergence pessimism
                                 -1.130000    4.527500   output external delay
                                              4.527500   data required time
---------------------------------------------------------------------------------------------
                                              4.527500   data required time
                                             -6.607630   data arrival time
---------------------------------------------------------------------------------------------
                                              2.080130   slack (MET)


Startpoint: _151_ (rising edge-triggered flip-flop clocked by clk)
Endpoint: wbs_dat_o[22] (output port clocked by clk)
Path Group: clk
Path Type: min

Fanout         Cap        Slew       Delay        Time   Description
---------------------------------------------------------------------------------------------
                                  0.000000    0.000000   clock clk (rise edge)
                                  4.650000    4.650000   clock source latency
     2    0.031059    0.610000    0.000000    4.650000 ^ clk (in)
                                                         clk (net)
                      0.616615    0.003225    4.653225 ^ wire3/A (sky130_fd_sc_hd__buf_4)
     3    0.045272    0.136866    0.290779    4.944005 ^ wire3/X (sky130_fd_sc_hd__buf_4)
                                                         net274 (net)
                      0.137375    0.006568    4.950572 ^ wire2/A (sky130_fd_sc_hd__buf_6)
     3    0.077626    0.158030    0.201341    5.151913 ^ wire2/X (sky130_fd_sc_hd__buf_6)
                                                         net273 (net)
                      0.161239    0.017333    5.169246 ^ wire1/A (sky130_fd_sc_hd__buf_6)
     3    0.079944    0.162562    0.208838    5.378083 ^ wire1/X (sky130_fd_sc_hd__buf_6)
                                                         net272 (net)
                      0.166011    0.018219    5.396303 ^ clkbuf_0_clk/A (sky130_fd_sc_hd__clkbuf_16)
     9    0.099226    0.116200    0.218687    5.614990 ^ clkbuf_0_clk/X (sky130_fd_sc_hd__clkbuf_16)
                                                         clknet_0_clk (net)
                      0.116909    0.007120    5.622110 ^ clkbuf_2_3__f_clk/A (sky130_fd_sc_hd__clkbuf_16)
    21    0.071883    0.090374    0.181675    5.803785 ^ clkbuf_2_3__f_clk/X (sky130_fd_sc_hd__clkbuf_16)
                                                         clknet_2_3__leaf_clk (net)
                      0.092966    0.011668    5.815452 ^ _151_/CLK (sky130_fd_sc_hd__dfrtp_4)
     3    0.068320    0.138056    0.569917    6.385370 v _151_/Q (sky130_fd_sc_hd__dfrtp_4)
                                                         net242 (net)
                      0.141368    0.016072    6.401442 v output242/A (sky130_fd_sc_hd__buf_12)
     1    0.191483    0.103824    0.230852    6.632293 v output242/X (sky130_fd_sc_hd__buf_12)
                                                         wbs_dat_o[22] (net)
                      0.104127    0.004741    6.637034 v wbs_dat_o[22] (out)
                                              6.637034   data arrival time

                                  0.000000    0.000000   clock clk (rise edge)
                                  5.570000    5.570000   clock network delay (propagated)
                                  0.087500    5.657500   clock uncertainty
                                  0.000000    5.657500   clock reconvergence pessimism
                                 -1.130000    4.527500   output external delay
                                              4.527500   data required time
---------------------------------------------------------------------------------------------
                                              4.527500   data required time
                                             -6.637034   data arrival time
---------------------------------------------------------------------------------------------
                                              2.109534   slack (MET)


Startpoint: _153_ (rising edge-triggered flip-flop clocked by clk)
Endpoint: wbs_dat_o[24] (output port clocked by clk)
Path Group: clk
Path Type: min

Fanout         Cap        Slew       Delay        Time   Description
---------------------------------------------------------------------------------------------
                                  0.000000    0.000000   clock clk (rise edge)
                                  4.650000    4.650000   clock source latency
     2    0.031059    0.610000    0.000000    4.650000 ^ clk (in)
                                                         clk (net)
                      0.616615    0.003225    4.653225 ^ wire3/A (sky130_fd_sc_hd__buf_4)
     3    0.045272    0.136866    0.290779    4.944005 ^ wire3/X (sky130_fd_sc_hd__buf_4)
                                                         net274 (net)
                      0.137375    0.006568    4.950572 ^ wire2/A (sky130_fd_sc_hd__buf_6)
     3    0.077626    0.158030    0.201341    5.151913 ^ wire2/X (sky130_fd_sc_hd__buf_6)
                                                         net273 (net)
                      0.161239    0.017333    5.169246 ^ wire1/A (sky130_fd_sc_hd__buf_6)
     3    0.079944    0.162562    0.208838    5.378083 ^ wire1/X (sky130_fd_sc_hd__buf_6)
                                                         net272 (net)
                      0.166011    0.018219    5.396303 ^ clkbuf_0_clk/A (sky130_fd_sc_hd__clkbuf_16)
     9    0.099226    0.116200    0.218687    5.614990 ^ clkbuf_0_clk/X (sky130_fd_sc_hd__clkbuf_16)
                                                         clknet_0_clk (net)
                      0.116909    0.007120    5.622110 ^ clkbuf_2_3__f_clk/A (sky130_fd_sc_hd__clkbuf_16)
    21    0.071883    0.090374    0.181675    5.803785 ^ clkbuf_2_3__f_clk/X (sky130_fd_sc_hd__clkbuf_16)
                                                         clknet_2_3__leaf_clk (net)
                      0.092875    0.011458    5.815243 ^ _153_/CLK (sky130_fd_sc_hd__dfrtp_4)
     3    0.067684    0.137071    0.568561    6.383804 v _153_/Q (sky130_fd_sc_hd__dfrtp_4)
                                                         net244 (net)
                      0.141860    0.019150    6.402954 v output244/A (sky130_fd_sc_hd__buf_12)
     1    0.191342    0.103664    0.231233    6.634187 v output244/X (sky130_fd_sc_hd__buf_12)
                                                         wbs_dat_o[24] (net)
                      0.103933    0.004475    6.638661 v wbs_dat_o[24] (out)
                                              6.638661   data arrival time

                                  0.000000    0.000000   clock clk (rise edge)
                                  5.570000    5.570000   clock network delay (propagated)
                                  0.087500    5.657500   clock uncertainty
                                  0.000000    5.657500   clock reconvergence pessimism
                                 -1.130000    4.527500   output external delay
                                              4.527500   data required time
---------------------------------------------------------------------------------------------
                                              4.527500   data required time
                                             -6.638661   data arrival time
---------------------------------------------------------------------------------------------
                                              2.111161   slack (MET)


Startpoint: _152_ (rising edge-triggered flip-flop clocked by clk)
Endpoint: wbs_dat_o[23] (output port clocked by clk)
Path Group: clk
Path Type: min

Fanout         Cap        Slew       Delay        Time   Description
---------------------------------------------------------------------------------------------
                                  0.000000    0.000000   clock clk (rise edge)
                                  4.650000    4.650000   clock source latency
     2    0.031059    0.610000    0.000000    4.650000 ^ clk (in)
                                                         clk (net)
                      0.616615    0.003225    4.653225 ^ wire3/A (sky130_fd_sc_hd__buf_4)
     3    0.045272    0.136866    0.290779    4.944005 ^ wire3/X (sky130_fd_sc_hd__buf_4)
                                                         net274 (net)
                      0.137375    0.006568    4.950572 ^ wire2/A (sky130_fd_sc_hd__buf_6)
     3    0.077626    0.158030    0.201341    5.151913 ^ wire2/X (sky130_fd_sc_hd__buf_6)
                                                         net273 (net)
                      0.161239    0.017333    5.169246 ^ wire1/A (sky130_fd_sc_hd__buf_6)
     3    0.079944    0.162562    0.208838    5.378083 ^ wire1/X (sky130_fd_sc_hd__buf_6)
                                                         net272 (net)
                      0.166011    0.018219    5.396303 ^ clkbuf_0_clk/A (sky130_fd_sc_hd__clkbuf_16)
     9    0.099226    0.116200    0.218687    5.614990 ^ clkbuf_0_clk/X (sky130_fd_sc_hd__clkbuf_16)
                                                         clknet_0_clk (net)
                      0.116909    0.007120    5.622110 ^ clkbuf_2_3__f_clk/A (sky130_fd_sc_hd__clkbuf_16)
    21    0.071883    0.090374    0.181675    5.803785 ^ clkbuf_2_3__f_clk/X (sky130_fd_sc_hd__clkbuf_16)
                                                         clknet_2_3__leaf_clk (net)
                      0.092947    0.011624    5.815409 ^ _152_/CLK (sky130_fd_sc_hd__dfrtp_4)
     3    0.075659    0.146387    0.577848    6.393257 v _152_/Q (sky130_fd_sc_hd__dfrtp_4)
                                                         net243 (net)
                      0.150008    0.017380    6.410637 v output243/A (sky130_fd_sc_hd__buf_12)
     1    0.191342    0.103682    0.234952    6.645589 v output243/X (sky130_fd_sc_hd__buf_12)
                                                         wbs_dat_o[23] (net)
                      0.103951    0.004475    6.650064 v wbs_dat_o[23] (out)
                                              6.650064   data arrival time

                                  0.000000    0.000000   clock clk (rise edge)
                                  5.570000    5.570000   clock network delay (propagated)
                                  0.087500    5.657500   clock uncertainty
                                  0.000000    5.657500   clock reconvergence pessimism
                                 -1.130000    4.527500   output external delay
                                              4.527500   data required time
---------------------------------------------------------------------------------------------
                                              4.527500   data required time
                                             -6.650064   data arrival time
---------------------------------------------------------------------------------------------
                                              2.122564   slack (MET)


Startpoint: _134_ (rising edge-triggered flip-flop clocked by clk)
Endpoint: wbs_dat_o[5] (output port clocked by clk)
Path Group: clk
Path Type: min

Fanout         Cap        Slew       Delay        Time   Description
---------------------------------------------------------------------------------------------
                                  0.000000    0.000000   clock clk (rise edge)
                                  4.650000    4.650000   clock source latency
     2    0.031059    0.610000    0.000000    4.650000 ^ clk (in)
                                                         clk (net)
                      0.616615    0.003225    4.653225 ^ wire3/A (sky130_fd_sc_hd__buf_4)
     3    0.045272    0.136866    0.290779    4.944005 ^ wire3/X (sky130_fd_sc_hd__buf_4)
                                                         net274 (net)
                      0.137375    0.006568    4.950572 ^ wire2/A (sky130_fd_sc_hd__buf_6)
     3    0.077626    0.158030    0.201341    5.151913 ^ wire2/X (sky130_fd_sc_hd__buf_6)
                                                         net273 (net)
                      0.161239    0.017333    5.169246 ^ wire1/A (sky130_fd_sc_hd__buf_6)
     3    0.079944    0.162562    0.208838    5.378083 ^ wire1/X (sky130_fd_sc_hd__buf_6)
                                                         net272 (net)
                      0.166011    0.018219    5.396303 ^ clkbuf_0_clk/A (sky130_fd_sc_hd__clkbuf_16)
     9    0.099226    0.116200    0.218687    5.614990 ^ clkbuf_0_clk/X (sky130_fd_sc_hd__clkbuf_16)
                                                         clknet_0_clk (net)
                      0.117103    0.008006    5.622996 ^ clkbuf_2_0__f_clk/A (sky130_fd_sc_hd__clkbuf_16)
    17    0.097201    0.113842    0.201579    5.824575 ^ clkbuf_2_0__f_clk/X (sky130_fd_sc_hd__clkbuf_16)
                                                         clknet_2_0__leaf_clk (net)
                      0.115274    0.009932    5.834507 ^ _134_/CLK (sky130_fd_sc_hd__dfrtp_4)
     3    0.062975    0.195280    0.534070    6.368577 ^ _134_/Q (sky130_fd_sc_hd__dfrtp_4)
                                                         net255 (net)
                      0.197393    0.015709    6.384286 ^ output255/A (sky130_fd_sc_hd__buf_12)
     1    0.190981    0.219007    0.264425    6.648711 ^ output255/X (sky130_fd_sc_hd__buf_12)
                                                         wbs_dat_o[5] (net)
                      0.219195    0.004144    6.652855 ^ wbs_dat_o[5] (out)
                                              6.652855   data arrival time

                                  0.000000    0.000000   clock clk (rise edge)
                                  5.570000    5.570000   clock network delay (propagated)
                                  0.087500    5.657500   clock uncertainty
                                  0.000000    5.657500   clock reconvergence pessimism
                                 -1.130000    4.527500   output external delay
                                              4.527500   data required time
---------------------------------------------------------------------------------------------
                                              4.527500   data required time
                                             -6.652855   data arrival time
---------------------------------------------------------------------------------------------
                                              2.125355   slack (MET)


Startpoint: _154_ (rising edge-triggered flip-flop clocked by clk)
Endpoint: wbs_dat_o[25] (output port clocked by clk)
Path Group: clk
Path Type: min

Fanout         Cap        Slew       Delay        Time   Description
---------------------------------------------------------------------------------------------
                                  0.000000    0.000000   clock clk (rise edge)
                                  4.650000    4.650000   clock source latency
     2    0.031059    0.610000    0.000000    4.650000 ^ clk (in)
                                                         clk (net)
                      0.616615    0.003225    4.653225 ^ wire3/A (sky130_fd_sc_hd__buf_4)
     3    0.045272    0.136866    0.290779    4.944005 ^ wire3/X (sky130_fd_sc_hd__buf_4)
                                                         net274 (net)
                      0.137375    0.006568    4.950572 ^ wire2/A (sky130_fd_sc_hd__buf_6)
     3    0.077626    0.158030    0.201341    5.151913 ^ wire2/X (sky130_fd_sc_hd__buf_6)
                                                         net273 (net)
                      0.161239    0.017333    5.169246 ^ wire1/A (sky130_fd_sc_hd__buf_6)
     3    0.079944    0.162562    0.208838    5.378083 ^ wire1/X (sky130_fd_sc_hd__buf_6)
                                                         net272 (net)
                      0.166011    0.018219    5.396303 ^ clkbuf_0_clk/A (sky130_fd_sc_hd__clkbuf_16)
     9    0.099226    0.116200    0.218687    5.614990 ^ clkbuf_0_clk/X (sky130_fd_sc_hd__clkbuf_16)
                                                         clknet_0_clk (net)
                      0.116909    0.007120    5.622110 ^ clkbuf_2_3__f_clk/A (sky130_fd_sc_hd__clkbuf_16)
    21    0.071883    0.090374    0.181675    5.803785 ^ clkbuf_2_3__f_clk/X (sky130_fd_sc_hd__clkbuf_16)
                                                         clknet_2_3__leaf_clk (net)
                      0.092922    0.011567    5.815351 ^ _154_/CLK (sky130_fd_sc_hd__dfrtp_4)
     3    0.077489    0.149427    0.576981    6.392332 v _154_/Q (sky130_fd_sc_hd__dfrtp_4)
                                                         net245 (net)
                      0.156483    0.024351    6.416683 v output245/A (sky130_fd_sc_hd__buf_12)
     1    0.191342    0.103697    0.237908    6.654591 v output245/X (sky130_fd_sc_hd__buf_12)
                                                         wbs_dat_o[25] (net)
                      0.103966    0.004475    6.659066 v wbs_dat_o[25] (out)
                                              6.659066   data arrival time

                                  0.000000    0.000000   clock clk (rise edge)
                                  5.570000    5.570000   clock network delay (propagated)
                                  0.087500    5.657500   clock uncertainty
                                  0.000000    5.657500   clock reconvergence pessimism
                                 -1.130000    4.527500   output external delay
                                              4.527500   data required time
---------------------------------------------------------------------------------------------
                                              4.527500   data required time
                                             -6.659066   data arrival time
---------------------------------------------------------------------------------------------
                                              2.131566   slack (MET)


Startpoint: _133_ (rising edge-triggered flip-flop clocked by clk)
Endpoint: wbs_dat_o[4] (output port clocked by clk)
Path Group: clk
Path Type: min

Fanout         Cap        Slew       Delay        Time   Description
---------------------------------------------------------------------------------------------
                                  0.000000    0.000000   clock clk (rise edge)
                                  4.650000    4.650000   clock source latency
     2    0.031059    0.610000    0.000000    4.650000 ^ clk (in)
                                                         clk (net)
                      0.616615    0.003225    4.653225 ^ wire3/A (sky130_fd_sc_hd__buf_4)
     3    0.045272    0.136866    0.290779    4.944005 ^ wire3/X (sky130_fd_sc_hd__buf_4)
                                                         net274 (net)
                      0.137375    0.006568    4.950572 ^ wire2/A (sky130_fd_sc_hd__buf_6)
     3    0.077626    0.158030    0.201341    5.151913 ^ wire2/X (sky130_fd_sc_hd__buf_6)
                                                         net273 (net)
                      0.161239    0.017333    5.169246 ^ wire1/A (sky130_fd_sc_hd__buf_6)
     3    0.079944    0.162562    0.208838    5.378083 ^ wire1/X (sky130_fd_sc_hd__buf_6)
                                                         net272 (net)
                      0.166011    0.018219    5.396303 ^ clkbuf_0_clk/A (sky130_fd_sc_hd__clkbuf_16)
     9    0.099226    0.116200    0.218687    5.614990 ^ clkbuf_0_clk/X (sky130_fd_sc_hd__clkbuf_16)
                                                         clknet_0_clk (net)
                      0.117074    0.007882    5.622872 ^ clkbuf_2_1__f_clk/A (sky130_fd_sc_hd__clkbuf_16)
    21    0.084691    0.102658    0.190805    5.813677 ^ clkbuf_2_1__f_clk/X (sky130_fd_sc_hd__clkbuf_16)
                                                         clknet_2_1__leaf_clk (net)
                      0.105368    0.012812    5.826489 ^ _133_/CLK (sky130_fd_sc_hd__dfrtp_4)
     3    0.076134    0.148411    0.580452    6.406941 v _133_/Q (sky130_fd_sc_hd__dfrtp_4)
                                                         net254 (net)
                      0.154227    0.022268    6.429209 v output254/A (sky130_fd_sc_hd__buf_12)
     1    0.190963    0.103395    0.237014    6.666223 v output254/X (sky130_fd_sc_hd__buf_12)
                                                         wbs_dat_o[4] (net)
                      0.103622    0.004129    6.670352 v wbs_dat_o[4] (out)
                                              6.670352   data arrival time

                                  0.000000    0.000000   clock clk (rise edge)
                                  5.570000    5.570000   clock network delay (propagated)
                                  0.087500    5.657500   clock uncertainty
                                  0.000000    5.657500   clock reconvergence pessimism
                                 -1.130000    4.527500   output external delay
                                              4.527500   data required time
---------------------------------------------------------------------------------------------
                                              4.527500   data required time
                                             -6.670352   data arrival time
---------------------------------------------------------------------------------------------
                                              2.142852   slack (MET)


Startpoint: _155_ (rising edge-triggered flip-flop clocked by clk)
Endpoint: wbs_dat_o[26] (output port clocked by clk)
Path Group: clk
Path Type: min

Fanout         Cap        Slew       Delay        Time   Description
---------------------------------------------------------------------------------------------
                                  0.000000    0.000000   clock clk (rise edge)
                                  4.650000    4.650000   clock source latency
     2    0.031059    0.610000    0.000000    4.650000 ^ clk (in)
                                                         clk (net)
                      0.616615    0.003225    4.653225 ^ wire3/A (sky130_fd_sc_hd__buf_4)
     3    0.045272    0.136866    0.290779    4.944005 ^ wire3/X (sky130_fd_sc_hd__buf_4)
                                                         net274 (net)
                      0.137375    0.006568    4.950572 ^ wire2/A (sky130_fd_sc_hd__buf_6)
     3    0.077626    0.158030    0.201341    5.151913 ^ wire2/X (sky130_fd_sc_hd__buf_6)
                                                         net273 (net)
                      0.161239    0.017333    5.169246 ^ wire1/A (sky130_fd_sc_hd__buf_6)
     3    0.079944    0.162562    0.208838    5.378083 ^ wire1/X (sky130_fd_sc_hd__buf_6)
                                                         net272 (net)
                      0.166011    0.018219    5.396303 ^ clkbuf_0_clk/A (sky130_fd_sc_hd__clkbuf_16)
     9    0.099226    0.116200    0.218687    5.614990 ^ clkbuf_0_clk/X (sky130_fd_sc_hd__clkbuf_16)
                                                         clknet_0_clk (net)
                      0.116909    0.007120    5.622110 ^ clkbuf_2_3__f_clk/A (sky130_fd_sc_hd__clkbuf_16)
    21    0.071883    0.090374    0.181675    5.803785 ^ clkbuf_2_3__f_clk/X (sky130_fd_sc_hd__clkbuf_16)
                                                         clknet_2_3__leaf_clk (net)
                      0.092941    0.011611    5.815395 ^ _155_/CLK (sky130_fd_sc_hd__dfrtp_4)
     3    0.096155    0.173695    0.590589    6.405984 v _155_/Q (sky130_fd_sc_hd__dfrtp_4)
                                                         net246 (net)
                      0.186054    0.034656    6.440640 v output246/A (sky130_fd_sc_hd__buf_12)
     1    0.191342    0.103764    0.251406    6.692045 v output246/X (sky130_fd_sc_hd__buf_12)
                                                         wbs_dat_o[26] (net)
                      0.104033    0.004475    6.696520 v wbs_dat_o[26] (out)
                                              6.696520   data arrival time

                                  0.000000    0.000000   clock clk (rise edge)
                                  5.570000    5.570000   clock network delay (propagated)
                                  0.087500    5.657500   clock uncertainty
                                  0.000000    5.657500   clock reconvergence pessimism
                                 -1.130000    4.527500   output external delay
                                              4.527500   data required time
---------------------------------------------------------------------------------------------
                                              4.527500   data required time
                                             -6.696520   data arrival time
---------------------------------------------------------------------------------------------
                                              2.169020   slack (MET)


Startpoint: _135_ (rising edge-triggered flip-flop clocked by clk)
Endpoint: wbs_dat_o[6] (output port clocked by clk)
Path Group: clk
Path Type: min

Fanout         Cap        Slew       Delay        Time   Description
---------------------------------------------------------------------------------------------
                                  0.000000    0.000000   clock clk (rise edge)
                                  4.650000    4.650000   clock source latency
     2    0.031059    0.610000    0.000000    4.650000 ^ clk (in)
                                                         clk (net)
                      0.616615    0.003225    4.653225 ^ wire3/A (sky130_fd_sc_hd__buf_4)
     3    0.045272    0.136866    0.290779    4.944005 ^ wire3/X (sky130_fd_sc_hd__buf_4)
                                                         net274 (net)
                      0.137375    0.006568    4.950572 ^ wire2/A (sky130_fd_sc_hd__buf_6)
     3    0.077626    0.158030    0.201341    5.151913 ^ wire2/X (sky130_fd_sc_hd__buf_6)
                                                         net273 (net)
                      0.161239    0.017333    5.169246 ^ wire1/A (sky130_fd_sc_hd__buf_6)
     3    0.079944    0.162562    0.208838    5.378083 ^ wire1/X (sky130_fd_sc_hd__buf_6)
                                                         net272 (net)
                      0.166011    0.018219    5.396303 ^ clkbuf_0_clk/A (sky130_fd_sc_hd__clkbuf_16)
     9    0.099226    0.116200    0.218687    5.614990 ^ clkbuf_0_clk/X (sky130_fd_sc_hd__clkbuf_16)
                                                         clknet_0_clk (net)
                      0.117103    0.008006    5.622996 ^ clkbuf_2_0__f_clk/A (sky130_fd_sc_hd__clkbuf_16)
    17    0.097201    0.113842    0.201579    5.824575 ^ clkbuf_2_0__f_clk/X (sky130_fd_sc_hd__clkbuf_16)
                                                         clknet_2_0__leaf_clk (net)
                      0.115055    0.009159    5.833734 ^ _135_/CLK (sky130_fd_sc_hd__dfrtp_4)
     3    0.088643    0.165420    0.591375    6.425108 v _135_/Q (sky130_fd_sc_hd__dfrtp_4)
                                                         net256 (net)
                      0.174679    0.029421    6.454530 v output256/A (sky130_fd_sc_hd__buf_12)
     1    0.190981    0.103448    0.246355    6.700885 v output256/X (sky130_fd_sc_hd__buf_12)
                                                         wbs_dat_o[6] (net)
                      0.103676    0.004130    6.705015 v wbs_dat_o[6] (out)
                                              6.705015   data arrival time

                                  0.000000    0.000000   clock clk (rise edge)
                                  5.570000    5.570000   clock network delay (propagated)
                                  0.087500    5.657500   clock uncertainty
                                  0.000000    5.657500   clock reconvergence pessimism
                                 -1.130000    4.527500   output external delay
                                              4.527500   data required time
---------------------------------------------------------------------------------------------
                                              4.527500   data required time
                                             -6.705015   data arrival time
---------------------------------------------------------------------------------------------
                                              2.177515   slack (MET)


Startpoint: _132_ (rising edge-triggered flip-flop clocked by clk)
Endpoint: wbs_dat_o[3] (output port clocked by clk)
Path Group: clk
Path Type: min

Fanout         Cap        Slew       Delay        Time   Description
---------------------------------------------------------------------------------------------
                                  0.000000    0.000000   clock clk (rise edge)
                                  4.650000    4.650000   clock source latency
     2    0.031059    0.610000    0.000000    4.650000 ^ clk (in)
                                                         clk (net)
                      0.616615    0.003225    4.653225 ^ wire3/A (sky130_fd_sc_hd__buf_4)
     3    0.045272    0.136866    0.290779    4.944005 ^ wire3/X (sky130_fd_sc_hd__buf_4)
                                                         net274 (net)
                      0.137375    0.006568    4.950572 ^ wire2/A (sky130_fd_sc_hd__buf_6)
     3    0.077626    0.158030    0.201341    5.151913 ^ wire2/X (sky130_fd_sc_hd__buf_6)
                                                         net273 (net)
                      0.161239    0.017333    5.169246 ^ wire1/A (sky130_fd_sc_hd__buf_6)
     3    0.079944    0.162562    0.208838    5.378083 ^ wire1/X (sky130_fd_sc_hd__buf_6)
                                                         net272 (net)
                      0.166011    0.018219    5.396303 ^ clkbuf_0_clk/A (sky130_fd_sc_hd__clkbuf_16)
     9    0.099226    0.116200    0.218687    5.614990 ^ clkbuf_0_clk/X (sky130_fd_sc_hd__clkbuf_16)
                                                         clknet_0_clk (net)
                      0.117074    0.007882    5.622872 ^ clkbuf_2_1__f_clk/A (sky130_fd_sc_hd__clkbuf_16)
    21    0.084691    0.102658    0.190805    5.813677 ^ clkbuf_2_1__f_clk/X (sky130_fd_sc_hd__clkbuf_16)
                                                         clknet_2_1__leaf_clk (net)
                      0.105347    0.012762    5.826439 ^ _132_/CLK (sky130_fd_sc_hd__dfrtp_4)
     3    0.095152    0.173025    0.592729    6.419168 v _132_/Q (sky130_fd_sc_hd__dfrtp_4)
                                                         net253 (net)
                      0.187040    0.036784    6.455952 v output253/A (sky130_fd_sc_hd__buf_12)
     1    0.190951    0.103462    0.251987    6.707939 v output253/X (sky130_fd_sc_hd__buf_12)
                                                         wbs_dat_o[3] (net)
                      0.103690    0.004129    6.712069 v wbs_dat_o[3] (out)
                                              6.712069   data arrival time

                                  0.000000    0.000000   clock clk (rise edge)
                                  5.570000    5.570000   clock network delay (propagated)
                                  0.087500    5.657500   clock uncertainty
                                  0.000000    5.657500   clock reconvergence pessimism
                                 -1.130000    4.527500   output external delay
                                              4.527500   data required time
---------------------------------------------------------------------------------------------
                                              4.527500   data required time
                                             -6.712069   data arrival time
---------------------------------------------------------------------------------------------
                                              2.184569   slack (MET)


Startpoint: _131_ (rising edge-triggered flip-flop clocked by clk)
Endpoint: wbs_dat_o[2] (output port clocked by clk)
Path Group: clk
Path Type: min

Fanout         Cap        Slew       Delay        Time   Description
---------------------------------------------------------------------------------------------
                                  0.000000    0.000000   clock clk (rise edge)
                                  4.650000    4.650000   clock source latency
     2    0.031059    0.610000    0.000000    4.650000 ^ clk (in)
                                                         clk (net)
                      0.616615    0.003225    4.653225 ^ wire3/A (sky130_fd_sc_hd__buf_4)
     3    0.045272    0.136866    0.290779    4.944005 ^ wire3/X (sky130_fd_sc_hd__buf_4)
                                                         net274 (net)
                      0.137375    0.006568    4.950572 ^ wire2/A (sky130_fd_sc_hd__buf_6)
     3    0.077626    0.158030    0.201341    5.151913 ^ wire2/X (sky130_fd_sc_hd__buf_6)
                                                         net273 (net)
                      0.161239    0.017333    5.169246 ^ wire1/A (sky130_fd_sc_hd__buf_6)
     3    0.079944    0.162562    0.208838    5.378083 ^ wire1/X (sky130_fd_sc_hd__buf_6)
                                                         net272 (net)
                      0.166011    0.018219    5.396303 ^ clkbuf_0_clk/A (sky130_fd_sc_hd__clkbuf_16)
     9    0.099226    0.116200    0.218687    5.614990 ^ clkbuf_0_clk/X (sky130_fd_sc_hd__clkbuf_16)
                                                         clknet_0_clk (net)
                      0.117074    0.007882    5.622872 ^ clkbuf_2_1__f_clk/A (sky130_fd_sc_hd__clkbuf_16)
    21    0.084691    0.102658    0.190805    5.813677 ^ clkbuf_2_1__f_clk/X (sky130_fd_sc_hd__clkbuf_16)
                                                         clknet_2_1__leaf_clk (net)
                      0.105328    0.012718    5.826395 ^ _131_/CLK (sky130_fd_sc_hd__dfrtp_4)
     3    0.095926    0.172456    0.596186    6.422581 v _131_/Q (sky130_fd_sc_hd__dfrtp_4)
                                                         net250 (net)
                      0.185326    0.035220    6.457801 v output250/A (sky130_fd_sc_hd__buf_12)
     1    0.190951    0.103460    0.251204    6.709005 v output250/X (sky130_fd_sc_hd__buf_12)
                                                         wbs_dat_o[2] (net)
                      0.103687    0.004129    6.713134 v wbs_dat_o[2] (out)
                                              6.713134   data arrival time

                                  0.000000    0.000000   clock clk (rise edge)
                                  5.570000    5.570000   clock network delay (propagated)
                                  0.087500    5.657500   clock uncertainty
                                  0.000000    5.657500   clock reconvergence pessimism
                                 -1.130000    4.527500   output external delay
                                              4.527500   data required time
---------------------------------------------------------------------------------------------
                                              4.527500   data required time
                                             -6.713134   data arrival time
---------------------------------------------------------------------------------------------
                                              2.185634   slack (MET)


Startpoint: _156_ (rising edge-triggered flip-flop clocked by clk)
Endpoint: wbs_dat_o[27] (output port clocked by clk)
Path Group: clk
Path Type: min

Fanout         Cap        Slew       Delay        Time   Description
---------------------------------------------------------------------------------------------
                                  0.000000    0.000000   clock clk (rise edge)
                                  4.650000    4.650000   clock source latency
     2    0.031059    0.610000    0.000000    4.650000 ^ clk (in)
                                                         clk (net)
                      0.616615    0.003225    4.653225 ^ wire3/A (sky130_fd_sc_hd__buf_4)
     3    0.045272    0.136866    0.290779    4.944005 ^ wire3/X (sky130_fd_sc_hd__buf_4)
                                                         net274 (net)
                      0.137375    0.006568    4.950572 ^ wire2/A (sky130_fd_sc_hd__buf_6)
     3    0.077626    0.158030    0.201341    5.151913 ^ wire2/X (sky130_fd_sc_hd__buf_6)
                                                         net273 (net)
                      0.161239    0.017333    5.169246 ^ wire1/A (sky130_fd_sc_hd__buf_6)
     3    0.079944    0.162562    0.208838    5.378083 ^ wire1/X (sky130_fd_sc_hd__buf_6)
                                                         net272 (net)
                      0.166011    0.018219    5.396303 ^ clkbuf_0_clk/A (sky130_fd_sc_hd__clkbuf_16)
     9    0.099226    0.116200    0.218687    5.614990 ^ clkbuf_0_clk/X (sky130_fd_sc_hd__clkbuf_16)
                                                         clknet_0_clk (net)
                      0.116909    0.007120    5.622110 ^ clkbuf_2_3__f_clk/A (sky130_fd_sc_hd__clkbuf_16)
    21    0.071883    0.090374    0.181675    5.803785 ^ clkbuf_2_3__f_clk/X (sky130_fd_sc_hd__clkbuf_16)
                                                         clknet_2_3__leaf_clk (net)
                      0.092455    0.010444    5.814229 ^ _156_/CLK (sky130_fd_sc_hd__dfrtp_4)
     3    0.102781    0.182596    0.593937    6.408166 v _156_/Q (sky130_fd_sc_hd__dfrtp_4)
                                                         net247 (net)
                      0.201051    0.043287    6.451453 v output247/A (sky130_fd_sc_hd__buf_12)
     1    0.191201    0.103734    0.258204    6.709657 v output247/X (sky130_fd_sc_hd__buf_12)
                                                         wbs_dat_o[27] (net)
                      0.104003    0.004471    6.714128 v wbs_dat_o[27] (out)
                                              6.714128   data arrival time

                                  0.000000    0.000000   clock clk (rise edge)
                                  5.570000    5.570000   clock network delay (propagated)
                                  0.087500    5.657500   clock uncertainty
                                  0.000000    5.657500   clock reconvergence pessimism
                                 -1.130000    4.527500   output external delay
                                              4.527500   data required time
---------------------------------------------------------------------------------------------
                                              4.527500   data required time
                                             -6.714128   data arrival time
---------------------------------------------------------------------------------------------
                                              2.186628   slack (MET)


Startpoint: _157_ (rising edge-triggered flip-flop clocked by clk)
Endpoint: wbs_dat_o[28] (output port clocked by clk)
Path Group: clk
Path Type: min

Fanout         Cap        Slew       Delay        Time   Description
---------------------------------------------------------------------------------------------
                                  0.000000    0.000000   clock clk (rise edge)
                                  4.650000    4.650000   clock source latency
     2    0.031059    0.610000    0.000000    4.650000 ^ clk (in)
                                                         clk (net)
                      0.616615    0.003225    4.653225 ^ wire3/A (sky130_fd_sc_hd__buf_4)
     3    0.045272    0.136866    0.290779    4.944005 ^ wire3/X (sky130_fd_sc_hd__buf_4)
                                                         net274 (net)
                      0.137375    0.006568    4.950572 ^ wire2/A (sky130_fd_sc_hd__buf_6)
     3    0.077626    0.158030    0.201341    5.151913 ^ wire2/X (sky130_fd_sc_hd__buf_6)
                                                         net273 (net)
                      0.161239    0.017333    5.169246 ^ wire1/A (sky130_fd_sc_hd__buf_6)
     3    0.079944    0.162562    0.208838    5.378083 ^ wire1/X (sky130_fd_sc_hd__buf_6)
                                                         net272 (net)
                      0.166011    0.018219    5.396303 ^ clkbuf_0_clk/A (sky130_fd_sc_hd__clkbuf_16)
     9    0.099226    0.116200    0.218687    5.614990 ^ clkbuf_0_clk/X (sky130_fd_sc_hd__clkbuf_16)
                                                         clknet_0_clk (net)
                      0.116909    0.007120    5.622110 ^ clkbuf_2_3__f_clk/A (sky130_fd_sc_hd__clkbuf_16)
    21    0.071883    0.090374    0.181675    5.803785 ^ clkbuf_2_3__f_clk/X (sky130_fd_sc_hd__clkbuf_16)
                                                         clknet_2_3__leaf_clk (net)
                      0.092321    0.010102    5.813887 ^ _157_/CLK (sky130_fd_sc_hd__dfrtp_4)
     3    0.113258    0.195737    0.599932    6.413818 v _157_/Q (sky130_fd_sc_hd__dfrtp_4)
                                                         net248 (net)
                      0.220764    0.051696    6.465515 v output248/A (sky130_fd_sc_hd__buf_12)
     1    0.191221    0.103786    0.267208    6.732723 v output248/X (sky130_fd_sc_hd__buf_12)
                                                         wbs_dat_o[28] (net)
                      0.104055    0.004472    6.737195 v wbs_dat_o[28] (out)
                                              6.737195   data arrival time

                                  0.000000    0.000000   clock clk (rise edge)
                                  5.570000    5.570000   clock network delay (propagated)
                                  0.087500    5.657500   clock uncertainty
                                  0.000000    5.657500   clock reconvergence pessimism
                                 -1.130000    4.527500   output external delay
                                              4.527500   data required time
---------------------------------------------------------------------------------------------
                                              4.527500   data required time
                                             -6.737195   data arrival time
---------------------------------------------------------------------------------------------
                                              2.209695   slack (MET)


Startpoint: _130_ (rising edge-triggered flip-flop clocked by clk)
Endpoint: wbs_dat_o[1] (output port clocked by clk)
Path Group: clk
Path Type: min

Fanout         Cap        Slew       Delay        Time   Description
---------------------------------------------------------------------------------------------
                                  0.000000    0.000000   clock clk (rise edge)
                                  4.650000    4.650000   clock source latency
     2    0.031059    0.610000    0.000000    4.650000 ^ clk (in)
                                                         clk (net)
                      0.616615    0.003225    4.653225 ^ wire3/A (sky130_fd_sc_hd__buf_4)
     3    0.045272    0.136866    0.290779    4.944005 ^ wire3/X (sky130_fd_sc_hd__buf_4)
                                                         net274 (net)
                      0.137375    0.006568    4.950572 ^ wire2/A (sky130_fd_sc_hd__buf_6)
     3    0.077626    0.158030    0.201341    5.151913 ^ wire2/X (sky130_fd_sc_hd__buf_6)
                                                         net273 (net)
                      0.161239    0.017333    5.169246 ^ wire1/A (sky130_fd_sc_hd__buf_6)
     3    0.079944    0.162562    0.208838    5.378083 ^ wire1/X (sky130_fd_sc_hd__buf_6)
                                                         net272 (net)
                      0.166011    0.018219    5.396303 ^ clkbuf_0_clk/A (sky130_fd_sc_hd__clkbuf_16)
     9    0.099226    0.116200    0.218687    5.614990 ^ clkbuf_0_clk/X (sky130_fd_sc_hd__clkbuf_16)
                                                         clknet_0_clk (net)
                      0.117074    0.007882    5.622872 ^ clkbuf_2_1__f_clk/A (sky130_fd_sc_hd__clkbuf_16)
    21    0.084691    0.102658    0.190805    5.813677 ^ clkbuf_2_1__f_clk/X (sky130_fd_sc_hd__clkbuf_16)
                                                         clknet_2_1__leaf_clk (net)
                      0.105334    0.012733    5.826410 ^ _130_/CLK (sky130_fd_sc_hd__dfrtp_4)
     3    0.109995    0.189806    0.607809    6.434219 v _130_/Q (sky130_fd_sc_hd__dfrtp_4)
                                                         net239 (net)
                      0.208102    0.043845    6.478064 v output239/A (sky130_fd_sc_hd__buf_12)
     1    0.190951    0.103508    0.261601    6.739665 v output239/X (sky130_fd_sc_hd__buf_12)
                                                         wbs_dat_o[1] (net)
                      0.103736    0.004129    6.743793 v wbs_dat_o[1] (out)
                                              6.743793   data arrival time

                                  0.000000    0.000000   clock clk (rise edge)
                                  5.570000    5.570000   clock network delay (propagated)
                                  0.087500    5.657500   clock uncertainty
                                  0.000000    5.657500   clock reconvergence pessimism
                                 -1.130000    4.527500   output external delay
                                              4.527500   data required time
---------------------------------------------------------------------------------------------
                                              4.527500   data required time
                                             -6.743793   data arrival time
---------------------------------------------------------------------------------------------
                                              2.216294   slack (MET)


Startpoint: _158_ (rising edge-triggered flip-flop clocked by clk)
Endpoint: wbs_dat_o[29] (output port clocked by clk)
Path Group: clk
Path Type: min

Fanout         Cap        Slew       Delay        Time   Description
---------------------------------------------------------------------------------------------
                                  0.000000    0.000000   clock clk (rise edge)
                                  4.650000    4.650000   clock source latency
     2    0.031059    0.610000    0.000000    4.650000 ^ clk (in)
                                                         clk (net)
                      0.616615    0.003225    4.653225 ^ wire3/A (sky130_fd_sc_hd__buf_4)
     3    0.045272    0.136866    0.290779    4.944005 ^ wire3/X (sky130_fd_sc_hd__buf_4)
                                                         net274 (net)
                      0.137375    0.006568    4.950572 ^ wire2/A (sky130_fd_sc_hd__buf_6)
     3    0.077626    0.158030    0.201341    5.151913 ^ wire2/X (sky130_fd_sc_hd__buf_6)
                                                         net273 (net)
                      0.161239    0.017333    5.169246 ^ wire1/A (sky130_fd_sc_hd__buf_6)
     3    0.079944    0.162562    0.208838    5.378083 ^ wire1/X (sky130_fd_sc_hd__buf_6)
                                                         net272 (net)
                      0.166011    0.018219    5.396303 ^ clkbuf_0_clk/A (sky130_fd_sc_hd__clkbuf_16)
     9    0.099226    0.116200    0.218687    5.614990 ^ clkbuf_0_clk/X (sky130_fd_sc_hd__clkbuf_16)
                                                         clknet_0_clk (net)
                      0.116909    0.007120    5.622110 ^ clkbuf_2_3__f_clk/A (sky130_fd_sc_hd__clkbuf_16)
    21    0.071883    0.090374    0.181675    5.803785 ^ clkbuf_2_3__f_clk/X (sky130_fd_sc_hd__clkbuf_16)
                                                         clknet_2_3__leaf_clk (net)
                      0.092592    0.010785    5.814569 ^ _158_/CLK (sky130_fd_sc_hd__dfrtp_4)
     3    0.119743    0.203914    0.603866    6.418435 v _158_/Q (sky130_fd_sc_hd__dfrtp_4)
                                                         net249 (net)
                      0.233516    0.057153    6.475588 v output249/A (sky130_fd_sc_hd__buf_12)
     1    0.191329    0.104074    0.272172    6.747759 v output249/X (sky130_fd_sc_hd__buf_12)
                                                         wbs_dat_o[29] (net)
                      0.104342    0.004475    6.752234 v wbs_dat_o[29] (out)
                                              6.752234   data arrival time

                                  0.000000    0.000000   clock clk (rise edge)
                                  5.570000    5.570000   clock network delay (propagated)
                                  0.087500    5.657500   clock uncertainty
                                  0.000000    5.657500   clock reconvergence pessimism
                                 -1.130000    4.527500   output external delay
                                              4.527500   data required time
---------------------------------------------------------------------------------------------
                                              4.527500   data required time
                                             -6.752234   data arrival time
---------------------------------------------------------------------------------------------
                                              2.224734   slack (MET)


Startpoint: _129_ (rising edge-triggered flip-flop clocked by clk)
Endpoint: wbs_dat_o[0] (output port clocked by clk)
Path Group: clk
Path Type: min

Fanout         Cap        Slew       Delay        Time   Description
---------------------------------------------------------------------------------------------
                                  0.000000    0.000000   clock clk (rise edge)
                                  4.650000    4.650000   clock source latency
     2    0.031059    0.610000    0.000000    4.650000 ^ clk (in)
                                                         clk (net)
                      0.616615    0.003225    4.653225 ^ wire3/A (sky130_fd_sc_hd__buf_4)
     3    0.045272    0.136866    0.290779    4.944005 ^ wire3/X (sky130_fd_sc_hd__buf_4)
                                                         net274 (net)
                      0.137375    0.006568    4.950572 ^ wire2/A (sky130_fd_sc_hd__buf_6)
     3    0.077626    0.158030    0.201341    5.151913 ^ wire2/X (sky130_fd_sc_hd__buf_6)
                                                         net273 (net)
                      0.161239    0.017333    5.169246 ^ wire1/A (sky130_fd_sc_hd__buf_6)
     3    0.079944    0.162562    0.208838    5.378083 ^ wire1/X (sky130_fd_sc_hd__buf_6)
                                                         net272 (net)
                      0.166011    0.018219    5.396303 ^ clkbuf_0_clk/A (sky130_fd_sc_hd__clkbuf_16)
     9    0.099226    0.116200    0.218687    5.614990 ^ clkbuf_0_clk/X (sky130_fd_sc_hd__clkbuf_16)
                                                         clknet_0_clk (net)
                      0.117074    0.007882    5.622872 ^ clkbuf_2_1__f_clk/A (sky130_fd_sc_hd__clkbuf_16)
    21    0.084691    0.102658    0.190805    5.813677 ^ clkbuf_2_1__f_clk/X (sky130_fd_sc_hd__clkbuf_16)
                                                         clknet_2_1__leaf_clk (net)
                      0.104676    0.011067    5.824744 ^ _129_/CLK (sky130_fd_sc_hd__dfrtp_4)
     3    0.120551    0.203698    0.614079    6.438823 v _129_/Q (sky130_fd_sc_hd__dfrtp_4)
                                                         net228 (net)
                      0.230124    0.054479    6.493302 v output228/A (sky130_fd_sc_hd__buf_12)
     1    0.190951    0.103698    0.271065    6.764367 v output228/X (sky130_fd_sc_hd__buf_12)
                                                         wbs_dat_o[0] (net)
                      0.103925    0.004129    6.768496 v wbs_dat_o[0] (out)
                                              6.768496   data arrival time

                                  0.000000    0.000000   clock clk (rise edge)
                                  5.570000    5.570000   clock network delay (propagated)
                                  0.087500    5.657500   clock uncertainty
                                  0.000000    5.657500   clock reconvergence pessimism
                                 -1.130000    4.527500   output external delay
                                              4.527500   data required time
---------------------------------------------------------------------------------------------
                                              4.527500   data required time
                                             -6.768496   data arrival time
---------------------------------------------------------------------------------------------
                                              2.240996   slack (MET)


Startpoint: _159_ (rising edge-triggered flip-flop clocked by clk)
Endpoint: wbs_dat_o[30] (output port clocked by clk)
Path Group: clk
Path Type: min

Fanout         Cap        Slew       Delay        Time   Description
---------------------------------------------------------------------------------------------
                                  0.000000    0.000000   clock clk (rise edge)
                                  4.650000    4.650000   clock source latency
     2    0.031059    0.610000    0.000000    4.650000 ^ clk (in)
                                                         clk (net)
                      0.616615    0.003225    4.653225 ^ wire3/A (sky130_fd_sc_hd__buf_4)
     3    0.045272    0.136866    0.290779    4.944005 ^ wire3/X (sky130_fd_sc_hd__buf_4)
                                                         net274 (net)
                      0.137375    0.006568    4.950572 ^ wire2/A (sky130_fd_sc_hd__buf_6)
     3    0.077626    0.158030    0.201341    5.151913 ^ wire2/X (sky130_fd_sc_hd__buf_6)
                                                         net273 (net)
                      0.161239    0.017333    5.169246 ^ wire1/A (sky130_fd_sc_hd__buf_6)
     3    0.079944    0.162562    0.208838    5.378083 ^ wire1/X (sky130_fd_sc_hd__buf_6)
                                                         net272 (net)
                      0.166011    0.018219    5.396303 ^ clkbuf_0_clk/A (sky130_fd_sc_hd__clkbuf_16)
     9    0.099226    0.116200    0.218687    5.614990 ^ clkbuf_0_clk/X (sky130_fd_sc_hd__clkbuf_16)
                                                         clknet_0_clk (net)
                      0.116908    0.007117    5.622107 ^ clkbuf_2_2__f_clk/A (sky130_fd_sc_hd__clkbuf_16)
    17    0.095052    0.111770    0.200131    5.822237 ^ clkbuf_2_2__f_clk/X (sky130_fd_sc_hd__clkbuf_16)
                                                         clknet_2_2__leaf_clk (net)
                      0.113151    0.009657    5.831894 ^ _159_/CLK (sky130_fd_sc_hd__dfrtp_4)
     3    0.152305    0.243475    0.645481    6.477376 v _159_/Q (sky130_fd_sc_hd__dfrtp_4)
                                                         net251 (net)
                      0.274825    0.064190    6.541566 v output251/A (sky130_fd_sc_hd__buf_12)
     1    0.191174    0.104976    0.287249    6.828815 v output251/X (sky130_fd_sc_hd__buf_12)
                                                         wbs_dat_o[30] (net)
                      0.105241    0.004470    6.833285 v wbs_dat_o[30] (out)
                                              6.833285   data arrival time

                                  0.000000    0.000000   clock clk (rise edge)
                                  5.570000    5.570000   clock network delay (propagated)
                                  0.087500    5.657500   clock uncertainty
                                  0.000000    5.657500   clock reconvergence pessimism
                                 -1.130000    4.527500   output external delay
                                              4.527500   data required time
---------------------------------------------------------------------------------------------
                                              4.527500   data required time
                                             -6.833285   data arrival time
---------------------------------------------------------------------------------------------
                                              2.305785   slack (MET)


Startpoint: _160_ (rising edge-triggered flip-flop clocked by clk)
Endpoint: wbs_dat_o[31] (output port clocked by clk)
Path Group: clk
Path Type: min

Fanout         Cap        Slew       Delay        Time   Description
---------------------------------------------------------------------------------------------
                                  0.000000    0.000000   clock clk (rise edge)
                                  4.650000    4.650000   clock source latency
     2    0.031059    0.610000    0.000000    4.650000 ^ clk (in)
                                                         clk (net)
                      0.616615    0.003225    4.653225 ^ wire3/A (sky130_fd_sc_hd__buf_4)
     3    0.045272    0.136866    0.290779    4.944005 ^ wire3/X (sky130_fd_sc_hd__buf_4)
                                                         net274 (net)
                      0.137375    0.006568    4.950572 ^ wire2/A (sky130_fd_sc_hd__buf_6)
     3    0.077626    0.158030    0.201341    5.151913 ^ wire2/X (sky130_fd_sc_hd__buf_6)
                                                         net273 (net)
                      0.161239    0.017333    5.169246 ^ wire1/A (sky130_fd_sc_hd__buf_6)
     3    0.079944    0.162562    0.208838    5.378083 ^ wire1/X (sky130_fd_sc_hd__buf_6)
                                                         net272 (net)
                      0.166011    0.018219    5.396303 ^ clkbuf_0_clk/A (sky130_fd_sc_hd__clkbuf_16)
     9    0.099226    0.116200    0.218687    5.614990 ^ clkbuf_0_clk/X (sky130_fd_sc_hd__clkbuf_16)
                                                         clknet_0_clk (net)
                      0.116909    0.007120    5.622110 ^ clkbuf_2_3__f_clk/A (sky130_fd_sc_hd__clkbuf_16)
    21    0.071883    0.090374    0.181675    5.803785 ^ clkbuf_2_3__f_clk/X (sky130_fd_sc_hd__clkbuf_16)
                                                         clknet_2_3__leaf_clk (net)
                      0.092455    0.010445    5.814229 ^ _160_/CLK (sky130_fd_sc_hd__dfrtp_4)
     3    0.169356    0.264517    0.649283    6.463512 v _160_/Q (sky130_fd_sc_hd__dfrtp_4)
                                                         net252 (net)
                      0.306850    0.077763    6.541275 v output252/A (sky130_fd_sc_hd__buf_12)
     1    0.191174    0.105729    0.298978    6.840252 v output252/X (sky130_fd_sc_hd__buf_12)
                                                         wbs_dat_o[31] (net)
                      0.105991    0.004470    6.844723 v wbs_dat_o[31] (out)
                                              6.844723   data arrival time

                                  0.000000    0.000000   clock clk (rise edge)
                                  5.570000    5.570000   clock network delay (propagated)
                                  0.087500    5.657500   clock uncertainty
                                  0.000000    5.657500   clock reconvergence pessimism
                                 -1.130000    4.527500   output external delay
                                              4.527500   data required time
---------------------------------------------------------------------------------------------
                                              4.527500   data required time
                                             -6.844723   data arrival time
---------------------------------------------------------------------------------------------
                                              2.317223   slack (MET)


Startpoint: _128_ (rising edge-triggered flip-flop clocked by clk)
Endpoint: wbs_ack_o (output port clocked by clk)
Path Group: clk
Path Type: min

Fanout         Cap        Slew       Delay        Time   Description
---------------------------------------------------------------------------------------------
                                  0.000000    0.000000   clock clk (rise edge)
                                  4.650000    4.650000   clock source latency
     2    0.031059    0.610000    0.000000    4.650000 ^ clk (in)
                                                         clk (net)
                      0.616615    0.003225    4.653225 ^ wire3/A (sky130_fd_sc_hd__buf_4)
     3    0.045272    0.136866    0.290779    4.944005 ^ wire3/X (sky130_fd_sc_hd__buf_4)
                                                         net274 (net)
                      0.137375    0.006568    4.950572 ^ wire2/A (sky130_fd_sc_hd__buf_6)
     3    0.077626    0.158030    0.201341    5.151913 ^ wire2/X (sky130_fd_sc_hd__buf_6)
                                                         net273 (net)
                      0.161239    0.017333    5.169246 ^ wire1/A (sky130_fd_sc_hd__buf_6)
     3    0.079944    0.162562    0.208838    5.378083 ^ wire1/X (sky130_fd_sc_hd__buf_6)
                                                         net272 (net)
                      0.166011    0.018219    5.396303 ^ clkbuf_0_clk/A (sky130_fd_sc_hd__clkbuf_16)
     9    0.099226    0.116200    0.218687    5.614990 ^ clkbuf_0_clk/X (sky130_fd_sc_hd__clkbuf_16)
                                                         clknet_0_clk (net)
                      0.117074    0.007882    5.622872 ^ clkbuf_2_1__f_clk/A (sky130_fd_sc_hd__clkbuf_16)
    21    0.084691    0.102658    0.190805    5.813677 ^ clkbuf_2_1__f_clk/X (sky130_fd_sc_hd__clkbuf_16)
                                                         clknet_2_1__leaf_clk (net)
                      0.103698    0.008026    5.821703 ^ _128_/CLK (sky130_fd_sc_hd__dfrtp_4)
     3    0.172072    0.250373    0.649009    6.470712 v _128_/Q (sky130_fd_sc_hd__dfrtp_4)
                                                         net227 (net)
                      0.298149    0.080921    6.551634 v output227/A (sky130_fd_sc_hd__buf_12)
     1    0.190938    0.105285    0.295973    6.847606 v output227/X (sky130_fd_sc_hd__buf_12)
                                                         wbs_ack_o (net)
                      0.105509    0.004129    6.851736 v wbs_ack_o (out)
                                              6.851736   data arrival time

                                  0.000000    0.000000   clock clk (rise edge)
                                  5.570000    5.570000   clock network delay (propagated)
                                  0.087500    5.657500   clock uncertainty
                                  0.000000    5.657500   clock reconvergence pessimism
                                 -1.370000    4.287500   output external delay
                                              4.287500   data required time
---------------------------------------------------------------------------------------------
                                              4.287500   data required time
                                             -6.851736   data arrival time
---------------------------------------------------------------------------------------------
                                              2.564235   slack (MET)



