
===========================================================================
report_checks -path_delay max (Setup)
============================================================================
======================= max_tt_025C_1v80 Corner ===================================

Startpoint: wbs_adr_i[31] (input port clocked by clk)
Endpoint: _153_ (rising edge-triggered flip-flop clocked by clk)
Path Group: clk
Path Type: max

Fanout         Cap        Slew       Delay        Time   Description
---------------------------------------------------------------------------------------------
                                  0.000000    0.000000   clock clk (rise edge)
                                  5.570000    5.570000   clock network delay (propagated)
                                  3.890000    9.460000 v input external delay
     2    0.003905    0.920000    0.000000    9.460000 v wbs_adr_i[31] (in)
                                                         wbs_adr_i[31] (net)
                      0.920177    0.000091    9.460091 v hold150/A (sky130_fd_sc_hd__dlygate4sd3_1)
     1    0.004194    0.059943    0.888354   10.348445 v hold150/X (sky130_fd_sc_hd__dlygate4sd3_1)
                                                         net424 (net)
                      0.059943    0.000312   10.348757 v input102/A (sky130_fd_sc_hd__clkbuf_8)
     3    0.074375    0.089254    0.192951   10.541708 v input102/X (sky130_fd_sc_hd__clkbuf_8)
                                                         net102 (net)
                      0.098705    0.022767   10.564475 v hold151/A (sky130_fd_sc_hd__dlygate4sd3_1)
     3    0.065848    0.324439    0.843778   11.408254 v hold151/X (sky130_fd_sc_hd__dlygate4sd3_1)
                                                         net425 (net)
                      0.327015    0.022715   11.430968 v _043_/A (sky130_fd_sc_hd__nor4b_1)
     1    0.003414    0.262225    0.404273   11.835241 ^ _043_/Y (sky130_fd_sc_hd__nor4b_1)
                                                         _034_ (net)
                      0.262225    0.000254   11.835496 ^ hold152/A (sky130_fd_sc_hd__dlygate4sd3_1)
     1    0.003437    0.058298    0.607720   12.443215 ^ hold152/X (sky130_fd_sc_hd__dlygate4sd3_1)
                                                         net426 (net)
                      0.058298    0.000251   12.443467 ^ wire266/A (sky130_fd_sc_hd__buf_2)
     1    0.013533    0.073591    0.137398   12.580865 ^ wire266/X (sky130_fd_sc_hd__buf_2)
                                                         net266 (net)
                      0.073615    0.001280   12.582145 ^ hold153/A (sky130_fd_sc_hd__dlygate4sd3_1)
     5    0.042604    0.420434    0.834612   13.416757 ^ hold153/X (sky130_fd_sc_hd__dlygate4sd3_1)
                                                         net427 (net)
                      0.420502    0.005561   13.422318 ^ fanout263/A (sky130_fd_sc_hd__buf_4)
     1    0.004126    0.036168    0.189174   13.611492 ^ fanout263/X (sky130_fd_sc_hd__buf_4)
                                                         net263 (net)
                      0.036168    0.000180   13.611672 ^ hold154/A (sky130_fd_sc_hd__dlygate4sd3_1)
    33    0.123499    1.188660    1.362945   14.974618 ^ hold154/X (sky130_fd_sc_hd__dlygate4sd3_1)
                                                         net428 (net)
                      1.188677    0.003981   14.978599 ^ _120_/B (sky130_fd_sc_hd__and3_1)
     1    0.005639    0.090689    0.318828   15.297426 ^ _120_/X (sky130_fd_sc_hd__and3_1)
                                                         _017_ (net)
                      0.090690    0.000442   15.297869 ^ _153_/D (sky130_fd_sc_hd__dfrtp_4)
                                             15.297869   data arrival time

                                 25.000000   25.000000   clock clk (rise edge)
                                  4.650000   29.650000   clock source latency
     2    0.032503    0.610000    0.000000   29.650000 ^ clk (in)
                                                         clk (net)
                      0.618598    0.004192   29.654192 ^ wire3/A (sky130_fd_sc_hd__buf_4)
     3    0.046105    0.139175    0.291257   29.945448 ^ wire3/X (sky130_fd_sc_hd__buf_4)
                                                         net274 (net)
                      0.140154    0.009141   29.954590 ^ wire2/A (sky130_fd_sc_hd__buf_6)
     3    0.079184    0.161091    0.201958   30.156546 ^ wire2/X (sky130_fd_sc_hd__buf_6)
                                                         net273 (net)
                      0.166003    0.021522   30.178068 ^ wire1/A (sky130_fd_sc_hd__buf_6)
     3    0.081527    0.165675    0.209788   30.387857 ^ wire1/X (sky130_fd_sc_hd__buf_6)
                                                         net272 (net)
                      0.170972    0.022649   30.410505 ^ clkbuf_0_clk/A (sky130_fd_sc_hd__clkbuf_16)
     9    0.101102    0.118187    0.219661   30.630165 ^ clkbuf_0_clk/X (sky130_fd_sc_hd__clkbuf_16)
                                                         clknet_0_clk (net)
                      0.119566    0.009958   30.640123 ^ clkbuf_2_3__f_clk/A (sky130_fd_sc_hd__clkbuf_16)
    21    0.073875    0.092624    0.181551   30.821674 ^ clkbuf_2_3__f_clk/X (sky130_fd_sc_hd__clkbuf_16)
                                                         clknet_2_3__leaf_clk (net)
                      0.097702    0.016378   30.838053 ^ _153_/CLK (sky130_fd_sc_hd__dfrtp_4)
                                 -0.087500   30.750553   clock uncertainty
                                  0.000000   30.750553   clock reconvergence pessimism
                                 -0.066012   30.684540   library setup time
                                             30.684540   data required time
---------------------------------------------------------------------------------------------
                                             30.684540   data required time
                                            -15.297869   data arrival time
---------------------------------------------------------------------------------------------
                                             15.386672   slack (MET)


Startpoint: wbs_adr_i[31] (input port clocked by clk)
Endpoint: _157_ (rising edge-triggered flip-flop clocked by clk)
Path Group: clk
Path Type: max

Fanout         Cap        Slew       Delay        Time   Description
---------------------------------------------------------------------------------------------
                                  0.000000    0.000000   clock clk (rise edge)
                                  5.570000    5.570000   clock network delay (propagated)
                                  3.890000    9.460000 v input external delay
     2    0.003905    0.920000    0.000000    9.460000 v wbs_adr_i[31] (in)
                                                         wbs_adr_i[31] (net)
                      0.920177    0.000091    9.460091 v hold150/A (sky130_fd_sc_hd__dlygate4sd3_1)
     1    0.004194    0.059943    0.888354   10.348445 v hold150/X (sky130_fd_sc_hd__dlygate4sd3_1)
                                                         net424 (net)
                      0.059943    0.000312   10.348757 v input102/A (sky130_fd_sc_hd__clkbuf_8)
     3    0.074375    0.089254    0.192951   10.541708 v input102/X (sky130_fd_sc_hd__clkbuf_8)
                                                         net102 (net)
                      0.098705    0.022767   10.564475 v hold151/A (sky130_fd_sc_hd__dlygate4sd3_1)
     3    0.065848    0.324439    0.843778   11.408254 v hold151/X (sky130_fd_sc_hd__dlygate4sd3_1)
                                                         net425 (net)
                      0.327015    0.022715   11.430968 v _043_/A (sky130_fd_sc_hd__nor4b_1)
     1    0.003414    0.262225    0.404273   11.835241 ^ _043_/Y (sky130_fd_sc_hd__nor4b_1)
                                                         _034_ (net)
                      0.262225    0.000254   11.835496 ^ hold152/A (sky130_fd_sc_hd__dlygate4sd3_1)
     1    0.003437    0.058298    0.607720   12.443215 ^ hold152/X (sky130_fd_sc_hd__dlygate4sd3_1)
                                                         net426 (net)
                      0.058298    0.000251   12.443467 ^ wire266/A (sky130_fd_sc_hd__buf_2)
     1    0.013533    0.073591    0.137398   12.580865 ^ wire266/X (sky130_fd_sc_hd__buf_2)
                                                         net266 (net)
                      0.073615    0.001280   12.582145 ^ hold153/A (sky130_fd_sc_hd__dlygate4sd3_1)
     5    0.042604    0.420434    0.834612   13.416757 ^ hold153/X (sky130_fd_sc_hd__dlygate4sd3_1)
                                                         net427 (net)
                      0.420502    0.005561   13.422318 ^ fanout263/A (sky130_fd_sc_hd__buf_4)
     1    0.004126    0.036168    0.189174   13.611492 ^ fanout263/X (sky130_fd_sc_hd__buf_4)
                                                         net263 (net)
                      0.036168    0.000180   13.611672 ^ hold154/A (sky130_fd_sc_hd__dlygate4sd3_1)
    33    0.123499    1.188660    1.362945   14.974618 ^ hold154/X (sky130_fd_sc_hd__dlygate4sd3_1)
                                                         net428 (net)
                      1.188774    0.010095   14.984713 ^ _124_/B (sky130_fd_sc_hd__and3_1)
     1    0.003531    0.075673    0.300433   15.285146 ^ _124_/X (sky130_fd_sc_hd__and3_1)
                                                         _021_ (net)
                      0.075673    0.000254   15.285400 ^ _157_/D (sky130_fd_sc_hd__dfrtp_4)
                                             15.285400   data arrival time

                                 25.000000   25.000000   clock clk (rise edge)
                                  4.650000   29.650000   clock source latency
     2    0.032503    0.610000    0.000000   29.650000 ^ clk (in)
                                                         clk (net)
                      0.618598    0.004192   29.654192 ^ wire3/A (sky130_fd_sc_hd__buf_4)
     3    0.046105    0.139175    0.291257   29.945448 ^ wire3/X (sky130_fd_sc_hd__buf_4)
                                                         net274 (net)
                      0.140154    0.009141   29.954590 ^ wire2/A (sky130_fd_sc_hd__buf_6)
     3    0.079184    0.161091    0.201958   30.156546 ^ wire2/X (sky130_fd_sc_hd__buf_6)
                                                         net273 (net)
                      0.166003    0.021522   30.178068 ^ wire1/A (sky130_fd_sc_hd__buf_6)
     3    0.081527    0.165675    0.209788   30.387857 ^ wire1/X (sky130_fd_sc_hd__buf_6)
                                                         net272 (net)
                      0.170972    0.022649   30.410505 ^ clkbuf_0_clk/A (sky130_fd_sc_hd__clkbuf_16)
     9    0.101102    0.118187    0.219661   30.630165 ^ clkbuf_0_clk/X (sky130_fd_sc_hd__clkbuf_16)
                                                         clknet_0_clk (net)
                      0.119566    0.009958   30.640123 ^ clkbuf_2_3__f_clk/A (sky130_fd_sc_hd__clkbuf_16)
    21    0.073875    0.092624    0.181551   30.821674 ^ clkbuf_2_3__f_clk/X (sky130_fd_sc_hd__clkbuf_16)
                                                         clknet_2_3__leaf_clk (net)
                      0.096345    0.013987   30.835663 ^ _157_/CLK (sky130_fd_sc_hd__dfrtp_4)
                                 -0.087500   30.748161   clock uncertainty
                                  0.000000   30.748161   clock reconvergence pessimism
                                 -0.062753   30.685411   library setup time
                                             30.685411   data required time
---------------------------------------------------------------------------------------------
                                             30.685411   data required time
                                            -15.285400   data arrival time
---------------------------------------------------------------------------------------------
                                             15.400011   slack (MET)


Startpoint: wbs_adr_i[31] (input port clocked by clk)
Endpoint: _144_ (rising edge-triggered flip-flop clocked by clk)
Path Group: clk
Path Type: max

Fanout         Cap        Slew       Delay        Time   Description
---------------------------------------------------------------------------------------------
                                  0.000000    0.000000   clock clk (rise edge)
                                  5.570000    5.570000   clock network delay (propagated)
                                  3.890000    9.460000 v input external delay
     2    0.003905    0.920000    0.000000    9.460000 v wbs_adr_i[31] (in)
                                                         wbs_adr_i[31] (net)
                      0.920177    0.000091    9.460091 v hold150/A (sky130_fd_sc_hd__dlygate4sd3_1)
     1    0.004194    0.059943    0.888354   10.348445 v hold150/X (sky130_fd_sc_hd__dlygate4sd3_1)
                                                         net424 (net)
                      0.059943    0.000312   10.348757 v input102/A (sky130_fd_sc_hd__clkbuf_8)
     3    0.074375    0.089254    0.192951   10.541708 v input102/X (sky130_fd_sc_hd__clkbuf_8)
                                                         net102 (net)
                      0.098705    0.022767   10.564475 v hold151/A (sky130_fd_sc_hd__dlygate4sd3_1)
     3    0.065848    0.324439    0.843778   11.408254 v hold151/X (sky130_fd_sc_hd__dlygate4sd3_1)
                                                         net425 (net)
                      0.327015    0.022715   11.430968 v _043_/A (sky130_fd_sc_hd__nor4b_1)
     1    0.003414    0.262225    0.404273   11.835241 ^ _043_/Y (sky130_fd_sc_hd__nor4b_1)
                                                         _034_ (net)
                      0.262225    0.000254   11.835496 ^ hold152/A (sky130_fd_sc_hd__dlygate4sd3_1)
     1    0.003437    0.058298    0.607720   12.443215 ^ hold152/X (sky130_fd_sc_hd__dlygate4sd3_1)
                                                         net426 (net)
                      0.058298    0.000251   12.443467 ^ wire266/A (sky130_fd_sc_hd__buf_2)
     1    0.013533    0.073591    0.137398   12.580865 ^ wire266/X (sky130_fd_sc_hd__buf_2)
                                                         net266 (net)
                      0.073615    0.001280   12.582145 ^ hold153/A (sky130_fd_sc_hd__dlygate4sd3_1)
     5    0.042604    0.420434    0.834612   13.416757 ^ hold153/X (sky130_fd_sc_hd__dlygate4sd3_1)
                                                         net427 (net)
                      0.420502    0.005561   13.422318 ^ fanout263/A (sky130_fd_sc_hd__buf_4)
     1    0.004126    0.036168    0.189174   13.611492 ^ fanout263/X (sky130_fd_sc_hd__buf_4)
                                                         net263 (net)
                      0.036168    0.000180   13.611672 ^ hold154/A (sky130_fd_sc_hd__dlygate4sd3_1)
    33    0.123499    1.188660    1.362945   14.974618 ^ hold154/X (sky130_fd_sc_hd__dlygate4sd3_1)
                                                         net428 (net)
                      1.189666    0.029390   15.004007 ^ _111_/B (sky130_fd_sc_hd__and3_1)
     1    0.003319    0.074026    0.298312   15.302320 ^ _111_/X (sky130_fd_sc_hd__and3_1)
                                                         _007_ (net)
                      0.074026    0.000222   15.302542 ^ _144_/D (sky130_fd_sc_hd__dfrtp_2)
                                             15.302542   data arrival time

                                 25.000000   25.000000   clock clk (rise edge)
                                  4.650000   29.650000   clock source latency
     2    0.032503    0.610000    0.000000   29.650000 ^ clk (in)
                                                         clk (net)
                      0.618598    0.004192   29.654192 ^ wire3/A (sky130_fd_sc_hd__buf_4)
     3    0.046105    0.139175    0.291257   29.945448 ^ wire3/X (sky130_fd_sc_hd__buf_4)
                                                         net274 (net)
                      0.140154    0.009141   29.954590 ^ wire2/A (sky130_fd_sc_hd__buf_6)
     3    0.079184    0.161091    0.201958   30.156546 ^ wire2/X (sky130_fd_sc_hd__buf_6)
                                                         net273 (net)
                      0.166003    0.021522   30.178068 ^ wire1/A (sky130_fd_sc_hd__buf_6)
     3    0.081527    0.165675    0.209788   30.387857 ^ wire1/X (sky130_fd_sc_hd__buf_6)
                                                         net272 (net)
                      0.170972    0.022649   30.410505 ^ clkbuf_0_clk/A (sky130_fd_sc_hd__clkbuf_16)
     9    0.101102    0.118187    0.219661   30.630165 ^ clkbuf_0_clk/X (sky130_fd_sc_hd__clkbuf_16)
                                                         clknet_0_clk (net)
                      0.119567    0.009965   30.640131 ^ clkbuf_2_2__f_clk/A (sky130_fd_sc_hd__clkbuf_16)
    17    0.096608    0.114410    0.199140   30.839272 ^ clkbuf_2_2__f_clk/X (sky130_fd_sc_hd__clkbuf_16)
                                                         clknet_2_2__leaf_clk (net)
                      0.115930    0.010264   30.849535 ^ _144_/CLK (sky130_fd_sc_hd__dfrtp_2)
                                 -0.087500   30.762035   clock uncertainty
                                  0.000000   30.762035   clock reconvergence pessimism
                                 -0.059357   30.702677   library setup time
                                             30.702677   data required time
---------------------------------------------------------------------------------------------
                                             30.702677   data required time
                                            -15.302542   data arrival time
---------------------------------------------------------------------------------------------
                                             15.400135   slack (MET)


Startpoint: wbs_adr_i[31] (input port clocked by clk)
Endpoint: _156_ (rising edge-triggered flip-flop clocked by clk)
Path Group: clk
Path Type: max

Fanout         Cap        Slew       Delay        Time   Description
---------------------------------------------------------------------------------------------
                                  0.000000    0.000000   clock clk (rise edge)
                                  5.570000    5.570000   clock network delay (propagated)
                                  3.890000    9.460000 v input external delay
     2    0.003905    0.920000    0.000000    9.460000 v wbs_adr_i[31] (in)
                                                         wbs_adr_i[31] (net)
                      0.920177    0.000091    9.460091 v hold150/A (sky130_fd_sc_hd__dlygate4sd3_1)
     1    0.004194    0.059943    0.888354   10.348445 v hold150/X (sky130_fd_sc_hd__dlygate4sd3_1)
                                                         net424 (net)
                      0.059943    0.000312   10.348757 v input102/A (sky130_fd_sc_hd__clkbuf_8)
     3    0.074375    0.089254    0.192951   10.541708 v input102/X (sky130_fd_sc_hd__clkbuf_8)
                                                         net102 (net)
                      0.098705    0.022767   10.564475 v hold151/A (sky130_fd_sc_hd__dlygate4sd3_1)
     3    0.065848    0.324439    0.843778   11.408254 v hold151/X (sky130_fd_sc_hd__dlygate4sd3_1)
                                                         net425 (net)
                      0.327015    0.022715   11.430968 v _043_/A (sky130_fd_sc_hd__nor4b_1)
     1    0.003414    0.262225    0.404273   11.835241 ^ _043_/Y (sky130_fd_sc_hd__nor4b_1)
                                                         _034_ (net)
                      0.262225    0.000254   11.835496 ^ hold152/A (sky130_fd_sc_hd__dlygate4sd3_1)
     1    0.003437    0.058298    0.607720   12.443215 ^ hold152/X (sky130_fd_sc_hd__dlygate4sd3_1)
                                                         net426 (net)
                      0.058298    0.000251   12.443467 ^ wire266/A (sky130_fd_sc_hd__buf_2)
     1    0.013533    0.073591    0.137398   12.580865 ^ wire266/X (sky130_fd_sc_hd__buf_2)
                                                         net266 (net)
                      0.073615    0.001280   12.582145 ^ hold153/A (sky130_fd_sc_hd__dlygate4sd3_1)
     5    0.042604    0.420434    0.834612   13.416757 ^ hold153/X (sky130_fd_sc_hd__dlygate4sd3_1)
                                                         net427 (net)
                      0.420502    0.005561   13.422318 ^ fanout263/A (sky130_fd_sc_hd__buf_4)
     1    0.004126    0.036168    0.189174   13.611492 ^ fanout263/X (sky130_fd_sc_hd__buf_4)
                                                         net263 (net)
                      0.036168    0.000180   13.611672 ^ hold154/A (sky130_fd_sc_hd__dlygate4sd3_1)
    33    0.123499    1.188660    1.362945   14.974618 ^ hold154/X (sky130_fd_sc_hd__dlygate4sd3_1)
                                                         net428 (net)
                      1.188757    0.009328   14.983945 ^ _123_/B (sky130_fd_sc_hd__and3_1)
     1    0.003530    0.075667    0.300419   15.284365 ^ _123_/X (sky130_fd_sc_hd__and3_1)
                                                         _020_ (net)
                      0.075667    0.000261   15.284626 ^ _156_/D (sky130_fd_sc_hd__dfrtp_4)
                                             15.284626   data arrival time

                                 25.000000   25.000000   clock clk (rise edge)
                                  4.650000   29.650000   clock source latency
     2    0.032503    0.610000    0.000000   29.650000 ^ clk (in)
                                                         clk (net)
                      0.618598    0.004192   29.654192 ^ wire3/A (sky130_fd_sc_hd__buf_4)
     3    0.046105    0.139175    0.291257   29.945448 ^ wire3/X (sky130_fd_sc_hd__buf_4)
                                                         net274 (net)
                      0.140154    0.009141   29.954590 ^ wire2/A (sky130_fd_sc_hd__buf_6)
     3    0.079184    0.161091    0.201958   30.156546 ^ wire2/X (sky130_fd_sc_hd__buf_6)
                                                         net273 (net)
                      0.166003    0.021522   30.178068 ^ wire1/A (sky130_fd_sc_hd__buf_6)
     3    0.081527    0.165675    0.209788   30.387857 ^ wire1/X (sky130_fd_sc_hd__buf_6)
                                                         net272 (net)
                      0.170972    0.022649   30.410505 ^ clkbuf_0_clk/A (sky130_fd_sc_hd__clkbuf_16)
     9    0.101102    0.118187    0.219661   30.630165 ^ clkbuf_0_clk/X (sky130_fd_sc_hd__clkbuf_16)
                                                         clknet_0_clk (net)
                      0.119566    0.009958   30.640123 ^ clkbuf_2_3__f_clk/A (sky130_fd_sc_hd__clkbuf_16)
    21    0.073875    0.092624    0.181551   30.821674 ^ clkbuf_2_3__f_clk/X (sky130_fd_sc_hd__clkbuf_16)
                                                         clknet_2_3__leaf_clk (net)
                      0.096616    0.014492   30.836166 ^ _156_/CLK (sky130_fd_sc_hd__dfrtp_4)
                                 -0.087500   30.748667   clock uncertainty
                                  0.000000   30.748667   clock reconvergence pessimism
                                 -0.062710   30.685957   library setup time
                                             30.685957   data required time
---------------------------------------------------------------------------------------------
                                             30.685957   data required time
                                            -15.284626   data arrival time
---------------------------------------------------------------------------------------------
                                             15.401332   slack (MET)


Startpoint: wbs_adr_i[31] (input port clocked by clk)
Endpoint: _160_ (rising edge-triggered flip-flop clocked by clk)
Path Group: clk
Path Type: max

Fanout         Cap        Slew       Delay        Time   Description
---------------------------------------------------------------------------------------------
                                  0.000000    0.000000   clock clk (rise edge)
                                  5.570000    5.570000   clock network delay (propagated)
                                  3.890000    9.460000 v input external delay
     2    0.003905    0.920000    0.000000    9.460000 v wbs_adr_i[31] (in)
                                                         wbs_adr_i[31] (net)
                      0.920177    0.000091    9.460091 v hold150/A (sky130_fd_sc_hd__dlygate4sd3_1)
     1    0.004194    0.059943    0.888354   10.348445 v hold150/X (sky130_fd_sc_hd__dlygate4sd3_1)
                                                         net424 (net)
                      0.059943    0.000312   10.348757 v input102/A (sky130_fd_sc_hd__clkbuf_8)
     3    0.074375    0.089254    0.192951   10.541708 v input102/X (sky130_fd_sc_hd__clkbuf_8)
                                                         net102 (net)
                      0.098705    0.022767   10.564475 v hold151/A (sky130_fd_sc_hd__dlygate4sd3_1)
     3    0.065848    0.324439    0.843778   11.408254 v hold151/X (sky130_fd_sc_hd__dlygate4sd3_1)
                                                         net425 (net)
                      0.327015    0.022715   11.430968 v _043_/A (sky130_fd_sc_hd__nor4b_1)
     1    0.003414    0.262225    0.404273   11.835241 ^ _043_/Y (sky130_fd_sc_hd__nor4b_1)
                                                         _034_ (net)
                      0.262225    0.000254   11.835496 ^ hold152/A (sky130_fd_sc_hd__dlygate4sd3_1)
     1    0.003437    0.058298    0.607720   12.443215 ^ hold152/X (sky130_fd_sc_hd__dlygate4sd3_1)
                                                         net426 (net)
                      0.058298    0.000251   12.443467 ^ wire266/A (sky130_fd_sc_hd__buf_2)
     1    0.013533    0.073591    0.137398   12.580865 ^ wire266/X (sky130_fd_sc_hd__buf_2)
                                                         net266 (net)
                      0.073615    0.001280   12.582145 ^ hold153/A (sky130_fd_sc_hd__dlygate4sd3_1)
     5    0.042604    0.420434    0.834612   13.416757 ^ hold153/X (sky130_fd_sc_hd__dlygate4sd3_1)
                                                         net427 (net)
                      0.420502    0.005561   13.422318 ^ fanout263/A (sky130_fd_sc_hd__buf_4)
     1    0.004126    0.036168    0.189174   13.611492 ^ fanout263/X (sky130_fd_sc_hd__buf_4)
                                                         net263 (net)
                      0.036168    0.000180   13.611672 ^ hold154/A (sky130_fd_sc_hd__dlygate4sd3_1)
    33    0.123499    1.188660    1.362945   14.974618 ^ hold154/X (sky130_fd_sc_hd__dlygate4sd3_1)
                                                         net428 (net)
                      1.188746    0.008818   14.983436 ^ _127_/B (sky130_fd_sc_hd__and3_1)
     1    0.003513    0.075549    0.300288   15.283723 ^ _127_/X (sky130_fd_sc_hd__and3_1)
                                                         _025_ (net)
                      0.075549    0.000227   15.283951 ^ _160_/D (sky130_fd_sc_hd__dfrtp_4)
                                             15.283951   data arrival time

                                 25.000000   25.000000   clock clk (rise edge)
                                  4.650000   29.650000   clock source latency
     2    0.032503    0.610000    0.000000   29.650000 ^ clk (in)
                                                         clk (net)
                      0.618598    0.004192   29.654192 ^ wire3/A (sky130_fd_sc_hd__buf_4)
     3    0.046105    0.139175    0.291257   29.945448 ^ wire3/X (sky130_fd_sc_hd__buf_4)
                                                         net274 (net)
                      0.140154    0.009141   29.954590 ^ wire2/A (sky130_fd_sc_hd__buf_6)
     3    0.079184    0.161091    0.201958   30.156546 ^ wire2/X (sky130_fd_sc_hd__buf_6)
                                                         net273 (net)
                      0.166003    0.021522   30.178068 ^ wire1/A (sky130_fd_sc_hd__buf_6)
     3    0.081527    0.165675    0.209788   30.387857 ^ wire1/X (sky130_fd_sc_hd__buf_6)
                                                         net272 (net)
                      0.170972    0.022649   30.410505 ^ clkbuf_0_clk/A (sky130_fd_sc_hd__clkbuf_16)
     9    0.101102    0.118187    0.219661   30.630165 ^ clkbuf_0_clk/X (sky130_fd_sc_hd__clkbuf_16)
                                                         clknet_0_clk (net)
                      0.119566    0.009958   30.640123 ^ clkbuf_2_3__f_clk/A (sky130_fd_sc_hd__clkbuf_16)
    21    0.073875    0.092624    0.181551   30.821674 ^ clkbuf_2_3__f_clk/X (sky130_fd_sc_hd__clkbuf_16)
                                                         clknet_2_3__leaf_clk (net)
                      0.096616    0.014492   30.836166 ^ _160_/CLK (sky130_fd_sc_hd__dfrtp_4)
                                 -0.087500   30.748667   clock uncertainty
                                  0.000000   30.748667   clock reconvergence pessimism
                                 -0.062682   30.685986   library setup time
                                             30.685986   data required time
---------------------------------------------------------------------------------------------
                                             30.685986   data required time
                                            -15.283951   data arrival time
---------------------------------------------------------------------------------------------
                                             15.402036   slack (MET)


Startpoint: wbs_adr_i[31] (input port clocked by clk)
Endpoint: _155_ (rising edge-triggered flip-flop clocked by clk)
Path Group: clk
Path Type: max

Fanout         Cap        Slew       Delay        Time   Description
---------------------------------------------------------------------------------------------
                                  0.000000    0.000000   clock clk (rise edge)
                                  5.570000    5.570000   clock network delay (propagated)
                                  3.890000    9.460000 v input external delay
     2    0.003905    0.920000    0.000000    9.460000 v wbs_adr_i[31] (in)
                                                         wbs_adr_i[31] (net)
                      0.920177    0.000091    9.460091 v hold150/A (sky130_fd_sc_hd__dlygate4sd3_1)
     1    0.004194    0.059943    0.888354   10.348445 v hold150/X (sky130_fd_sc_hd__dlygate4sd3_1)
                                                         net424 (net)
                      0.059943    0.000312   10.348757 v input102/A (sky130_fd_sc_hd__clkbuf_8)
     3    0.074375    0.089254    0.192951   10.541708 v input102/X (sky130_fd_sc_hd__clkbuf_8)
                                                         net102 (net)
                      0.098705    0.022767   10.564475 v hold151/A (sky130_fd_sc_hd__dlygate4sd3_1)
     3    0.065848    0.324439    0.843778   11.408254 v hold151/X (sky130_fd_sc_hd__dlygate4sd3_1)
                                                         net425 (net)
                      0.327015    0.022715   11.430968 v _043_/A (sky130_fd_sc_hd__nor4b_1)
     1    0.003414    0.262225    0.404273   11.835241 ^ _043_/Y (sky130_fd_sc_hd__nor4b_1)
                                                         _034_ (net)
                      0.262225    0.000254   11.835496 ^ hold152/A (sky130_fd_sc_hd__dlygate4sd3_1)
     1    0.003437    0.058298    0.607720   12.443215 ^ hold152/X (sky130_fd_sc_hd__dlygate4sd3_1)
                                                         net426 (net)
                      0.058298    0.000251   12.443467 ^ wire266/A (sky130_fd_sc_hd__buf_2)
     1    0.013533    0.073591    0.137398   12.580865 ^ wire266/X (sky130_fd_sc_hd__buf_2)
                                                         net266 (net)
                      0.073615    0.001280   12.582145 ^ hold153/A (sky130_fd_sc_hd__dlygate4sd3_1)
     5    0.042604    0.420434    0.834612   13.416757 ^ hold153/X (sky130_fd_sc_hd__dlygate4sd3_1)
                                                         net427 (net)
                      0.420502    0.005561   13.422318 ^ fanout263/A (sky130_fd_sc_hd__buf_4)
     1    0.004126    0.036168    0.189174   13.611492 ^ fanout263/X (sky130_fd_sc_hd__buf_4)
                                                         net263 (net)
                      0.036168    0.000180   13.611672 ^ hold154/A (sky130_fd_sc_hd__dlygate4sd3_1)
    33    0.123499    1.188660    1.362945   14.974618 ^ hold154/X (sky130_fd_sc_hd__dlygate4sd3_1)
                                                         net428 (net)
                      1.188714    0.007022   14.981640 ^ _122_/B (sky130_fd_sc_hd__and3_1)
     1    0.003898    0.078183    0.303629   15.285269 ^ _122_/X (sky130_fd_sc_hd__and3_1)
                                                         _019_ (net)
                      0.078183    0.000300   15.285569 ^ _155_/D (sky130_fd_sc_hd__dfrtp_4)
                                             15.285569   data arrival time

                                 25.000000   25.000000   clock clk (rise edge)
                                  4.650000   29.650000   clock source latency
     2    0.032503    0.610000    0.000000   29.650000 ^ clk (in)
                                                         clk (net)
                      0.618598    0.004192   29.654192 ^ wire3/A (sky130_fd_sc_hd__buf_4)
     3    0.046105    0.139175    0.291257   29.945448 ^ wire3/X (sky130_fd_sc_hd__buf_4)
                                                         net274 (net)
                      0.140154    0.009141   29.954590 ^ wire2/A (sky130_fd_sc_hd__buf_6)
     3    0.079184    0.161091    0.201958   30.156546 ^ wire2/X (sky130_fd_sc_hd__buf_6)
                                                         net273 (net)
                      0.166003    0.021522   30.178068 ^ wire1/A (sky130_fd_sc_hd__buf_6)
     3    0.081527    0.165675    0.209788   30.387857 ^ wire1/X (sky130_fd_sc_hd__buf_6)
                                                         net272 (net)
                      0.170972    0.022649   30.410505 ^ clkbuf_0_clk/A (sky130_fd_sc_hd__clkbuf_16)
     9    0.101102    0.118187    0.219661   30.630165 ^ clkbuf_0_clk/X (sky130_fd_sc_hd__clkbuf_16)
                                                         clknet_0_clk (net)
                      0.119566    0.009958   30.640123 ^ clkbuf_2_3__f_clk/A (sky130_fd_sc_hd__clkbuf_16)
    21    0.073875    0.092624    0.181551   30.821674 ^ clkbuf_2_3__f_clk/X (sky130_fd_sc_hd__clkbuf_16)
                                                         clknet_2_3__leaf_clk (net)
                      0.097931    0.016755   30.838430 ^ _155_/CLK (sky130_fd_sc_hd__dfrtp_4)
                                 -0.087500   30.750929   clock uncertainty
                                  0.000000   30.750929   clock reconvergence pessimism
                                 -0.063088   30.687841   library setup time
                                             30.687841   data required time
---------------------------------------------------------------------------------------------
                                             30.687841   data required time
                                            -15.285569   data arrival time
---------------------------------------------------------------------------------------------
                                             15.402272   slack (MET)


Startpoint: wbs_adr_i[31] (input port clocked by clk)
Endpoint: _158_ (rising edge-triggered flip-flop clocked by clk)
Path Group: clk
Path Type: max

Fanout         Cap        Slew       Delay        Time   Description
---------------------------------------------------------------------------------------------
                                  0.000000    0.000000   clock clk (rise edge)
                                  5.570000    5.570000   clock network delay (propagated)
                                  3.890000    9.460000 v input external delay
     2    0.003905    0.920000    0.000000    9.460000 v wbs_adr_i[31] (in)
                                                         wbs_adr_i[31] (net)
                      0.920177    0.000091    9.460091 v hold150/A (sky130_fd_sc_hd__dlygate4sd3_1)
     1    0.004194    0.059943    0.888354   10.348445 v hold150/X (sky130_fd_sc_hd__dlygate4sd3_1)
                                                         net424 (net)
                      0.059943    0.000312   10.348757 v input102/A (sky130_fd_sc_hd__clkbuf_8)
     3    0.074375    0.089254    0.192951   10.541708 v input102/X (sky130_fd_sc_hd__clkbuf_8)
                                                         net102 (net)
                      0.098705    0.022767   10.564475 v hold151/A (sky130_fd_sc_hd__dlygate4sd3_1)
     3    0.065848    0.324439    0.843778   11.408254 v hold151/X (sky130_fd_sc_hd__dlygate4sd3_1)
                                                         net425 (net)
                      0.327015    0.022715   11.430968 v _043_/A (sky130_fd_sc_hd__nor4b_1)
     1    0.003414    0.262225    0.404273   11.835241 ^ _043_/Y (sky130_fd_sc_hd__nor4b_1)
                                                         _034_ (net)
                      0.262225    0.000254   11.835496 ^ hold152/A (sky130_fd_sc_hd__dlygate4sd3_1)
     1    0.003437    0.058298    0.607720   12.443215 ^ hold152/X (sky130_fd_sc_hd__dlygate4sd3_1)
                                                         net426 (net)
                      0.058298    0.000251   12.443467 ^ wire266/A (sky130_fd_sc_hd__buf_2)
     1    0.013533    0.073591    0.137398   12.580865 ^ wire266/X (sky130_fd_sc_hd__buf_2)
                                                         net266 (net)
                      0.073615    0.001280   12.582145 ^ hold153/A (sky130_fd_sc_hd__dlygate4sd3_1)
     5    0.042604    0.420434    0.834612   13.416757 ^ hold153/X (sky130_fd_sc_hd__dlygate4sd3_1)
                                                         net427 (net)
                      0.420502    0.005561   13.422318 ^ fanout263/A (sky130_fd_sc_hd__buf_4)
     1    0.004126    0.036168    0.189174   13.611492 ^ fanout263/X (sky130_fd_sc_hd__buf_4)
                                                         net263 (net)
                      0.036168    0.000180   13.611672 ^ hold154/A (sky130_fd_sc_hd__dlygate4sd3_1)
    33    0.123499    1.188660    1.362945   14.974618 ^ hold154/X (sky130_fd_sc_hd__dlygate4sd3_1)
                                                         net428 (net)
                      1.188728    0.007859   14.982476 ^ _125_/B (sky130_fd_sc_hd__and3_1)
     1    0.003525    0.075626    0.300371   15.282847 ^ _125_/X (sky130_fd_sc_hd__and3_1)
                                                         _022_ (net)
                      0.075626    0.000249   15.283096 ^ _158_/D (sky130_fd_sc_hd__dfrtp_4)
                                             15.283096   data arrival time

                                 25.000000   25.000000   clock clk (rise edge)
                                  4.650000   29.650000   clock source latency
     2    0.032503    0.610000    0.000000   29.650000 ^ clk (in)
                                                         clk (net)
                      0.618598    0.004192   29.654192 ^ wire3/A (sky130_fd_sc_hd__buf_4)
     3    0.046105    0.139175    0.291257   29.945448 ^ wire3/X (sky130_fd_sc_hd__buf_4)
                                                         net274 (net)
                      0.140154    0.009141   29.954590 ^ wire2/A (sky130_fd_sc_hd__buf_6)
     3    0.079184    0.161091    0.201958   30.156546 ^ wire2/X (sky130_fd_sc_hd__buf_6)
                                                         net273 (net)
                      0.166003    0.021522   30.178068 ^ wire1/A (sky130_fd_sc_hd__buf_6)
     3    0.081527    0.165675    0.209788   30.387857 ^ wire1/X (sky130_fd_sc_hd__buf_6)
                                                         net272 (net)
                      0.170972    0.022649   30.410505 ^ clkbuf_0_clk/A (sky130_fd_sc_hd__clkbuf_16)
     9    0.101102    0.118187    0.219661   30.630165 ^ clkbuf_0_clk/X (sky130_fd_sc_hd__clkbuf_16)
                                                         clknet_0_clk (net)
                      0.119566    0.009958   30.640123 ^ clkbuf_2_3__f_clk/A (sky130_fd_sc_hd__clkbuf_16)
    21    0.073875    0.092624    0.181551   30.821674 ^ clkbuf_2_3__f_clk/X (sky130_fd_sc_hd__clkbuf_16)
                                                         clknet_2_3__leaf_clk (net)
                      0.096778    0.014786   30.836462 ^ _158_/CLK (sky130_fd_sc_hd__dfrtp_4)
                                 -0.087500   30.748962   clock uncertainty
                                  0.000000   30.748962   clock reconvergence pessimism
                                 -0.062675   30.686289   library setup time
                                             30.686289   data required time
---------------------------------------------------------------------------------------------
                                             30.686289   data required time
                                            -15.283096   data arrival time
---------------------------------------------------------------------------------------------
                                             15.403193   slack (MET)


Startpoint: wbs_adr_i[31] (input port clocked by clk)
Endpoint: _145_ (rising edge-triggered flip-flop clocked by clk)
Path Group: clk
Path Type: max

Fanout         Cap        Slew       Delay        Time   Description
---------------------------------------------------------------------------------------------
                                  0.000000    0.000000   clock clk (rise edge)
                                  5.570000    5.570000   clock network delay (propagated)
                                  3.890000    9.460000 v input external delay
     2    0.003905    0.920000    0.000000    9.460000 v wbs_adr_i[31] (in)
                                                         wbs_adr_i[31] (net)
                      0.920177    0.000091    9.460091 v hold150/A (sky130_fd_sc_hd__dlygate4sd3_1)
     1    0.004194    0.059943    0.888354   10.348445 v hold150/X (sky130_fd_sc_hd__dlygate4sd3_1)
                                                         net424 (net)
                      0.059943    0.000312   10.348757 v input102/A (sky130_fd_sc_hd__clkbuf_8)
     3    0.074375    0.089254    0.192951   10.541708 v input102/X (sky130_fd_sc_hd__clkbuf_8)
                                                         net102 (net)
                      0.098705    0.022767   10.564475 v hold151/A (sky130_fd_sc_hd__dlygate4sd3_1)
     3    0.065848    0.324439    0.843778   11.408254 v hold151/X (sky130_fd_sc_hd__dlygate4sd3_1)
                                                         net425 (net)
                      0.327015    0.022715   11.430968 v _043_/A (sky130_fd_sc_hd__nor4b_1)
     1    0.003414    0.262225    0.404273   11.835241 ^ _043_/Y (sky130_fd_sc_hd__nor4b_1)
                                                         _034_ (net)
                      0.262225    0.000254   11.835496 ^ hold152/A (sky130_fd_sc_hd__dlygate4sd3_1)
     1    0.003437    0.058298    0.607720   12.443215 ^ hold152/X (sky130_fd_sc_hd__dlygate4sd3_1)
                                                         net426 (net)
                      0.058298    0.000251   12.443467 ^ wire266/A (sky130_fd_sc_hd__buf_2)
     1    0.013533    0.073591    0.137398   12.580865 ^ wire266/X (sky130_fd_sc_hd__buf_2)
                                                         net266 (net)
                      0.073615    0.001280   12.582145 ^ hold153/A (sky130_fd_sc_hd__dlygate4sd3_1)
     5    0.042604    0.420434    0.834612   13.416757 ^ hold153/X (sky130_fd_sc_hd__dlygate4sd3_1)
                                                         net427 (net)
                      0.420502    0.005561   13.422318 ^ fanout263/A (sky130_fd_sc_hd__buf_4)
     1    0.004126    0.036168    0.189174   13.611492 ^ fanout263/X (sky130_fd_sc_hd__buf_4)
                                                         net263 (net)
                      0.036168    0.000180   13.611672 ^ hold154/A (sky130_fd_sc_hd__dlygate4sd3_1)
    33    0.123499    1.188660    1.362945   14.974618 ^ hold154/X (sky130_fd_sc_hd__dlygate4sd3_1)
                                                         net428 (net)
                      1.189544    0.027594   15.002212 ^ _112_/B (sky130_fd_sc_hd__and3_1)
     1    0.002983    0.070982    0.294174   15.296385 ^ _112_/X (sky130_fd_sc_hd__and3_1)
                                                         _008_ (net)
                      0.070982    0.000203   15.296588 ^ _145_/D (sky130_fd_sc_hd__dfrtp_2)
                                             15.296588   data arrival time

                                 25.000000   25.000000   clock clk (rise edge)
                                  4.650000   29.650000   clock source latency
     2    0.032503    0.610000    0.000000   29.650000 ^ clk (in)
                                                         clk (net)
                      0.618598    0.004192   29.654192 ^ wire3/A (sky130_fd_sc_hd__buf_4)
     3    0.046105    0.139175    0.291257   29.945448 ^ wire3/X (sky130_fd_sc_hd__buf_4)
                                                         net274 (net)
                      0.140154    0.009141   29.954590 ^ wire2/A (sky130_fd_sc_hd__buf_6)
     3    0.079184    0.161091    0.201958   30.156546 ^ wire2/X (sky130_fd_sc_hd__buf_6)
                                                         net273 (net)
                      0.166003    0.021522   30.178068 ^ wire1/A (sky130_fd_sc_hd__buf_6)
     3    0.081527    0.165675    0.209788   30.387857 ^ wire1/X (sky130_fd_sc_hd__buf_6)
                                                         net272 (net)
                      0.170972    0.022649   30.410505 ^ clkbuf_0_clk/A (sky130_fd_sc_hd__clkbuf_16)
     9    0.101102    0.118187    0.219661   30.630165 ^ clkbuf_0_clk/X (sky130_fd_sc_hd__clkbuf_16)
                                                         clknet_0_clk (net)
                      0.119567    0.009965   30.640131 ^ clkbuf_2_2__f_clk/A (sky130_fd_sc_hd__clkbuf_16)
    17    0.096608    0.114410    0.199140   30.839272 ^ clkbuf_2_2__f_clk/X (sky130_fd_sc_hd__clkbuf_16)
                                                         clknet_2_2__leaf_clk (net)
                      0.115484    0.008704   30.847975 ^ _145_/CLK (sky130_fd_sc_hd__dfrtp_2)
                                 -0.087500   30.760475   clock uncertainty
                                  0.000000   30.760475   clock reconvergence pessimism
                                 -0.058725   30.701750   library setup time
                                             30.701750   data required time
---------------------------------------------------------------------------------------------
                                             30.701750   data required time
                                            -15.296588   data arrival time
---------------------------------------------------------------------------------------------
                                             15.405162   slack (MET)


Startpoint: wbs_adr_i[31] (input port clocked by clk)
Endpoint: _152_ (rising edge-triggered flip-flop clocked by clk)
Path Group: clk
Path Type: max

Fanout         Cap        Slew       Delay        Time   Description
---------------------------------------------------------------------------------------------
                                  0.000000    0.000000   clock clk (rise edge)
                                  5.570000    5.570000   clock network delay (propagated)
                                  3.890000    9.460000 v input external delay
     2    0.003905    0.920000    0.000000    9.460000 v wbs_adr_i[31] (in)
                                                         wbs_adr_i[31] (net)
                      0.920177    0.000091    9.460091 v hold150/A (sky130_fd_sc_hd__dlygate4sd3_1)
     1    0.004194    0.059943    0.888354   10.348445 v hold150/X (sky130_fd_sc_hd__dlygate4sd3_1)
                                                         net424 (net)
                      0.059943    0.000312   10.348757 v input102/A (sky130_fd_sc_hd__clkbuf_8)
     3    0.074375    0.089254    0.192951   10.541708 v input102/X (sky130_fd_sc_hd__clkbuf_8)
                                                         net102 (net)
                      0.098705    0.022767   10.564475 v hold151/A (sky130_fd_sc_hd__dlygate4sd3_1)
     3    0.065848    0.324439    0.843778   11.408254 v hold151/X (sky130_fd_sc_hd__dlygate4sd3_1)
                                                         net425 (net)
                      0.327015    0.022715   11.430968 v _043_/A (sky130_fd_sc_hd__nor4b_1)
     1    0.003414    0.262225    0.404273   11.835241 ^ _043_/Y (sky130_fd_sc_hd__nor4b_1)
                                                         _034_ (net)
                      0.262225    0.000254   11.835496 ^ hold152/A (sky130_fd_sc_hd__dlygate4sd3_1)
     1    0.003437    0.058298    0.607720   12.443215 ^ hold152/X (sky130_fd_sc_hd__dlygate4sd3_1)
                                                         net426 (net)
                      0.058298    0.000251   12.443467 ^ wire266/A (sky130_fd_sc_hd__buf_2)
     1    0.013533    0.073591    0.137398   12.580865 ^ wire266/X (sky130_fd_sc_hd__buf_2)
                                                         net266 (net)
                      0.073615    0.001280   12.582145 ^ hold153/A (sky130_fd_sc_hd__dlygate4sd3_1)
     5    0.042604    0.420434    0.834612   13.416757 ^ hold153/X (sky130_fd_sc_hd__dlygate4sd3_1)
                                                         net427 (net)
                      0.420502    0.005561   13.422318 ^ fanout263/A (sky130_fd_sc_hd__buf_4)
     1    0.004126    0.036168    0.189174   13.611492 ^ fanout263/X (sky130_fd_sc_hd__buf_4)
                                                         net263 (net)
                      0.036168    0.000180   13.611672 ^ hold154/A (sky130_fd_sc_hd__dlygate4sd3_1)
    33    0.123499    1.188660    1.362945   14.974618 ^ hold154/X (sky130_fd_sc_hd__dlygate4sd3_1)
                                                         net428 (net)
                      1.188675    0.003819   14.978436 ^ _119_/B (sky130_fd_sc_hd__and3_1)
     1    0.003881    0.078061    0.303494   15.281931 ^ _119_/X (sky130_fd_sc_hd__and3_1)
                                                         _016_ (net)
                      0.078061    0.000252   15.282183 ^ _152_/D (sky130_fd_sc_hd__dfrtp_4)
                                             15.282183   data arrival time

                                 25.000000   25.000000   clock clk (rise edge)
                                  4.650000   29.650000   clock source latency
     2    0.032503    0.610000    0.000000   29.650000 ^ clk (in)
                                                         clk (net)
                      0.618598    0.004192   29.654192 ^ wire3/A (sky130_fd_sc_hd__buf_4)
     3    0.046105    0.139175    0.291257   29.945448 ^ wire3/X (sky130_fd_sc_hd__buf_4)
                                                         net274 (net)
                      0.140154    0.009141   29.954590 ^ wire2/A (sky130_fd_sc_hd__buf_6)
     3    0.079184    0.161091    0.201958   30.156546 ^ wire2/X (sky130_fd_sc_hd__buf_6)
                                                         net273 (net)
                      0.166003    0.021522   30.178068 ^ wire1/A (sky130_fd_sc_hd__buf_6)
     3    0.081527    0.165675    0.209788   30.387857 ^ wire1/X (sky130_fd_sc_hd__buf_6)
                                                         net272 (net)
                      0.170972    0.022649   30.410505 ^ clkbuf_0_clk/A (sky130_fd_sc_hd__clkbuf_16)
     9    0.101102    0.118187    0.219661   30.630165 ^ clkbuf_0_clk/X (sky130_fd_sc_hd__clkbuf_16)
                                                         clknet_0_clk (net)
                      0.119566    0.009958   30.640123 ^ clkbuf_2_3__f_clk/A (sky130_fd_sc_hd__clkbuf_16)
    21    0.073875    0.092624    0.181551   30.821674 ^ clkbuf_2_3__f_clk/X (sky130_fd_sc_hd__clkbuf_16)
                                                         clknet_2_3__leaf_clk (net)
                      0.097925    0.016744   30.838419 ^ _152_/CLK (sky130_fd_sc_hd__dfrtp_4)
                                 -0.087500   30.750919   clock uncertainty
                                  0.000000   30.750919   clock reconvergence pessimism
                                 -0.063061   30.687859   library setup time
                                             30.687859   data required time
---------------------------------------------------------------------------------------------
                                             30.687859   data required time
                                            -15.282183   data arrival time
---------------------------------------------------------------------------------------------
                                             15.405675   slack (MET)


Startpoint: wbs_adr_i[31] (input port clocked by clk)
Endpoint: _147_ (rising edge-triggered flip-flop clocked by clk)
Path Group: clk
Path Type: max

Fanout         Cap        Slew       Delay        Time   Description
---------------------------------------------------------------------------------------------
                                  0.000000    0.000000   clock clk (rise edge)
                                  5.570000    5.570000   clock network delay (propagated)
                                  3.890000    9.460000 v input external delay
     2    0.003905    0.920000    0.000000    9.460000 v wbs_adr_i[31] (in)
                                                         wbs_adr_i[31] (net)
                      0.920177    0.000091    9.460091 v hold150/A (sky130_fd_sc_hd__dlygate4sd3_1)
     1    0.004194    0.059943    0.888354   10.348445 v hold150/X (sky130_fd_sc_hd__dlygate4sd3_1)
                                                         net424 (net)
                      0.059943    0.000312   10.348757 v input102/A (sky130_fd_sc_hd__clkbuf_8)
     3    0.074375    0.089254    0.192951   10.541708 v input102/X (sky130_fd_sc_hd__clkbuf_8)
                                                         net102 (net)
                      0.098705    0.022767   10.564475 v hold151/A (sky130_fd_sc_hd__dlygate4sd3_1)
     3    0.065848    0.324439    0.843778   11.408254 v hold151/X (sky130_fd_sc_hd__dlygate4sd3_1)
                                                         net425 (net)
                      0.327015    0.022715   11.430968 v _043_/A (sky130_fd_sc_hd__nor4b_1)
     1    0.003414    0.262225    0.404273   11.835241 ^ _043_/Y (sky130_fd_sc_hd__nor4b_1)
                                                         _034_ (net)
                      0.262225    0.000254   11.835496 ^ hold152/A (sky130_fd_sc_hd__dlygate4sd3_1)
     1    0.003437    0.058298    0.607720   12.443215 ^ hold152/X (sky130_fd_sc_hd__dlygate4sd3_1)
                                                         net426 (net)
                      0.058298    0.000251   12.443467 ^ wire266/A (sky130_fd_sc_hd__buf_2)
     1    0.013533    0.073591    0.137398   12.580865 ^ wire266/X (sky130_fd_sc_hd__buf_2)
                                                         net266 (net)
                      0.073615    0.001280   12.582145 ^ hold153/A (sky130_fd_sc_hd__dlygate4sd3_1)
     5    0.042604    0.420434    0.834612   13.416757 ^ hold153/X (sky130_fd_sc_hd__dlygate4sd3_1)
                                                         net427 (net)
                      0.420502    0.005561   13.422318 ^ fanout263/A (sky130_fd_sc_hd__buf_4)
     1    0.004126    0.036168    0.189174   13.611492 ^ fanout263/X (sky130_fd_sc_hd__buf_4)
                                                         net263 (net)
                      0.036168    0.000180   13.611672 ^ hold154/A (sky130_fd_sc_hd__dlygate4sd3_1)
    33    0.123499    1.188660    1.362945   14.974618 ^ hold154/X (sky130_fd_sc_hd__dlygate4sd3_1)
                                                         net428 (net)
                      1.189075    0.019041   14.993658 ^ _114_/B (sky130_fd_sc_hd__and3_1)
     1    0.003699    0.076822    0.301920   15.295579 ^ _114_/X (sky130_fd_sc_hd__and3_1)
                                                         _010_ (net)
                      0.076822    0.000256   15.295835 ^ _147_/D (sky130_fd_sc_hd__dfrtp_2)
                                             15.295835   data arrival time

                                 25.000000   25.000000   clock clk (rise edge)
                                  4.650000   29.650000   clock source latency
     2    0.032503    0.610000    0.000000   29.650000 ^ clk (in)
                                                         clk (net)
                      0.618598    0.004192   29.654192 ^ wire3/A (sky130_fd_sc_hd__buf_4)
     3    0.046105    0.139175    0.291257   29.945448 ^ wire3/X (sky130_fd_sc_hd__buf_4)
                                                         net274 (net)
                      0.140154    0.009141   29.954590 ^ wire2/A (sky130_fd_sc_hd__buf_6)
     3    0.079184    0.161091    0.201958   30.156546 ^ wire2/X (sky130_fd_sc_hd__buf_6)
                                                         net273 (net)
                      0.166003    0.021522   30.178068 ^ wire1/A (sky130_fd_sc_hd__buf_6)
     3    0.081527    0.165675    0.209788   30.387857 ^ wire1/X (sky130_fd_sc_hd__buf_6)
                                                         net272 (net)
                      0.170972    0.022649   30.410505 ^ clkbuf_0_clk/A (sky130_fd_sc_hd__clkbuf_16)
     9    0.101102    0.118187    0.219661   30.630165 ^ clkbuf_0_clk/X (sky130_fd_sc_hd__clkbuf_16)
                                                         clknet_0_clk (net)
                      0.119567    0.009965   30.640131 ^ clkbuf_2_2__f_clk/A (sky130_fd_sc_hd__clkbuf_16)
    17    0.096608    0.114410    0.199140   30.839272 ^ clkbuf_2_2__f_clk/X (sky130_fd_sc_hd__clkbuf_16)
                                                         clknet_2_2__leaf_clk (net)
                      0.116741    0.012612   30.851883 ^ _147_/CLK (sky130_fd_sc_hd__dfrtp_2)
                                 -0.087500   30.764383   clock uncertainty
                                  0.000000   30.764383   clock reconvergence pessimism
                                 -0.059875   30.704510   library setup time
                                             30.704510   data required time
---------------------------------------------------------------------------------------------
                                             30.704510   data required time
                                            -15.295835   data arrival time
---------------------------------------------------------------------------------------------
                                             15.408675   slack (MET)


Startpoint: wbs_adr_i[31] (input port clocked by clk)
Endpoint: _154_ (rising edge-triggered flip-flop clocked by clk)
Path Group: clk
Path Type: max

Fanout         Cap        Slew       Delay        Time   Description
---------------------------------------------------------------------------------------------
                                  0.000000    0.000000   clock clk (rise edge)
                                  5.570000    5.570000   clock network delay (propagated)
                                  3.890000    9.460000 v input external delay
     2    0.003905    0.920000    0.000000    9.460000 v wbs_adr_i[31] (in)
                                                         wbs_adr_i[31] (net)
                      0.920177    0.000091    9.460091 v hold150/A (sky130_fd_sc_hd__dlygate4sd3_1)
     1    0.004194    0.059943    0.888354   10.348445 v hold150/X (sky130_fd_sc_hd__dlygate4sd3_1)
                                                         net424 (net)
                      0.059943    0.000312   10.348757 v input102/A (sky130_fd_sc_hd__clkbuf_8)
     3    0.074375    0.089254    0.192951   10.541708 v input102/X (sky130_fd_sc_hd__clkbuf_8)
                                                         net102 (net)
                      0.098705    0.022767   10.564475 v hold151/A (sky130_fd_sc_hd__dlygate4sd3_1)
     3    0.065848    0.324439    0.843778   11.408254 v hold151/X (sky130_fd_sc_hd__dlygate4sd3_1)
                                                         net425 (net)
                      0.327015    0.022715   11.430968 v _043_/A (sky130_fd_sc_hd__nor4b_1)
     1    0.003414    0.262225    0.404273   11.835241 ^ _043_/Y (sky130_fd_sc_hd__nor4b_1)
                                                         _034_ (net)
                      0.262225    0.000254   11.835496 ^ hold152/A (sky130_fd_sc_hd__dlygate4sd3_1)
     1    0.003437    0.058298    0.607720   12.443215 ^ hold152/X (sky130_fd_sc_hd__dlygate4sd3_1)
                                                         net426 (net)
                      0.058298    0.000251   12.443467 ^ wire266/A (sky130_fd_sc_hd__buf_2)
     1    0.013533    0.073591    0.137398   12.580865 ^ wire266/X (sky130_fd_sc_hd__buf_2)
                                                         net266 (net)
                      0.073615    0.001280   12.582145 ^ hold153/A (sky130_fd_sc_hd__dlygate4sd3_1)
     5    0.042604    0.420434    0.834612   13.416757 ^ hold153/X (sky130_fd_sc_hd__dlygate4sd3_1)
                                                         net427 (net)
                      0.420502    0.005561   13.422318 ^ fanout263/A (sky130_fd_sc_hd__buf_4)
     1    0.004126    0.036168    0.189174   13.611492 ^ fanout263/X (sky130_fd_sc_hd__buf_4)
                                                         net263 (net)
                      0.036168    0.000180   13.611672 ^ hold154/A (sky130_fd_sc_hd__dlygate4sd3_1)
    33    0.123499    1.188660    1.362945   14.974618 ^ hold154/X (sky130_fd_sc_hd__dlygate4sd3_1)
                                                         net428 (net)
                      1.188677    0.004015   14.978632 ^ _121_/B (sky130_fd_sc_hd__and3_1)
     1    0.003440    0.075044    0.299636   15.278268 ^ _121_/X (sky130_fd_sc_hd__and3_1)
                                                         _018_ (net)
                      0.075044    0.000220   15.278488 ^ _154_/D (sky130_fd_sc_hd__dfrtp_4)
                                             15.278488   data arrival time

                                 25.000000   25.000000   clock clk (rise edge)
                                  4.650000   29.650000   clock source latency
     2    0.032503    0.610000    0.000000   29.650000 ^ clk (in)
                                                         clk (net)
                      0.618598    0.004192   29.654192 ^ wire3/A (sky130_fd_sc_hd__buf_4)
     3    0.046105    0.139175    0.291257   29.945448 ^ wire3/X (sky130_fd_sc_hd__buf_4)
                                                         net274 (net)
                      0.140154    0.009141   29.954590 ^ wire2/A (sky130_fd_sc_hd__buf_6)
     3    0.079184    0.161091    0.201958   30.156546 ^ wire2/X (sky130_fd_sc_hd__buf_6)
                                                         net273 (net)
                      0.166003    0.021522   30.178068 ^ wire1/A (sky130_fd_sc_hd__buf_6)
     3    0.081527    0.165675    0.209788   30.387857 ^ wire1/X (sky130_fd_sc_hd__buf_6)
                                                         net272 (net)
                      0.170972    0.022649   30.410505 ^ clkbuf_0_clk/A (sky130_fd_sc_hd__clkbuf_16)
     9    0.101102    0.118187    0.219661   30.630165 ^ clkbuf_0_clk/X (sky130_fd_sc_hd__clkbuf_16)
                                                         clknet_0_clk (net)
                      0.119566    0.009958   30.640123 ^ clkbuf_2_3__f_clk/A (sky130_fd_sc_hd__clkbuf_16)
    21    0.073875    0.092624    0.181551   30.821674 ^ clkbuf_2_3__f_clk/X (sky130_fd_sc_hd__clkbuf_16)
                                                         clknet_2_3__leaf_clk (net)
                      0.097883    0.016676   30.838352 ^ _154_/CLK (sky130_fd_sc_hd__dfrtp_4)
                                 -0.087500   30.750851   clock uncertainty
                                  0.000000   30.750851   clock reconvergence pessimism
                                 -0.062370   30.688480   library setup time
                                             30.688480   data required time
---------------------------------------------------------------------------------------------
                                             30.688480   data required time
                                            -15.278488   data arrival time
---------------------------------------------------------------------------------------------
                                             15.409992   slack (MET)


Startpoint: wbs_adr_i[31] (input port clocked by clk)
Endpoint: _151_ (rising edge-triggered flip-flop clocked by clk)
Path Group: clk
Path Type: max

Fanout         Cap        Slew       Delay        Time   Description
---------------------------------------------------------------------------------------------
                                  0.000000    0.000000   clock clk (rise edge)
                                  5.570000    5.570000   clock network delay (propagated)
                                  3.890000    9.460000 v input external delay
     2    0.003905    0.920000    0.000000    9.460000 v wbs_adr_i[31] (in)
                                                         wbs_adr_i[31] (net)
                      0.920177    0.000091    9.460091 v hold150/A (sky130_fd_sc_hd__dlygate4sd3_1)
     1    0.004194    0.059943    0.888354   10.348445 v hold150/X (sky130_fd_sc_hd__dlygate4sd3_1)
                                                         net424 (net)
                      0.059943    0.000312   10.348757 v input102/A (sky130_fd_sc_hd__clkbuf_8)
     3    0.074375    0.089254    0.192951   10.541708 v input102/X (sky130_fd_sc_hd__clkbuf_8)
                                                         net102 (net)
                      0.098705    0.022767   10.564475 v hold151/A (sky130_fd_sc_hd__dlygate4sd3_1)
     3    0.065848    0.324439    0.843778   11.408254 v hold151/X (sky130_fd_sc_hd__dlygate4sd3_1)
                                                         net425 (net)
                      0.327015    0.022715   11.430968 v _043_/A (sky130_fd_sc_hd__nor4b_1)
     1    0.003414    0.262225    0.404273   11.835241 ^ _043_/Y (sky130_fd_sc_hd__nor4b_1)
                                                         _034_ (net)
                      0.262225    0.000254   11.835496 ^ hold152/A (sky130_fd_sc_hd__dlygate4sd3_1)
     1    0.003437    0.058298    0.607720   12.443215 ^ hold152/X (sky130_fd_sc_hd__dlygate4sd3_1)
                                                         net426 (net)
                      0.058298    0.000251   12.443467 ^ wire266/A (sky130_fd_sc_hd__buf_2)
     1    0.013533    0.073591    0.137398   12.580865 ^ wire266/X (sky130_fd_sc_hd__buf_2)
                                                         net266 (net)
                      0.073615    0.001280   12.582145 ^ hold153/A (sky130_fd_sc_hd__dlygate4sd3_1)
     5    0.042604    0.420434    0.834612   13.416757 ^ hold153/X (sky130_fd_sc_hd__dlygate4sd3_1)
                                                         net427 (net)
                      0.420502    0.005561   13.422318 ^ fanout263/A (sky130_fd_sc_hd__buf_4)
     1    0.004126    0.036168    0.189174   13.611492 ^ fanout263/X (sky130_fd_sc_hd__buf_4)
                                                         net263 (net)
                      0.036168    0.000180   13.611672 ^ hold154/A (sky130_fd_sc_hd__dlygate4sd3_1)
    33    0.123499    1.188660    1.362945   14.974618 ^ hold154/X (sky130_fd_sc_hd__dlygate4sd3_1)
                                                         net428 (net)
                      1.188721    0.007446   14.982064 ^ _118_/B (sky130_fd_sc_hd__and3_1)
     1    0.002856    0.069833    0.292555   15.274619 ^ _118_/X (sky130_fd_sc_hd__and3_1)
                                                         _015_ (net)
                      0.069833    0.000192   15.274811 ^ _151_/D (sky130_fd_sc_hd__dfrtp_4)
                                             15.274811   data arrival time

                                 25.000000   25.000000   clock clk (rise edge)
                                  4.650000   29.650000   clock source latency
     2    0.032503    0.610000    0.000000   29.650000 ^ clk (in)
                                                         clk (net)
                      0.618598    0.004192   29.654192 ^ wire3/A (sky130_fd_sc_hd__buf_4)
     3    0.046105    0.139175    0.291257   29.945448 ^ wire3/X (sky130_fd_sc_hd__buf_4)
                                                         net274 (net)
                      0.140154    0.009141   29.954590 ^ wire2/A (sky130_fd_sc_hd__buf_6)
     3    0.079184    0.161091    0.201958   30.156546 ^ wire2/X (sky130_fd_sc_hd__buf_6)
                                                         net273 (net)
                      0.166003    0.021522   30.178068 ^ wire1/A (sky130_fd_sc_hd__buf_6)
     3    0.081527    0.165675    0.209788   30.387857 ^ wire1/X (sky130_fd_sc_hd__buf_6)
                                                         net272 (net)
                      0.170972    0.022649   30.410505 ^ clkbuf_0_clk/A (sky130_fd_sc_hd__clkbuf_16)
     9    0.101102    0.118187    0.219661   30.630165 ^ clkbuf_0_clk/X (sky130_fd_sc_hd__clkbuf_16)
                                                         clknet_0_clk (net)
                      0.119566    0.009958   30.640123 ^ clkbuf_2_3__f_clk/A (sky130_fd_sc_hd__clkbuf_16)
    21    0.073875    0.092624    0.181551   30.821674 ^ clkbuf_2_3__f_clk/X (sky130_fd_sc_hd__clkbuf_16)
                                                         clknet_2_3__leaf_clk (net)
                      0.097977    0.016829   30.838505 ^ _151_/CLK (sky130_fd_sc_hd__dfrtp_4)
                                 -0.087500   30.751005   clock uncertainty
                                  0.000000   30.751005   clock reconvergence pessimism
                                 -0.061153   30.689852   library setup time
                                             30.689852   data required time
---------------------------------------------------------------------------------------------
                                             30.689852   data required time
                                            -15.274811   data arrival time
---------------------------------------------------------------------------------------------
                                             15.415040   slack (MET)


Startpoint: wbs_adr_i[31] (input port clocked by clk)
Endpoint: _148_ (rising edge-triggered flip-flop clocked by clk)
Path Group: clk
Path Type: max

Fanout         Cap        Slew       Delay        Time   Description
---------------------------------------------------------------------------------------------
                                  0.000000    0.000000   clock clk (rise edge)
                                  5.570000    5.570000   clock network delay (propagated)
                                  3.890000    9.460000 v input external delay
     2    0.003905    0.920000    0.000000    9.460000 v wbs_adr_i[31] (in)
                                                         wbs_adr_i[31] (net)
                      0.920177    0.000091    9.460091 v hold150/A (sky130_fd_sc_hd__dlygate4sd3_1)
     1    0.004194    0.059943    0.888354   10.348445 v hold150/X (sky130_fd_sc_hd__dlygate4sd3_1)
                                                         net424 (net)
                      0.059943    0.000312   10.348757 v input102/A (sky130_fd_sc_hd__clkbuf_8)
     3    0.074375    0.089254    0.192951   10.541708 v input102/X (sky130_fd_sc_hd__clkbuf_8)
                                                         net102 (net)
                      0.098705    0.022767   10.564475 v hold151/A (sky130_fd_sc_hd__dlygate4sd3_1)
     3    0.065848    0.324439    0.843778   11.408254 v hold151/X (sky130_fd_sc_hd__dlygate4sd3_1)
                                                         net425 (net)
                      0.327015    0.022715   11.430968 v _043_/A (sky130_fd_sc_hd__nor4b_1)
     1    0.003414    0.262225    0.404273   11.835241 ^ _043_/Y (sky130_fd_sc_hd__nor4b_1)
                                                         _034_ (net)
                      0.262225    0.000254   11.835496 ^ hold152/A (sky130_fd_sc_hd__dlygate4sd3_1)
     1    0.003437    0.058298    0.607720   12.443215 ^ hold152/X (sky130_fd_sc_hd__dlygate4sd3_1)
                                                         net426 (net)
                      0.058298    0.000251   12.443467 ^ wire266/A (sky130_fd_sc_hd__buf_2)
     1    0.013533    0.073591    0.137398   12.580865 ^ wire266/X (sky130_fd_sc_hd__buf_2)
                                                         net266 (net)
                      0.073615    0.001280   12.582145 ^ hold153/A (sky130_fd_sc_hd__dlygate4sd3_1)
     5    0.042604    0.420434    0.834612   13.416757 ^ hold153/X (sky130_fd_sc_hd__dlygate4sd3_1)
                                                         net427 (net)
                      0.420502    0.005561   13.422318 ^ fanout263/A (sky130_fd_sc_hd__buf_4)
     1    0.004126    0.036168    0.189174   13.611492 ^ fanout263/X (sky130_fd_sc_hd__buf_4)
                                                         net263 (net)
                      0.036168    0.000180   13.611672 ^ hold154/A (sky130_fd_sc_hd__dlygate4sd3_1)
    33    0.123499    1.188660    1.362945   14.974618 ^ hold154/X (sky130_fd_sc_hd__dlygate4sd3_1)
                                                         net428 (net)
                      1.188884    0.014060   14.988677 ^ _115_/B (sky130_fd_sc_hd__and3_1)
     1    0.003685    0.076727    0.301805   15.290483 ^ _115_/X (sky130_fd_sc_hd__and3_1)
                                                         _011_ (net)
                      0.076727    0.000227   15.290709 ^ _148_/D (sky130_fd_sc_hd__dfrtp_4)
                                             15.290709   data arrival time

                                 25.000000   25.000000   clock clk (rise edge)
                                  4.650000   29.650000   clock source latency
     2    0.032503    0.610000    0.000000   29.650000 ^ clk (in)
                                                         clk (net)
                      0.618598    0.004192   29.654192 ^ wire3/A (sky130_fd_sc_hd__buf_4)
     3    0.046105    0.139175    0.291257   29.945448 ^ wire3/X (sky130_fd_sc_hd__buf_4)
                                                         net274 (net)
                      0.140154    0.009141   29.954590 ^ wire2/A (sky130_fd_sc_hd__buf_6)
     3    0.079184    0.161091    0.201958   30.156546 ^ wire2/X (sky130_fd_sc_hd__buf_6)
                                                         net273 (net)
                      0.166003    0.021522   30.178068 ^ wire1/A (sky130_fd_sc_hd__buf_6)
     3    0.081527    0.165675    0.209788   30.387857 ^ wire1/X (sky130_fd_sc_hd__buf_6)
                                                         net272 (net)
                      0.170972    0.022649   30.410505 ^ clkbuf_0_clk/A (sky130_fd_sc_hd__clkbuf_16)
     9    0.101102    0.118187    0.219661   30.630165 ^ clkbuf_0_clk/X (sky130_fd_sc_hd__clkbuf_16)
                                                         clknet_0_clk (net)
                      0.119567    0.009965   30.640131 ^ clkbuf_2_2__f_clk/A (sky130_fd_sc_hd__clkbuf_16)
    17    0.096608    0.114410    0.199140   30.839272 ^ clkbuf_2_2__f_clk/X (sky130_fd_sc_hd__clkbuf_16)
                                                         clknet_2_2__leaf_clk (net)
                      0.117234    0.013856   30.853127 ^ _148_/CLK (sky130_fd_sc_hd__dfrtp_4)
                                 -0.087500   30.765627   clock uncertainty
                                  0.000000   30.765627   clock reconvergence pessimism
                                 -0.059777   30.705849   library setup time
                                             30.705849   data required time
---------------------------------------------------------------------------------------------
                                             30.705849   data required time
                                            -15.290709   data arrival time
---------------------------------------------------------------------------------------------
                                             15.415140   slack (MET)


Startpoint: wbs_adr_i[31] (input port clocked by clk)
Endpoint: _149_ (rising edge-triggered flip-flop clocked by clk)
Path Group: clk
Path Type: max

Fanout         Cap        Slew       Delay        Time   Description
---------------------------------------------------------------------------------------------
                                  0.000000    0.000000   clock clk (rise edge)
                                  5.570000    5.570000   clock network delay (propagated)
                                  3.890000    9.460000 v input external delay
     2    0.003905    0.920000    0.000000    9.460000 v wbs_adr_i[31] (in)
                                                         wbs_adr_i[31] (net)
                      0.920177    0.000091    9.460091 v hold150/A (sky130_fd_sc_hd__dlygate4sd3_1)
     1    0.004194    0.059943    0.888354   10.348445 v hold150/X (sky130_fd_sc_hd__dlygate4sd3_1)
                                                         net424 (net)
                      0.059943    0.000312   10.348757 v input102/A (sky130_fd_sc_hd__clkbuf_8)
     3    0.074375    0.089254    0.192951   10.541708 v input102/X (sky130_fd_sc_hd__clkbuf_8)
                                                         net102 (net)
                      0.098705    0.022767   10.564475 v hold151/A (sky130_fd_sc_hd__dlygate4sd3_1)
     3    0.065848    0.324439    0.843778   11.408254 v hold151/X (sky130_fd_sc_hd__dlygate4sd3_1)
                                                         net425 (net)
                      0.327015    0.022715   11.430968 v _043_/A (sky130_fd_sc_hd__nor4b_1)
     1    0.003414    0.262225    0.404273   11.835241 ^ _043_/Y (sky130_fd_sc_hd__nor4b_1)
                                                         _034_ (net)
                      0.262225    0.000254   11.835496 ^ hold152/A (sky130_fd_sc_hd__dlygate4sd3_1)
     1    0.003437    0.058298    0.607720   12.443215 ^ hold152/X (sky130_fd_sc_hd__dlygate4sd3_1)
                                                         net426 (net)
                      0.058298    0.000251   12.443467 ^ wire266/A (sky130_fd_sc_hd__buf_2)
     1    0.013533    0.073591    0.137398   12.580865 ^ wire266/X (sky130_fd_sc_hd__buf_2)
                                                         net266 (net)
                      0.073615    0.001280   12.582145 ^ hold153/A (sky130_fd_sc_hd__dlygate4sd3_1)
     5    0.042604    0.420434    0.834612   13.416757 ^ hold153/X (sky130_fd_sc_hd__dlygate4sd3_1)
                                                         net427 (net)
                      0.420502    0.005561   13.422318 ^ fanout263/A (sky130_fd_sc_hd__buf_4)
     1    0.004126    0.036168    0.189174   13.611492 ^ fanout263/X (sky130_fd_sc_hd__buf_4)
                                                         net263 (net)
                      0.036168    0.000180   13.611672 ^ hold154/A (sky130_fd_sc_hd__dlygate4sd3_1)
    33    0.123499    1.188660    1.362945   14.974618 ^ hold154/X (sky130_fd_sc_hd__dlygate4sd3_1)
                                                         net428 (net)
                      1.188758    0.009379   14.983996 ^ _116_/B (sky130_fd_sc_hd__and3_1)
     1    0.003650    0.076483    0.301476   15.285473 ^ _116_/X (sky130_fd_sc_hd__and3_1)
                                                         _013_ (net)
                      0.076483    0.000242   15.285714 ^ _149_/D (sky130_fd_sc_hd__dfrtp_4)
                                             15.285714   data arrival time

                                 25.000000   25.000000   clock clk (rise edge)
                                  4.650000   29.650000   clock source latency
     2    0.032503    0.610000    0.000000   29.650000 ^ clk (in)
                                                         clk (net)
                      0.618598    0.004192   29.654192 ^ wire3/A (sky130_fd_sc_hd__buf_4)
     3    0.046105    0.139175    0.291257   29.945448 ^ wire3/X (sky130_fd_sc_hd__buf_4)
                                                         net274 (net)
                      0.140154    0.009141   29.954590 ^ wire2/A (sky130_fd_sc_hd__buf_6)
     3    0.079184    0.161091    0.201958   30.156546 ^ wire2/X (sky130_fd_sc_hd__buf_6)
                                                         net273 (net)
                      0.166003    0.021522   30.178068 ^ wire1/A (sky130_fd_sc_hd__buf_6)
     3    0.081527    0.165675    0.209788   30.387857 ^ wire1/X (sky130_fd_sc_hd__buf_6)
                                                         net272 (net)
                      0.170972    0.022649   30.410505 ^ clkbuf_0_clk/A (sky130_fd_sc_hd__clkbuf_16)
     9    0.101102    0.118187    0.219661   30.630165 ^ clkbuf_0_clk/X (sky130_fd_sc_hd__clkbuf_16)
                                                         clknet_0_clk (net)
                      0.119567    0.009965   30.640131 ^ clkbuf_2_2__f_clk/A (sky130_fd_sc_hd__clkbuf_16)
    17    0.096608    0.114410    0.199140   30.839272 ^ clkbuf_2_2__f_clk/X (sky130_fd_sc_hd__clkbuf_16)
                                                         clknet_2_2__leaf_clk (net)
                      0.117513    0.014513   30.853785 ^ _149_/CLK (sky130_fd_sc_hd__dfrtp_4)
                                 -0.087500   30.766285   clock uncertainty
                                  0.000000   30.766285   clock reconvergence pessimism
                                 -0.059678   30.706606   library setup time
                                             30.706606   data required time
---------------------------------------------------------------------------------------------
                                             30.706606   data required time
                                            -15.285714   data arrival time
---------------------------------------------------------------------------------------------
                                             15.420892   slack (MET)


Startpoint: wbs_adr_i[31] (input port clocked by clk)
Endpoint: _159_ (rising edge-triggered flip-flop clocked by clk)
Path Group: clk
Path Type: max

Fanout         Cap        Slew       Delay        Time   Description
---------------------------------------------------------------------------------------------
                                  0.000000    0.000000   clock clk (rise edge)
                                  5.570000    5.570000   clock network delay (propagated)
                                  3.890000    9.460000 v input external delay
     2    0.003905    0.920000    0.000000    9.460000 v wbs_adr_i[31] (in)
                                                         wbs_adr_i[31] (net)
                      0.920177    0.000091    9.460091 v hold150/A (sky130_fd_sc_hd__dlygate4sd3_1)
     1    0.004194    0.059943    0.888354   10.348445 v hold150/X (sky130_fd_sc_hd__dlygate4sd3_1)
                                                         net424 (net)
                      0.059943    0.000312   10.348757 v input102/A (sky130_fd_sc_hd__clkbuf_8)
     3    0.074375    0.089254    0.192951   10.541708 v input102/X (sky130_fd_sc_hd__clkbuf_8)
                                                         net102 (net)
                      0.098705    0.022767   10.564475 v hold151/A (sky130_fd_sc_hd__dlygate4sd3_1)
     3    0.065848    0.324439    0.843778   11.408254 v hold151/X (sky130_fd_sc_hd__dlygate4sd3_1)
                                                         net425 (net)
                      0.327015    0.022715   11.430968 v _043_/A (sky130_fd_sc_hd__nor4b_1)
     1    0.003414    0.262225    0.404273   11.835241 ^ _043_/Y (sky130_fd_sc_hd__nor4b_1)
                                                         _034_ (net)
                      0.262225    0.000254   11.835496 ^ hold152/A (sky130_fd_sc_hd__dlygate4sd3_1)
     1    0.003437    0.058298    0.607720   12.443215 ^ hold152/X (sky130_fd_sc_hd__dlygate4sd3_1)
                                                         net426 (net)
                      0.058298    0.000251   12.443467 ^ wire266/A (sky130_fd_sc_hd__buf_2)
     1    0.013533    0.073591    0.137398   12.580865 ^ wire266/X (sky130_fd_sc_hd__buf_2)
                                                         net266 (net)
                      0.073615    0.001280   12.582145 ^ hold153/A (sky130_fd_sc_hd__dlygate4sd3_1)
     5    0.042604    0.420434    0.834612   13.416757 ^ hold153/X (sky130_fd_sc_hd__dlygate4sd3_1)
                                                         net427 (net)
                      0.420502    0.005561   13.422318 ^ fanout263/A (sky130_fd_sc_hd__buf_4)
     1    0.004126    0.036168    0.189174   13.611492 ^ fanout263/X (sky130_fd_sc_hd__buf_4)
                                                         net263 (net)
                      0.036168    0.000180   13.611672 ^ hold154/A (sky130_fd_sc_hd__dlygate4sd3_1)
    33    0.123499    1.188660    1.362945   14.974618 ^ hold154/X (sky130_fd_sc_hd__dlygate4sd3_1)
                                                         net428 (net)
                      1.188676    0.003951   14.978568 ^ _126_/B (sky130_fd_sc_hd__and3_1)
     1    0.004160    0.079973    0.305947   15.284515 ^ _126_/X (sky130_fd_sc_hd__and3_1)
                                                         _024_ (net)
                      0.079999    0.000265   15.284781 ^ _159_/D (sky130_fd_sc_hd__dfrtp_4)
                                             15.284781   data arrival time

                                 25.000000   25.000000   clock clk (rise edge)
                                  4.650000   29.650000   clock source latency
     2    0.032503    0.610000    0.000000   29.650000 ^ clk (in)
                                                         clk (net)
                      0.618598    0.004192   29.654192 ^ wire3/A (sky130_fd_sc_hd__buf_4)
     3    0.046105    0.139175    0.291257   29.945448 ^ wire3/X (sky130_fd_sc_hd__buf_4)
                                                         net274 (net)
                      0.140154    0.009141   29.954590 ^ wire2/A (sky130_fd_sc_hd__buf_6)
     3    0.079184    0.161091    0.201958   30.156546 ^ wire2/X (sky130_fd_sc_hd__buf_6)
                                                         net273 (net)
                      0.166003    0.021522   30.178068 ^ wire1/A (sky130_fd_sc_hd__buf_6)
     3    0.081527    0.165675    0.209788   30.387857 ^ wire1/X (sky130_fd_sc_hd__buf_6)
                                                         net272 (net)
                      0.170972    0.022649   30.410505 ^ clkbuf_0_clk/A (sky130_fd_sc_hd__clkbuf_16)
     9    0.101102    0.118187    0.219661   30.630165 ^ clkbuf_0_clk/X (sky130_fd_sc_hd__clkbuf_16)
                                                         clknet_0_clk (net)
                      0.119567    0.009965   30.640131 ^ clkbuf_2_2__f_clk/A (sky130_fd_sc_hd__clkbuf_16)
    17    0.096608    0.114410    0.199140   30.839272 ^ clkbuf_2_2__f_clk/X (sky130_fd_sc_hd__clkbuf_16)
                                                         clknet_2_2__leaf_clk (net)
                      0.117896    0.015373   30.854645 ^ _159_/CLK (sky130_fd_sc_hd__dfrtp_4)
                                 -0.087500   30.767145   clock uncertainty
                                  0.000000   30.767145   clock reconvergence pessimism
                                 -0.060428   30.706717   library setup time
                                             30.706717   data required time
---------------------------------------------------------------------------------------------
                                             30.706717   data required time
                                            -15.284781   data arrival time
---------------------------------------------------------------------------------------------
                                             15.421936   slack (MET)


Startpoint: wbs_adr_i[31] (input port clocked by clk)
Endpoint: _150_ (rising edge-triggered flip-flop clocked by clk)
Path Group: clk
Path Type: max

Fanout         Cap        Slew       Delay        Time   Description
---------------------------------------------------------------------------------------------
                                  0.000000    0.000000   clock clk (rise edge)
                                  5.570000    5.570000   clock network delay (propagated)
                                  3.890000    9.460000 v input external delay
     2    0.003905    0.920000    0.000000    9.460000 v wbs_adr_i[31] (in)
                                                         wbs_adr_i[31] (net)
                      0.920177    0.000091    9.460091 v hold150/A (sky130_fd_sc_hd__dlygate4sd3_1)
     1    0.004194    0.059943    0.888354   10.348445 v hold150/X (sky130_fd_sc_hd__dlygate4sd3_1)
                                                         net424 (net)
                      0.059943    0.000312   10.348757 v input102/A (sky130_fd_sc_hd__clkbuf_8)
     3    0.074375    0.089254    0.192951   10.541708 v input102/X (sky130_fd_sc_hd__clkbuf_8)
                                                         net102 (net)
                      0.098705    0.022767   10.564475 v hold151/A (sky130_fd_sc_hd__dlygate4sd3_1)
     3    0.065848    0.324439    0.843778   11.408254 v hold151/X (sky130_fd_sc_hd__dlygate4sd3_1)
                                                         net425 (net)
                      0.327015    0.022715   11.430968 v _043_/A (sky130_fd_sc_hd__nor4b_1)
     1    0.003414    0.262225    0.404273   11.835241 ^ _043_/Y (sky130_fd_sc_hd__nor4b_1)
                                                         _034_ (net)
                      0.262225    0.000254   11.835496 ^ hold152/A (sky130_fd_sc_hd__dlygate4sd3_1)
     1    0.003437    0.058298    0.607720   12.443215 ^ hold152/X (sky130_fd_sc_hd__dlygate4sd3_1)
                                                         net426 (net)
                      0.058298    0.000251   12.443467 ^ wire266/A (sky130_fd_sc_hd__buf_2)
     1    0.013533    0.073591    0.137398   12.580865 ^ wire266/X (sky130_fd_sc_hd__buf_2)
                                                         net266 (net)
                      0.073615    0.001280   12.582145 ^ hold153/A (sky130_fd_sc_hd__dlygate4sd3_1)
     5    0.042604    0.420434    0.834612   13.416757 ^ hold153/X (sky130_fd_sc_hd__dlygate4sd3_1)
                                                         net427 (net)
                      0.420502    0.005561   13.422318 ^ fanout263/A (sky130_fd_sc_hd__buf_4)
     1    0.004126    0.036168    0.189174   13.611492 ^ fanout263/X (sky130_fd_sc_hd__buf_4)
                                                         net263 (net)
                      0.036168    0.000180   13.611672 ^ hold154/A (sky130_fd_sc_hd__dlygate4sd3_1)
    33    0.123499    1.188660    1.362945   14.974618 ^ hold154/X (sky130_fd_sc_hd__dlygate4sd3_1)
                                                         net428 (net)
                      1.188736    0.008260   14.982878 ^ _117_/B (sky130_fd_sc_hd__and3_1)
     1    0.003711    0.076905    0.302000   15.284878 ^ _117_/X (sky130_fd_sc_hd__and3_1)
                                                         _014_ (net)
                      0.076905    0.000275   15.285153 ^ _150_/D (sky130_fd_sc_hd__dfrtp_4)
                                             15.285153   data arrival time

                                 25.000000   25.000000   clock clk (rise edge)
                                  4.650000   29.650000   clock source latency
     2    0.032503    0.610000    0.000000   29.650000 ^ clk (in)
                                                         clk (net)
                      0.618598    0.004192   29.654192 ^ wire3/A (sky130_fd_sc_hd__buf_4)
     3    0.046105    0.139175    0.291257   29.945448 ^ wire3/X (sky130_fd_sc_hd__buf_4)
                                                         net274 (net)
                      0.140154    0.009141   29.954590 ^ wire2/A (sky130_fd_sc_hd__buf_6)
     3    0.079184    0.161091    0.201958   30.156546 ^ wire2/X (sky130_fd_sc_hd__buf_6)
                                                         net273 (net)
                      0.166003    0.021522   30.178068 ^ wire1/A (sky130_fd_sc_hd__buf_6)
     3    0.081527    0.165675    0.209788   30.387857 ^ wire1/X (sky130_fd_sc_hd__buf_6)
                                                         net272 (net)
                      0.170972    0.022649   30.410505 ^ clkbuf_0_clk/A (sky130_fd_sc_hd__clkbuf_16)
     9    0.101102    0.118187    0.219661   30.630165 ^ clkbuf_0_clk/X (sky130_fd_sc_hd__clkbuf_16)
                                                         clknet_0_clk (net)
                      0.119567    0.009965   30.640131 ^ clkbuf_2_2__f_clk/A (sky130_fd_sc_hd__clkbuf_16)
    17    0.096608    0.114410    0.199140   30.839272 ^ clkbuf_2_2__f_clk/X (sky130_fd_sc_hd__clkbuf_16)
                                                         clknet_2_2__leaf_clk (net)
                      0.117763    0.015078   30.854349 ^ _150_/CLK (sky130_fd_sc_hd__dfrtp_4)
                                 -0.087500   30.766850   clock uncertainty
                                  0.000000   30.766850   clock reconvergence pessimism
                                 -0.059737   30.707113   library setup time
                                             30.707113   data required time
---------------------------------------------------------------------------------------------
                                             30.707113   data required time
                                            -15.285153   data arrival time
---------------------------------------------------------------------------------------------
                                             15.421961   slack (MET)


Startpoint: wbs_adr_i[17] (input port clocked by clk)
Endpoint: _146_ (rising edge-triggered flip-flop clocked by clk)
Path Group: clk
Path Type: max

Fanout         Cap        Slew       Delay        Time   Description
---------------------------------------------------------------------------------------------
                                  0.000000    0.000000   clock clk (rise edge)
                                  5.570000    5.570000   clock network delay (propagated)
                                  3.890000    9.460000 v input external delay
     2    0.004133    0.920000    0.000000    9.460000 v wbs_adr_i[17] (in)
                                                         wbs_adr_i[17] (net)
                      0.920179    0.000091    9.460092 v hold1/A (sky130_fd_sc_hd__dlygate4sd3_1)
     1    0.002744    0.052872    0.877082   10.337173 v hold1/X (sky130_fd_sc_hd__dlygate4sd3_1)
                                                         net275 (net)
                      0.052872    0.000202   10.337375 v input87/A (sky130_fd_sc_hd__clkbuf_1)
     1    0.002844    0.026793    0.093347   10.430721 v input87/X (sky130_fd_sc_hd__clkbuf_1)
                                                         net87 (net)
                      0.026793    0.000121   10.430842 v hold2/A (sky130_fd_sc_hd__dlygate4sd3_1)
     1    0.003023    0.054571    0.556672   10.987514 v hold2/X (sky130_fd_sc_hd__dlygate4sd3_1)
                                                         net276 (net)
                      0.054571    0.000121   10.987635 v _044_/A (sky130_fd_sc_hd__or4_1)
     1    0.004044    0.091210    0.540591   11.528226 v _044_/X (sky130_fd_sc_hd__or4_1)
                                                         _035_ (net)
                      0.091210    0.000296   11.528522 v hold3/A (sky130_fd_sc_hd__dlygate4sd3_1)
     1    0.004689    0.062508    0.596935   12.125457 v hold3/X (sky130_fd_sc_hd__dlygate4sd3_1)
                                                         net277 (net)
                      0.062508    0.000217   12.125673 v _048_/A (sky130_fd_sc_hd__nor4_1)
     1    0.008100    0.402112    0.424303   12.549976 ^ _048_/Y (sky130_fd_sc_hd__nor4_1)
                                                         _039_ (net)
                      0.402114    0.000702   12.550678 ^ hold4/A (sky130_fd_sc_hd__dlygate4sd3_1)
     1    0.007983    0.098352    0.662729   13.213408 ^ hold4/X (sky130_fd_sc_hd__dlygate4sd3_1)
                                                         net278 (net)
                      0.098352    0.000674   13.214082 ^ wire262/A (sky130_fd_sc_hd__buf_2)
     1    0.011780    0.066175    0.146448   13.360530 ^ wire262/X (sky130_fd_sc_hd__buf_2)
                                                         net262 (net)
                      0.066196    0.001152   13.361682 ^ hold5/A (sky130_fd_sc_hd__dlygate4sd3_1)
     7    0.058970    0.574465    0.943819   14.305501 ^ hold5/X (sky130_fd_sc_hd__dlygate4sd3_1)
                                                         net279 (net)
                      0.574465    0.002434   14.307936 ^ _113_/C (sky130_fd_sc_hd__and3_1)
     1    0.002566    0.054643    0.233950   14.541885 ^ _113_/X (sky130_fd_sc_hd__and3_1)
                                                         _009_ (net)
                      0.054643    0.000191   14.542076 ^ hold6/A (sky130_fd_sc_hd__dlygate4sd3_1)
     1    0.002390    0.049428    0.547376   15.089452 ^ hold6/X (sky130_fd_sc_hd__dlygate4sd3_1)
                                                         net280 (net)
                      0.049428    0.000171   15.089622 ^ _146_/D (sky130_fd_sc_hd__dfrtp_2)
                                             15.089622   data arrival time

                                 25.000000   25.000000   clock clk (rise edge)
                                  4.650000   29.650000   clock source latency
     2    0.032503    0.610000    0.000000   29.650000 ^ clk (in)
                                                         clk (net)
                      0.618598    0.004192   29.654192 ^ wire3/A (sky130_fd_sc_hd__buf_4)
     3    0.046105    0.139175    0.291257   29.945448 ^ wire3/X (sky130_fd_sc_hd__buf_4)
                                                         net274 (net)
                      0.140154    0.009141   29.954590 ^ wire2/A (sky130_fd_sc_hd__buf_6)
     3    0.079184    0.161091    0.201958   30.156546 ^ wire2/X (sky130_fd_sc_hd__buf_6)
                                                         net273 (net)
                      0.166003    0.021522   30.178068 ^ wire1/A (sky130_fd_sc_hd__buf_6)
     3    0.081527    0.165675    0.209788   30.387857 ^ wire1/X (sky130_fd_sc_hd__buf_6)
                                                         net272 (net)
                      0.170972    0.022649   30.410505 ^ clkbuf_0_clk/A (sky130_fd_sc_hd__clkbuf_16)
     9    0.101102    0.118187    0.219661   30.630165 ^ clkbuf_0_clk/X (sky130_fd_sc_hd__clkbuf_16)
                                                         clknet_0_clk (net)
                      0.119566    0.009958   30.640123 ^ clkbuf_2_3__f_clk/A (sky130_fd_sc_hd__clkbuf_16)
    21    0.073875    0.092624    0.181551   30.821674 ^ clkbuf_2_3__f_clk/X (sky130_fd_sc_hd__clkbuf_16)
                                                         clknet_2_3__leaf_clk (net)
                      0.093227    0.005898   30.827572 ^ _146_/CLK (sky130_fd_sc_hd__dfrtp_2)
                                 -0.087500   30.740072   clock uncertainty
                                  0.000000   30.740072   clock reconvergence pessimism
                                 -0.057166   30.682905   library setup time
                                             30.682905   data required time
---------------------------------------------------------------------------------------------
                                             30.682905   data required time
                                            -15.089622   data arrival time
---------------------------------------------------------------------------------------------
                                             15.593284   slack (MET)


Startpoint: wbs_adr_i[17] (input port clocked by clk)
Endpoint: _133_ (rising edge-triggered flip-flop clocked by clk)
Path Group: clk
Path Type: max

Fanout         Cap        Slew       Delay        Time   Description
---------------------------------------------------------------------------------------------
                                  0.000000    0.000000   clock clk (rise edge)
                                  5.570000    5.570000   clock network delay (propagated)
                                  3.890000    9.460000 v input external delay
     2    0.004133    0.920000    0.000000    9.460000 v wbs_adr_i[17] (in)
                                                         wbs_adr_i[17] (net)
                      0.920179    0.000091    9.460092 v hold1/A (sky130_fd_sc_hd__dlygate4sd3_1)
     1    0.002744    0.052872    0.877082   10.337173 v hold1/X (sky130_fd_sc_hd__dlygate4sd3_1)
                                                         net275 (net)
                      0.052872    0.000202   10.337375 v input87/A (sky130_fd_sc_hd__clkbuf_1)
     1    0.002844    0.026793    0.093347   10.430721 v input87/X (sky130_fd_sc_hd__clkbuf_1)
                                                         net87 (net)
                      0.026793    0.000121   10.430842 v hold2/A (sky130_fd_sc_hd__dlygate4sd3_1)
     1    0.003023    0.054571    0.556672   10.987514 v hold2/X (sky130_fd_sc_hd__dlygate4sd3_1)
                                                         net276 (net)
                      0.054571    0.000121   10.987635 v _044_/A (sky130_fd_sc_hd__or4_1)
     1    0.004044    0.091210    0.540591   11.528226 v _044_/X (sky130_fd_sc_hd__or4_1)
                                                         _035_ (net)
                      0.091210    0.000296   11.528522 v hold3/A (sky130_fd_sc_hd__dlygate4sd3_1)
     1    0.004689    0.062508    0.596935   12.125457 v hold3/X (sky130_fd_sc_hd__dlygate4sd3_1)
                                                         net277 (net)
                      0.062508    0.000217   12.125673 v _048_/A (sky130_fd_sc_hd__nor4_1)
     1    0.008100    0.402112    0.424303   12.549976 ^ _048_/Y (sky130_fd_sc_hd__nor4_1)
                                                         _039_ (net)
                      0.402114    0.000702   12.550678 ^ hold4/A (sky130_fd_sc_hd__dlygate4sd3_1)
     1    0.007983    0.098352    0.662729   13.213408 ^ hold4/X (sky130_fd_sc_hd__dlygate4sd3_1)
                                                         net278 (net)
                      0.098352    0.000674   13.214082 ^ wire262/A (sky130_fd_sc_hd__buf_2)
     1    0.011780    0.066175    0.146448   13.360530 ^ wire262/X (sky130_fd_sc_hd__buf_2)
                                                         net262 (net)
                      0.066196    0.001152   13.361682 ^ hold5/A (sky130_fd_sc_hd__dlygate4sd3_1)
     7    0.058970    0.574465    0.943819   14.305501 ^ hold5/X (sky130_fd_sc_hd__dlygate4sd3_1)
                                                         net279 (net)
                      0.574607    0.009016   14.314517 ^ fanout261/A (sky130_fd_sc_hd__buf_4)
    33    0.129737    0.357911    0.442634   14.757152 ^ fanout261/X (sky130_fd_sc_hd__buf_4)
                                                         net261 (net)
                      0.365178    0.041677   14.798828 ^ _100_/C (sky130_fd_sc_hd__and3_1)
     1    0.004637    0.069876    0.225573   15.024402 ^ _100_/X (sky130_fd_sc_hd__and3_1)
                                                         _027_ (net)
                      0.069877    0.000341   15.024743 ^ _133_/D (sky130_fd_sc_hd__dfrtp_4)
                                             15.024743   data arrival time

                                 25.000000   25.000000   clock clk (rise edge)
                                  4.650000   29.650000   clock source latency
     2    0.032503    0.610000    0.000000   29.650000 ^ clk (in)
                                                         clk (net)
                      0.618598    0.004192   29.654192 ^ wire3/A (sky130_fd_sc_hd__buf_4)
     3    0.046105    0.139175    0.291257   29.945448 ^ wire3/X (sky130_fd_sc_hd__buf_4)
                                                         net274 (net)
                      0.140154    0.009141   29.954590 ^ wire2/A (sky130_fd_sc_hd__buf_6)
     3    0.079184    0.161091    0.201958   30.156546 ^ wire2/X (sky130_fd_sc_hd__buf_6)
                                                         net273 (net)
                      0.166003    0.021522   30.178068 ^ wire1/A (sky130_fd_sc_hd__buf_6)
     3    0.081527    0.165675    0.209788   30.387857 ^ wire1/X (sky130_fd_sc_hd__buf_6)
                                                         net272 (net)
                      0.170972    0.022649   30.410505 ^ clkbuf_0_clk/A (sky130_fd_sc_hd__clkbuf_16)
     9    0.101102    0.118187    0.219661   30.630165 ^ clkbuf_0_clk/X (sky130_fd_sc_hd__clkbuf_16)
                                                         clknet_0_clk (net)
                      0.120014    0.011415   30.641581 ^ clkbuf_2_1__f_clk/A (sky130_fd_sc_hd__clkbuf_16)
    21    0.087636    0.106165    0.190433   30.832014 ^ clkbuf_2_1__f_clk/X (sky130_fd_sc_hd__clkbuf_16)
                                                         clknet_2_1__leaf_clk (net)
                      0.112361    0.019462   30.851475 ^ _133_/CLK (sky130_fd_sc_hd__dfrtp_4)
                                 -0.087500   30.763975   clock uncertainty
                                  0.000000   30.763975   clock reconvergence pessimism
                                 -0.058951   30.705025   library setup time
                                             30.705025   data required time
---------------------------------------------------------------------------------------------
                                             30.705025   data required time
                                            -15.024743   data arrival time
---------------------------------------------------------------------------------------------
                                             15.680283   slack (MET)


Startpoint: wbs_adr_i[17] (input port clocked by clk)
Endpoint: _132_ (rising edge-triggered flip-flop clocked by clk)
Path Group: clk
Path Type: max

Fanout         Cap        Slew       Delay        Time   Description
---------------------------------------------------------------------------------------------
                                  0.000000    0.000000   clock clk (rise edge)
                                  5.570000    5.570000   clock network delay (propagated)
                                  3.890000    9.460000 v input external delay
     2    0.004133    0.920000    0.000000    9.460000 v wbs_adr_i[17] (in)
                                                         wbs_adr_i[17] (net)
                      0.920179    0.000091    9.460092 v hold1/A (sky130_fd_sc_hd__dlygate4sd3_1)
     1    0.002744    0.052872    0.877082   10.337173 v hold1/X (sky130_fd_sc_hd__dlygate4sd3_1)
                                                         net275 (net)
                      0.052872    0.000202   10.337375 v input87/A (sky130_fd_sc_hd__clkbuf_1)
     1    0.002844    0.026793    0.093347   10.430721 v input87/X (sky130_fd_sc_hd__clkbuf_1)
                                                         net87 (net)
                      0.026793    0.000121   10.430842 v hold2/A (sky130_fd_sc_hd__dlygate4sd3_1)
     1    0.003023    0.054571    0.556672   10.987514 v hold2/X (sky130_fd_sc_hd__dlygate4sd3_1)
                                                         net276 (net)
                      0.054571    0.000121   10.987635 v _044_/A (sky130_fd_sc_hd__or4_1)
     1    0.004044    0.091210    0.540591   11.528226 v _044_/X (sky130_fd_sc_hd__or4_1)
                                                         _035_ (net)
                      0.091210    0.000296   11.528522 v hold3/A (sky130_fd_sc_hd__dlygate4sd3_1)
     1    0.004689    0.062508    0.596935   12.125457 v hold3/X (sky130_fd_sc_hd__dlygate4sd3_1)
                                                         net277 (net)
                      0.062508    0.000217   12.125673 v _048_/A (sky130_fd_sc_hd__nor4_1)
     1    0.008100    0.402112    0.424303   12.549976 ^ _048_/Y (sky130_fd_sc_hd__nor4_1)
                                                         _039_ (net)
                      0.402114    0.000702   12.550678 ^ hold4/A (sky130_fd_sc_hd__dlygate4sd3_1)
     1    0.007983    0.098352    0.662729   13.213408 ^ hold4/X (sky130_fd_sc_hd__dlygate4sd3_1)
                                                         net278 (net)
                      0.098352    0.000674   13.214082 ^ wire262/A (sky130_fd_sc_hd__buf_2)
     1    0.011780    0.066175    0.146448   13.360530 ^ wire262/X (sky130_fd_sc_hd__buf_2)
                                                         net262 (net)
                      0.066196    0.001152   13.361682 ^ hold5/A (sky130_fd_sc_hd__dlygate4sd3_1)
     7    0.058970    0.574465    0.943819   14.305501 ^ hold5/X (sky130_fd_sc_hd__dlygate4sd3_1)
                                                         net279 (net)
                      0.574607    0.009016   14.314517 ^ fanout261/A (sky130_fd_sc_hd__buf_4)
    33    0.129737    0.357911    0.442634   14.757152 ^ fanout261/X (sky130_fd_sc_hd__buf_4)
                                                         net261 (net)
                      0.365171    0.041658   14.798810 ^ _099_/C (sky130_fd_sc_hd__and3_1)
     1    0.004197    0.065276    0.222133   15.020943 ^ _099_/X (sky130_fd_sc_hd__and3_1)
                                                         _026_ (net)
                      0.065277    0.000306   15.021249 ^ _132_/D (sky130_fd_sc_hd__dfrtp_4)
                                             15.021249   data arrival time

                                 25.000000   25.000000   clock clk (rise edge)
                                  4.650000   29.650000   clock source latency
     2    0.032503    0.610000    0.000000   29.650000 ^ clk (in)
                                                         clk (net)
                      0.618598    0.004192   29.654192 ^ wire3/A (sky130_fd_sc_hd__buf_4)
     3    0.046105    0.139175    0.291257   29.945448 ^ wire3/X (sky130_fd_sc_hd__buf_4)
                                                         net274 (net)
                      0.140154    0.009141   29.954590 ^ wire2/A (sky130_fd_sc_hd__buf_6)
     3    0.079184    0.161091    0.201958   30.156546 ^ wire2/X (sky130_fd_sc_hd__buf_6)
                                                         net273 (net)
                      0.166003    0.021522   30.178068 ^ wire1/A (sky130_fd_sc_hd__buf_6)
     3    0.081527    0.165675    0.209788   30.387857 ^ wire1/X (sky130_fd_sc_hd__buf_6)
                                                         net272 (net)
                      0.170972    0.022649   30.410505 ^ clkbuf_0_clk/A (sky130_fd_sc_hd__clkbuf_16)
     9    0.101102    0.118187    0.219661   30.630165 ^ clkbuf_0_clk/X (sky130_fd_sc_hd__clkbuf_16)
                                                         clknet_0_clk (net)
                      0.120014    0.011415   30.641581 ^ clkbuf_2_1__f_clk/A (sky130_fd_sc_hd__clkbuf_16)
    21    0.087636    0.106165    0.190433   30.832014 ^ clkbuf_2_1__f_clk/X (sky130_fd_sc_hd__clkbuf_16)
                                                         clknet_2_1__leaf_clk (net)
                      0.112307    0.019377   30.851389 ^ _132_/CLK (sky130_fd_sc_hd__dfrtp_4)
                                 -0.087500   30.763889   clock uncertainty
                                  0.000000   30.763889   clock reconvergence pessimism
                                 -0.057901   30.705988   library setup time
                                             30.705988   data required time
---------------------------------------------------------------------------------------------
                                             30.705988   data required time
                                            -15.021249   data arrival time
---------------------------------------------------------------------------------------------
                                             15.684739   slack (MET)


Startpoint: wbs_adr_i[17] (input port clocked by clk)
Endpoint: _129_ (rising edge-triggered flip-flop clocked by clk)
Path Group: clk
Path Type: max

Fanout         Cap        Slew       Delay        Time   Description
---------------------------------------------------------------------------------------------
                                  0.000000    0.000000   clock clk (rise edge)
                                  5.570000    5.570000   clock network delay (propagated)
                                  3.890000    9.460000 v input external delay
     2    0.004133    0.920000    0.000000    9.460000 v wbs_adr_i[17] (in)
                                                         wbs_adr_i[17] (net)
                      0.920179    0.000091    9.460092 v hold1/A (sky130_fd_sc_hd__dlygate4sd3_1)
     1    0.002744    0.052872    0.877082   10.337173 v hold1/X (sky130_fd_sc_hd__dlygate4sd3_1)
                                                         net275 (net)
                      0.052872    0.000202   10.337375 v input87/A (sky130_fd_sc_hd__clkbuf_1)
     1    0.002844    0.026793    0.093347   10.430721 v input87/X (sky130_fd_sc_hd__clkbuf_1)
                                                         net87 (net)
                      0.026793    0.000121   10.430842 v hold2/A (sky130_fd_sc_hd__dlygate4sd3_1)
     1    0.003023    0.054571    0.556672   10.987514 v hold2/X (sky130_fd_sc_hd__dlygate4sd3_1)
                                                         net276 (net)
                      0.054571    0.000121   10.987635 v _044_/A (sky130_fd_sc_hd__or4_1)
     1    0.004044    0.091210    0.540591   11.528226 v _044_/X (sky130_fd_sc_hd__or4_1)
                                                         _035_ (net)
                      0.091210    0.000296   11.528522 v hold3/A (sky130_fd_sc_hd__dlygate4sd3_1)
     1    0.004689    0.062508    0.596935   12.125457 v hold3/X (sky130_fd_sc_hd__dlygate4sd3_1)
                                                         net277 (net)
                      0.062508    0.000217   12.125673 v _048_/A (sky130_fd_sc_hd__nor4_1)
     1    0.008100    0.402112    0.424303   12.549976 ^ _048_/Y (sky130_fd_sc_hd__nor4_1)
                                                         _039_ (net)
                      0.402114    0.000702   12.550678 ^ hold4/A (sky130_fd_sc_hd__dlygate4sd3_1)
     1    0.007983    0.098352    0.662729   13.213408 ^ hold4/X (sky130_fd_sc_hd__dlygate4sd3_1)
                                                         net278 (net)
                      0.098352    0.000674   13.214082 ^ wire262/A (sky130_fd_sc_hd__buf_2)
     1    0.011780    0.066175    0.146448   13.360530 ^ wire262/X (sky130_fd_sc_hd__buf_2)
                                                         net262 (net)
                      0.066196    0.001152   13.361682 ^ hold5/A (sky130_fd_sc_hd__dlygate4sd3_1)
     7    0.058970    0.574465    0.943819   14.305501 ^ hold5/X (sky130_fd_sc_hd__dlygate4sd3_1)
                                                         net279 (net)
                      0.574607    0.009016   14.314517 ^ fanout261/A (sky130_fd_sc_hd__buf_4)
    33    0.129737    0.357911    0.442634   14.757152 ^ fanout261/X (sky130_fd_sc_hd__buf_4)
                                                         net261 (net)
                      0.364293    0.039158   14.796309 ^ _096_/C (sky130_fd_sc_hd__and3_1)
     1    0.003605    0.060605    0.217411   15.013721 ^ _096_/X (sky130_fd_sc_hd__and3_1)
                                                         _001_ (net)
                      0.060605    0.000249   15.013969 ^ _129_/D (sky130_fd_sc_hd__dfrtp_4)
                                             15.013969   data arrival time

                                 25.000000   25.000000   clock clk (rise edge)
                                  4.650000   29.650000   clock source latency
     2    0.032503    0.610000    0.000000   29.650000 ^ clk (in)
                                                         clk (net)
                      0.618598    0.004192   29.654192 ^ wire3/A (sky130_fd_sc_hd__buf_4)
     3    0.046105    0.139175    0.291257   29.945448 ^ wire3/X (sky130_fd_sc_hd__buf_4)
                                                         net274 (net)
                      0.140154    0.009141   29.954590 ^ wire2/A (sky130_fd_sc_hd__buf_6)
     3    0.079184    0.161091    0.201958   30.156546 ^ wire2/X (sky130_fd_sc_hd__buf_6)
                                                         net273 (net)
                      0.166003    0.021522   30.178068 ^ wire1/A (sky130_fd_sc_hd__buf_6)
     3    0.081527    0.165675    0.209788   30.387857 ^ wire1/X (sky130_fd_sc_hd__buf_6)
                                                         net272 (net)
                      0.170972    0.022649   30.410505 ^ clkbuf_0_clk/A (sky130_fd_sc_hd__clkbuf_16)
     9    0.101102    0.118187    0.219661   30.630165 ^ clkbuf_0_clk/X (sky130_fd_sc_hd__clkbuf_16)
                                                         clknet_0_clk (net)
                      0.120014    0.011415   30.641581 ^ clkbuf_2_1__f_clk/A (sky130_fd_sc_hd__clkbuf_16)
    21    0.087636    0.106165    0.190433   30.832014 ^ clkbuf_2_1__f_clk/X (sky130_fd_sc_hd__clkbuf_16)
                                                         clknet_2_1__leaf_clk (net)
                      0.110770    0.016769   30.848782 ^ _129_/CLK (sky130_fd_sc_hd__dfrtp_4)
                                 -0.087500   30.761282   clock uncertainty
                                  0.000000   30.761282   clock reconvergence pessimism
                                 -0.057061   30.704222   library setup time
                                             30.704222   data required time
---------------------------------------------------------------------------------------------
                                             30.704222   data required time
                                            -15.013969   data arrival time
---------------------------------------------------------------------------------------------
                                             15.690253   slack (MET)


Startpoint: wbs_adr_i[17] (input port clocked by clk)
Endpoint: _130_ (rising edge-triggered flip-flop clocked by clk)
Path Group: clk
Path Type: max

Fanout         Cap        Slew       Delay        Time   Description
---------------------------------------------------------------------------------------------
                                  0.000000    0.000000   clock clk (rise edge)
                                  5.570000    5.570000   clock network delay (propagated)
                                  3.890000    9.460000 v input external delay
     2    0.004133    0.920000    0.000000    9.460000 v wbs_adr_i[17] (in)
                                                         wbs_adr_i[17] (net)
                      0.920179    0.000091    9.460092 v hold1/A (sky130_fd_sc_hd__dlygate4sd3_1)
     1    0.002744    0.052872    0.877082   10.337173 v hold1/X (sky130_fd_sc_hd__dlygate4sd3_1)
                                                         net275 (net)
                      0.052872    0.000202   10.337375 v input87/A (sky130_fd_sc_hd__clkbuf_1)
     1    0.002844    0.026793    0.093347   10.430721 v input87/X (sky130_fd_sc_hd__clkbuf_1)
                                                         net87 (net)
                      0.026793    0.000121   10.430842 v hold2/A (sky130_fd_sc_hd__dlygate4sd3_1)
     1    0.003023    0.054571    0.556672   10.987514 v hold2/X (sky130_fd_sc_hd__dlygate4sd3_1)
                                                         net276 (net)
                      0.054571    0.000121   10.987635 v _044_/A (sky130_fd_sc_hd__or4_1)
     1    0.004044    0.091210    0.540591   11.528226 v _044_/X (sky130_fd_sc_hd__or4_1)
                                                         _035_ (net)
                      0.091210    0.000296   11.528522 v hold3/A (sky130_fd_sc_hd__dlygate4sd3_1)
     1    0.004689    0.062508    0.596935   12.125457 v hold3/X (sky130_fd_sc_hd__dlygate4sd3_1)
                                                         net277 (net)
                      0.062508    0.000217   12.125673 v _048_/A (sky130_fd_sc_hd__nor4_1)
     1    0.008100    0.402112    0.424303   12.549976 ^ _048_/Y (sky130_fd_sc_hd__nor4_1)
                                                         _039_ (net)
                      0.402114    0.000702   12.550678 ^ hold4/A (sky130_fd_sc_hd__dlygate4sd3_1)
     1    0.007983    0.098352    0.662729   13.213408 ^ hold4/X (sky130_fd_sc_hd__dlygate4sd3_1)
                                                         net278 (net)
                      0.098352    0.000674   13.214082 ^ wire262/A (sky130_fd_sc_hd__buf_2)
     1    0.011780    0.066175    0.146448   13.360530 ^ wire262/X (sky130_fd_sc_hd__buf_2)
                                                         net262 (net)
                      0.066196    0.001152   13.361682 ^ hold5/A (sky130_fd_sc_hd__dlygate4sd3_1)
     7    0.058970    0.574465    0.943819   14.305501 ^ hold5/X (sky130_fd_sc_hd__dlygate4sd3_1)
                                                         net279 (net)
                      0.574607    0.009016   14.314517 ^ fanout261/A (sky130_fd_sc_hd__buf_4)
    33    0.129737    0.357911    0.442634   14.757152 ^ fanout261/X (sky130_fd_sc_hd__buf_4)
                                                         net261 (net)
                      0.364931    0.040990   14.798141 ^ _097_/C (sky130_fd_sc_hd__and3_1)
     1    0.003525    0.059994    0.216868   15.015010 ^ _097_/X (sky130_fd_sc_hd__and3_1)
                                                         _012_ (net)
                      0.059994    0.000227   15.015238 ^ _130_/D (sky130_fd_sc_hd__dfrtp_4)
                                             15.015238   data arrival time

                                 25.000000   25.000000   clock clk (rise edge)
                                  4.650000   29.650000   clock source latency
     2    0.032503    0.610000    0.000000   29.650000 ^ clk (in)
                                                         clk (net)
                      0.618598    0.004192   29.654192 ^ wire3/A (sky130_fd_sc_hd__buf_4)
     3    0.046105    0.139175    0.291257   29.945448 ^ wire3/X (sky130_fd_sc_hd__buf_4)
                                                         net274 (net)
                      0.140154    0.009141   29.954590 ^ wire2/A (sky130_fd_sc_hd__buf_6)
     3    0.079184    0.161091    0.201958   30.156546 ^ wire2/X (sky130_fd_sc_hd__buf_6)
                                                         net273 (net)
                      0.166003    0.021522   30.178068 ^ wire1/A (sky130_fd_sc_hd__buf_6)
     3    0.081527    0.165675    0.209788   30.387857 ^ wire1/X (sky130_fd_sc_hd__buf_6)
                                                         net272 (net)
                      0.170972    0.022649   30.410505 ^ clkbuf_0_clk/A (sky130_fd_sc_hd__clkbuf_16)
     9    0.101102    0.118187    0.219661   30.630165 ^ clkbuf_0_clk/X (sky130_fd_sc_hd__clkbuf_16)
                                                         clknet_0_clk (net)
                      0.120014    0.011415   30.641581 ^ clkbuf_2_1__f_clk/A (sky130_fd_sc_hd__clkbuf_16)
    21    0.087636    0.106165    0.190433   30.832014 ^ clkbuf_2_1__f_clk/X (sky130_fd_sc_hd__clkbuf_16)
                                                         clknet_2_1__leaf_clk (net)
                      0.112282    0.019337   30.851351 ^ _130_/CLK (sky130_fd_sc_hd__dfrtp_4)
                                 -0.087500   30.763851   clock uncertainty
                                  0.000000   30.763851   clock reconvergence pessimism
                                 -0.056688   30.707165   library setup time
                                             30.707165   data required time
---------------------------------------------------------------------------------------------
                                             30.707165   data required time
                                            -15.015238   data arrival time
---------------------------------------------------------------------------------------------
                                             15.691926   slack (MET)


Startpoint: wbs_adr_i[17] (input port clocked by clk)
Endpoint: _139_ (rising edge-triggered flip-flop clocked by clk)
Path Group: clk
Path Type: max

Fanout         Cap        Slew       Delay        Time   Description
---------------------------------------------------------------------------------------------
                                  0.000000    0.000000   clock clk (rise edge)
                                  5.570000    5.570000   clock network delay (propagated)
                                  3.890000    9.460000 v input external delay
     2    0.004133    0.920000    0.000000    9.460000 v wbs_adr_i[17] (in)
                                                         wbs_adr_i[17] (net)
                      0.920179    0.000091    9.460092 v hold1/A (sky130_fd_sc_hd__dlygate4sd3_1)
     1    0.002744    0.052872    0.877082   10.337173 v hold1/X (sky130_fd_sc_hd__dlygate4sd3_1)
                                                         net275 (net)
                      0.052872    0.000202   10.337375 v input87/A (sky130_fd_sc_hd__clkbuf_1)
     1    0.002844    0.026793    0.093347   10.430721 v input87/X (sky130_fd_sc_hd__clkbuf_1)
                                                         net87 (net)
                      0.026793    0.000121   10.430842 v hold2/A (sky130_fd_sc_hd__dlygate4sd3_1)
     1    0.003023    0.054571    0.556672   10.987514 v hold2/X (sky130_fd_sc_hd__dlygate4sd3_1)
                                                         net276 (net)
                      0.054571    0.000121   10.987635 v _044_/A (sky130_fd_sc_hd__or4_1)
     1    0.004044    0.091210    0.540591   11.528226 v _044_/X (sky130_fd_sc_hd__or4_1)
                                                         _035_ (net)
                      0.091210    0.000296   11.528522 v hold3/A (sky130_fd_sc_hd__dlygate4sd3_1)
     1    0.004689    0.062508    0.596935   12.125457 v hold3/X (sky130_fd_sc_hd__dlygate4sd3_1)
                                                         net277 (net)
                      0.062508    0.000217   12.125673 v _048_/A (sky130_fd_sc_hd__nor4_1)
     1    0.008100    0.402112    0.424303   12.549976 ^ _048_/Y (sky130_fd_sc_hd__nor4_1)
                                                         _039_ (net)
                      0.402114    0.000702   12.550678 ^ hold4/A (sky130_fd_sc_hd__dlygate4sd3_1)
     1    0.007983    0.098352    0.662729   13.213408 ^ hold4/X (sky130_fd_sc_hd__dlygate4sd3_1)
                                                         net278 (net)
                      0.098352    0.000674   13.214082 ^ wire262/A (sky130_fd_sc_hd__buf_2)
     1    0.011780    0.066175    0.146448   13.360530 ^ wire262/X (sky130_fd_sc_hd__buf_2)
                                                         net262 (net)
                      0.066196    0.001152   13.361682 ^ hold5/A (sky130_fd_sc_hd__dlygate4sd3_1)
     7    0.058970    0.574465    0.943819   14.305501 ^ hold5/X (sky130_fd_sc_hd__dlygate4sd3_1)
                                                         net279 (net)
                      0.574607    0.009016   14.314517 ^ fanout261/A (sky130_fd_sc_hd__buf_4)
    33    0.129737    0.357911    0.442634   14.757152 ^ fanout261/X (sky130_fd_sc_hd__buf_4)
                                                         net261 (net)
                      0.364009    0.038315   14.795466 ^ _106_/C (sky130_fd_sc_hd__and3_1)
     1    0.003386    0.058865    0.215618   15.011085 ^ _106_/X (sky130_fd_sc_hd__and3_1)
                                                         _002_ (net)
                      0.058882    0.000226   15.011310 ^ _139_/D (sky130_fd_sc_hd__dfrtp_4)
                                             15.011310   data arrival time

                                 25.000000   25.000000   clock clk (rise edge)
                                  4.650000   29.650000   clock source latency
     2    0.032503    0.610000    0.000000   29.650000 ^ clk (in)
                                                         clk (net)
                      0.618598    0.004192   29.654192 ^ wire3/A (sky130_fd_sc_hd__buf_4)
     3    0.046105    0.139175    0.291257   29.945448 ^ wire3/X (sky130_fd_sc_hd__buf_4)
                                                         net274 (net)
                      0.140154    0.009141   29.954590 ^ wire2/A (sky130_fd_sc_hd__buf_6)
     3    0.079184    0.161091    0.201958   30.156546 ^ wire2/X (sky130_fd_sc_hd__buf_6)
                                                         net273 (net)
                      0.166003    0.021522   30.178068 ^ wire1/A (sky130_fd_sc_hd__buf_6)
     3    0.081527    0.165675    0.209788   30.387857 ^ wire1/X (sky130_fd_sc_hd__buf_6)
                                                         net272 (net)
                      0.170972    0.022649   30.410505 ^ clkbuf_0_clk/A (sky130_fd_sc_hd__clkbuf_16)
     9    0.101102    0.118187    0.219661   30.630165 ^ clkbuf_0_clk/X (sky130_fd_sc_hd__clkbuf_16)
                                                         clknet_0_clk (net)
                      0.120014    0.011415   30.641581 ^ clkbuf_2_1__f_clk/A (sky130_fd_sc_hd__clkbuf_16)
    21    0.087636    0.106165    0.190433   30.832014 ^ clkbuf_2_1__f_clk/X (sky130_fd_sc_hd__clkbuf_16)
                                                         clknet_2_1__leaf_clk (net)
                      0.110661    0.016573   30.848587 ^ _139_/CLK (sky130_fd_sc_hd__dfrtp_4)
                                 -0.087500   30.761087   clock uncertainty
                                  0.000000   30.761087   clock reconvergence pessimism
                                 -0.056681   30.704407   library setup time
                                             30.704407   data required time
---------------------------------------------------------------------------------------------
                                             30.704407   data required time
                                            -15.011310   data arrival time
---------------------------------------------------------------------------------------------
                                             15.693097   slack (MET)


Startpoint: wbs_adr_i[17] (input port clocked by clk)
Endpoint: _138_ (rising edge-triggered flip-flop clocked by clk)
Path Group: clk
Path Type: max

Fanout         Cap        Slew       Delay        Time   Description
---------------------------------------------------------------------------------------------
                                  0.000000    0.000000   clock clk (rise edge)
                                  5.570000    5.570000   clock network delay (propagated)
                                  3.890000    9.460000 v input external delay
     2    0.004133    0.920000    0.000000    9.460000 v wbs_adr_i[17] (in)
                                                         wbs_adr_i[17] (net)
                      0.920179    0.000091    9.460092 v hold1/A (sky130_fd_sc_hd__dlygate4sd3_1)
     1    0.002744    0.052872    0.877082   10.337173 v hold1/X (sky130_fd_sc_hd__dlygate4sd3_1)
                                                         net275 (net)
                      0.052872    0.000202   10.337375 v input87/A (sky130_fd_sc_hd__clkbuf_1)
     1    0.002844    0.026793    0.093347   10.430721 v input87/X (sky130_fd_sc_hd__clkbuf_1)
                                                         net87 (net)
                      0.026793    0.000121   10.430842 v hold2/A (sky130_fd_sc_hd__dlygate4sd3_1)
     1    0.003023    0.054571    0.556672   10.987514 v hold2/X (sky130_fd_sc_hd__dlygate4sd3_1)
                                                         net276 (net)
                      0.054571    0.000121   10.987635 v _044_/A (sky130_fd_sc_hd__or4_1)
     1    0.004044    0.091210    0.540591   11.528226 v _044_/X (sky130_fd_sc_hd__or4_1)
                                                         _035_ (net)
                      0.091210    0.000296   11.528522 v hold3/A (sky130_fd_sc_hd__dlygate4sd3_1)
     1    0.004689    0.062508    0.596935   12.125457 v hold3/X (sky130_fd_sc_hd__dlygate4sd3_1)
                                                         net277 (net)
                      0.062508    0.000217   12.125673 v _048_/A (sky130_fd_sc_hd__nor4_1)
     1    0.008100    0.402112    0.424303   12.549976 ^ _048_/Y (sky130_fd_sc_hd__nor4_1)
                                                         _039_ (net)
                      0.402114    0.000702   12.550678 ^ hold4/A (sky130_fd_sc_hd__dlygate4sd3_1)
     1    0.007983    0.098352    0.662729   13.213408 ^ hold4/X (sky130_fd_sc_hd__dlygate4sd3_1)
                                                         net278 (net)
                      0.098352    0.000674   13.214082 ^ wire262/A (sky130_fd_sc_hd__buf_2)
     1    0.011780    0.066175    0.146448   13.360530 ^ wire262/X (sky130_fd_sc_hd__buf_2)
                                                         net262 (net)
                      0.066196    0.001152   13.361682 ^ hold5/A (sky130_fd_sc_hd__dlygate4sd3_1)
     7    0.058970    0.574465    0.943819   14.305501 ^ hold5/X (sky130_fd_sc_hd__dlygate4sd3_1)
                                                         net279 (net)
                      0.574607    0.009016   14.314517 ^ fanout261/A (sky130_fd_sc_hd__buf_4)
    33    0.129737    0.357911    0.442634   14.757152 ^ fanout261/X (sky130_fd_sc_hd__buf_4)
                                                         net261 (net)
                      0.364489    0.039730   14.796882 ^ _105_/C (sky130_fd_sc_hd__and3_1)
     1    0.003059    0.056019    0.212521   15.009402 ^ _105_/X (sky130_fd_sc_hd__and3_1)
                                                         _032_ (net)
                      0.056038    0.000201   15.009603 ^ _138_/D (sky130_fd_sc_hd__dfrtp_4)
                                             15.009603   data arrival time

                                 25.000000   25.000000   clock clk (rise edge)
                                  4.650000   29.650000   clock source latency
     2    0.032503    0.610000    0.000000   29.650000 ^ clk (in)
                                                         clk (net)
                      0.618598    0.004192   29.654192 ^ wire3/A (sky130_fd_sc_hd__buf_4)
     3    0.046105    0.139175    0.291257   29.945448 ^ wire3/X (sky130_fd_sc_hd__buf_4)
                                                         net274 (net)
                      0.140154    0.009141   29.954590 ^ wire2/A (sky130_fd_sc_hd__buf_6)
     3    0.079184    0.161091    0.201958   30.156546 ^ wire2/X (sky130_fd_sc_hd__buf_6)
                                                         net273 (net)
                      0.166003    0.021522   30.178068 ^ wire1/A (sky130_fd_sc_hd__buf_6)
     3    0.081527    0.165675    0.209788   30.387857 ^ wire1/X (sky130_fd_sc_hd__buf_6)
                                                         net272 (net)
                      0.170972    0.022649   30.410505 ^ clkbuf_0_clk/A (sky130_fd_sc_hd__clkbuf_16)
     9    0.101102    0.118187    0.219661   30.630165 ^ clkbuf_0_clk/X (sky130_fd_sc_hd__clkbuf_16)
                                                         clknet_0_clk (net)
                      0.120014    0.011415   30.641581 ^ clkbuf_2_1__f_clk/A (sky130_fd_sc_hd__clkbuf_16)
    21    0.087636    0.106165    0.190433   30.832014 ^ clkbuf_2_1__f_clk/X (sky130_fd_sc_hd__clkbuf_16)
                                                         clknet_2_1__leaf_clk (net)
                      0.111517    0.018076   30.850090 ^ _138_/CLK (sky130_fd_sc_hd__dfrtp_4)
                                 -0.087500   30.762590   clock uncertainty
                                  0.000000   30.762590   clock reconvergence pessimism
                                 -0.055895   30.706696   library setup time
                                             30.706696   data required time
---------------------------------------------------------------------------------------------
                                             30.706696   data required time
                                            -15.009603   data arrival time
---------------------------------------------------------------------------------------------
                                             15.697092   slack (MET)


Startpoint: wbs_adr_i[17] (input port clocked by clk)
Endpoint: _134_ (rising edge-triggered flip-flop clocked by clk)
Path Group: clk
Path Type: max

Fanout         Cap        Slew       Delay        Time   Description
---------------------------------------------------------------------------------------------
                                  0.000000    0.000000   clock clk (rise edge)
                                  5.570000    5.570000   clock network delay (propagated)
                                  3.890000    9.460000 v input external delay
     2    0.004133    0.920000    0.000000    9.460000 v wbs_adr_i[17] (in)
                                                         wbs_adr_i[17] (net)
                      0.920179    0.000091    9.460092 v hold1/A (sky130_fd_sc_hd__dlygate4sd3_1)
     1    0.002744    0.052872    0.877082   10.337173 v hold1/X (sky130_fd_sc_hd__dlygate4sd3_1)
                                                         net275 (net)
                      0.052872    0.000202   10.337375 v input87/A (sky130_fd_sc_hd__clkbuf_1)
     1    0.002844    0.026793    0.093347   10.430721 v input87/X (sky130_fd_sc_hd__clkbuf_1)
                                                         net87 (net)
                      0.026793    0.000121   10.430842 v hold2/A (sky130_fd_sc_hd__dlygate4sd3_1)
     1    0.003023    0.054571    0.556672   10.987514 v hold2/X (sky130_fd_sc_hd__dlygate4sd3_1)
                                                         net276 (net)
                      0.054571    0.000121   10.987635 v _044_/A (sky130_fd_sc_hd__or4_1)
     1    0.004044    0.091210    0.540591   11.528226 v _044_/X (sky130_fd_sc_hd__or4_1)
                                                         _035_ (net)
                      0.091210    0.000296   11.528522 v hold3/A (sky130_fd_sc_hd__dlygate4sd3_1)
     1    0.004689    0.062508    0.596935   12.125457 v hold3/X (sky130_fd_sc_hd__dlygate4sd3_1)
                                                         net277 (net)
                      0.062508    0.000217   12.125673 v _048_/A (sky130_fd_sc_hd__nor4_1)
     1    0.008100    0.402112    0.424303   12.549976 ^ _048_/Y (sky130_fd_sc_hd__nor4_1)
                                                         _039_ (net)
                      0.402114    0.000702   12.550678 ^ hold4/A (sky130_fd_sc_hd__dlygate4sd3_1)
     1    0.007983    0.098352    0.662729   13.213408 ^ hold4/X (sky130_fd_sc_hd__dlygate4sd3_1)
                                                         net278 (net)
                      0.098352    0.000674   13.214082 ^ wire262/A (sky130_fd_sc_hd__buf_2)
     1    0.011780    0.066175    0.146448   13.360530 ^ wire262/X (sky130_fd_sc_hd__buf_2)
                                                         net262 (net)
                      0.066196    0.001152   13.361682 ^ hold5/A (sky130_fd_sc_hd__dlygate4sd3_1)
     7    0.058970    0.574465    0.943819   14.305501 ^ hold5/X (sky130_fd_sc_hd__dlygate4sd3_1)
                                                         net279 (net)
                      0.574607    0.009016   14.314517 ^ fanout261/A (sky130_fd_sc_hd__buf_4)
    33    0.129737    0.357911    0.442634   14.757152 ^ fanout261/X (sky130_fd_sc_hd__buf_4)
                                                         net261 (net)
                      0.364955    0.041059   14.798210 ^ _101_/C (sky130_fd_sc_hd__and3_1)
     1    0.003816    0.062239    0.219116   15.017326 ^ _101_/X (sky130_fd_sc_hd__and3_1)
                                                         _028_ (net)
                      0.062239    0.000295   15.017621 ^ _134_/D (sky130_fd_sc_hd__dfrtp_4)
                                             15.017621   data arrival time

                                 25.000000   25.000000   clock clk (rise edge)
                                  4.650000   29.650000   clock source latency
     2    0.032503    0.610000    0.000000   29.650000 ^ clk (in)
                                                         clk (net)
                      0.618598    0.004192   29.654192 ^ wire3/A (sky130_fd_sc_hd__buf_4)
     3    0.046105    0.139175    0.291257   29.945448 ^ wire3/X (sky130_fd_sc_hd__buf_4)
                                                         net274 (net)
                      0.140154    0.009141   29.954590 ^ wire2/A (sky130_fd_sc_hd__buf_6)
     3    0.079184    0.161091    0.201958   30.156546 ^ wire2/X (sky130_fd_sc_hd__buf_6)
                                                         net273 (net)
                      0.166003    0.021522   30.178068 ^ wire1/A (sky130_fd_sc_hd__buf_6)
     3    0.081527    0.165675    0.209788   30.387857 ^ wire1/X (sky130_fd_sc_hd__buf_6)
                                                         net272 (net)
                      0.170972    0.022649   30.410505 ^ clkbuf_0_clk/A (sky130_fd_sc_hd__clkbuf_16)
     9    0.101102    0.118187    0.219661   30.630165 ^ clkbuf_0_clk/X (sky130_fd_sc_hd__clkbuf_16)
                                                         clknet_0_clk (net)
                      0.120119    0.011728   30.641893 ^ clkbuf_2_0__f_clk/A (sky130_fd_sc_hd__clkbuf_16)
    17    0.099198    0.116985    0.200867   30.842760 ^ clkbuf_2_0__f_clk/X (sky130_fd_sc_hd__clkbuf_16)
                                                         clknet_2_0__leaf_clk (net)
                      0.120572    0.015767   30.858528 ^ _134_/CLK (sky130_fd_sc_hd__dfrtp_4)
                                 -0.087500   30.771027   clock uncertainty
                                  0.000000   30.771027   clock reconvergence pessimism
                                 -0.055934   30.715094   library setup time
                                             30.715094   data required time
---------------------------------------------------------------------------------------------
                                             30.715094   data required time
                                            -15.017621   data arrival time
---------------------------------------------------------------------------------------------
                                             15.697473   slack (MET)


Startpoint: wbs_adr_i[17] (input port clocked by clk)
Endpoint: _131_ (rising edge-triggered flip-flop clocked by clk)
Path Group: clk
Path Type: max

Fanout         Cap        Slew       Delay        Time   Description
---------------------------------------------------------------------------------------------
                                  0.000000    0.000000   clock clk (rise edge)
                                  5.570000    5.570000   clock network delay (propagated)
                                  3.890000    9.460000 v input external delay
     2    0.004133    0.920000    0.000000    9.460000 v wbs_adr_i[17] (in)
                                                         wbs_adr_i[17] (net)
                      0.920179    0.000091    9.460092 v hold1/A (sky130_fd_sc_hd__dlygate4sd3_1)
     1    0.002744    0.052872    0.877082   10.337173 v hold1/X (sky130_fd_sc_hd__dlygate4sd3_1)
                                                         net275 (net)
                      0.052872    0.000202   10.337375 v input87/A (sky130_fd_sc_hd__clkbuf_1)
     1    0.002844    0.026793    0.093347   10.430721 v input87/X (sky130_fd_sc_hd__clkbuf_1)
                                                         net87 (net)
                      0.026793    0.000121   10.430842 v hold2/A (sky130_fd_sc_hd__dlygate4sd3_1)
     1    0.003023    0.054571    0.556672   10.987514 v hold2/X (sky130_fd_sc_hd__dlygate4sd3_1)
                                                         net276 (net)
                      0.054571    0.000121   10.987635 v _044_/A (sky130_fd_sc_hd__or4_1)
     1    0.004044    0.091210    0.540591   11.528226 v _044_/X (sky130_fd_sc_hd__or4_1)
                                                         _035_ (net)
                      0.091210    0.000296   11.528522 v hold3/A (sky130_fd_sc_hd__dlygate4sd3_1)
     1    0.004689    0.062508    0.596935   12.125457 v hold3/X (sky130_fd_sc_hd__dlygate4sd3_1)
                                                         net277 (net)
                      0.062508    0.000217   12.125673 v _048_/A (sky130_fd_sc_hd__nor4_1)
     1    0.008100    0.402112    0.424303   12.549976 ^ _048_/Y (sky130_fd_sc_hd__nor4_1)
                                                         _039_ (net)
                      0.402114    0.000702   12.550678 ^ hold4/A (sky130_fd_sc_hd__dlygate4sd3_1)
     1    0.007983    0.098352    0.662729   13.213408 ^ hold4/X (sky130_fd_sc_hd__dlygate4sd3_1)
                                                         net278 (net)
                      0.098352    0.000674   13.214082 ^ wire262/A (sky130_fd_sc_hd__buf_2)
     1    0.011780    0.066175    0.146448   13.360530 ^ wire262/X (sky130_fd_sc_hd__buf_2)
                                                         net262 (net)
                      0.066196    0.001152   13.361682 ^ hold5/A (sky130_fd_sc_hd__dlygate4sd3_1)
     7    0.058970    0.574465    0.943819   14.305501 ^ hold5/X (sky130_fd_sc_hd__dlygate4sd3_1)
                                                         net279 (net)
                      0.574607    0.009016   14.314517 ^ fanout261/A (sky130_fd_sc_hd__buf_4)
    33    0.129737    0.357911    0.442634   14.757152 ^ fanout261/X (sky130_fd_sc_hd__buf_4)
                                                         net261 (net)
                      0.364949    0.041040   14.798191 ^ _098_/C (sky130_fd_sc_hd__and3_1)
     1    0.002814    0.053991    0.210202   15.008393 ^ _098_/X (sky130_fd_sc_hd__and3_1)
                                                         _023_ (net)
                      0.054010    0.000194   15.008587 ^ _131_/D (sky130_fd_sc_hd__dfrtp_4)
                                             15.008587   data arrival time

                                 25.000000   25.000000   clock clk (rise edge)
                                  4.650000   29.650000   clock source latency
     2    0.032503    0.610000    0.000000   29.650000 ^ clk (in)
                                                         clk (net)
                      0.618598    0.004192   29.654192 ^ wire3/A (sky130_fd_sc_hd__buf_4)
     3    0.046105    0.139175    0.291257   29.945448 ^ wire3/X (sky130_fd_sc_hd__buf_4)
                                                         net274 (net)
                      0.140154    0.009141   29.954590 ^ wire2/A (sky130_fd_sc_hd__buf_6)
     3    0.079184    0.161091    0.201958   30.156546 ^ wire2/X (sky130_fd_sc_hd__buf_6)
                                                         net273 (net)
                      0.166003    0.021522   30.178068 ^ wire1/A (sky130_fd_sc_hd__buf_6)
     3    0.081527    0.165675    0.209788   30.387857 ^ wire1/X (sky130_fd_sc_hd__buf_6)
                                                         net272 (net)
                      0.170972    0.022649   30.410505 ^ clkbuf_0_clk/A (sky130_fd_sc_hd__clkbuf_16)
     9    0.101102    0.118187    0.219661   30.630165 ^ clkbuf_0_clk/X (sky130_fd_sc_hd__clkbuf_16)
                                                         clknet_0_clk (net)
                      0.120014    0.011415   30.641581 ^ clkbuf_2_1__f_clk/A (sky130_fd_sc_hd__clkbuf_16)
    21    0.087636    0.106165    0.190433   30.832014 ^ clkbuf_2_1__f_clk/X (sky130_fd_sc_hd__clkbuf_16)
                                                         clknet_2_1__leaf_clk (net)
                      0.112275    0.019327   30.851339 ^ _131_/CLK (sky130_fd_sc_hd__dfrtp_4)
                                 -0.087500   30.763840   clock uncertainty
                                  0.000000   30.763840   clock reconvergence pessimism
                                 -0.055312   30.708529   library setup time
                                             30.708529   data required time
---------------------------------------------------------------------------------------------
                                             30.708529   data required time
                                            -15.008587   data arrival time
---------------------------------------------------------------------------------------------
                                             15.699942   slack (MET)


Startpoint: wbs_adr_i[17] (input port clocked by clk)
Endpoint: _137_ (rising edge-triggered flip-flop clocked by clk)
Path Group: clk
Path Type: max

Fanout         Cap        Slew       Delay        Time   Description
---------------------------------------------------------------------------------------------
                                  0.000000    0.000000   clock clk (rise edge)
                                  5.570000    5.570000   clock network delay (propagated)
                                  3.890000    9.460000 v input external delay
     2    0.004133    0.920000    0.000000    9.460000 v wbs_adr_i[17] (in)
                                                         wbs_adr_i[17] (net)
                      0.920179    0.000091    9.460092 v hold1/A (sky130_fd_sc_hd__dlygate4sd3_1)
     1    0.002744    0.052872    0.877082   10.337173 v hold1/X (sky130_fd_sc_hd__dlygate4sd3_1)
                                                         net275 (net)
                      0.052872    0.000202   10.337375 v input87/A (sky130_fd_sc_hd__clkbuf_1)
     1    0.002844    0.026793    0.093347   10.430721 v input87/X (sky130_fd_sc_hd__clkbuf_1)
                                                         net87 (net)
                      0.026793    0.000121   10.430842 v hold2/A (sky130_fd_sc_hd__dlygate4sd3_1)
     1    0.003023    0.054571    0.556672   10.987514 v hold2/X (sky130_fd_sc_hd__dlygate4sd3_1)
                                                         net276 (net)
                      0.054571    0.000121   10.987635 v _044_/A (sky130_fd_sc_hd__or4_1)
     1    0.004044    0.091210    0.540591   11.528226 v _044_/X (sky130_fd_sc_hd__or4_1)
                                                         _035_ (net)
                      0.091210    0.000296   11.528522 v hold3/A (sky130_fd_sc_hd__dlygate4sd3_1)
     1    0.004689    0.062508    0.596935   12.125457 v hold3/X (sky130_fd_sc_hd__dlygate4sd3_1)
                                                         net277 (net)
                      0.062508    0.000217   12.125673 v _048_/A (sky130_fd_sc_hd__nor4_1)
     1    0.008100    0.402112    0.424303   12.549976 ^ _048_/Y (sky130_fd_sc_hd__nor4_1)
                                                         _039_ (net)
                      0.402114    0.000702   12.550678 ^ hold4/A (sky130_fd_sc_hd__dlygate4sd3_1)
     1    0.007983    0.098352    0.662729   13.213408 ^ hold4/X (sky130_fd_sc_hd__dlygate4sd3_1)
                                                         net278 (net)
                      0.098352    0.000674   13.214082 ^ wire262/A (sky130_fd_sc_hd__buf_2)
     1    0.011780    0.066175    0.146448   13.360530 ^ wire262/X (sky130_fd_sc_hd__buf_2)
                                                         net262 (net)
                      0.066196    0.001152   13.361682 ^ hold5/A (sky130_fd_sc_hd__dlygate4sd3_1)
     7    0.058970    0.574465    0.943819   14.305501 ^ hold5/X (sky130_fd_sc_hd__dlygate4sd3_1)
                                                         net279 (net)
                      0.574607    0.009016   14.314517 ^ fanout261/A (sky130_fd_sc_hd__buf_4)
    33    0.129737    0.357911    0.442634   14.757152 ^ fanout261/X (sky130_fd_sc_hd__buf_4)
                                                         net261 (net)
                      0.364710    0.040366   14.797518 ^ _104_/C (sky130_fd_sc_hd__and3_1)
     1    0.003206    0.057302    0.213976   15.011493 ^ _104_/X (sky130_fd_sc_hd__and3_1)
                                                         _031_ (net)
                      0.057320    0.000204   15.011697 ^ _137_/D (sky130_fd_sc_hd__dfrtp_4)
                                             15.011697   data arrival time

                                 25.000000   25.000000   clock clk (rise edge)
                                  4.650000   29.650000   clock source latency
     2    0.032503    0.610000    0.000000   29.650000 ^ clk (in)
                                                         clk (net)
                      0.618598    0.004192   29.654192 ^ wire3/A (sky130_fd_sc_hd__buf_4)
     3    0.046105    0.139175    0.291257   29.945448 ^ wire3/X (sky130_fd_sc_hd__buf_4)
                                                         net274 (net)
                      0.140154    0.009141   29.954590 ^ wire2/A (sky130_fd_sc_hd__buf_6)
     3    0.079184    0.161091    0.201958   30.156546 ^ wire2/X (sky130_fd_sc_hd__buf_6)
                                                         net273 (net)
                      0.166003    0.021522   30.178068 ^ wire1/A (sky130_fd_sc_hd__buf_6)
     3    0.081527    0.165675    0.209788   30.387857 ^ wire1/X (sky130_fd_sc_hd__buf_6)
                                                         net272 (net)
                      0.170972    0.022649   30.410505 ^ clkbuf_0_clk/A (sky130_fd_sc_hd__clkbuf_16)
     9    0.101102    0.118187    0.219661   30.630165 ^ clkbuf_0_clk/X (sky130_fd_sc_hd__clkbuf_16)
                                                         clknet_0_clk (net)
                      0.120119    0.011728   30.641893 ^ clkbuf_2_0__f_clk/A (sky130_fd_sc_hd__clkbuf_16)
    17    0.099198    0.116985    0.200867   30.842760 ^ clkbuf_2_0__f_clk/X (sky130_fd_sc_hd__clkbuf_16)
                                                         clknet_2_0__leaf_clk (net)
                      0.120369    0.015319   30.858080 ^ _137_/CLK (sky130_fd_sc_hd__dfrtp_4)
                                 -0.087500   30.770580   clock uncertainty
                                  0.000000   30.770580   clock reconvergence pessimism
                                 -0.054835   30.715744   library setup time
                                             30.715744   data required time
---------------------------------------------------------------------------------------------
                                             30.715744   data required time
                                            -15.011697   data arrival time
---------------------------------------------------------------------------------------------
                                             15.704046   slack (MET)


Startpoint: wbs_adr_i[17] (input port clocked by clk)
Endpoint: _135_ (rising edge-triggered flip-flop clocked by clk)
Path Group: clk
Path Type: max

Fanout         Cap        Slew       Delay        Time   Description
---------------------------------------------------------------------------------------------
                                  0.000000    0.000000   clock clk (rise edge)
                                  5.570000    5.570000   clock network delay (propagated)
                                  3.890000    9.460000 v input external delay
     2    0.004133    0.920000    0.000000    9.460000 v wbs_adr_i[17] (in)
                                                         wbs_adr_i[17] (net)
                      0.920179    0.000091    9.460092 v hold1/A (sky130_fd_sc_hd__dlygate4sd3_1)
     1    0.002744    0.052872    0.877082   10.337173 v hold1/X (sky130_fd_sc_hd__dlygate4sd3_1)
                                                         net275 (net)
                      0.052872    0.000202   10.337375 v input87/A (sky130_fd_sc_hd__clkbuf_1)
     1    0.002844    0.026793    0.093347   10.430721 v input87/X (sky130_fd_sc_hd__clkbuf_1)
                                                         net87 (net)
                      0.026793    0.000121   10.430842 v hold2/A (sky130_fd_sc_hd__dlygate4sd3_1)
     1    0.003023    0.054571    0.556672   10.987514 v hold2/X (sky130_fd_sc_hd__dlygate4sd3_1)
                                                         net276 (net)
                      0.054571    0.000121   10.987635 v _044_/A (sky130_fd_sc_hd__or4_1)
     1    0.004044    0.091210    0.540591   11.528226 v _044_/X (sky130_fd_sc_hd__or4_1)
                                                         _035_ (net)
                      0.091210    0.000296   11.528522 v hold3/A (sky130_fd_sc_hd__dlygate4sd3_1)
     1    0.004689    0.062508    0.596935   12.125457 v hold3/X (sky130_fd_sc_hd__dlygate4sd3_1)
                                                         net277 (net)
                      0.062508    0.000217   12.125673 v _048_/A (sky130_fd_sc_hd__nor4_1)
     1    0.008100    0.402112    0.424303   12.549976 ^ _048_/Y (sky130_fd_sc_hd__nor4_1)
                                                         _039_ (net)
                      0.402114    0.000702   12.550678 ^ hold4/A (sky130_fd_sc_hd__dlygate4sd3_1)
     1    0.007983    0.098352    0.662729   13.213408 ^ hold4/X (sky130_fd_sc_hd__dlygate4sd3_1)
                                                         net278 (net)
                      0.098352    0.000674   13.214082 ^ wire262/A (sky130_fd_sc_hd__buf_2)
     1    0.011780    0.066175    0.146448   13.360530 ^ wire262/X (sky130_fd_sc_hd__buf_2)
                                                         net262 (net)
                      0.066196    0.001152   13.361682 ^ hold5/A (sky130_fd_sc_hd__dlygate4sd3_1)
     7    0.058970    0.574465    0.943819   14.305501 ^ hold5/X (sky130_fd_sc_hd__dlygate4sd3_1)
                                                         net279 (net)
                      0.574607    0.009016   14.314517 ^ fanout261/A (sky130_fd_sc_hd__buf_4)
    33    0.129737    0.357911    0.442634   14.757152 ^ fanout261/X (sky130_fd_sc_hd__buf_4)
                                                         net261 (net)
                      0.364223    0.038953   14.796104 ^ _102_/C (sky130_fd_sc_hd__and3_1)
     1    0.002994    0.055448    0.211854   15.007958 ^ _102_/X (sky130_fd_sc_hd__and3_1)
                                                         _029_ (net)
                      0.055467    0.000199   15.008157 ^ _135_/D (sky130_fd_sc_hd__dfrtp_4)
                                             15.008157   data arrival time

                                 25.000000   25.000000   clock clk (rise edge)
                                  4.650000   29.650000   clock source latency
     2    0.032503    0.610000    0.000000   29.650000 ^ clk (in)
                                                         clk (net)
                      0.618598    0.004192   29.654192 ^ wire3/A (sky130_fd_sc_hd__buf_4)
     3    0.046105    0.139175    0.291257   29.945448 ^ wire3/X (sky130_fd_sc_hd__buf_4)
                                                         net274 (net)
                      0.140154    0.009141   29.954590 ^ wire2/A (sky130_fd_sc_hd__buf_6)
     3    0.079184    0.161091    0.201958   30.156546 ^ wire2/X (sky130_fd_sc_hd__buf_6)
                                                         net273 (net)
                      0.166003    0.021522   30.178068 ^ wire1/A (sky130_fd_sc_hd__buf_6)
     3    0.081527    0.165675    0.209788   30.387857 ^ wire1/X (sky130_fd_sc_hd__buf_6)
                                                         net272 (net)
                      0.170972    0.022649   30.410505 ^ clkbuf_0_clk/A (sky130_fd_sc_hd__clkbuf_16)
     9    0.101102    0.118187    0.219661   30.630165 ^ clkbuf_0_clk/X (sky130_fd_sc_hd__clkbuf_16)
                                                         clknet_0_clk (net)
                      0.120119    0.011728   30.641893 ^ clkbuf_2_0__f_clk/A (sky130_fd_sc_hd__clkbuf_16)
    17    0.099198    0.116985    0.200867   30.842760 ^ clkbuf_2_0__f_clk/X (sky130_fd_sc_hd__clkbuf_16)
                                                         clknet_2_0__leaf_clk (net)
                      0.120021    0.014523   30.857285 ^ _135_/CLK (sky130_fd_sc_hd__dfrtp_4)
                                 -0.087500   30.769785   clock uncertainty
                                  0.000000   30.769785   clock reconvergence pessimism
                                 -0.054462   30.715321   library setup time
                                             30.715321   data required time
---------------------------------------------------------------------------------------------
                                             30.715321   data required time
                                            -15.008157   data arrival time
---------------------------------------------------------------------------------------------
                                             15.707164   slack (MET)


Startpoint: wbs_adr_i[17] (input port clocked by clk)
Endpoint: _136_ (rising edge-triggered flip-flop clocked by clk)
Path Group: clk
Path Type: max

Fanout         Cap        Slew       Delay        Time   Description
---------------------------------------------------------------------------------------------
                                  0.000000    0.000000   clock clk (rise edge)
                                  5.570000    5.570000   clock network delay (propagated)
                                  3.890000    9.460000 v input external delay
     2    0.004133    0.920000    0.000000    9.460000 v wbs_adr_i[17] (in)
                                                         wbs_adr_i[17] (net)
                      0.920179    0.000091    9.460092 v hold1/A (sky130_fd_sc_hd__dlygate4sd3_1)
     1    0.002744    0.052872    0.877082   10.337173 v hold1/X (sky130_fd_sc_hd__dlygate4sd3_1)
                                                         net275 (net)
                      0.052872    0.000202   10.337375 v input87/A (sky130_fd_sc_hd__clkbuf_1)
     1    0.002844    0.026793    0.093347   10.430721 v input87/X (sky130_fd_sc_hd__clkbuf_1)
                                                         net87 (net)
                      0.026793    0.000121   10.430842 v hold2/A (sky130_fd_sc_hd__dlygate4sd3_1)
     1    0.003023    0.054571    0.556672   10.987514 v hold2/X (sky130_fd_sc_hd__dlygate4sd3_1)
                                                         net276 (net)
                      0.054571    0.000121   10.987635 v _044_/A (sky130_fd_sc_hd__or4_1)
     1    0.004044    0.091210    0.540591   11.528226 v _044_/X (sky130_fd_sc_hd__or4_1)
                                                         _035_ (net)
                      0.091210    0.000296   11.528522 v hold3/A (sky130_fd_sc_hd__dlygate4sd3_1)
     1    0.004689    0.062508    0.596935   12.125457 v hold3/X (sky130_fd_sc_hd__dlygate4sd3_1)
                                                         net277 (net)
                      0.062508    0.000217   12.125673 v _048_/A (sky130_fd_sc_hd__nor4_1)
     1    0.008100    0.402112    0.424303   12.549976 ^ _048_/Y (sky130_fd_sc_hd__nor4_1)
                                                         _039_ (net)
                      0.402114    0.000702   12.550678 ^ hold4/A (sky130_fd_sc_hd__dlygate4sd3_1)
     1    0.007983    0.098352    0.662729   13.213408 ^ hold4/X (sky130_fd_sc_hd__dlygate4sd3_1)
                                                         net278 (net)
                      0.098352    0.000674   13.214082 ^ wire262/A (sky130_fd_sc_hd__buf_2)
     1    0.011780    0.066175    0.146448   13.360530 ^ wire262/X (sky130_fd_sc_hd__buf_2)
                                                         net262 (net)
                      0.066196    0.001152   13.361682 ^ hold5/A (sky130_fd_sc_hd__dlygate4sd3_1)
     7    0.058970    0.574465    0.943819   14.305501 ^ hold5/X (sky130_fd_sc_hd__dlygate4sd3_1)
                                                         net279 (net)
                      0.574607    0.009016   14.314517 ^ fanout261/A (sky130_fd_sc_hd__buf_4)
    33    0.129737    0.357911    0.442634   14.757152 ^ fanout261/X (sky130_fd_sc_hd__buf_4)
                                                         net261 (net)
                      0.364875    0.040832   14.797984 ^ _103_/C (sky130_fd_sc_hd__and3_1)
     1    0.002888    0.054546    0.210909   15.008892 ^ _103_/X (sky130_fd_sc_hd__and3_1)
                                                         _030_ (net)
                      0.054566    0.000194   15.009086 ^ _136_/D (sky130_fd_sc_hd__dfrtp_4)
                                             15.009086   data arrival time

                                 25.000000   25.000000   clock clk (rise edge)
                                  4.650000   29.650000   clock source latency
     2    0.032503    0.610000    0.000000   29.650000 ^ clk (in)
                                                         clk (net)
                      0.618598    0.004192   29.654192 ^ wire3/A (sky130_fd_sc_hd__buf_4)
     3    0.046105    0.139175    0.291257   29.945448 ^ wire3/X (sky130_fd_sc_hd__buf_4)
                                                         net274 (net)
                      0.140154    0.009141   29.954590 ^ wire2/A (sky130_fd_sc_hd__buf_6)
     3    0.079184    0.161091    0.201958   30.156546 ^ wire2/X (sky130_fd_sc_hd__buf_6)
                                                         net273 (net)
                      0.166003    0.021522   30.178068 ^ wire1/A (sky130_fd_sc_hd__buf_6)
     3    0.081527    0.165675    0.209788   30.387857 ^ wire1/X (sky130_fd_sc_hd__buf_6)
                                                         net272 (net)
                      0.170972    0.022649   30.410505 ^ clkbuf_0_clk/A (sky130_fd_sc_hd__clkbuf_16)
     9    0.101102    0.118187    0.219661   30.630165 ^ clkbuf_0_clk/X (sky130_fd_sc_hd__clkbuf_16)
                                                         clknet_0_clk (net)
                      0.120119    0.011728   30.641893 ^ clkbuf_2_0__f_clk/A (sky130_fd_sc_hd__clkbuf_16)
    17    0.099198    0.116985    0.200867   30.842760 ^ clkbuf_2_0__f_clk/X (sky130_fd_sc_hd__clkbuf_16)
                                                         clknet_2_0__leaf_clk (net)
                      0.120516    0.015646   30.858406 ^ _136_/CLK (sky130_fd_sc_hd__dfrtp_4)
                                 -0.087500   30.770906   clock uncertainty
                                  0.000000   30.770906   clock reconvergence pessimism
                                 -0.054179   30.716728   library setup time
                                             30.716728   data required time
---------------------------------------------------------------------------------------------
                                             30.716728   data required time
                                            -15.009086   data arrival time
---------------------------------------------------------------------------------------------
                                             15.707642   slack (MET)


Startpoint: wbs_adr_i[17] (input port clocked by clk)
Endpoint: _140_ (rising edge-triggered flip-flop clocked by clk)
Path Group: clk
Path Type: max

Fanout         Cap        Slew       Delay        Time   Description
---------------------------------------------------------------------------------------------
                                  0.000000    0.000000   clock clk (rise edge)
                                  5.570000    5.570000   clock network delay (propagated)
                                  3.890000    9.460000 v input external delay
     2    0.004133    0.920000    0.000000    9.460000 v wbs_adr_i[17] (in)
                                                         wbs_adr_i[17] (net)
                      0.920179    0.000091    9.460092 v hold1/A (sky130_fd_sc_hd__dlygate4sd3_1)
     1    0.002744    0.052872    0.877082   10.337173 v hold1/X (sky130_fd_sc_hd__dlygate4sd3_1)
                                                         net275 (net)
                      0.052872    0.000202   10.337375 v input87/A (sky130_fd_sc_hd__clkbuf_1)
     1    0.002844    0.026793    0.093347   10.430721 v input87/X (sky130_fd_sc_hd__clkbuf_1)
                                                         net87 (net)
                      0.026793    0.000121   10.430842 v hold2/A (sky130_fd_sc_hd__dlygate4sd3_1)
     1    0.003023    0.054571    0.556672   10.987514 v hold2/X (sky130_fd_sc_hd__dlygate4sd3_1)
                                                         net276 (net)
                      0.054571    0.000121   10.987635 v _044_/A (sky130_fd_sc_hd__or4_1)
     1    0.004044    0.091210    0.540591   11.528226 v _044_/X (sky130_fd_sc_hd__or4_1)
                                                         _035_ (net)
                      0.091210    0.000296   11.528522 v hold3/A (sky130_fd_sc_hd__dlygate4sd3_1)
     1    0.004689    0.062508    0.596935   12.125457 v hold3/X (sky130_fd_sc_hd__dlygate4sd3_1)
                                                         net277 (net)
                      0.062508    0.000217   12.125673 v _048_/A (sky130_fd_sc_hd__nor4_1)
     1    0.008100    0.402112    0.424303   12.549976 ^ _048_/Y (sky130_fd_sc_hd__nor4_1)
                                                         _039_ (net)
                      0.402114    0.000702   12.550678 ^ hold4/A (sky130_fd_sc_hd__dlygate4sd3_1)
     1    0.007983    0.098352    0.662729   13.213408 ^ hold4/X (sky130_fd_sc_hd__dlygate4sd3_1)
                                                         net278 (net)
                      0.098352    0.000674   13.214082 ^ wire262/A (sky130_fd_sc_hd__buf_2)
     1    0.011780    0.066175    0.146448   13.360530 ^ wire262/X (sky130_fd_sc_hd__buf_2)
                                                         net262 (net)
                      0.066196    0.001152   13.361682 ^ hold5/A (sky130_fd_sc_hd__dlygate4sd3_1)
     7    0.058970    0.574465    0.943819   14.305501 ^ hold5/X (sky130_fd_sc_hd__dlygate4sd3_1)
                                                         net279 (net)
                      0.574607    0.009016   14.314517 ^ fanout261/A (sky130_fd_sc_hd__buf_4)
    33    0.129737    0.357911    0.442634   14.757152 ^ fanout261/X (sky130_fd_sc_hd__buf_4)
                                                         net261 (net)
                      0.362199    0.032408   14.789559 ^ _107_/C (sky130_fd_sc_hd__and3_1)
     1    0.002359    0.050502    0.205451   14.995010 ^ _107_/X (sky130_fd_sc_hd__and3_1)
                                                         _003_ (net)
                      0.050502    0.000176   14.995186 ^ _140_/D (sky130_fd_sc_hd__dfrtp_2)
                                             14.995186   data arrival time

                                 25.000000   25.000000   clock clk (rise edge)
                                  4.650000   29.650000   clock source latency
     2    0.032503    0.610000    0.000000   29.650000 ^ clk (in)
                                                         clk (net)
                      0.618598    0.004192   29.654192 ^ wire3/A (sky130_fd_sc_hd__buf_4)
     3    0.046105    0.139175    0.291257   29.945448 ^ wire3/X (sky130_fd_sc_hd__buf_4)
                                                         net274 (net)
                      0.140154    0.009141   29.954590 ^ wire2/A (sky130_fd_sc_hd__buf_6)
     3    0.079184    0.161091    0.201958   30.156546 ^ wire2/X (sky130_fd_sc_hd__buf_6)
                                                         net273 (net)
                      0.166003    0.021522   30.178068 ^ wire1/A (sky130_fd_sc_hd__buf_6)
     3    0.081527    0.165675    0.209788   30.387857 ^ wire1/X (sky130_fd_sc_hd__buf_6)
                                                         net272 (net)
                      0.170972    0.022649   30.410505 ^ clkbuf_0_clk/A (sky130_fd_sc_hd__clkbuf_16)
     9    0.101102    0.118187    0.219661   30.630165 ^ clkbuf_0_clk/X (sky130_fd_sc_hd__clkbuf_16)
                                                         clknet_0_clk (net)
                      0.120014    0.011415   30.641581 ^ clkbuf_2_1__f_clk/A (sky130_fd_sc_hd__clkbuf_16)
    21    0.087636    0.106165    0.190433   30.832014 ^ clkbuf_2_1__f_clk/X (sky130_fd_sc_hd__clkbuf_16)
                                                         clknet_2_1__leaf_clk (net)
                      0.109333    0.013955   30.845968 ^ _140_/CLK (sky130_fd_sc_hd__dfrtp_2)
                                 -0.087500   30.758469   clock uncertainty
                                  0.000000   30.758469   clock reconvergence pessimism
                                 -0.054954   30.703516   library setup time
                                             30.703516   data required time
---------------------------------------------------------------------------------------------
                                             30.703516   data required time
                                            -14.995186   data arrival time
---------------------------------------------------------------------------------------------
                                             15.708329   slack (MET)


Startpoint: wbs_adr_i[17] (input port clocked by clk)
Endpoint: _141_ (rising edge-triggered flip-flop clocked by clk)
Path Group: clk
Path Type: max

Fanout         Cap        Slew       Delay        Time   Description
---------------------------------------------------------------------------------------------
                                  0.000000    0.000000   clock clk (rise edge)
                                  5.570000    5.570000   clock network delay (propagated)
                                  3.890000    9.460000 v input external delay
     2    0.004133    0.920000    0.000000    9.460000 v wbs_adr_i[17] (in)
                                                         wbs_adr_i[17] (net)
                      0.920179    0.000091    9.460092 v hold1/A (sky130_fd_sc_hd__dlygate4sd3_1)
     1    0.002744    0.052872    0.877082   10.337173 v hold1/X (sky130_fd_sc_hd__dlygate4sd3_1)
                                                         net275 (net)
                      0.052872    0.000202   10.337375 v input87/A (sky130_fd_sc_hd__clkbuf_1)
     1    0.002844    0.026793    0.093347   10.430721 v input87/X (sky130_fd_sc_hd__clkbuf_1)
                                                         net87 (net)
                      0.026793    0.000121   10.430842 v hold2/A (sky130_fd_sc_hd__dlygate4sd3_1)
     1    0.003023    0.054571    0.556672   10.987514 v hold2/X (sky130_fd_sc_hd__dlygate4sd3_1)
                                                         net276 (net)
                      0.054571    0.000121   10.987635 v _044_/A (sky130_fd_sc_hd__or4_1)
     1    0.004044    0.091210    0.540591   11.528226 v _044_/X (sky130_fd_sc_hd__or4_1)
                                                         _035_ (net)
                      0.091210    0.000296   11.528522 v hold3/A (sky130_fd_sc_hd__dlygate4sd3_1)
     1    0.004689    0.062508    0.596935   12.125457 v hold3/X (sky130_fd_sc_hd__dlygate4sd3_1)
                                                         net277 (net)
                      0.062508    0.000217   12.125673 v _048_/A (sky130_fd_sc_hd__nor4_1)
     1    0.008100    0.402112    0.424303   12.549976 ^ _048_/Y (sky130_fd_sc_hd__nor4_1)
                                                         _039_ (net)
                      0.402114    0.000702   12.550678 ^ hold4/A (sky130_fd_sc_hd__dlygate4sd3_1)
     1    0.007983    0.098352    0.662729   13.213408 ^ hold4/X (sky130_fd_sc_hd__dlygate4sd3_1)
                                                         net278 (net)
                      0.098352    0.000674   13.214082 ^ wire262/A (sky130_fd_sc_hd__buf_2)
     1    0.011780    0.066175    0.146448   13.360530 ^ wire262/X (sky130_fd_sc_hd__buf_2)
                                                         net262 (net)
                      0.066196    0.001152   13.361682 ^ hold5/A (sky130_fd_sc_hd__dlygate4sd3_1)
     7    0.058970    0.574465    0.943819   14.305501 ^ hold5/X (sky130_fd_sc_hd__dlygate4sd3_1)
                                                         net279 (net)
                      0.574607    0.009016   14.314517 ^ fanout261/A (sky130_fd_sc_hd__buf_4)
    33    0.129737    0.357911    0.442634   14.757152 ^ fanout261/X (sky130_fd_sc_hd__buf_4)
                                                         net261 (net)
                      0.359537    0.020518   14.777669 ^ _108_/C (sky130_fd_sc_hd__and3_1)
     1    0.003363    0.059002    0.214833   14.992502 ^ _108_/X (sky130_fd_sc_hd__and3_1)
                                                         _004_ (net)
                      0.059018    0.000222   14.992723 ^ _141_/D (sky130_fd_sc_hd__dfrtp_2)
                                             14.992723   data arrival time

                                 25.000000   25.000000   clock clk (rise edge)
                                  4.650000   29.650000   clock source latency
     2    0.032503    0.610000    0.000000   29.650000 ^ clk (in)
                                                         clk (net)
                      0.618598    0.004192   29.654192 ^ wire3/A (sky130_fd_sc_hd__buf_4)
     3    0.046105    0.139175    0.291257   29.945448 ^ wire3/X (sky130_fd_sc_hd__buf_4)
                                                         net274 (net)
                      0.140154    0.009141   29.954590 ^ wire2/A (sky130_fd_sc_hd__buf_6)
     3    0.079184    0.161091    0.201958   30.156546 ^ wire2/X (sky130_fd_sc_hd__buf_6)
                                                         net273 (net)
                      0.166003    0.021522   30.178068 ^ wire1/A (sky130_fd_sc_hd__buf_6)
     3    0.081527    0.165675    0.209788   30.387857 ^ wire1/X (sky130_fd_sc_hd__buf_6)
                                                         net272 (net)
                      0.170972    0.022649   30.410505 ^ clkbuf_0_clk/A (sky130_fd_sc_hd__clkbuf_16)
     9    0.101102    0.118187    0.219661   30.630165 ^ clkbuf_0_clk/X (sky130_fd_sc_hd__clkbuf_16)
                                                         clknet_0_clk (net)
                      0.120119    0.011728   30.641893 ^ clkbuf_2_0__f_clk/A (sky130_fd_sc_hd__clkbuf_16)
    17    0.099198    0.116985    0.200867   30.842760 ^ clkbuf_2_0__f_clk/X (sky130_fd_sc_hd__clkbuf_16)
                                                         clknet_2_0__leaf_clk (net)
                      0.117819    0.007841   30.850601 ^ _141_/CLK (sky130_fd_sc_hd__dfrtp_2)
                                 -0.087500   30.763102   clock uncertainty
                                  0.000000   30.763102   clock reconvergence pessimism
                                 -0.055615   30.707487   library setup time
                                             30.707487   data required time
---------------------------------------------------------------------------------------------
                                             30.707487   data required time
                                            -14.992723   data arrival time
---------------------------------------------------------------------------------------------
                                             15.714764   slack (MET)


Startpoint: wbs_adr_i[17] (input port clocked by clk)
Endpoint: _142_ (rising edge-triggered flip-flop clocked by clk)
Path Group: clk
Path Type: max

Fanout         Cap        Slew       Delay        Time   Description
---------------------------------------------------------------------------------------------
                                  0.000000    0.000000   clock clk (rise edge)
                                  5.570000    5.570000   clock network delay (propagated)
                                  3.890000    9.460000 v input external delay
     2    0.004133    0.920000    0.000000    9.460000 v wbs_adr_i[17] (in)
                                                         wbs_adr_i[17] (net)
                      0.920179    0.000091    9.460092 v hold1/A (sky130_fd_sc_hd__dlygate4sd3_1)
     1    0.002744    0.052872    0.877082   10.337173 v hold1/X (sky130_fd_sc_hd__dlygate4sd3_1)
                                                         net275 (net)
                      0.052872    0.000202   10.337375 v input87/A (sky130_fd_sc_hd__clkbuf_1)
     1    0.002844    0.026793    0.093347   10.430721 v input87/X (sky130_fd_sc_hd__clkbuf_1)
                                                         net87 (net)
                      0.026793    0.000121   10.430842 v hold2/A (sky130_fd_sc_hd__dlygate4sd3_1)
     1    0.003023    0.054571    0.556672   10.987514 v hold2/X (sky130_fd_sc_hd__dlygate4sd3_1)
                                                         net276 (net)
                      0.054571    0.000121   10.987635 v _044_/A (sky130_fd_sc_hd__or4_1)
     1    0.004044    0.091210    0.540591   11.528226 v _044_/X (sky130_fd_sc_hd__or4_1)
                                                         _035_ (net)
                      0.091210    0.000296   11.528522 v hold3/A (sky130_fd_sc_hd__dlygate4sd3_1)
     1    0.004689    0.062508    0.596935   12.125457 v hold3/X (sky130_fd_sc_hd__dlygate4sd3_1)
                                                         net277 (net)
                      0.062508    0.000217   12.125673 v _048_/A (sky130_fd_sc_hd__nor4_1)
     1    0.008100    0.402112    0.424303   12.549976 ^ _048_/Y (sky130_fd_sc_hd__nor4_1)
                                                         _039_ (net)
                      0.402114    0.000702   12.550678 ^ hold4/A (sky130_fd_sc_hd__dlygate4sd3_1)
     1    0.007983    0.098352    0.662729   13.213408 ^ hold4/X (sky130_fd_sc_hd__dlygate4sd3_1)
                                                         net278 (net)
                      0.098352    0.000674   13.214082 ^ wire262/A (sky130_fd_sc_hd__buf_2)
     1    0.011780    0.066175    0.146448   13.360530 ^ wire262/X (sky130_fd_sc_hd__buf_2)
                                                         net262 (net)
                      0.066196    0.001152   13.361682 ^ hold5/A (sky130_fd_sc_hd__dlygate4sd3_1)
     7    0.058970    0.574465    0.943819   14.305501 ^ hold5/X (sky130_fd_sc_hd__dlygate4sd3_1)
                                                         net279 (net)
                      0.574607    0.009016   14.314517 ^ fanout261/A (sky130_fd_sc_hd__buf_4)
    33    0.129737    0.357911    0.442634   14.757152 ^ fanout261/X (sky130_fd_sc_hd__buf_4)
                                                         net261 (net)
                      0.358500    0.012630   14.769781 ^ _109_/C (sky130_fd_sc_hd__and3_1)
     1    0.003389    0.058794    0.214956   14.984737 ^ _109_/X (sky130_fd_sc_hd__and3_1)
                                                         _005_ (net)
                      0.058812    0.000226   14.984963 ^ _142_/D (sky130_fd_sc_hd__dfrtp_2)
                                             14.984963   data arrival time

                                 25.000000   25.000000   clock clk (rise edge)
                                  4.650000   29.650000   clock source latency
     2    0.032503    0.610000    0.000000   29.650000 ^ clk (in)
                                                         clk (net)
                      0.618598    0.004192   29.654192 ^ wire3/A (sky130_fd_sc_hd__buf_4)
     3    0.046105    0.139175    0.291257   29.945448 ^ wire3/X (sky130_fd_sc_hd__buf_4)
                                                         net274 (net)
                      0.140154    0.009141   29.954590 ^ wire2/A (sky130_fd_sc_hd__buf_6)
     3    0.079184    0.161091    0.201958   30.156546 ^ wire2/X (sky130_fd_sc_hd__buf_6)
                                                         net273 (net)
                      0.166003    0.021522   30.178068 ^ wire1/A (sky130_fd_sc_hd__buf_6)
     3    0.081527    0.165675    0.209788   30.387857 ^ wire1/X (sky130_fd_sc_hd__buf_6)
                                                         net272 (net)
                      0.170972    0.022649   30.410505 ^ clkbuf_0_clk/A (sky130_fd_sc_hd__clkbuf_16)
     9    0.101102    0.118187    0.219661   30.630165 ^ clkbuf_0_clk/X (sky130_fd_sc_hd__clkbuf_16)
                                                         clknet_0_clk (net)
                      0.120119    0.011728   30.641893 ^ clkbuf_2_0__f_clk/A (sky130_fd_sc_hd__clkbuf_16)
    17    0.099198    0.116985    0.200867   30.842760 ^ clkbuf_2_0__f_clk/X (sky130_fd_sc_hd__clkbuf_16)
                                                         clknet_2_0__leaf_clk (net)
                      0.118312    0.009752   30.852512 ^ _142_/CLK (sky130_fd_sc_hd__dfrtp_2)
                                 -0.087500   30.765013   clock uncertainty
                                  0.000000   30.765013   clock reconvergence pessimism
                                 -0.055493   30.709518   library setup time
                                             30.709518   data required time
---------------------------------------------------------------------------------------------
                                             30.709518   data required time
                                            -14.984963   data arrival time
---------------------------------------------------------------------------------------------
                                             15.724556   slack (MET)


Startpoint: wbs_adr_i[17] (input port clocked by clk)
Endpoint: _143_ (rising edge-triggered flip-flop clocked by clk)
Path Group: clk
Path Type: max

Fanout         Cap        Slew       Delay        Time   Description
---------------------------------------------------------------------------------------------
                                  0.000000    0.000000   clock clk (rise edge)
                                  5.570000    5.570000   clock network delay (propagated)
                                  3.890000    9.460000 v input external delay
     2    0.004133    0.920000    0.000000    9.460000 v wbs_adr_i[17] (in)
                                                         wbs_adr_i[17] (net)
                      0.920179    0.000091    9.460092 v hold1/A (sky130_fd_sc_hd__dlygate4sd3_1)
     1    0.002744    0.052872    0.877082   10.337173 v hold1/X (sky130_fd_sc_hd__dlygate4sd3_1)
                                                         net275 (net)
                      0.052872    0.000202   10.337375 v input87/A (sky130_fd_sc_hd__clkbuf_1)
     1    0.002844    0.026793    0.093347   10.430721 v input87/X (sky130_fd_sc_hd__clkbuf_1)
                                                         net87 (net)
                      0.026793    0.000121   10.430842 v hold2/A (sky130_fd_sc_hd__dlygate4sd3_1)
     1    0.003023    0.054571    0.556672   10.987514 v hold2/X (sky130_fd_sc_hd__dlygate4sd3_1)
                                                         net276 (net)
                      0.054571    0.000121   10.987635 v _044_/A (sky130_fd_sc_hd__or4_1)
     1    0.004044    0.091210    0.540591   11.528226 v _044_/X (sky130_fd_sc_hd__or4_1)
                                                         _035_ (net)
                      0.091210    0.000296   11.528522 v hold3/A (sky130_fd_sc_hd__dlygate4sd3_1)
     1    0.004689    0.062508    0.596935   12.125457 v hold3/X (sky130_fd_sc_hd__dlygate4sd3_1)
                                                         net277 (net)
                      0.062508    0.000217   12.125673 v _048_/A (sky130_fd_sc_hd__nor4_1)
     1    0.008100    0.402112    0.424303   12.549976 ^ _048_/Y (sky130_fd_sc_hd__nor4_1)
                                                         _039_ (net)
                      0.402114    0.000702   12.550678 ^ hold4/A (sky130_fd_sc_hd__dlygate4sd3_1)
     1    0.007983    0.098352    0.662729   13.213408 ^ hold4/X (sky130_fd_sc_hd__dlygate4sd3_1)
                                                         net278 (net)
                      0.098352    0.000674   13.214082 ^ wire262/A (sky130_fd_sc_hd__buf_2)
     1    0.011780    0.066175    0.146448   13.360530 ^ wire262/X (sky130_fd_sc_hd__buf_2)
                                                         net262 (net)
                      0.066196    0.001152   13.361682 ^ hold5/A (sky130_fd_sc_hd__dlygate4sd3_1)
     7    0.058970    0.574465    0.943819   14.305501 ^ hold5/X (sky130_fd_sc_hd__dlygate4sd3_1)
                                                         net279 (net)
                      0.574607    0.009016   14.314517 ^ fanout261/A (sky130_fd_sc_hd__buf_4)
    33    0.129737    0.357911    0.442634   14.757152 ^ fanout261/X (sky130_fd_sc_hd__buf_4)
                                                         net261 (net)
                      0.357952    0.003430   14.760582 ^ _110_/C (sky130_fd_sc_hd__and3_1)
     1    0.002743    0.053168    0.208643   14.969225 ^ _110_/X (sky130_fd_sc_hd__and3_1)
                                                         _006_ (net)
                      0.053187    0.000183   14.969407 ^ _143_/D (sky130_fd_sc_hd__dfrtp_2)
                                             14.969407   data arrival time

                                 25.000000   25.000000   clock clk (rise edge)
                                  4.650000   29.650000   clock source latency
     2    0.032503    0.610000    0.000000   29.650000 ^ clk (in)
                                                         clk (net)
                      0.618598    0.004192   29.654192 ^ wire3/A (sky130_fd_sc_hd__buf_4)
     3    0.046105    0.139175    0.291257   29.945448 ^ wire3/X (sky130_fd_sc_hd__buf_4)
                                                         net274 (net)
                      0.140154    0.009141   29.954590 ^ wire2/A (sky130_fd_sc_hd__buf_6)
     3    0.079184    0.161091    0.201958   30.156546 ^ wire2/X (sky130_fd_sc_hd__buf_6)
                                                         net273 (net)
                      0.166003    0.021522   30.178068 ^ wire1/A (sky130_fd_sc_hd__buf_6)
     3    0.081527    0.165675    0.209788   30.387857 ^ wire1/X (sky130_fd_sc_hd__buf_6)
                                                         net272 (net)
                      0.170972    0.022649   30.410505 ^ clkbuf_0_clk/A (sky130_fd_sc_hd__clkbuf_16)
     9    0.101102    0.118187    0.219661   30.630165 ^ clkbuf_0_clk/X (sky130_fd_sc_hd__clkbuf_16)
                                                         clknet_0_clk (net)
                      0.120119    0.011728   30.641893 ^ clkbuf_2_0__f_clk/A (sky130_fd_sc_hd__clkbuf_16)
    17    0.099198    0.116985    0.200867   30.842760 ^ clkbuf_2_0__f_clk/X (sky130_fd_sc_hd__clkbuf_16)
                                                         clknet_2_0__leaf_clk (net)
                      0.118770    0.011230   30.853991 ^ _143_/CLK (sky130_fd_sc_hd__dfrtp_2)
                                 -0.087500   30.766491   clock uncertainty
                                  0.000000   30.766491   clock reconvergence pessimism
                                 -0.054129   30.712362   library setup time
                                             30.712362   data required time
---------------------------------------------------------------------------------------------
                                             30.712362   data required time
                                            -14.969407   data arrival time
---------------------------------------------------------------------------------------------
                                             15.742954   slack (MET)


Startpoint: _160_ (rising edge-triggered flip-flop clocked by clk)
Endpoint: wbs_dat_o[31] (output port clocked by clk)
Path Group: clk
Path Type: max

Fanout         Cap        Slew       Delay        Time   Description
---------------------------------------------------------------------------------------------
                                  0.000000    0.000000   clock clk (rise edge)
                                  5.570000    5.570000   clock source latency
     2    0.032503    0.610000    0.000000    5.570000 ^ clk (in)
                                                         clk (net)
                      0.618598    0.004407    5.574407 ^ wire3/A (sky130_fd_sc_hd__buf_4)
     3    0.046105    0.139175    0.306194    5.880601 ^ wire3/X (sky130_fd_sc_hd__buf_4)
                                                         net274 (net)
                      0.140154    0.009610    5.890211 ^ wire2/A (sky130_fd_sc_hd__buf_6)
     3    0.079184    0.161091    0.212314    6.102525 ^ wire2/X (sky130_fd_sc_hd__buf_6)
                                                         net273 (net)
                      0.166003    0.022624    6.125149 ^ wire1/A (sky130_fd_sc_hd__buf_6)
     3    0.081527    0.165675    0.220547    6.345696 ^ wire1/X (sky130_fd_sc_hd__buf_6)
                                                         net272 (net)
                      0.170972    0.023810    6.369506 ^ clkbuf_0_clk/A (sky130_fd_sc_hd__clkbuf_16)
     9    0.101102    0.118187    0.230925    6.600431 ^ clkbuf_0_clk/X (sky130_fd_sc_hd__clkbuf_16)
                                                         clknet_0_clk (net)
                      0.119566    0.010470    6.610901 ^ clkbuf_2_3__f_clk/A (sky130_fd_sc_hd__clkbuf_16)
    21    0.073875    0.092624    0.190862    6.801763 ^ clkbuf_2_3__f_clk/X (sky130_fd_sc_hd__clkbuf_16)
                                                         clknet_2_3__leaf_clk (net)
                      0.096616    0.015234    6.816997 ^ _160_/CLK (sky130_fd_sc_hd__dfrtp_4)
     3    0.174356    0.485466    0.732959    7.549955 ^ _160_/Q (sky130_fd_sc_hd__dfrtp_4)
                                                         net252 (net)
                      0.521310    0.103788    7.653744 ^ output252/A (sky130_fd_sc_hd__buf_12)
     1    0.191251    0.227790    0.320106    7.973849 ^ output252/X (sky130_fd_sc_hd__buf_12)
                                                         wbs_dat_o[31] (net)
                      0.228385    0.009750    7.983600 ^ wbs_dat_o[31] (out)
                                              7.983600   data arrival time

                                 25.000000   25.000000   clock clk (rise edge)
                                  4.650000   29.650000   clock network delay (propagated)
                                 -0.087500   29.562500   clock uncertainty
                                  0.000000   29.562500   clock reconvergence pessimism
                                 -3.620000   25.942499   output external delay
                                             25.942499   data required time
---------------------------------------------------------------------------------------------
                                             25.942499   data required time
                                             -7.983600   data arrival time
---------------------------------------------------------------------------------------------
                                             17.958899   slack (MET)


Startpoint: _159_ (rising edge-triggered flip-flop clocked by clk)
Endpoint: wbs_dat_o[30] (output port clocked by clk)
Path Group: clk
Path Type: max

Fanout         Cap        Slew       Delay        Time   Description
---------------------------------------------------------------------------------------------
                                  0.000000    0.000000   clock clk (rise edge)
                                  5.570000    5.570000   clock source latency
     2    0.032503    0.610000    0.000000    5.570000 ^ clk (in)
                                                         clk (net)
                      0.618598    0.004407    5.574407 ^ wire3/A (sky130_fd_sc_hd__buf_4)
     3    0.046105    0.139175    0.306194    5.880601 ^ wire3/X (sky130_fd_sc_hd__buf_4)
                                                         net274 (net)
                      0.140154    0.009610    5.890211 ^ wire2/A (sky130_fd_sc_hd__buf_6)
     3    0.079184    0.161091    0.212314    6.102525 ^ wire2/X (sky130_fd_sc_hd__buf_6)
                                                         net273 (net)
                      0.166003    0.022624    6.125149 ^ wire1/A (sky130_fd_sc_hd__buf_6)
     3    0.081527    0.165675    0.220547    6.345696 ^ wire1/X (sky130_fd_sc_hd__buf_6)
                                                         net272 (net)
                      0.170972    0.023810    6.369506 ^ clkbuf_0_clk/A (sky130_fd_sc_hd__clkbuf_16)
     9    0.101102    0.118187    0.230925    6.600431 ^ clkbuf_0_clk/X (sky130_fd_sc_hd__clkbuf_16)
                                                         clknet_0_clk (net)
                      0.119567    0.010475    6.610906 ^ clkbuf_2_2__f_clk/A (sky130_fd_sc_hd__clkbuf_16)
    17    0.096608    0.114410    0.209354    6.820260 ^ clkbuf_2_2__f_clk/X (sky130_fd_sc_hd__clkbuf_16)
                                                         clknet_2_2__leaf_clk (net)
                      0.117896    0.016162    6.836422 ^ _159_/CLK (sky130_fd_sc_hd__dfrtp_4)
     3    0.156926    0.443962    0.715201    7.551623 ^ _159_/Q (sky130_fd_sc_hd__dfrtp_4)
                                                         net251 (net)
                      0.470491    0.086094    7.637716 ^ output251/A (sky130_fd_sc_hd__buf_12)
     1    0.191251    0.227566    0.314195    7.951911 ^ output251/X (sky130_fd_sc_hd__buf_12)
                                                         wbs_dat_o[30] (net)
                      0.228161    0.009750    7.961662 ^ wbs_dat_o[30] (out)
                                              7.961662   data arrival time

                                 25.000000   25.000000   clock clk (rise edge)
                                  4.650000   29.650000   clock network delay (propagated)
                                 -0.087500   29.562500   clock uncertainty
                                  0.000000   29.562500   clock reconvergence pessimism
                                 -3.620000   25.942499   output external delay
                                             25.942499   data required time
---------------------------------------------------------------------------------------------
                                             25.942499   data required time
                                             -7.961662   data arrival time
---------------------------------------------------------------------------------------------
                                             17.980837   slack (MET)


Startpoint: _129_ (rising edge-triggered flip-flop clocked by clk)
Endpoint: wbs_dat_o[0] (output port clocked by clk)
Path Group: clk
Path Type: max

Fanout         Cap        Slew       Delay        Time   Description
---------------------------------------------------------------------------------------------
                                  0.000000    0.000000   clock clk (rise edge)
                                  5.570000    5.570000   clock source latency
     2    0.032503    0.610000    0.000000    5.570000 ^ clk (in)
                                                         clk (net)
                      0.618598    0.004407    5.574407 ^ wire3/A (sky130_fd_sc_hd__buf_4)
     3    0.046105    0.139175    0.306194    5.880601 ^ wire3/X (sky130_fd_sc_hd__buf_4)
                                                         net274 (net)
                      0.140154    0.009610    5.890211 ^ wire2/A (sky130_fd_sc_hd__buf_6)
     3    0.079184    0.161091    0.212314    6.102525 ^ wire2/X (sky130_fd_sc_hd__buf_6)
                                                         net273 (net)
                      0.166003    0.022624    6.125149 ^ wire1/A (sky130_fd_sc_hd__buf_6)
     3    0.081527    0.165675    0.220547    6.345696 ^ wire1/X (sky130_fd_sc_hd__buf_6)
                                                         net272 (net)
                      0.170972    0.023810    6.369506 ^ clkbuf_0_clk/A (sky130_fd_sc_hd__clkbuf_16)
     9    0.101102    0.118187    0.230925    6.600431 ^ clkbuf_0_clk/X (sky130_fd_sc_hd__clkbuf_16)
                                                         clknet_0_clk (net)
                      0.120014    0.012000    6.612431 ^ clkbuf_2_1__f_clk/A (sky130_fd_sc_hd__clkbuf_16)
    21    0.087636    0.106165    0.200199    6.812630 ^ clkbuf_2_1__f_clk/X (sky130_fd_sc_hd__clkbuf_16)
                                                         clknet_2_1__leaf_clk (net)
                      0.110770    0.017630    6.830261 ^ _129_/CLK (sky130_fd_sc_hd__dfrtp_4)
     3    0.127943    0.367666    0.658801    7.489062 ^ _129_/Q (sky130_fd_sc_hd__dfrtp_4)
                                                         net228 (net)
                      0.393051    0.076612    7.565674 ^ output228/A (sky130_fd_sc_hd__buf_12)
     1    0.191020    0.221307    0.300865    7.866539 ^ output228/X (sky130_fd_sc_hd__buf_12)
                                                         wbs_dat_o[0] (net)
                      0.221858    0.009312    7.875851 ^ wbs_dat_o[0] (out)
                                              7.875851   data arrival time

                                 25.000000   25.000000   clock clk (rise edge)
                                  4.650000   29.650000   clock network delay (propagated)
                                 -0.087500   29.562500   clock uncertainty
                                  0.000000   29.562500   clock reconvergence pessimism
                                 -3.620000   25.942499   output external delay
                                             25.942499   data required time
---------------------------------------------------------------------------------------------
                                             25.942499   data required time
                                             -7.875851   data arrival time
---------------------------------------------------------------------------------------------
                                             18.066647   slack (MET)


Startpoint: _158_ (rising edge-triggered flip-flop clocked by clk)
Endpoint: wbs_dat_o[29] (output port clocked by clk)
Path Group: clk
Path Type: max

Fanout         Cap        Slew       Delay        Time   Description
---------------------------------------------------------------------------------------------
                                  0.000000    0.000000   clock clk (rise edge)
                                  5.570000    5.570000   clock source latency
     2    0.032503    0.610000    0.000000    5.570000 ^ clk (in)
                                                         clk (net)
                      0.618598    0.004407    5.574407 ^ wire3/A (sky130_fd_sc_hd__buf_4)
     3    0.046105    0.139175    0.306194    5.880601 ^ wire3/X (sky130_fd_sc_hd__buf_4)
                                                         net274 (net)
                      0.140154    0.009610    5.890211 ^ wire2/A (sky130_fd_sc_hd__buf_6)
     3    0.079184    0.161091    0.212314    6.102525 ^ wire2/X (sky130_fd_sc_hd__buf_6)
                                                         net273 (net)
                      0.166003    0.022624    6.125149 ^ wire1/A (sky130_fd_sc_hd__buf_6)
     3    0.081527    0.165675    0.220547    6.345696 ^ wire1/X (sky130_fd_sc_hd__buf_6)
                                                         net272 (net)
                      0.170972    0.023810    6.369506 ^ clkbuf_0_clk/A (sky130_fd_sc_hd__clkbuf_16)
     9    0.101102    0.118187    0.230925    6.600431 ^ clkbuf_0_clk/X (sky130_fd_sc_hd__clkbuf_16)
                                                         clknet_0_clk (net)
                      0.119566    0.010470    6.610901 ^ clkbuf_2_3__f_clk/A (sky130_fd_sc_hd__clkbuf_16)
    21    0.073875    0.092624    0.190862    6.801763 ^ clkbuf_2_3__f_clk/X (sky130_fd_sc_hd__clkbuf_16)
                                                         clknet_2_3__leaf_clk (net)
                      0.096778    0.015542    6.817305 ^ _158_/CLK (sky130_fd_sc_hd__dfrtp_4)
     3    0.125995    0.363487    0.643760    7.461065 ^ _158_/Q (sky130_fd_sc_hd__dfrtp_4)
                                                         net249 (net)
                      0.391031    0.079000    7.540065 ^ output249/A (sky130_fd_sc_hd__buf_12)
     1    0.191405    0.227448    0.305123    7.845188 ^ output249/X (sky130_fd_sc_hd__buf_12)
                                                         wbs_dat_o[29] (net)
                      0.228045    0.009759    7.854947 ^ wbs_dat_o[29] (out)
                                              7.854947   data arrival time

                                 25.000000   25.000000   clock clk (rise edge)
                                  4.650000   29.650000   clock network delay (propagated)
                                 -0.087500   29.562500   clock uncertainty
                                  0.000000   29.562500   clock reconvergence pessimism
                                 -3.620000   25.942499   output external delay
                                             25.942499   data required time
---------------------------------------------------------------------------------------------
                                             25.942499   data required time
                                             -7.854947   data arrival time
---------------------------------------------------------------------------------------------
                                             18.087551   slack (MET)


Startpoint: _130_ (rising edge-triggered flip-flop clocked by clk)
Endpoint: wbs_dat_o[1] (output port clocked by clk)
Path Group: clk
Path Type: max

Fanout         Cap        Slew       Delay        Time   Description
---------------------------------------------------------------------------------------------
                                  0.000000    0.000000   clock clk (rise edge)
                                  5.570000    5.570000   clock source latency
     2    0.032503    0.610000    0.000000    5.570000 ^ clk (in)
                                                         clk (net)
                      0.618598    0.004407    5.574407 ^ wire3/A (sky130_fd_sc_hd__buf_4)
     3    0.046105    0.139175    0.306194    5.880601 ^ wire3/X (sky130_fd_sc_hd__buf_4)
                                                         net274 (net)
                      0.140154    0.009610    5.890211 ^ wire2/A (sky130_fd_sc_hd__buf_6)
     3    0.079184    0.161091    0.212314    6.102525 ^ wire2/X (sky130_fd_sc_hd__buf_6)
                                                         net273 (net)
                      0.166003    0.022624    6.125149 ^ wire1/A (sky130_fd_sc_hd__buf_6)
     3    0.081527    0.165675    0.220547    6.345696 ^ wire1/X (sky130_fd_sc_hd__buf_6)
                                                         net272 (net)
                      0.170972    0.023810    6.369506 ^ clkbuf_0_clk/A (sky130_fd_sc_hd__clkbuf_16)
     9    0.101102    0.118187    0.230925    6.600431 ^ clkbuf_0_clk/X (sky130_fd_sc_hd__clkbuf_16)
                                                         clknet_0_clk (net)
                      0.120014    0.012000    6.612431 ^ clkbuf_2_1__f_clk/A (sky130_fd_sc_hd__clkbuf_16)
    21    0.087636    0.106165    0.200199    6.812630 ^ clkbuf_2_1__f_clk/X (sky130_fd_sc_hd__clkbuf_16)
                                                         clknet_2_1__leaf_clk (net)
                      0.112282    0.020327    6.832957 ^ _130_/CLK (sky130_fd_sc_hd__dfrtp_4)
     3    0.116234    0.337272    0.643620    7.476578 ^ _130_/Q (sky130_fd_sc_hd__dfrtp_4)
                                                         net239 (net)
                      0.355038    0.061728    7.538305 ^ output239/A (sky130_fd_sc_hd__buf_12)
     1    0.191020    0.221583    0.296327    7.834632 ^ output239/X (sky130_fd_sc_hd__buf_12)
                                                         wbs_dat_o[1] (net)
                      0.222133    0.009312    7.843944 ^ wbs_dat_o[1] (out)
                                              7.843944   data arrival time

                                 25.000000   25.000000   clock clk (rise edge)
                                  4.650000   29.650000   clock network delay (propagated)
                                 -0.087500   29.562500   clock uncertainty
                                  0.000000   29.562500   clock reconvergence pessimism
                                 -3.620000   25.942499   output external delay
                                             25.942499   data required time
---------------------------------------------------------------------------------------------
                                             25.942499   data required time
                                             -7.843944   data arrival time
---------------------------------------------------------------------------------------------
                                             18.098555   slack (MET)


Startpoint: _157_ (rising edge-triggered flip-flop clocked by clk)
Endpoint: wbs_dat_o[28] (output port clocked by clk)
Path Group: clk
Path Type: max

Fanout         Cap        Slew       Delay        Time   Description
---------------------------------------------------------------------------------------------
                                  0.000000    0.000000   clock clk (rise edge)
                                  5.570000    5.570000   clock source latency
     2    0.032503    0.610000    0.000000    5.570000 ^ clk (in)
                                                         clk (net)
                      0.618598    0.004407    5.574407 ^ wire3/A (sky130_fd_sc_hd__buf_4)
     3    0.046105    0.139175    0.306194    5.880601 ^ wire3/X (sky130_fd_sc_hd__buf_4)
                                                         net274 (net)
                      0.140154    0.009610    5.890211 ^ wire2/A (sky130_fd_sc_hd__buf_6)
     3    0.079184    0.161091    0.212314    6.102525 ^ wire2/X (sky130_fd_sc_hd__buf_6)
                                                         net273 (net)
                      0.166003    0.022624    6.125149 ^ wire1/A (sky130_fd_sc_hd__buf_6)
     3    0.081527    0.165675    0.220547    6.345696 ^ wire1/X (sky130_fd_sc_hd__buf_6)
                                                         net272 (net)
                      0.170972    0.023810    6.369506 ^ clkbuf_0_clk/A (sky130_fd_sc_hd__clkbuf_16)
     9    0.101102    0.118187    0.230925    6.600431 ^ clkbuf_0_clk/X (sky130_fd_sc_hd__clkbuf_16)
                                                         clknet_0_clk (net)
                      0.119566    0.010470    6.610901 ^ clkbuf_2_3__f_clk/A (sky130_fd_sc_hd__clkbuf_16)
    21    0.073875    0.092624    0.190862    6.801763 ^ clkbuf_2_3__f_clk/X (sky130_fd_sc_hd__clkbuf_16)
                                                         clknet_2_3__leaf_clk (net)
                      0.096345    0.014702    6.816465 ^ _157_/CLK (sky130_fd_sc_hd__dfrtp_4)
     3    0.119243    0.345719    0.634503    7.450968 ^ _157_/Q (sky130_fd_sc_hd__dfrtp_4)
                                                         net248 (net)
                      0.369272    0.071504    7.522472 ^ output248/A (sky130_fd_sc_hd__buf_12)
     1    0.191305    0.227236    0.302510    7.824982 ^ output248/X (sky130_fd_sc_hd__buf_12)
                                                         wbs_dat_o[28] (net)
                      0.227832    0.009755    7.834737 ^ wbs_dat_o[28] (out)
                                              7.834737   data arrival time

                                 25.000000   25.000000   clock clk (rise edge)
                                  4.650000   29.650000   clock network delay (propagated)
                                 -0.087500   29.562500   clock uncertainty
                                  0.000000   29.562500   clock reconvergence pessimism
                                 -3.620000   25.942499   output external delay
                                             25.942499   data required time
---------------------------------------------------------------------------------------------
                                             25.942499   data required time
                                             -7.834737   data arrival time
---------------------------------------------------------------------------------------------
                                             18.107763   slack (MET)


Startpoint: _156_ (rising edge-triggered flip-flop clocked by clk)
Endpoint: wbs_dat_o[27] (output port clocked by clk)
Path Group: clk
Path Type: max

Fanout         Cap        Slew       Delay        Time   Description
---------------------------------------------------------------------------------------------
                                  0.000000    0.000000   clock clk (rise edge)
                                  5.570000    5.570000   clock source latency
     2    0.032503    0.610000    0.000000    5.570000 ^ clk (in)
                                                         clk (net)
                      0.618598    0.004407    5.574407 ^ wire3/A (sky130_fd_sc_hd__buf_4)
     3    0.046105    0.139175    0.306194    5.880601 ^ wire3/X (sky130_fd_sc_hd__buf_4)
                                                         net274 (net)
                      0.140154    0.009610    5.890211 ^ wire2/A (sky130_fd_sc_hd__buf_6)
     3    0.079184    0.161091    0.212314    6.102525 ^ wire2/X (sky130_fd_sc_hd__buf_6)
                                                         net273 (net)
                      0.166003    0.022624    6.125149 ^ wire1/A (sky130_fd_sc_hd__buf_6)
     3    0.081527    0.165675    0.220547    6.345696 ^ wire1/X (sky130_fd_sc_hd__buf_6)
                                                         net272 (net)
                      0.170972    0.023810    6.369506 ^ clkbuf_0_clk/A (sky130_fd_sc_hd__clkbuf_16)
     9    0.101102    0.118187    0.230925    6.600431 ^ clkbuf_0_clk/X (sky130_fd_sc_hd__clkbuf_16)
                                                         clknet_0_clk (net)
                      0.119566    0.010470    6.610901 ^ clkbuf_2_3__f_clk/A (sky130_fd_sc_hd__clkbuf_16)
    21    0.073875    0.092624    0.190862    6.801763 ^ clkbuf_2_3__f_clk/X (sky130_fd_sc_hd__clkbuf_16)
                                                         clknet_2_3__leaf_clk (net)
                      0.096616    0.015233    6.816996 ^ _156_/CLK (sky130_fd_sc_hd__dfrtp_4)
     3    0.108519    0.317661    0.618594    7.435590 ^ _156_/Q (sky130_fd_sc_hd__dfrtp_4)
                                                         net247 (net)
                      0.336689    0.061912    7.497501 ^ output247/A (sky130_fd_sc_hd__buf_12)
     1    0.191295    0.227061    0.298697    7.796198 ^ output247/X (sky130_fd_sc_hd__buf_12)
                                                         wbs_dat_o[27] (net)
                      0.227657    0.009753    7.805952 ^ wbs_dat_o[27] (out)
                                              7.805952   data arrival time

                                 25.000000   25.000000   clock clk (rise edge)
                                  4.650000   29.650000   clock network delay (propagated)
                                 -0.087500   29.562500   clock uncertainty
                                  0.000000   29.562500   clock reconvergence pessimism
                                 -3.620000   25.942499   output external delay
                                             25.942499   data required time
---------------------------------------------------------------------------------------------
                                             25.942499   data required time
                                             -7.805952   data arrival time
---------------------------------------------------------------------------------------------
                                             18.136547   slack (MET)


Startpoint: _131_ (rising edge-triggered flip-flop clocked by clk)
Endpoint: wbs_dat_o[2] (output port clocked by clk)
Path Group: clk
Path Type: max

Fanout         Cap        Slew       Delay        Time   Description
---------------------------------------------------------------------------------------------
                                  0.000000    0.000000   clock clk (rise edge)
                                  5.570000    5.570000   clock source latency
     2    0.032503    0.610000    0.000000    5.570000 ^ clk (in)
                                                         clk (net)
                      0.618598    0.004407    5.574407 ^ wire3/A (sky130_fd_sc_hd__buf_4)
     3    0.046105    0.139175    0.306194    5.880601 ^ wire3/X (sky130_fd_sc_hd__buf_4)
                                                         net274 (net)
                      0.140154    0.009610    5.890211 ^ wire2/A (sky130_fd_sc_hd__buf_6)
     3    0.079184    0.161091    0.212314    6.102525 ^ wire2/X (sky130_fd_sc_hd__buf_6)
                                                         net273 (net)
                      0.166003    0.022624    6.125149 ^ wire1/A (sky130_fd_sc_hd__buf_6)
     3    0.081527    0.165675    0.220547    6.345696 ^ wire1/X (sky130_fd_sc_hd__buf_6)
                                                         net272 (net)
                      0.170972    0.023810    6.369506 ^ clkbuf_0_clk/A (sky130_fd_sc_hd__clkbuf_16)
     9    0.101102    0.118187    0.230925    6.600431 ^ clkbuf_0_clk/X (sky130_fd_sc_hd__clkbuf_16)
                                                         clknet_0_clk (net)
                      0.120014    0.012000    6.612431 ^ clkbuf_2_1__f_clk/A (sky130_fd_sc_hd__clkbuf_16)
    21    0.087636    0.106165    0.200199    6.812630 ^ clkbuf_2_1__f_clk/X (sky130_fd_sc_hd__clkbuf_16)
                                                         clknet_2_1__leaf_clk (net)
                      0.112275    0.020316    6.832946 ^ _131_/CLK (sky130_fd_sc_hd__dfrtp_4)
     3    0.101805    0.299289    0.619934    7.452880 ^ _131_/Q (sky130_fd_sc_hd__dfrtp_4)
                                                         net250 (net)
                      0.312196    0.049771    7.502651 ^ output250/A (sky130_fd_sc_hd__buf_12)
     1    0.191020    0.221370    0.291339    7.793990 ^ output250/X (sky130_fd_sc_hd__buf_12)
                                                         wbs_dat_o[2] (net)
                      0.221920    0.009312    7.803301 ^ wbs_dat_o[2] (out)
                                              7.803301   data arrival time

                                 25.000000   25.000000   clock clk (rise edge)
                                  4.650000   29.650000   clock network delay (propagated)
                                 -0.087500   29.562500   clock uncertainty
                                  0.000000   29.562500   clock reconvergence pessimism
                                 -3.620000   25.942499   output external delay
                                             25.942499   data required time
---------------------------------------------------------------------------------------------
                                             25.942499   data required time
                                             -7.803301   data arrival time
---------------------------------------------------------------------------------------------
                                             18.139196   slack (MET)


Startpoint: _132_ (rising edge-triggered flip-flop clocked by clk)
Endpoint: wbs_dat_o[3] (output port clocked by clk)
Path Group: clk
Path Type: max

Fanout         Cap        Slew       Delay        Time   Description
---------------------------------------------------------------------------------------------
                                  0.000000    0.000000   clock clk (rise edge)
                                  5.570000    5.570000   clock source latency
     2    0.032503    0.610000    0.000000    5.570000 ^ clk (in)
                                                         clk (net)
                      0.618598    0.004407    5.574407 ^ wire3/A (sky130_fd_sc_hd__buf_4)
     3    0.046105    0.139175    0.306194    5.880601 ^ wire3/X (sky130_fd_sc_hd__buf_4)
                                                         net274 (net)
                      0.140154    0.009610    5.890211 ^ wire2/A (sky130_fd_sc_hd__buf_6)
     3    0.079184    0.161091    0.212314    6.102525 ^ wire2/X (sky130_fd_sc_hd__buf_6)
                                                         net273 (net)
                      0.166003    0.022624    6.125149 ^ wire1/A (sky130_fd_sc_hd__buf_6)
     3    0.081527    0.165675    0.220547    6.345696 ^ wire1/X (sky130_fd_sc_hd__buf_6)
                                                         net272 (net)
                      0.170972    0.023810    6.369506 ^ clkbuf_0_clk/A (sky130_fd_sc_hd__clkbuf_16)
     9    0.101102    0.118187    0.230925    6.600431 ^ clkbuf_0_clk/X (sky130_fd_sc_hd__clkbuf_16)
                                                         clknet_0_clk (net)
                      0.120014    0.012000    6.612431 ^ clkbuf_2_1__f_clk/A (sky130_fd_sc_hd__clkbuf_16)
    21    0.087636    0.106165    0.200199    6.812630 ^ clkbuf_2_1__f_clk/X (sky130_fd_sc_hd__clkbuf_16)
                                                         clknet_2_1__leaf_clk (net)
                      0.112307    0.020369    6.832999 ^ _132_/CLK (sky130_fd_sc_hd__dfrtp_4)
     3    0.099910    0.295081    0.613535    7.446534 ^ _132_/Q (sky130_fd_sc_hd__dfrtp_4)
                                                         net253 (net)
                      0.308500    0.050358    7.496892 ^ output253/A (sky130_fd_sc_hd__buf_12)
     1    0.191020    0.221350    0.290908    7.787800 ^ output253/X (sky130_fd_sc_hd__buf_12)
                                                         wbs_dat_o[3] (net)
                      0.221901    0.009312    7.797112 ^ wbs_dat_o[3] (out)
                                              7.797112   data arrival time

                                 25.000000   25.000000   clock clk (rise edge)
                                  4.650000   29.650000   clock network delay (propagated)
                                 -0.087500   29.562500   clock uncertainty
                                  0.000000   29.562500   clock reconvergence pessimism
                                 -3.620000   25.942499   output external delay
                                             25.942499   data required time
---------------------------------------------------------------------------------------------
                                             25.942499   data required time
                                             -7.797112   data arrival time
---------------------------------------------------------------------------------------------
                                             18.145386   slack (MET)


Startpoint: _155_ (rising edge-triggered flip-flop clocked by clk)
Endpoint: wbs_dat_o[26] (output port clocked by clk)
Path Group: clk
Path Type: max

Fanout         Cap        Slew       Delay        Time   Description
---------------------------------------------------------------------------------------------
                                  0.000000    0.000000   clock clk (rise edge)
                                  5.570000    5.570000   clock source latency
     2    0.032503    0.610000    0.000000    5.570000 ^ clk (in)
                                                         clk (net)
                      0.618598    0.004407    5.574407 ^ wire3/A (sky130_fd_sc_hd__buf_4)
     3    0.046105    0.139175    0.306194    5.880601 ^ wire3/X (sky130_fd_sc_hd__buf_4)
                                                         net274 (net)
                      0.140154    0.009610    5.890211 ^ wire2/A (sky130_fd_sc_hd__buf_6)
     3    0.079184    0.161091    0.212314    6.102525 ^ wire2/X (sky130_fd_sc_hd__buf_6)
                                                         net273 (net)
                      0.166003    0.022624    6.125149 ^ wire1/A (sky130_fd_sc_hd__buf_6)
     3    0.081527    0.165675    0.220547    6.345696 ^ wire1/X (sky130_fd_sc_hd__buf_6)
                                                         net272 (net)
                      0.170972    0.023810    6.369506 ^ clkbuf_0_clk/A (sky130_fd_sc_hd__clkbuf_16)
     9    0.101102    0.118187    0.230925    6.600431 ^ clkbuf_0_clk/X (sky130_fd_sc_hd__clkbuf_16)
                                                         clknet_0_clk (net)
                      0.119566    0.010470    6.610901 ^ clkbuf_2_3__f_clk/A (sky130_fd_sc_hd__clkbuf_16)
    21    0.073875    0.092624    0.190862    6.801763 ^ clkbuf_2_3__f_clk/X (sky130_fd_sc_hd__clkbuf_16)
                                                         clknet_2_3__leaf_clk (net)
                      0.097931    0.017612    6.819375 ^ _155_/CLK (sky130_fd_sc_hd__dfrtp_4)
     3    0.100849    0.297066    0.612354    7.431728 ^ _155_/Q (sky130_fd_sc_hd__dfrtp_4)
                                                         net246 (net)
                      0.308457    0.046681    7.478409 ^ output246/A (sky130_fd_sc_hd__buf_12)
     1    0.191426    0.227107    0.295536    7.773945 ^ output246/X (sky130_fd_sc_hd__buf_12)
                                                         wbs_dat_o[26] (net)
                      0.227704    0.009760    7.783705 ^ wbs_dat_o[26] (out)
                                              7.783705   data arrival time

                                 25.000000   25.000000   clock clk (rise edge)
                                  4.650000   29.650000   clock network delay (propagated)
                                 -0.087500   29.562500   clock uncertainty
                                  0.000000   29.562500   clock reconvergence pessimism
                                 -3.620000   25.942499   output external delay
                                             25.942499   data required time
---------------------------------------------------------------------------------------------
                                             25.942499   data required time
                                             -7.783705   data arrival time
---------------------------------------------------------------------------------------------
                                             18.158794   slack (MET)


Startpoint: _135_ (rising edge-triggered flip-flop clocked by clk)
Endpoint: wbs_dat_o[6] (output port clocked by clk)
Path Group: clk
Path Type: max

Fanout         Cap        Slew       Delay        Time   Description
---------------------------------------------------------------------------------------------
                                  0.000000    0.000000   clock clk (rise edge)
                                  5.570000    5.570000   clock source latency
     2    0.032503    0.610000    0.000000    5.570000 ^ clk (in)
                                                         clk (net)
                      0.618598    0.004407    5.574407 ^ wire3/A (sky130_fd_sc_hd__buf_4)
     3    0.046105    0.139175    0.306194    5.880601 ^ wire3/X (sky130_fd_sc_hd__buf_4)
                                                         net274 (net)
                      0.140154    0.009610    5.890211 ^ wire2/A (sky130_fd_sc_hd__buf_6)
     3    0.079184    0.161091    0.212314    6.102525 ^ wire2/X (sky130_fd_sc_hd__buf_6)
                                                         net273 (net)
                      0.166003    0.022624    6.125149 ^ wire1/A (sky130_fd_sc_hd__buf_6)
     3    0.081527    0.165675    0.220547    6.345696 ^ wire1/X (sky130_fd_sc_hd__buf_6)
                                                         net272 (net)
                      0.170972    0.023810    6.369506 ^ clkbuf_0_clk/A (sky130_fd_sc_hd__clkbuf_16)
     9    0.101102    0.118187    0.230925    6.600431 ^ clkbuf_0_clk/X (sky130_fd_sc_hd__clkbuf_16)
                                                         clknet_0_clk (net)
                      0.120119    0.012331    6.612762 ^ clkbuf_2_0__f_clk/A (sky130_fd_sc_hd__clkbuf_16)
    17    0.099198    0.116985    0.211166    6.823928 ^ clkbuf_2_0__f_clk/X (sky130_fd_sc_hd__clkbuf_16)
                                                         clknet_2_0__leaf_clk (net)
                      0.120021    0.015268    6.839196 ^ _135_/CLK (sky130_fd_sc_hd__dfrtp_4)
     3    0.091690    0.273658    0.603626    7.442822 ^ _135_/Q (sky130_fd_sc_hd__dfrtp_4)
                                                         net256 (net)
                      0.282628    0.039950    7.482773 ^ output256/A (sky130_fd_sc_hd__buf_12)
     1    0.191057    0.221263    0.287923    7.770696 ^ output256/X (sky130_fd_sc_hd__buf_12)
                                                         wbs_dat_o[6] (net)
                      0.221814    0.009313    7.780010 ^ wbs_dat_o[6] (out)
                                              7.780010   data arrival time

                                 25.000000   25.000000   clock clk (rise edge)
                                  4.650000   29.650000   clock network delay (propagated)
                                 -0.087500   29.562500   clock uncertainty
                                  0.000000   29.562500   clock reconvergence pessimism
                                 -3.620000   25.942499   output external delay
                                             25.942499   data required time
---------------------------------------------------------------------------------------------
                                             25.942499   data required time
                                             -7.780010   data arrival time
---------------------------------------------------------------------------------------------
                                             18.162489   slack (MET)


Startpoint: _133_ (rising edge-triggered flip-flop clocked by clk)
Endpoint: wbs_dat_o[4] (output port clocked by clk)
Path Group: clk
Path Type: max

Fanout         Cap        Slew       Delay        Time   Description
---------------------------------------------------------------------------------------------
                                  0.000000    0.000000   clock clk (rise edge)
                                  5.570000    5.570000   clock source latency
     2    0.032503    0.610000    0.000000    5.570000 ^ clk (in)
                                                         clk (net)
                      0.618598    0.004407    5.574407 ^ wire3/A (sky130_fd_sc_hd__buf_4)
     3    0.046105    0.139175    0.306194    5.880601 ^ wire3/X (sky130_fd_sc_hd__buf_4)
                                                         net274 (net)
                      0.140154    0.009610    5.890211 ^ wire2/A (sky130_fd_sc_hd__buf_6)
     3    0.079184    0.161091    0.212314    6.102525 ^ wire2/X (sky130_fd_sc_hd__buf_6)
                                                         net273 (net)
                      0.166003    0.022624    6.125149 ^ wire1/A (sky130_fd_sc_hd__buf_6)
     3    0.081527    0.165675    0.220547    6.345696 ^ wire1/X (sky130_fd_sc_hd__buf_6)
                                                         net272 (net)
                      0.170972    0.023810    6.369506 ^ clkbuf_0_clk/A (sky130_fd_sc_hd__clkbuf_16)
     9    0.101102    0.118187    0.230925    6.600431 ^ clkbuf_0_clk/X (sky130_fd_sc_hd__clkbuf_16)
                                                         clknet_0_clk (net)
                      0.120014    0.012000    6.612431 ^ clkbuf_2_1__f_clk/A (sky130_fd_sc_hd__clkbuf_16)
    21    0.087636    0.106165    0.200199    6.812630 ^ clkbuf_2_1__f_clk/X (sky130_fd_sc_hd__clkbuf_16)
                                                         clknet_2_1__leaf_clk (net)
                      0.112361    0.020460    6.833090 ^ _133_/CLK (sky130_fd_sc_hd__dfrtp_4)
     3    0.080337    0.242676    0.586011    7.419102 ^ _133_/Q (sky130_fd_sc_hd__dfrtp_4)
                                                         net254 (net)
                      0.248780    0.031186    7.450287 ^ output254/A (sky130_fd_sc_hd__buf_12)
     1    0.191040    0.221079    0.283970    7.734257 ^ output254/X (sky130_fd_sc_hd__buf_12)
                                                         wbs_dat_o[4] (net)
                      0.221631    0.009312    7.743569 ^ wbs_dat_o[4] (out)
                                              7.743569   data arrival time

                                 25.000000   25.000000   clock clk (rise edge)
                                  4.650000   29.650000   clock network delay (propagated)
                                 -0.087500   29.562500   clock uncertainty
                                  0.000000   29.562500   clock reconvergence pessimism
                                 -3.620000   25.942499   output external delay
                                             25.942499   data required time
---------------------------------------------------------------------------------------------
                                             25.942499   data required time
                                             -7.743569   data arrival time
---------------------------------------------------------------------------------------------
                                             18.198929   slack (MET)


Startpoint: _154_ (rising edge-triggered flip-flop clocked by clk)
Endpoint: wbs_dat_o[25] (output port clocked by clk)
Path Group: clk
Path Type: max

Fanout         Cap        Slew       Delay        Time   Description
---------------------------------------------------------------------------------------------
                                  0.000000    0.000000   clock clk (rise edge)
                                  5.570000    5.570000   clock source latency
     2    0.032503    0.610000    0.000000    5.570000 ^ clk (in)
                                                         clk (net)
                      0.618598    0.004407    5.574407 ^ wire3/A (sky130_fd_sc_hd__buf_4)
     3    0.046105    0.139175    0.306194    5.880601 ^ wire3/X (sky130_fd_sc_hd__buf_4)
                                                         net274 (net)
                      0.140154    0.009610    5.890211 ^ wire2/A (sky130_fd_sc_hd__buf_6)
     3    0.079184    0.161091    0.212314    6.102525 ^ wire2/X (sky130_fd_sc_hd__buf_6)
                                                         net273 (net)
                      0.166003    0.022624    6.125149 ^ wire1/A (sky130_fd_sc_hd__buf_6)
     3    0.081527    0.165675    0.220547    6.345696 ^ wire1/X (sky130_fd_sc_hd__buf_6)
                                                         net272 (net)
                      0.170972    0.023810    6.369506 ^ clkbuf_0_clk/A (sky130_fd_sc_hd__clkbuf_16)
     9    0.101102    0.118187    0.230925    6.600431 ^ clkbuf_0_clk/X (sky130_fd_sc_hd__clkbuf_16)
                                                         clknet_0_clk (net)
                      0.119566    0.010470    6.610901 ^ clkbuf_2_3__f_clk/A (sky130_fd_sc_hd__clkbuf_16)
    21    0.073875    0.092624    0.190862    6.801763 ^ clkbuf_2_3__f_clk/X (sky130_fd_sc_hd__clkbuf_16)
                                                         clknet_2_3__leaf_clk (net)
                      0.097883    0.017530    6.819293 ^ _154_/CLK (sky130_fd_sc_hd__dfrtp_4)
     3    0.082351    0.247637    0.583330    7.402623 ^ _154_/Q (sky130_fd_sc_hd__dfrtp_4)
                                                         net245 (net)
                      0.255172    0.034803    7.437426 ^ output245/A (sky130_fd_sc_hd__buf_12)
     1    0.191426    0.226871    0.289339    7.726764 ^ output245/X (sky130_fd_sc_hd__buf_12)
                                                         wbs_dat_o[25] (net)
                      0.227468    0.009760    7.736525 ^ wbs_dat_o[25] (out)
                                              7.736525   data arrival time

                                 25.000000   25.000000   clock clk (rise edge)
                                  4.650000   29.650000   clock network delay (propagated)
                                 -0.087500   29.562500   clock uncertainty
                                  0.000000   29.562500   clock reconvergence pessimism
                                 -3.620000   25.942499   output external delay
                                             25.942499   data required time
---------------------------------------------------------------------------------------------
                                             25.942499   data required time
                                             -7.736525   data arrival time
---------------------------------------------------------------------------------------------
                                             18.205975   slack (MET)


Startpoint: _152_ (rising edge-triggered flip-flop clocked by clk)
Endpoint: wbs_dat_o[23] (output port clocked by clk)
Path Group: clk
Path Type: max

Fanout         Cap        Slew       Delay        Time   Description
---------------------------------------------------------------------------------------------
                                  0.000000    0.000000   clock clk (rise edge)
                                  5.570000    5.570000   clock source latency
     2    0.032503    0.610000    0.000000    5.570000 ^ clk (in)
                                                         clk (net)
                      0.618598    0.004407    5.574407 ^ wire3/A (sky130_fd_sc_hd__buf_4)
     3    0.046105    0.139175    0.306194    5.880601 ^ wire3/X (sky130_fd_sc_hd__buf_4)
                                                         net274 (net)
                      0.140154    0.009610    5.890211 ^ wire2/A (sky130_fd_sc_hd__buf_6)
     3    0.079184    0.161091    0.212314    6.102525 ^ wire2/X (sky130_fd_sc_hd__buf_6)
                                                         net273 (net)
                      0.166003    0.022624    6.125149 ^ wire1/A (sky130_fd_sc_hd__buf_6)
     3    0.081527    0.165675    0.220547    6.345696 ^ wire1/X (sky130_fd_sc_hd__buf_6)
                                                         net272 (net)
                      0.170972    0.023810    6.369506 ^ clkbuf_0_clk/A (sky130_fd_sc_hd__clkbuf_16)
     9    0.101102    0.118187    0.230925    6.600431 ^ clkbuf_0_clk/X (sky130_fd_sc_hd__clkbuf_16)
                                                         clknet_0_clk (net)
                      0.119566    0.010470    6.610901 ^ clkbuf_2_3__f_clk/A (sky130_fd_sc_hd__clkbuf_16)
    21    0.073875    0.092624    0.190862    6.801763 ^ clkbuf_2_3__f_clk/X (sky130_fd_sc_hd__clkbuf_16)
                                                         clknet_2_3__leaf_clk (net)
                      0.097925    0.017601    6.819365 ^ _152_/CLK (sky130_fd_sc_hd__dfrtp_4)
     3    0.078995    0.238457    0.581289    7.400654 ^ _152_/Q (sky130_fd_sc_hd__dfrtp_4)
                                                         net243 (net)
                      0.242556    0.025421    7.426075 ^ output243/A (sky130_fd_sc_hd__buf_12)
     1    0.191426    0.226816    0.287872    7.713946 ^ output243/X (sky130_fd_sc_hd__buf_12)
                                                         wbs_dat_o[23] (net)
                      0.227413    0.009760    7.723706 ^ wbs_dat_o[23] (out)
                                              7.723706   data arrival time

                                 25.000000   25.000000   clock clk (rise edge)
                                  4.650000   29.650000   clock network delay (propagated)
                                 -0.087500   29.562500   clock uncertainty
                                  0.000000   29.562500   clock reconvergence pessimism
                                 -3.620000   25.942499   output external delay
                                             25.942499   data required time
---------------------------------------------------------------------------------------------
                                             25.942499   data required time
                                             -7.723706   data arrival time
---------------------------------------------------------------------------------------------
                                             18.218792   slack (MET)


Startpoint: _134_ (rising edge-triggered flip-flop clocked by clk)
Endpoint: wbs_dat_o[5] (output port clocked by clk)
Path Group: clk
Path Type: max

Fanout         Cap        Slew       Delay        Time   Description
---------------------------------------------------------------------------------------------
                                  0.000000    0.000000   clock clk (rise edge)
                                  5.570000    5.570000   clock source latency
     2    0.032503    0.610000    0.000000    5.570000 ^ clk (in)
                                                         clk (net)
                      0.618598    0.004407    5.574407 ^ wire3/A (sky130_fd_sc_hd__buf_4)
     3    0.046105    0.139175    0.306194    5.880601 ^ wire3/X (sky130_fd_sc_hd__buf_4)
                                                         net274 (net)
                      0.140154    0.009610    5.890211 ^ wire2/A (sky130_fd_sc_hd__buf_6)
     3    0.079184    0.161091    0.212314    6.102525 ^ wire2/X (sky130_fd_sc_hd__buf_6)
                                                         net273 (net)
                      0.166003    0.022624    6.125149 ^ wire1/A (sky130_fd_sc_hd__buf_6)
     3    0.081527    0.165675    0.220547    6.345696 ^ wire1/X (sky130_fd_sc_hd__buf_6)
                                                         net272 (net)
                      0.170972    0.023810    6.369506 ^ clkbuf_0_clk/A (sky130_fd_sc_hd__clkbuf_16)
     9    0.101102    0.118187    0.230925    6.600431 ^ clkbuf_0_clk/X (sky130_fd_sc_hd__clkbuf_16)
                                                         clknet_0_clk (net)
                      0.120119    0.012331    6.612762 ^ clkbuf_2_0__f_clk/A (sky130_fd_sc_hd__clkbuf_16)
    17    0.099198    0.116985    0.211166    6.823928 ^ clkbuf_2_0__f_clk/X (sky130_fd_sc_hd__clkbuf_16)
                                                         clknet_2_0__leaf_clk (net)
                      0.120572    0.016576    6.840504 ^ _134_/CLK (sky130_fd_sc_hd__dfrtp_4)
     3    0.066514    0.204330    0.567624    7.408128 ^ _134_/Q (sky130_fd_sc_hd__dfrtp_4)
                                                         net255 (net)
                      0.208034    0.022314    7.430441 ^ output255/A (sky130_fd_sc_hd__buf_12)
     1    0.191057    0.220944    0.277042    7.707484 ^ output255/X (sky130_fd_sc_hd__buf_12)
                                                         wbs_dat_o[5] (net)
                      0.221496    0.009313    7.716797 ^ wbs_dat_o[5] (out)
                                              7.716797   data arrival time

                                 25.000000   25.000000   clock clk (rise edge)
                                  4.650000   29.650000   clock network delay (propagated)
                                 -0.087500   29.562500   clock uncertainty
                                  0.000000   29.562500   clock reconvergence pessimism
                                 -3.620000   25.942499   output external delay
                                             25.942499   data required time
---------------------------------------------------------------------------------------------
                                             25.942499   data required time
                                             -7.716797   data arrival time
---------------------------------------------------------------------------------------------
                                             18.225702   slack (MET)


Startpoint: _153_ (rising edge-triggered flip-flop clocked by clk)
Endpoint: wbs_dat_o[24] (output port clocked by clk)
Path Group: clk
Path Type: max

Fanout         Cap        Slew       Delay        Time   Description
---------------------------------------------------------------------------------------------
                                  0.000000    0.000000   clock clk (rise edge)
                                  5.570000    5.570000   clock source latency
     2    0.032503    0.610000    0.000000    5.570000 ^ clk (in)
                                                         clk (net)
                      0.618598    0.004407    5.574407 ^ wire3/A (sky130_fd_sc_hd__buf_4)
     3    0.046105    0.139175    0.306194    5.880601 ^ wire3/X (sky130_fd_sc_hd__buf_4)
                                                         net274 (net)
                      0.140154    0.009610    5.890211 ^ wire2/A (sky130_fd_sc_hd__buf_6)
     3    0.079184    0.161091    0.212314    6.102525 ^ wire2/X (sky130_fd_sc_hd__buf_6)
                                                         net273 (net)
                      0.166003    0.022624    6.125149 ^ wire1/A (sky130_fd_sc_hd__buf_6)
     3    0.081527    0.165675    0.220547    6.345696 ^ wire1/X (sky130_fd_sc_hd__buf_6)
                                                         net272 (net)
                      0.170972    0.023810    6.369506 ^ clkbuf_0_clk/A (sky130_fd_sc_hd__clkbuf_16)
     9    0.101102    0.118187    0.230925    6.600431 ^ clkbuf_0_clk/X (sky130_fd_sc_hd__clkbuf_16)
                                                         clknet_0_clk (net)
                      0.119566    0.010470    6.610901 ^ clkbuf_2_3__f_clk/A (sky130_fd_sc_hd__clkbuf_16)
    21    0.073875    0.092624    0.190862    6.801763 ^ clkbuf_2_3__f_clk/X (sky130_fd_sc_hd__clkbuf_16)
                                                         clknet_2_3__leaf_clk (net)
                      0.097702    0.017218    6.818981 ^ _153_/CLK (sky130_fd_sc_hd__dfrtp_4)
     3    0.072194    0.220721    0.566516    7.385497 ^ _153_/Q (sky130_fd_sc_hd__dfrtp_4)
                                                         net244 (net)
                      0.226091    0.027794    7.413291 ^ output244/A (sky130_fd_sc_hd__buf_12)
     1    0.191426    0.226743    0.285957    7.699248 ^ output244/X (sky130_fd_sc_hd__buf_12)
                                                         wbs_dat_o[24] (net)
                      0.227341    0.009760    7.709008 ^ wbs_dat_o[24] (out)
                                              7.709008   data arrival time

                                 25.000000   25.000000   clock clk (rise edge)
                                  4.650000   29.650000   clock network delay (propagated)
                                 -0.087500   29.562500   clock uncertainty
                                  0.000000   29.562500   clock reconvergence pessimism
                                 -3.620000   25.942499   output external delay
                                             25.942499   data required time
---------------------------------------------------------------------------------------------
                                             25.942499   data required time
                                             -7.709008   data arrival time
---------------------------------------------------------------------------------------------
                                             18.233490   slack (MET)


Startpoint: _151_ (rising edge-triggered flip-flop clocked by clk)
Endpoint: wbs_dat_o[22] (output port clocked by clk)
Path Group: clk
Path Type: max

Fanout         Cap        Slew       Delay        Time   Description
---------------------------------------------------------------------------------------------
                                  0.000000    0.000000   clock clk (rise edge)
                                  5.570000    5.570000   clock source latency
     2    0.032503    0.610000    0.000000    5.570000 ^ clk (in)
                                                         clk (net)
                      0.618598    0.004407    5.574407 ^ wire3/A (sky130_fd_sc_hd__buf_4)
     3    0.046105    0.139175    0.306194    5.880601 ^ wire3/X (sky130_fd_sc_hd__buf_4)
                                                         net274 (net)
                      0.140154    0.009610    5.890211 ^ wire2/A (sky130_fd_sc_hd__buf_6)
     3    0.079184    0.161091    0.212314    6.102525 ^ wire2/X (sky130_fd_sc_hd__buf_6)
                                                         net273 (net)
                      0.166003    0.022624    6.125149 ^ wire1/A (sky130_fd_sc_hd__buf_6)
     3    0.081527    0.165675    0.220547    6.345696 ^ wire1/X (sky130_fd_sc_hd__buf_6)
                                                         net272 (net)
                      0.170972    0.023810    6.369506 ^ clkbuf_0_clk/A (sky130_fd_sc_hd__clkbuf_16)
     9    0.101102    0.118187    0.230925    6.600431 ^ clkbuf_0_clk/X (sky130_fd_sc_hd__clkbuf_16)
                                                         clknet_0_clk (net)
                      0.119566    0.010470    6.610901 ^ clkbuf_2_3__f_clk/A (sky130_fd_sc_hd__clkbuf_16)
    21    0.073875    0.092624    0.190862    6.801763 ^ clkbuf_2_3__f_clk/X (sky130_fd_sc_hd__clkbuf_16)
                                                         clknet_2_3__leaf_clk (net)
                      0.097977    0.017690    6.819453 ^ _151_/CLK (sky130_fd_sc_hd__dfrtp_4)
     3    0.071897    0.219901    0.567757    7.387210 ^ _151_/Q (sky130_fd_sc_hd__dfrtp_4)
                                                         net242 (net)
                      0.223545    0.023003    7.410213 ^ output242/A (sky130_fd_sc_hd__buf_12)
     1    0.191576    0.221655    0.280877    7.691090 ^ output242/X (sky130_fd_sc_hd__buf_12)
                                                         wbs_dat_o[22] (net)
                      0.222300    0.010082    7.701171 ^ wbs_dat_o[22] (out)
                                              7.701171   data arrival time

                                 25.000000   25.000000   clock clk (rise edge)
                                  4.650000   29.650000   clock network delay (propagated)
                                 -0.087500   29.562500   clock uncertainty
                                  0.000000   29.562500   clock reconvergence pessimism
                                 -3.620000   25.942499   output external delay
                                             25.942499   data required time
---------------------------------------------------------------------------------------------
                                             25.942499   data required time
                                             -7.701171   data arrival time
---------------------------------------------------------------------------------------------
                                             18.241327   slack (MET)


Startpoint: _136_ (rising edge-triggered flip-flop clocked by clk)
Endpoint: wbs_dat_o[7] (output port clocked by clk)
Path Group: clk
Path Type: max

Fanout         Cap        Slew       Delay        Time   Description
---------------------------------------------------------------------------------------------
                                  0.000000    0.000000   clock clk (rise edge)
                                  5.570000    5.570000   clock source latency
     2    0.032503    0.610000    0.000000    5.570000 ^ clk (in)
                                                         clk (net)
                      0.618598    0.004407    5.574407 ^ wire3/A (sky130_fd_sc_hd__buf_4)
     3    0.046105    0.139175    0.306194    5.880601 ^ wire3/X (sky130_fd_sc_hd__buf_4)
                                                         net274 (net)
                      0.140154    0.009610    5.890211 ^ wire2/A (sky130_fd_sc_hd__buf_6)
     3    0.079184    0.161091    0.212314    6.102525 ^ wire2/X (sky130_fd_sc_hd__buf_6)
                                                         net273 (net)
                      0.166003    0.022624    6.125149 ^ wire1/A (sky130_fd_sc_hd__buf_6)
     3    0.081527    0.165675    0.220547    6.345696 ^ wire1/X (sky130_fd_sc_hd__buf_6)
                                                         net272 (net)
                      0.170972    0.023810    6.369506 ^ clkbuf_0_clk/A (sky130_fd_sc_hd__clkbuf_16)
     9    0.101102    0.118187    0.230925    6.600431 ^ clkbuf_0_clk/X (sky130_fd_sc_hd__clkbuf_16)
                                                         clknet_0_clk (net)
                      0.120119    0.012331    6.612762 ^ clkbuf_2_0__f_clk/A (sky130_fd_sc_hd__clkbuf_16)
    17    0.099198    0.116985    0.211166    6.823928 ^ clkbuf_2_0__f_clk/X (sky130_fd_sc_hd__clkbuf_16)
                                                         clknet_2_0__leaf_clk (net)
                      0.120516    0.016448    6.840375 ^ _136_/CLK (sky130_fd_sc_hd__dfrtp_4)
     3    0.048838    0.123860    0.584056    7.424431 v _136_/Q (sky130_fd_sc_hd__dfrtp_4)
                                                         net257 (net)
                      0.125836    0.013105    7.437537 v output257/A (sky130_fd_sc_hd__buf_12)
     1    0.191077    0.105019    0.231600    7.669137 v output257/X (sky130_fd_sc_hd__buf_12)
                                                         wbs_dat_o[7] (net)
                      0.106229    0.009232    7.678369 v wbs_dat_o[7] (out)
                                              7.678369   data arrival time

                                 25.000000   25.000000   clock clk (rise edge)
                                  4.650000   29.650000   clock network delay (propagated)
                                 -0.087500   29.562500   clock uncertainty
                                  0.000000   29.562500   clock reconvergence pessimism
                                 -3.620000   25.942499   output external delay
                                             25.942499   data required time
---------------------------------------------------------------------------------------------
                                             25.942499   data required time
                                             -7.678369   data arrival time
---------------------------------------------------------------------------------------------
                                             18.264130   slack (MET)


Startpoint: _150_ (rising edge-triggered flip-flop clocked by clk)
Endpoint: wbs_dat_o[21] (output port clocked by clk)
Path Group: clk
Path Type: max

Fanout         Cap        Slew       Delay        Time   Description
---------------------------------------------------------------------------------------------
                                  0.000000    0.000000   clock clk (rise edge)
                                  5.570000    5.570000   clock source latency
     2    0.032503    0.610000    0.000000    5.570000 ^ clk (in)
                                                         clk (net)
                      0.618598    0.004407    5.574407 ^ wire3/A (sky130_fd_sc_hd__buf_4)
     3    0.046105    0.139175    0.306194    5.880601 ^ wire3/X (sky130_fd_sc_hd__buf_4)
                                                         net274 (net)
                      0.140154    0.009610    5.890211 ^ wire2/A (sky130_fd_sc_hd__buf_6)
     3    0.079184    0.161091    0.212314    6.102525 ^ wire2/X (sky130_fd_sc_hd__buf_6)
                                                         net273 (net)
                      0.166003    0.022624    6.125149 ^ wire1/A (sky130_fd_sc_hd__buf_6)
     3    0.081527    0.165675    0.220547    6.345696 ^ wire1/X (sky130_fd_sc_hd__buf_6)
                                                         net272 (net)
                      0.170972    0.023810    6.369506 ^ clkbuf_0_clk/A (sky130_fd_sc_hd__clkbuf_16)
     9    0.101102    0.118187    0.230925    6.600431 ^ clkbuf_0_clk/X (sky130_fd_sc_hd__clkbuf_16)
                                                         clknet_0_clk (net)
                      0.119567    0.010475    6.610906 ^ clkbuf_2_2__f_clk/A (sky130_fd_sc_hd__clkbuf_16)
    17    0.096608    0.114410    0.209354    6.820260 ^ clkbuf_2_2__f_clk/X (sky130_fd_sc_hd__clkbuf_16)
                                                         clknet_2_2__leaf_clk (net)
                      0.117763    0.015853    6.836113 ^ _150_/CLK (sky130_fd_sc_hd__dfrtp_4)
     3    0.050283    0.126926    0.584417    7.420530 v _150_/Q (sky130_fd_sc_hd__dfrtp_4)
                                                         net241 (net)
                      0.129180    0.014120    7.434650 v output241/A (sky130_fd_sc_hd__buf_12)
     1    0.191575    0.105511    0.232773    7.667423 v output241/X (sky130_fd_sc_hd__buf_12)
                                                         wbs_dat_o[21] (net)
                      0.106922    0.009985    7.677408 v wbs_dat_o[21] (out)
                                              7.677408   data arrival time

                                 25.000000   25.000000   clock clk (rise edge)
                                  4.650000   29.650000   clock network delay (propagated)
                                 -0.087500   29.562500   clock uncertainty
                                  0.000000   29.562500   clock reconvergence pessimism
                                 -3.620000   25.942499   output external delay
                                             25.942499   data required time
---------------------------------------------------------------------------------------------
                                             25.942499   data required time
                                             -7.677408   data arrival time
---------------------------------------------------------------------------------------------
                                             18.265091   slack (MET)


Startpoint: _137_ (rising edge-triggered flip-flop clocked by clk)
Endpoint: wbs_dat_o[8] (output port clocked by clk)
Path Group: clk
Path Type: max

Fanout         Cap        Slew       Delay        Time   Description
---------------------------------------------------------------------------------------------
                                  0.000000    0.000000   clock clk (rise edge)
                                  5.570000    5.570000   clock source latency
     2    0.032503    0.610000    0.000000    5.570000 ^ clk (in)
                                                         clk (net)
                      0.618598    0.004407    5.574407 ^ wire3/A (sky130_fd_sc_hd__buf_4)
     3    0.046105    0.139175    0.306194    5.880601 ^ wire3/X (sky130_fd_sc_hd__buf_4)
                                                         net274 (net)
                      0.140154    0.009610    5.890211 ^ wire2/A (sky130_fd_sc_hd__buf_6)
     3    0.079184    0.161091    0.212314    6.102525 ^ wire2/X (sky130_fd_sc_hd__buf_6)
                                                         net273 (net)
                      0.166003    0.022624    6.125149 ^ wire1/A (sky130_fd_sc_hd__buf_6)
     3    0.081527    0.165675    0.220547    6.345696 ^ wire1/X (sky130_fd_sc_hd__buf_6)
                                                         net272 (net)
                      0.170972    0.023810    6.369506 ^ clkbuf_0_clk/A (sky130_fd_sc_hd__clkbuf_16)
     9    0.101102    0.118187    0.230925    6.600431 ^ clkbuf_0_clk/X (sky130_fd_sc_hd__clkbuf_16)
                                                         clknet_0_clk (net)
                      0.120119    0.012331    6.612762 ^ clkbuf_2_0__f_clk/A (sky130_fd_sc_hd__clkbuf_16)
    17    0.099198    0.116985    0.211166    6.823928 ^ clkbuf_2_0__f_clk/X (sky130_fd_sc_hd__clkbuf_16)
                                                         clknet_2_0__leaf_clk (net)
                      0.120369    0.016105    6.840033 ^ _137_/CLK (sky130_fd_sc_hd__dfrtp_4)
     3    0.047880    0.121802    0.583186    7.423219 v _137_/Q (sky130_fd_sc_hd__dfrtp_4)
                                                         net258 (net)
                      0.123217    0.011015    7.434234 v output258/A (sky130_fd_sc_hd__buf_12)
     1    0.191077    0.105015    0.230344    7.664577 v output258/X (sky130_fd_sc_hd__buf_12)
                                                         wbs_dat_o[8] (net)
                      0.106225    0.009232    7.673810 v wbs_dat_o[8] (out)
                                              7.673810   data arrival time

                                 25.000000   25.000000   clock clk (rise edge)
                                  4.650000   29.650000   clock network delay (propagated)
                                 -0.087500   29.562500   clock uncertainty
                                  0.000000   29.562500   clock reconvergence pessimism
                                 -3.620000   25.942499   output external delay
                                             25.942499   data required time
---------------------------------------------------------------------------------------------
                                             25.942499   data required time
                                             -7.673810   data arrival time
---------------------------------------------------------------------------------------------
                                             18.268690   slack (MET)


Startpoint: _149_ (rising edge-triggered flip-flop clocked by clk)
Endpoint: wbs_dat_o[20] (output port clocked by clk)
Path Group: clk
Path Type: max

Fanout         Cap        Slew       Delay        Time   Description
---------------------------------------------------------------------------------------------
                                  0.000000    0.000000   clock clk (rise edge)
                                  5.570000    5.570000   clock source latency
     2    0.032503    0.610000    0.000000    5.570000 ^ clk (in)
                                                         clk (net)
                      0.618598    0.004407    5.574407 ^ wire3/A (sky130_fd_sc_hd__buf_4)
     3    0.046105    0.139175    0.306194    5.880601 ^ wire3/X (sky130_fd_sc_hd__buf_4)
                                                         net274 (net)
                      0.140154    0.009610    5.890211 ^ wire2/A (sky130_fd_sc_hd__buf_6)
     3    0.079184    0.161091    0.212314    6.102525 ^ wire2/X (sky130_fd_sc_hd__buf_6)
                                                         net273 (net)
                      0.166003    0.022624    6.125149 ^ wire1/A (sky130_fd_sc_hd__buf_6)
     3    0.081527    0.165675    0.220547    6.345696 ^ wire1/X (sky130_fd_sc_hd__buf_6)
                                                         net272 (net)
                      0.170972    0.023810    6.369506 ^ clkbuf_0_clk/A (sky130_fd_sc_hd__clkbuf_16)
     9    0.101102    0.118187    0.230925    6.600431 ^ clkbuf_0_clk/X (sky130_fd_sc_hd__clkbuf_16)
                                                         clknet_0_clk (net)
                      0.119567    0.010475    6.610906 ^ clkbuf_2_2__f_clk/A (sky130_fd_sc_hd__clkbuf_16)
    17    0.096608    0.114410    0.209354    6.820260 ^ clkbuf_2_2__f_clk/X (sky130_fd_sc_hd__clkbuf_16)
                                                         clknet_2_2__leaf_clk (net)
                      0.117513    0.015258    6.835518 ^ _149_/CLK (sky130_fd_sc_hd__dfrtp_4)
     3    0.043656    0.114702    0.575612    7.411129 v _149_/Q (sky130_fd_sc_hd__dfrtp_4)
                                                         net240 (net)
                      0.115923    0.009880    7.421010 v output240/A (sky130_fd_sc_hd__buf_12)
     1    0.191555    0.105468    0.226406    7.647415 v output240/X (sky130_fd_sc_hd__buf_12)
                                                         wbs_dat_o[20] (net)
                      0.106879    0.009983    7.657399 v wbs_dat_o[20] (out)
                                              7.657399   data arrival time

                                 25.000000   25.000000   clock clk (rise edge)
                                  4.650000   29.650000   clock network delay (propagated)
                                 -0.087500   29.562500   clock uncertainty
                                  0.000000   29.562500   clock reconvergence pessimism
                                 -3.620000   25.942499   output external delay
                                             25.942499   data required time
---------------------------------------------------------------------------------------------
                                             25.942499   data required time
                                             -7.657399   data arrival time
---------------------------------------------------------------------------------------------
                                             18.285101   slack (MET)


Startpoint: _138_ (rising edge-triggered flip-flop clocked by clk)
Endpoint: wbs_dat_o[9] (output port clocked by clk)
Path Group: clk
Path Type: max

Fanout         Cap        Slew       Delay        Time   Description
---------------------------------------------------------------------------------------------
                                  0.000000    0.000000   clock clk (rise edge)
                                  5.570000    5.570000   clock source latency
     2    0.032503    0.610000    0.000000    5.570000 ^ clk (in)
                                                         clk (net)
                      0.618598    0.004407    5.574407 ^ wire3/A (sky130_fd_sc_hd__buf_4)
     3    0.046105    0.139175    0.306194    5.880601 ^ wire3/X (sky130_fd_sc_hd__buf_4)
                                                         net274 (net)
                      0.140154    0.009610    5.890211 ^ wire2/A (sky130_fd_sc_hd__buf_6)
     3    0.079184    0.161091    0.212314    6.102525 ^ wire2/X (sky130_fd_sc_hd__buf_6)
                                                         net273 (net)
                      0.166003    0.022624    6.125149 ^ wire1/A (sky130_fd_sc_hd__buf_6)
     3    0.081527    0.165675    0.220547    6.345696 ^ wire1/X (sky130_fd_sc_hd__buf_6)
                                                         net272 (net)
                      0.170972    0.023810    6.369506 ^ clkbuf_0_clk/A (sky130_fd_sc_hd__clkbuf_16)
     9    0.101102    0.118187    0.230925    6.600431 ^ clkbuf_0_clk/X (sky130_fd_sc_hd__clkbuf_16)
                                                         clknet_0_clk (net)
                      0.120014    0.012000    6.612431 ^ clkbuf_2_1__f_clk/A (sky130_fd_sc_hd__clkbuf_16)
    21    0.087636    0.106165    0.200199    6.812630 ^ clkbuf_2_1__f_clk/X (sky130_fd_sc_hd__clkbuf_16)
                                                         clknet_2_1__leaf_clk (net)
                      0.111517    0.019005    6.831635 ^ _138_/CLK (sky130_fd_sc_hd__dfrtp_4)
     3    0.036217    0.102295    0.562355    7.393990 v _138_/Q (sky130_fd_sc_hd__dfrtp_4)
                                                         net259 (net)
                      0.102903    0.006567    7.400557 v output259/A (sky130_fd_sc_hd__buf_12)
     1    0.191077    0.104962    0.220595    7.621152 v output259/X (sky130_fd_sc_hd__buf_12)
                                                         wbs_dat_o[9] (net)
                      0.106173    0.009232    7.630383 v wbs_dat_o[9] (out)
                                              7.630383   data arrival time

                                 25.000000   25.000000   clock clk (rise edge)
                                  4.650000   29.650000   clock network delay (propagated)
                                 -0.087500   29.562500   clock uncertainty
                                  0.000000   29.562500   clock reconvergence pessimism
                                 -3.620000   25.942499   output external delay
                                             25.942499   data required time
---------------------------------------------------------------------------------------------
                                             25.942499   data required time
                                             -7.630383   data arrival time
---------------------------------------------------------------------------------------------
                                             18.312115   slack (MET)


Startpoint: _148_ (rising edge-triggered flip-flop clocked by clk)
Endpoint: wbs_dat_o[19] (output port clocked by clk)
Path Group: clk
Path Type: max

Fanout         Cap        Slew       Delay        Time   Description
---------------------------------------------------------------------------------------------
                                  0.000000    0.000000   clock clk (rise edge)
                                  5.570000    5.570000   clock source latency
     2    0.032503    0.610000    0.000000    5.570000 ^ clk (in)
                                                         clk (net)
                      0.618598    0.004407    5.574407 ^ wire3/A (sky130_fd_sc_hd__buf_4)
     3    0.046105    0.139175    0.306194    5.880601 ^ wire3/X (sky130_fd_sc_hd__buf_4)
                                                         net274 (net)
                      0.140154    0.009610    5.890211 ^ wire2/A (sky130_fd_sc_hd__buf_6)
     3    0.079184    0.161091    0.212314    6.102525 ^ wire2/X (sky130_fd_sc_hd__buf_6)
                                                         net273 (net)
                      0.166003    0.022624    6.125149 ^ wire1/A (sky130_fd_sc_hd__buf_6)
     3    0.081527    0.165675    0.220547    6.345696 ^ wire1/X (sky130_fd_sc_hd__buf_6)
                                                         net272 (net)
                      0.170972    0.023810    6.369506 ^ clkbuf_0_clk/A (sky130_fd_sc_hd__clkbuf_16)
     9    0.101102    0.118187    0.230925    6.600431 ^ clkbuf_0_clk/X (sky130_fd_sc_hd__clkbuf_16)
                                                         clknet_0_clk (net)
                      0.119567    0.010475    6.610906 ^ clkbuf_2_2__f_clk/A (sky130_fd_sc_hd__clkbuf_16)
    17    0.096608    0.114410    0.209354    6.820260 ^ clkbuf_2_2__f_clk/X (sky130_fd_sc_hd__clkbuf_16)
                                                         clknet_2_2__leaf_clk (net)
                      0.117234    0.014565    6.834826 ^ _148_/CLK (sky130_fd_sc_hd__dfrtp_4)
     3    0.032716    0.097208    0.558595    7.393420 v _148_/Q (sky130_fd_sc_hd__dfrtp_4)
                                                         net238 (net)
                      0.097783    0.006252    7.399672 v output238/A (sky130_fd_sc_hd__buf_12)
     1    0.191555    0.105421    0.217701    7.617373 v output238/X (sky130_fd_sc_hd__buf_12)
                                                         wbs_dat_o[19] (net)
                      0.106833    0.009983    7.627356 v wbs_dat_o[19] (out)
                                              7.627356   data arrival time

                                 25.000000   25.000000   clock clk (rise edge)
                                  4.650000   29.650000   clock network delay (propagated)
                                 -0.087500   29.562500   clock uncertainty
                                  0.000000   29.562500   clock reconvergence pessimism
                                 -3.620000   25.942499   output external delay
                                             25.942499   data required time
---------------------------------------------------------------------------------------------
                                             25.942499   data required time
                                             -7.627356   data arrival time
---------------------------------------------------------------------------------------------
                                             18.315142   slack (MET)


Startpoint: _139_ (rising edge-triggered flip-flop clocked by clk)
Endpoint: wbs_dat_o[10] (output port clocked by clk)
Path Group: clk
Path Type: max

Fanout         Cap        Slew       Delay        Time   Description
---------------------------------------------------------------------------------------------
                                  0.000000    0.000000   clock clk (rise edge)
                                  5.570000    5.570000   clock source latency
     2    0.032503    0.610000    0.000000    5.570000 ^ clk (in)
                                                         clk (net)
                      0.618598    0.004407    5.574407 ^ wire3/A (sky130_fd_sc_hd__buf_4)
     3    0.046105    0.139175    0.306194    5.880601 ^ wire3/X (sky130_fd_sc_hd__buf_4)
                                                         net274 (net)
                      0.140154    0.009610    5.890211 ^ wire2/A (sky130_fd_sc_hd__buf_6)
     3    0.079184    0.161091    0.212314    6.102525 ^ wire2/X (sky130_fd_sc_hd__buf_6)
                                                         net273 (net)
                      0.166003    0.022624    6.125149 ^ wire1/A (sky130_fd_sc_hd__buf_6)
     3    0.081527    0.165675    0.220547    6.345696 ^ wire1/X (sky130_fd_sc_hd__buf_6)
                                                         net272 (net)
                      0.170972    0.023810    6.369506 ^ clkbuf_0_clk/A (sky130_fd_sc_hd__clkbuf_16)
     9    0.101102    0.118187    0.230925    6.600431 ^ clkbuf_0_clk/X (sky130_fd_sc_hd__clkbuf_16)
                                                         clknet_0_clk (net)
                      0.120014    0.012000    6.612431 ^ clkbuf_2_1__f_clk/A (sky130_fd_sc_hd__clkbuf_16)
    21    0.087636    0.106165    0.200199    6.812630 ^ clkbuf_2_1__f_clk/X (sky130_fd_sc_hd__clkbuf_16)
                                                         clknet_2_1__leaf_clk (net)
                      0.110661    0.017423    6.830053 ^ _139_/CLK (sky130_fd_sc_hd__dfrtp_4)
     3    0.029001    0.091535    0.550232    7.380285 v _139_/Q (sky130_fd_sc_hd__dfrtp_4)
                                                         net229 (net)
                      0.091898    0.004764    7.385049 v output229/A (sky130_fd_sc_hd__buf_12)
     1    0.191027    0.104911    0.215299    7.600348 v output229/X (sky130_fd_sc_hd__buf_12)
                                                         wbs_dat_o[10] (net)
                      0.106122    0.009228    7.609576 v wbs_dat_o[10] (out)
                                              7.609576   data arrival time

                                 25.000000   25.000000   clock clk (rise edge)
                                  4.650000   29.650000   clock network delay (propagated)
                                 -0.087500   29.562500   clock uncertainty
                                  0.000000   29.562500   clock reconvergence pessimism
                                 -3.620000   25.942499   output external delay
                                             25.942499   data required time
---------------------------------------------------------------------------------------------
                                             25.942499   data required time
                                             -7.609576   data arrival time
---------------------------------------------------------------------------------------------
                                             18.332924   slack (MET)


Startpoint: _143_ (rising edge-triggered flip-flop clocked by clk)
Endpoint: wbs_dat_o[14] (output port clocked by clk)
Path Group: clk
Path Type: max

Fanout         Cap        Slew       Delay        Time   Description
---------------------------------------------------------------------------------------------
                                  0.000000    0.000000   clock clk (rise edge)
                                  5.570000    5.570000   clock source latency
     2    0.032503    0.610000    0.000000    5.570000 ^ clk (in)
                                                         clk (net)
                      0.618598    0.004407    5.574407 ^ wire3/A (sky130_fd_sc_hd__buf_4)
     3    0.046105    0.139175    0.306194    5.880601 ^ wire3/X (sky130_fd_sc_hd__buf_4)
                                                         net274 (net)
                      0.140154    0.009610    5.890211 ^ wire2/A (sky130_fd_sc_hd__buf_6)
     3    0.079184    0.161091    0.212314    6.102525 ^ wire2/X (sky130_fd_sc_hd__buf_6)
                                                         net273 (net)
                      0.166003    0.022624    6.125149 ^ wire1/A (sky130_fd_sc_hd__buf_6)
     3    0.081527    0.165675    0.220547    6.345696 ^ wire1/X (sky130_fd_sc_hd__buf_6)
                                                         net272 (net)
                      0.170972    0.023810    6.369506 ^ clkbuf_0_clk/A (sky130_fd_sc_hd__clkbuf_16)
     9    0.101102    0.118187    0.230925    6.600431 ^ clkbuf_0_clk/X (sky130_fd_sc_hd__clkbuf_16)
                                                         clknet_0_clk (net)
                      0.120119    0.012331    6.612762 ^ clkbuf_2_0__f_clk/A (sky130_fd_sc_hd__clkbuf_16)
    17    0.099198    0.116985    0.211166    6.823928 ^ clkbuf_2_0__f_clk/X (sky130_fd_sc_hd__clkbuf_16)
                                                         clknet_2_0__leaf_clk (net)
                      0.118770    0.011805    6.835733 ^ _143_/CLK (sky130_fd_sc_hd__dfrtp_2)
     3    0.028864    0.149661    0.467618    7.303350 ^ _143_/Q (sky130_fd_sc_hd__dfrtp_2)
                                                         net233 (net)
                      0.149823    0.004576    7.307927 ^ output233/A (sky130_fd_sc_hd__buf_12)
     1    0.191000    0.220775    0.262014    7.569941 ^ output233/X (sky130_fd_sc_hd__buf_12)
                                                         wbs_dat_o[14] (net)
                      0.221327    0.009311    7.579251 ^ wbs_dat_o[14] (out)
                                              7.579251   data arrival time

                                 25.000000   25.000000   clock clk (rise edge)
                                  4.650000   29.650000   clock network delay (propagated)
                                 -0.087500   29.562500   clock uncertainty
                                  0.000000   29.562500   clock reconvergence pessimism
                                 -3.620000   25.942499   output external delay
                                             25.942499   data required time
---------------------------------------------------------------------------------------------
                                             25.942499   data required time
                                             -7.579251   data arrival time
---------------------------------------------------------------------------------------------
                                             18.363247   slack (MET)


Startpoint: _142_ (rising edge-triggered flip-flop clocked by clk)
Endpoint: wbs_dat_o[13] (output port clocked by clk)
Path Group: clk
Path Type: max

Fanout         Cap        Slew       Delay        Time   Description
---------------------------------------------------------------------------------------------
                                  0.000000    0.000000   clock clk (rise edge)
                                  5.570000    5.570000   clock source latency
     2    0.032503    0.610000    0.000000    5.570000 ^ clk (in)
                                                         clk (net)
                      0.618598    0.004407    5.574407 ^ wire3/A (sky130_fd_sc_hd__buf_4)
     3    0.046105    0.139175    0.306194    5.880601 ^ wire3/X (sky130_fd_sc_hd__buf_4)
                                                         net274 (net)
                      0.140154    0.009610    5.890211 ^ wire2/A (sky130_fd_sc_hd__buf_6)
     3    0.079184    0.161091    0.212314    6.102525 ^ wire2/X (sky130_fd_sc_hd__buf_6)
                                                         net273 (net)
                      0.166003    0.022624    6.125149 ^ wire1/A (sky130_fd_sc_hd__buf_6)
     3    0.081527    0.165675    0.220547    6.345696 ^ wire1/X (sky130_fd_sc_hd__buf_6)
                                                         net272 (net)
                      0.170972    0.023810    6.369506 ^ clkbuf_0_clk/A (sky130_fd_sc_hd__clkbuf_16)
     9    0.101102    0.118187    0.230925    6.600431 ^ clkbuf_0_clk/X (sky130_fd_sc_hd__clkbuf_16)
                                                         clknet_0_clk (net)
                      0.120119    0.012331    6.612762 ^ clkbuf_2_0__f_clk/A (sky130_fd_sc_hd__clkbuf_16)
    17    0.099198    0.116985    0.211166    6.823928 ^ clkbuf_2_0__f_clk/X (sky130_fd_sc_hd__clkbuf_16)
                                                         clknet_2_0__leaf_clk (net)
                      0.118312    0.010251    6.834179 ^ _142_/CLK (sky130_fd_sc_hd__dfrtp_2)
     3    0.027924    0.145514    0.464276    7.298455 ^ _142_/Q (sky130_fd_sc_hd__dfrtp_2)
                                                         net232 (net)
                      0.145663    0.004336    7.302791 ^ output232/A (sky130_fd_sc_hd__buf_12)
     1    0.191251    0.226380    0.265412    7.568202 ^ output232/X (sky130_fd_sc_hd__buf_12)
                                                         wbs_dat_o[13] (net)
                      0.226978    0.009750    7.577952 ^ wbs_dat_o[13] (out)
                                              7.577952   data arrival time

                                 25.000000   25.000000   clock clk (rise edge)
                                  4.650000   29.650000   clock network delay (propagated)
                                 -0.087500   29.562500   clock uncertainty
                                  0.000000   29.562500   clock reconvergence pessimism
                                 -3.620000   25.942499   output external delay
                                             25.942499   data required time
---------------------------------------------------------------------------------------------
                                             25.942499   data required time
                                             -7.577952   data arrival time
---------------------------------------------------------------------------------------------
                                             18.364546   slack (MET)


Startpoint: _144_ (rising edge-triggered flip-flop clocked by clk)
Endpoint: wbs_dat_o[15] (output port clocked by clk)
Path Group: clk
Path Type: max

Fanout         Cap        Slew       Delay        Time   Description
---------------------------------------------------------------------------------------------
                                  0.000000    0.000000   clock clk (rise edge)
                                  5.570000    5.570000   clock source latency
     2    0.032503    0.610000    0.000000    5.570000 ^ clk (in)
                                                         clk (net)
                      0.618598    0.004407    5.574407 ^ wire3/A (sky130_fd_sc_hd__buf_4)
     3    0.046105    0.139175    0.306194    5.880601 ^ wire3/X (sky130_fd_sc_hd__buf_4)
                                                         net274 (net)
                      0.140154    0.009610    5.890211 ^ wire2/A (sky130_fd_sc_hd__buf_6)
     3    0.079184    0.161091    0.212314    6.102525 ^ wire2/X (sky130_fd_sc_hd__buf_6)
                                                         net273 (net)
                      0.166003    0.022624    6.125149 ^ wire1/A (sky130_fd_sc_hd__buf_6)
     3    0.081527    0.165675    0.220547    6.345696 ^ wire1/X (sky130_fd_sc_hd__buf_6)
                                                         net272 (net)
                      0.170972    0.023810    6.369506 ^ clkbuf_0_clk/A (sky130_fd_sc_hd__clkbuf_16)
     9    0.101102    0.118187    0.230925    6.600431 ^ clkbuf_0_clk/X (sky130_fd_sc_hd__clkbuf_16)
                                                         clknet_0_clk (net)
                      0.119567    0.010475    6.610906 ^ clkbuf_2_2__f_clk/A (sky130_fd_sc_hd__clkbuf_16)
    17    0.096608    0.114410    0.209354    6.820260 ^ clkbuf_2_2__f_clk/X (sky130_fd_sc_hd__clkbuf_16)
                                                         clknet_2_2__leaf_clk (net)
                      0.115930    0.010792    6.831052 ^ _144_/CLK (sky130_fd_sc_hd__dfrtp_2)
     3    0.029250    0.151354    0.467848    7.298900 ^ _144_/Q (sky130_fd_sc_hd__dfrtp_2)
                                                         net234 (net)
                      0.151520    0.004645    7.303545 ^ output234/A (sky130_fd_sc_hd__buf_12)
     1    0.191017    0.220796    0.262463    7.566009 ^ output234/X (sky130_fd_sc_hd__buf_12)
                                                         wbs_dat_o[15] (net)
                      0.221348    0.009312    7.575320 ^ wbs_dat_o[15] (out)
                                              7.575320   data arrival time

                                 25.000000   25.000000   clock clk (rise edge)
                                  4.650000   29.650000   clock network delay (propagated)
                                 -0.087500   29.562500   clock uncertainty
                                  0.000000   29.562500   clock reconvergence pessimism
                                 -3.620000   25.942499   output external delay
                                             25.942499   data required time
---------------------------------------------------------------------------------------------
                                             25.942499   data required time
                                             -7.575320   data arrival time
---------------------------------------------------------------------------------------------
                                             18.367178   slack (MET)


Startpoint: _147_ (rising edge-triggered flip-flop clocked by clk)
Endpoint: wbs_dat_o[18] (output port clocked by clk)
Path Group: clk
Path Type: max

Fanout         Cap        Slew       Delay        Time   Description
---------------------------------------------------------------------------------------------
                                  0.000000    0.000000   clock clk (rise edge)
                                  5.570000    5.570000   clock source latency
     2    0.032503    0.610000    0.000000    5.570000 ^ clk (in)
                                                         clk (net)
                      0.618598    0.004407    5.574407 ^ wire3/A (sky130_fd_sc_hd__buf_4)
     3    0.046105    0.139175    0.306194    5.880601 ^ wire3/X (sky130_fd_sc_hd__buf_4)
                                                         net274 (net)
                      0.140154    0.009610    5.890211 ^ wire2/A (sky130_fd_sc_hd__buf_6)
     3    0.079184    0.161091    0.212314    6.102525 ^ wire2/X (sky130_fd_sc_hd__buf_6)
                                                         net273 (net)
                      0.166003    0.022624    6.125149 ^ wire1/A (sky130_fd_sc_hd__buf_6)
     3    0.081527    0.165675    0.220547    6.345696 ^ wire1/X (sky130_fd_sc_hd__buf_6)
                                                         net272 (net)
                      0.170972    0.023810    6.369506 ^ clkbuf_0_clk/A (sky130_fd_sc_hd__clkbuf_16)
     9    0.101102    0.118187    0.230925    6.600431 ^ clkbuf_0_clk/X (sky130_fd_sc_hd__clkbuf_16)
                                                         clknet_0_clk (net)
                      0.119567    0.010475    6.610906 ^ clkbuf_2_2__f_clk/A (sky130_fd_sc_hd__clkbuf_16)
    17    0.096608    0.114410    0.209354    6.820260 ^ clkbuf_2_2__f_clk/X (sky130_fd_sc_hd__clkbuf_16)
                                                         clknet_2_2__leaf_clk (net)
                      0.116741    0.013260    6.833520 ^ _147_/CLK (sky130_fd_sc_hd__dfrtp_2)
     3    0.028507    0.148082    0.465606    7.299127 ^ _147_/Q (sky130_fd_sc_hd__dfrtp_2)
                                                         net237 (net)
                      0.148244    0.004555    7.303681 ^ output237/A (sky130_fd_sc_hd__buf_12)
     1    0.191555    0.221390    0.261422    7.565103 ^ output237/X (sky130_fd_sc_hd__buf_12)
                                                         wbs_dat_o[18] (net)
                      0.222036    0.010081    7.575183 ^ wbs_dat_o[18] (out)
                                              7.575183   data arrival time

                                 25.000000   25.000000   clock clk (rise edge)
                                  4.650000   29.650000   clock network delay (propagated)
                                 -0.087500   29.562500   clock uncertainty
                                  0.000000   29.562500   clock reconvergence pessimism
                                 -3.620000   25.942499   output external delay
                                             25.942499   data required time
---------------------------------------------------------------------------------------------
                                             25.942499   data required time
                                             -7.575183   data arrival time
---------------------------------------------------------------------------------------------
                                             18.367315   slack (MET)


Startpoint: _145_ (rising edge-triggered flip-flop clocked by clk)
Endpoint: wbs_dat_o[16] (output port clocked by clk)
Path Group: clk
Path Type: max

Fanout         Cap        Slew       Delay        Time   Description
---------------------------------------------------------------------------------------------
                                  0.000000    0.000000   clock clk (rise edge)
                                  5.570000    5.570000   clock source latency
     2    0.032503    0.610000    0.000000    5.570000 ^ clk (in)
                                                         clk (net)
                      0.618598    0.004407    5.574407 ^ wire3/A (sky130_fd_sc_hd__buf_4)
     3    0.046105    0.139175    0.306194    5.880601 ^ wire3/X (sky130_fd_sc_hd__buf_4)
                                                         net274 (net)
                      0.140154    0.009610    5.890211 ^ wire2/A (sky130_fd_sc_hd__buf_6)
     3    0.079184    0.161091    0.212314    6.102525 ^ wire2/X (sky130_fd_sc_hd__buf_6)
                                                         net273 (net)
                      0.166003    0.022624    6.125149 ^ wire1/A (sky130_fd_sc_hd__buf_6)
     3    0.081527    0.165675    0.220547    6.345696 ^ wire1/X (sky130_fd_sc_hd__buf_6)
                                                         net272 (net)
                      0.170972    0.023810    6.369506 ^ clkbuf_0_clk/A (sky130_fd_sc_hd__clkbuf_16)
     9    0.101102    0.118187    0.230925    6.600431 ^ clkbuf_0_clk/X (sky130_fd_sc_hd__clkbuf_16)
                                                         clknet_0_clk (net)
                      0.119567    0.010475    6.610906 ^ clkbuf_2_2__f_clk/A (sky130_fd_sc_hd__clkbuf_16)
    17    0.096608    0.114410    0.209354    6.820260 ^ clkbuf_2_2__f_clk/X (sky130_fd_sc_hd__clkbuf_16)
                                                         clknet_2_2__leaf_clk (net)
                      0.115484    0.009151    6.829411 ^ _145_/CLK (sky130_fd_sc_hd__dfrtp_2)
     3    0.028206    0.146747    0.464167    7.293579 ^ _145_/Q (sky130_fd_sc_hd__dfrtp_2)
                                                         net235 (net)
                      0.146896    0.004364    7.297942 ^ output235/A (sky130_fd_sc_hd__buf_12)
     1    0.191447    0.226708    0.265961    7.563902 ^ output235/X (sky130_fd_sc_hd__buf_12)
                                                         wbs_dat_o[16] (net)
                      0.227307    0.009762    7.573665 ^ wbs_dat_o[16] (out)
                                              7.573665   data arrival time

                                 25.000000   25.000000   clock clk (rise edge)
                                  4.650000   29.650000   clock network delay (propagated)
                                 -0.087500   29.562500   clock uncertainty
                                  0.000000   29.562500   clock reconvergence pessimism
                                 -3.620000   25.942499   output external delay
                                             25.942499   data required time
---------------------------------------------------------------------------------------------
                                             25.942499   data required time
                                             -7.573665   data arrival time
---------------------------------------------------------------------------------------------
                                             18.368834   slack (MET)


Startpoint: _140_ (rising edge-triggered flip-flop clocked by clk)
Endpoint: wbs_dat_o[11] (output port clocked by clk)
Path Group: clk
Path Type: max

Fanout         Cap        Slew       Delay        Time   Description
---------------------------------------------------------------------------------------------
                                  0.000000    0.000000   clock clk (rise edge)
                                  5.570000    5.570000   clock source latency
     2    0.032503    0.610000    0.000000    5.570000 ^ clk (in)
                                                         clk (net)
                      0.618598    0.004407    5.574407 ^ wire3/A (sky130_fd_sc_hd__buf_4)
     3    0.046105    0.139175    0.306194    5.880601 ^ wire3/X (sky130_fd_sc_hd__buf_4)
                                                         net274 (net)
                      0.140154    0.009610    5.890211 ^ wire2/A (sky130_fd_sc_hd__buf_6)
     3    0.079184    0.161091    0.212314    6.102525 ^ wire2/X (sky130_fd_sc_hd__buf_6)
                                                         net273 (net)
                      0.166003    0.022624    6.125149 ^ wire1/A (sky130_fd_sc_hd__buf_6)
     3    0.081527    0.165675    0.220547    6.345696 ^ wire1/X (sky130_fd_sc_hd__buf_6)
                                                         net272 (net)
                      0.170972    0.023810    6.369506 ^ clkbuf_0_clk/A (sky130_fd_sc_hd__clkbuf_16)
     9    0.101102    0.118187    0.230925    6.600431 ^ clkbuf_0_clk/X (sky130_fd_sc_hd__clkbuf_16)
                                                         clknet_0_clk (net)
                      0.120014    0.012000    6.612431 ^ clkbuf_2_1__f_clk/A (sky130_fd_sc_hd__clkbuf_16)
    21    0.087636    0.106165    0.200199    6.812630 ^ clkbuf_2_1__f_clk/X (sky130_fd_sc_hd__clkbuf_16)
                                                         clknet_2_1__leaf_clk (net)
                      0.109333    0.014671    6.827302 ^ _140_/CLK (sky130_fd_sc_hd__dfrtp_2)
     3    0.029680    0.153294    0.466126    7.293427 ^ _140_/Q (sky130_fd_sc_hd__dfrtp_2)
                                                         net230 (net)
                      0.153546    0.005647    7.299074 ^ output230/A (sky130_fd_sc_hd__buf_12)
     1    0.190990    0.220771    0.262966    7.562040 ^ output230/X (sky130_fd_sc_hd__buf_12)
                                                         wbs_dat_o[11] (net)
                      0.221323    0.009311    7.571351 ^ wbs_dat_o[11] (out)
                                              7.571351   data arrival time

                                 25.000000   25.000000   clock clk (rise edge)
                                  4.650000   29.650000   clock network delay (propagated)
                                 -0.087500   29.562500   clock uncertainty
                                  0.000000   29.562500   clock reconvergence pessimism
                                 -3.620000   25.942499   output external delay
                                             25.942499   data required time
---------------------------------------------------------------------------------------------
                                             25.942499   data required time
                                             -7.571351   data arrival time
---------------------------------------------------------------------------------------------
                                             18.371147   slack (MET)


Startpoint: _141_ (rising edge-triggered flip-flop clocked by clk)
Endpoint: wbs_dat_o[12] (output port clocked by clk)
Path Group: clk
Path Type: max

Fanout         Cap        Slew       Delay        Time   Description
---------------------------------------------------------------------------------------------
                                  0.000000    0.000000   clock clk (rise edge)
                                  5.570000    5.570000   clock source latency
     2    0.032503    0.610000    0.000000    5.570000 ^ clk (in)
                                                         clk (net)
                      0.618598    0.004407    5.574407 ^ wire3/A (sky130_fd_sc_hd__buf_4)
     3    0.046105    0.139175    0.306194    5.880601 ^ wire3/X (sky130_fd_sc_hd__buf_4)
                                                         net274 (net)
                      0.140154    0.009610    5.890211 ^ wire2/A (sky130_fd_sc_hd__buf_6)
     3    0.079184    0.161091    0.212314    6.102525 ^ wire2/X (sky130_fd_sc_hd__buf_6)
                                                         net273 (net)
                      0.166003    0.022624    6.125149 ^ wire1/A (sky130_fd_sc_hd__buf_6)
     3    0.081527    0.165675    0.220547    6.345696 ^ wire1/X (sky130_fd_sc_hd__buf_6)
                                                         net272 (net)
                      0.170972    0.023810    6.369506 ^ clkbuf_0_clk/A (sky130_fd_sc_hd__clkbuf_16)
     9    0.101102    0.118187    0.230925    6.600431 ^ clkbuf_0_clk/X (sky130_fd_sc_hd__clkbuf_16)
                                                         clknet_0_clk (net)
                      0.120119    0.012331    6.612762 ^ clkbuf_2_0__f_clk/A (sky130_fd_sc_hd__clkbuf_16)
    17    0.099198    0.116985    0.211166    6.823928 ^ clkbuf_2_0__f_clk/X (sky130_fd_sc_hd__clkbuf_16)
                                                         clknet_2_0__leaf_clk (net)
                      0.117819    0.008241    6.832169 ^ _141_/CLK (sky130_fd_sc_hd__dfrtp_2)
     3    0.027854    0.145215    0.463763    7.295932 ^ _141_/Q (sky130_fd_sc_hd__dfrtp_2)
                                                         net231 (net)
                      0.145369    0.004392    7.300324 ^ output231/A (sky130_fd_sc_hd__buf_12)
     1    0.191535    0.221361    0.260667    7.560991 ^ output231/X (sky130_fd_sc_hd__buf_12)
                                                         wbs_dat_o[12] (net)
                      0.222007    0.010080    7.571071 ^ wbs_dat_o[12] (out)
                                              7.571071   data arrival time

                                 25.000000   25.000000   clock clk (rise edge)
                                  4.650000   29.650000   clock network delay (propagated)
                                 -0.087500   29.562500   clock uncertainty
                                  0.000000   29.562500   clock reconvergence pessimism
                                 -3.620000   25.942499   output external delay
                                             25.942499   data required time
---------------------------------------------------------------------------------------------
                                             25.942499   data required time
                                             -7.571071   data arrival time
---------------------------------------------------------------------------------------------
                                             18.371428   slack (MET)


Startpoint: _146_ (rising edge-triggered flip-flop clocked by clk)
Endpoint: wbs_dat_o[17] (output port clocked by clk)
Path Group: clk
Path Type: max

Fanout         Cap        Slew       Delay        Time   Description
---------------------------------------------------------------------------------------------
                                  0.000000    0.000000   clock clk (rise edge)
                                  5.570000    5.570000   clock source latency
     2    0.032503    0.610000    0.000000    5.570000 ^ clk (in)
                                                         clk (net)
                      0.618598    0.004407    5.574407 ^ wire3/A (sky130_fd_sc_hd__buf_4)
     3    0.046105    0.139175    0.306194    5.880601 ^ wire3/X (sky130_fd_sc_hd__buf_4)
                                                         net274 (net)
                      0.140154    0.009610    5.890211 ^ wire2/A (sky130_fd_sc_hd__buf_6)
     3    0.079184    0.161091    0.212314    6.102525 ^ wire2/X (sky130_fd_sc_hd__buf_6)
                                                         net273 (net)
                      0.166003    0.022624    6.125149 ^ wire1/A (sky130_fd_sc_hd__buf_6)
     3    0.081527    0.165675    0.220547    6.345696 ^ wire1/X (sky130_fd_sc_hd__buf_6)
                                                         net272 (net)
                      0.170972    0.023810    6.369506 ^ clkbuf_0_clk/A (sky130_fd_sc_hd__clkbuf_16)
     9    0.101102    0.118187    0.230925    6.600431 ^ clkbuf_0_clk/X (sky130_fd_sc_hd__clkbuf_16)
                                                         clknet_0_clk (net)
                      0.119566    0.010470    6.610901 ^ clkbuf_2_3__f_clk/A (sky130_fd_sc_hd__clkbuf_16)
    21    0.073875    0.092624    0.190862    6.801763 ^ clkbuf_2_3__f_clk/X (sky130_fd_sc_hd__clkbuf_16)
                                                         clknet_2_3__leaf_clk (net)
                      0.093227    0.006197    6.807960 ^ _146_/CLK (sky130_fd_sc_hd__dfrtp_2)
     3    0.029791    0.153661    0.460977    7.268937 ^ _146_/Q (sky130_fd_sc_hd__dfrtp_2)
                                                         net236 (net)
                      0.153840    0.004856    7.273792 ^ output236/A (sky130_fd_sc_hd__buf_12)
     1    0.191017    0.220802    0.263061    7.536853 ^ output236/X (sky130_fd_sc_hd__buf_12)
                                                         wbs_dat_o[17] (net)
                      0.221354    0.009312    7.546165 ^ wbs_dat_o[17] (out)
                                              7.546165   data arrival time

                                 25.000000   25.000000   clock clk (rise edge)
                                  4.650000   29.650000   clock network delay (propagated)
                                 -0.087500   29.562500   clock uncertainty
                                  0.000000   29.562500   clock reconvergence pessimism
                                 -3.620000   25.942499   output external delay
                                             25.942499   data required time
---------------------------------------------------------------------------------------------
                                             25.942499   data required time
                                             -7.546165   data arrival time
---------------------------------------------------------------------------------------------
                                             18.396334   slack (MET)


Startpoint: _128_ (rising edge-triggered flip-flop clocked by clk)
Endpoint: wbs_ack_o (output port clocked by clk)
Path Group: clk
Path Type: max

Fanout         Cap        Slew       Delay        Time   Description
---------------------------------------------------------------------------------------------
                                  0.000000    0.000000   clock clk (rise edge)
                                  5.570000    5.570000   clock source latency
     2    0.032503    0.610000    0.000000    5.570000 ^ clk (in)
                                                         clk (net)
                      0.618598    0.004407    5.574407 ^ wire3/A (sky130_fd_sc_hd__buf_4)
     3    0.046105    0.139175    0.306194    5.880601 ^ wire3/X (sky130_fd_sc_hd__buf_4)
                                                         net274 (net)
                      0.140154    0.009610    5.890211 ^ wire2/A (sky130_fd_sc_hd__buf_6)
     3    0.079184    0.161091    0.212314    6.102525 ^ wire2/X (sky130_fd_sc_hd__buf_6)
                                                         net273 (net)
                      0.166003    0.022624    6.125149 ^ wire1/A (sky130_fd_sc_hd__buf_6)
     3    0.081527    0.165675    0.220547    6.345696 ^ wire1/X (sky130_fd_sc_hd__buf_6)
                                                         net272 (net)
                      0.170972    0.023810    6.369506 ^ clkbuf_0_clk/A (sky130_fd_sc_hd__clkbuf_16)
     9    0.101102    0.118187    0.230925    6.600431 ^ clkbuf_0_clk/X (sky130_fd_sc_hd__clkbuf_16)
                                                         clknet_0_clk (net)
                      0.120014    0.012000    6.612431 ^ clkbuf_2_1__f_clk/A (sky130_fd_sc_hd__clkbuf_16)
    21    0.087636    0.106165    0.200199    6.812630 ^ clkbuf_2_1__f_clk/X (sky130_fd_sc_hd__clkbuf_16)
                                                         clknet_2_1__leaf_clk (net)
                      0.108858    0.013566    6.826196 ^ _128_/CLK (sky130_fd_sc_hd__dfrtp_4)
     3    0.177677    0.499650    0.732369    7.558566 ^ _128_/Q (sky130_fd_sc_hd__dfrtp_4)
                                                         net227 (net)
                      0.538349    0.110123    7.668689 ^ output227/A (sky130_fd_sc_hd__buf_12)
     1    0.191007    0.222028    0.317774    7.986463 ^ output227/X (sky130_fd_sc_hd__buf_12)
                                                         wbs_ack_o (net)
                      0.222577    0.009311    7.995774 ^ wbs_ack_o (out)
                                              7.995774   data arrival time

                                 50.000000   50.000000   clock clk (rise edge)
                                  4.650000   54.650002   clock network delay (propagated)
                                 -0.087500   54.562500   clock uncertainty
                                  0.000000   54.562500   clock reconvergence pessimism
                                 -8.410000   46.152500   output external delay
                                             46.152500   data required time
---------------------------------------------------------------------------------------------
                                             46.152500   data required time
                                             -7.995774   data arrival time
---------------------------------------------------------------------------------------------
                                             38.156727   slack (MET)


Startpoint: wbs_cyc_i (input port clocked by clk)
Endpoint: _128_ (rising edge-triggered flip-flop clocked by clk)
Path Group: clk
Path Type: max

Fanout         Cap        Slew       Delay        Time   Description
---------------------------------------------------------------------------------------------
                                  0.000000    0.000000   clock clk (rise edge)
                                  5.570000    5.570000   clock network delay (propagated)
                                  4.740000   10.310000 ^ input external delay
     2    0.004166    0.170000    0.000000   10.310000 ^ wbs_cyc_i (in)
                                                         wbs_cyc_i (net)
                      0.170192    0.000099   10.310099 ^ hold193/A (sky130_fd_sc_hd__dlygate4sd3_1)
     1    0.007729    0.096268    0.621372   10.931471 ^ hold193/X (sky130_fd_sc_hd__dlygate4sd3_1)
                                                         net467 (net)
                      0.096381    0.000601   10.932073 ^ input110/A (sky130_fd_sc_hd__buf_8)
     3    0.184103    0.263952    0.191671   11.123743 ^ input110/X (sky130_fd_sc_hd__buf_8)
                                                         net110 (net)
                      0.425958    0.172509   11.296252 ^ _041_/A (sky130_fd_sc_hd__and2_4)
     5    0.088242    0.258416    0.394818   11.691071 ^ _041_/X (sky130_fd_sc_hd__and2_4)
                                                         _000_ (net)
                      0.258608    0.006261   11.697331 ^ hold194/A (sky130_fd_sc_hd__dlygate4sd3_1)
     1    0.002840    0.053104    0.601291   12.298622 ^ hold194/X (sky130_fd_sc_hd__dlygate4sd3_1)
                                                         net468 (net)
                      0.053104    0.000191   12.298813 ^ _128_/D (sky130_fd_sc_hd__dfrtp_4)
                                             12.298813   data arrival time

                                 50.000000   50.000000   clock clk (rise edge)
                                  4.650000   54.650002   clock source latency
     2    0.032503    0.610000    0.000000   54.650002 ^ clk (in)
                                                         clk (net)
                      0.618598    0.004189   54.654190 ^ wire3/A (sky130_fd_sc_hd__buf_4)
     3    0.046105    0.139175    0.291259   54.945446 ^ wire3/X (sky130_fd_sc_hd__buf_4)
                                                         net274 (net)
                      0.140154    0.009141   54.954590 ^ wire2/A (sky130_fd_sc_hd__buf_6)
     3    0.079184    0.161091    0.201958   55.156548 ^ wire2/X (sky130_fd_sc_hd__buf_6)
                                                         net273 (net)
                      0.166003    0.021522   55.178066 ^ wire1/A (sky130_fd_sc_hd__buf_6)
     3    0.081527    0.165675    0.209788   55.387856 ^ wire1/X (sky130_fd_sc_hd__buf_6)
                                                         net272 (net)
                      0.170972    0.022649   55.410503 ^ clkbuf_0_clk/A (sky130_fd_sc_hd__clkbuf_16)
     9    0.101102    0.118187    0.219661   55.630165 ^ clkbuf_0_clk/X (sky130_fd_sc_hd__clkbuf_16)
                                                         clknet_0_clk (net)
                      0.120014    0.011415   55.641579 ^ clkbuf_2_1__f_clk/A (sky130_fd_sc_hd__clkbuf_16)
    21    0.087636    0.106165    0.190433   55.832012 ^ clkbuf_2_1__f_clk/X (sky130_fd_sc_hd__clkbuf_16)
                                                         clknet_2_1__leaf_clk (net)
                      0.108858    0.012903   55.844917 ^ _128_/CLK (sky130_fd_sc_hd__dfrtp_4)
                                 -0.087500   55.757416   clock uncertainty
                                  0.000000   55.757416   clock reconvergence pessimism
                                 -0.055626   55.701790   library setup time
                                             55.701790   data required time
---------------------------------------------------------------------------------------------
                                             55.701790   data required time
                                            -12.298813   data arrival time
---------------------------------------------------------------------------------------------
                                             43.402977   slack (MET)



