
===========================================================================
report_checks -path_delay max (Setup)
============================================================================
======================= max_ff_n40C_1v95 Corner ===================================

Startpoint: rst_n (input port clocked by clk)
Endpoint: _152_ (recovery check against rising-edge clock clk)
Path Group: asynchronous
Path Type: max

Fanout         Cap        Slew       Delay        Time   Description
---------------------------------------------------------------------------------------------
                                  0.000000    0.000000   clock clk (rise edge)
                                  5.570000    5.570000   clock network delay (propagated)
                                 12.500000   18.070000 ^ input external delay
     2    0.011630    0.000000    0.000000   18.070000 ^ rst_n (in)
                                                         rst_n (net)
                      0.000655    0.000327   18.070326 ^ input79/A (sky130_fd_sc_hd__buf_12)
     7    0.294404    0.096327    0.076334   18.146660 ^ input79/X (sky130_fd_sc_hd__buf_12)
                                                         net79 (net)
                      0.671637    0.328866   18.475525 ^ fanout267/A (sky130_fd_sc_hd__buf_6)
    33    0.152066    0.227308    0.177970   18.653496 ^ fanout267/X (sky130_fd_sc_hd__buf_6)
                                                         net267 (net)
                      0.253426    0.058844   18.712339 ^ _152_/RESET_B (sky130_fd_sc_hd__dfrtp_4)
                                             18.712339   data arrival time

                                 25.000000   25.000000   clock clk (rise edge)
                                  4.650000   29.650000   clock source latency
     2    0.032467    0.610000    0.000000   29.650000 ^ clk (in)
                                                         clk (net)
                      0.618581    0.004290   29.654289 ^ wire3/A (sky130_fd_sc_hd__buf_4)
     3    0.035766    0.087169    0.140195   29.794485 ^ wire3/X (sky130_fd_sc_hd__buf_4)
                                                         net274 (net)
                      0.088187    0.007374   29.801857 ^ wire2/A (sky130_fd_sc_hd__buf_6)
     3    0.078960    0.121320    0.132683   29.934542 ^ wire2/X (sky130_fd_sc_hd__buf_6)
                                                         net273 (net)
                      0.127869    0.021782   29.956324 ^ wire1/A (sky130_fd_sc_hd__buf_6)
     3    0.081431    0.124079    0.139973   30.096296 ^ wire1/X (sky130_fd_sc_hd__buf_6)
                                                         net272 (net)
                      0.131229    0.022965   30.119261 ^ clkbuf_0_clk/A (sky130_fd_sc_hd__clkbuf_16)
     9    0.100467    0.090689    0.151349   30.270611 ^ clkbuf_0_clk/X (sky130_fd_sc_hd__clkbuf_16)
                                                         clknet_0_clk (net)
                      0.092507    0.010115   30.280725 ^ clkbuf_2_3__f_clk/A (sky130_fd_sc_hd__clkbuf_16)
    21    0.074593    0.070917    0.125766   30.406490 ^ clkbuf_2_3__f_clk/X (sky130_fd_sc_hd__clkbuf_16)
                                                         clknet_2_3__leaf_clk (net)
                      0.076858    0.015795   30.422285 ^ _152_/CLK (sky130_fd_sc_hd__dfrtp_4)
                                 -0.250000   30.172285   clock uncertainty
                                  0.000000   30.172285   clock reconvergence pessimism
                                  0.068389   30.240675   library recovery time
                                             30.240675   data required time
---------------------------------------------------------------------------------------------
                                             30.240675   data required time
                                            -18.712339   data arrival time
---------------------------------------------------------------------------------------------
                                             11.528336   slack (MET)


Startpoint: rst_n (input port clocked by clk)
Endpoint: _155_ (recovery check against rising-edge clock clk)
Path Group: asynchronous
Path Type: max

Fanout         Cap        Slew       Delay        Time   Description
---------------------------------------------------------------------------------------------
                                  0.000000    0.000000   clock clk (rise edge)
                                  5.570000    5.570000   clock network delay (propagated)
                                 12.500000   18.070000 ^ input external delay
     2    0.011630    0.000000    0.000000   18.070000 ^ rst_n (in)
                                                         rst_n (net)
                      0.000655    0.000327   18.070326 ^ input79/A (sky130_fd_sc_hd__buf_12)
     7    0.294404    0.096327    0.076334   18.146660 ^ input79/X (sky130_fd_sc_hd__buf_12)
                                                         net79 (net)
                      0.671637    0.328866   18.475525 ^ fanout267/A (sky130_fd_sc_hd__buf_6)
    33    0.152066    0.227308    0.177970   18.653496 ^ fanout267/X (sky130_fd_sc_hd__buf_6)
                                                         net267 (net)
                      0.253353    0.058758   18.712254 ^ _155_/RESET_B (sky130_fd_sc_hd__dfrtp_4)
                                             18.712254   data arrival time

                                 25.000000   25.000000   clock clk (rise edge)
                                  4.650000   29.650000   clock source latency
     2    0.032467    0.610000    0.000000   29.650000 ^ clk (in)
                                                         clk (net)
                      0.618581    0.004290   29.654289 ^ wire3/A (sky130_fd_sc_hd__buf_4)
     3    0.035766    0.087169    0.140195   29.794485 ^ wire3/X (sky130_fd_sc_hd__buf_4)
                                                         net274 (net)
                      0.088187    0.007374   29.801857 ^ wire2/A (sky130_fd_sc_hd__buf_6)
     3    0.078960    0.121320    0.132683   29.934542 ^ wire2/X (sky130_fd_sc_hd__buf_6)
                                                         net273 (net)
                      0.127869    0.021782   29.956324 ^ wire1/A (sky130_fd_sc_hd__buf_6)
     3    0.081431    0.124079    0.139973   30.096296 ^ wire1/X (sky130_fd_sc_hd__buf_6)
                                                         net272 (net)
                      0.131229    0.022965   30.119261 ^ clkbuf_0_clk/A (sky130_fd_sc_hd__clkbuf_16)
     9    0.100467    0.090689    0.151349   30.270611 ^ clkbuf_0_clk/X (sky130_fd_sc_hd__clkbuf_16)
                                                         clknet_0_clk (net)
                      0.092507    0.010115   30.280725 ^ clkbuf_2_3__f_clk/A (sky130_fd_sc_hd__clkbuf_16)
    21    0.074593    0.070917    0.125766   30.406490 ^ clkbuf_2_3__f_clk/X (sky130_fd_sc_hd__clkbuf_16)
                                                         clknet_2_3__leaf_clk (net)
                      0.076863    0.015802   30.422293 ^ _155_/CLK (sky130_fd_sc_hd__dfrtp_4)
                                 -0.250000   30.172293   clock uncertainty
                                  0.000000   30.172293   clock reconvergence pessimism
                                  0.068413   30.240704   library recovery time
                                             30.240704   data required time
---------------------------------------------------------------------------------------------
                                             30.240704   data required time
                                            -18.712254   data arrival time
---------------------------------------------------------------------------------------------
                                             11.528450   slack (MET)


Startpoint: rst_n (input port clocked by clk)
Endpoint: _154_ (recovery check against rising-edge clock clk)
Path Group: asynchronous
Path Type: max

Fanout         Cap        Slew       Delay        Time   Description
---------------------------------------------------------------------------------------------
                                  0.000000    0.000000   clock clk (rise edge)
                                  5.570000    5.570000   clock network delay (propagated)
                                 12.500000   18.070000 ^ input external delay
     2    0.011630    0.000000    0.000000   18.070000 ^ rst_n (in)
                                                         rst_n (net)
                      0.000655    0.000327   18.070326 ^ input79/A (sky130_fd_sc_hd__buf_12)
     7    0.294404    0.096327    0.076334   18.146660 ^ input79/X (sky130_fd_sc_hd__buf_12)
                                                         net79 (net)
                      0.671637    0.328866   18.475525 ^ fanout267/A (sky130_fd_sc_hd__buf_6)
    33    0.152066    0.227308    0.177970   18.653496 ^ fanout267/X (sky130_fd_sc_hd__buf_6)
                                                         net267 (net)
                      0.253017    0.058369   18.711864 ^ _154_/RESET_B (sky130_fd_sc_hd__dfrtp_4)
                                             18.711864   data arrival time

                                 25.000000   25.000000   clock clk (rise edge)
                                  4.650000   29.650000   clock source latency
     2    0.032467    0.610000    0.000000   29.650000 ^ clk (in)
                                                         clk (net)
                      0.618581    0.004290   29.654289 ^ wire3/A (sky130_fd_sc_hd__buf_4)
     3    0.035766    0.087169    0.140195   29.794485 ^ wire3/X (sky130_fd_sc_hd__buf_4)
                                                         net274 (net)
                      0.088187    0.007374   29.801857 ^ wire2/A (sky130_fd_sc_hd__buf_6)
     3    0.078960    0.121320    0.132683   29.934542 ^ wire2/X (sky130_fd_sc_hd__buf_6)
                                                         net273 (net)
                      0.127869    0.021782   29.956324 ^ wire1/A (sky130_fd_sc_hd__buf_6)
     3    0.081431    0.124079    0.139973   30.096296 ^ wire1/X (sky130_fd_sc_hd__buf_6)
                                                         net272 (net)
                      0.131229    0.022965   30.119261 ^ clkbuf_0_clk/A (sky130_fd_sc_hd__clkbuf_16)
     9    0.100467    0.090689    0.151349   30.270611 ^ clkbuf_0_clk/X (sky130_fd_sc_hd__clkbuf_16)
                                                         clknet_0_clk (net)
                      0.092507    0.010115   30.280725 ^ clkbuf_2_3__f_clk/A (sky130_fd_sc_hd__clkbuf_16)
    21    0.074593    0.070917    0.125766   30.406490 ^ clkbuf_2_3__f_clk/X (sky130_fd_sc_hd__clkbuf_16)
                                                         clknet_2_3__leaf_clk (net)
                      0.076811    0.015728   30.422218 ^ _154_/CLK (sky130_fd_sc_hd__dfrtp_4)
                                 -0.250000   30.172218   clock uncertainty
                                  0.000000   30.172218   clock reconvergence pessimism
                                  0.068509   30.240728   library recovery time
                                             30.240728   data required time
---------------------------------------------------------------------------------------------
                                             30.240728   data required time
                                            -18.711864   data arrival time
---------------------------------------------------------------------------------------------
                                             11.528864   slack (MET)


Startpoint: rst_n (input port clocked by clk)
Endpoint: _153_ (recovery check against rising-edge clock clk)
Path Group: asynchronous
Path Type: max

Fanout         Cap        Slew       Delay        Time   Description
---------------------------------------------------------------------------------------------
                                  0.000000    0.000000   clock clk (rise edge)
                                  5.570000    5.570000   clock network delay (propagated)
                                 12.500000   18.070000 ^ input external delay
     2    0.011630    0.000000    0.000000   18.070000 ^ rst_n (in)
                                                         rst_n (net)
                      0.000655    0.000327   18.070326 ^ input79/A (sky130_fd_sc_hd__buf_12)
     7    0.294404    0.096327    0.076334   18.146660 ^ input79/X (sky130_fd_sc_hd__buf_12)
                                                         net79 (net)
                      0.671637    0.328866   18.475525 ^ fanout267/A (sky130_fd_sc_hd__buf_6)
    33    0.152066    0.227308    0.177970   18.653496 ^ fanout267/X (sky130_fd_sc_hd__buf_6)
                                                         net267 (net)
                      0.252364    0.057609   18.711103 ^ _153_/RESET_B (sky130_fd_sc_hd__dfrtp_4)
                                             18.711103   data arrival time

                                 25.000000   25.000000   clock clk (rise edge)
                                  4.650000   29.650000   clock source latency
     2    0.032467    0.610000    0.000000   29.650000 ^ clk (in)
                                                         clk (net)
                      0.618581    0.004290   29.654289 ^ wire3/A (sky130_fd_sc_hd__buf_4)
     3    0.035766    0.087169    0.140195   29.794485 ^ wire3/X (sky130_fd_sc_hd__buf_4)
                                                         net274 (net)
                      0.088187    0.007374   29.801857 ^ wire2/A (sky130_fd_sc_hd__buf_6)
     3    0.078960    0.121320    0.132683   29.934542 ^ wire2/X (sky130_fd_sc_hd__buf_6)
                                                         net273 (net)
                      0.127869    0.021782   29.956324 ^ wire1/A (sky130_fd_sc_hd__buf_6)
     3    0.081431    0.124079    0.139973   30.096296 ^ wire1/X (sky130_fd_sc_hd__buf_6)
                                                         net272 (net)
                      0.131229    0.022965   30.119261 ^ clkbuf_0_clk/A (sky130_fd_sc_hd__clkbuf_16)
     9    0.100467    0.090689    0.151349   30.270611 ^ clkbuf_0_clk/X (sky130_fd_sc_hd__clkbuf_16)
                                                         clknet_0_clk (net)
                      0.092507    0.010115   30.280725 ^ clkbuf_2_3__f_clk/A (sky130_fd_sc_hd__clkbuf_16)
    21    0.074593    0.070917    0.125766   30.406490 ^ clkbuf_2_3__f_clk/X (sky130_fd_sc_hd__clkbuf_16)
                                                         clknet_2_3__leaf_clk (net)
                      0.076603    0.015433   30.421923 ^ _153_/CLK (sky130_fd_sc_hd__dfrtp_4)
                                 -0.250000   30.171923   clock uncertainty
                                  0.000000   30.171923   clock reconvergence pessimism
                                  0.068680   30.240604   library recovery time
                                             30.240604   data required time
---------------------------------------------------------------------------------------------
                                             30.240604   data required time
                                            -18.711103   data arrival time
---------------------------------------------------------------------------------------------
                                             11.529499   slack (MET)


Startpoint: rst_n (input port clocked by clk)
Endpoint: _158_ (recovery check against rising-edge clock clk)
Path Group: asynchronous
Path Type: max

Fanout         Cap        Slew       Delay        Time   Description
---------------------------------------------------------------------------------------------
                                  0.000000    0.000000   clock clk (rise edge)
                                  5.570000    5.570000   clock network delay (propagated)
                                 12.500000   18.070000 ^ input external delay
     2    0.011630    0.000000    0.000000   18.070000 ^ rst_n (in)
                                                         rst_n (net)
                      0.000655    0.000327   18.070326 ^ input79/A (sky130_fd_sc_hd__buf_12)
     7    0.294404    0.096327    0.076334   18.146660 ^ input79/X (sky130_fd_sc_hd__buf_12)
                                                         net79 (net)
                      0.671637    0.328866   18.475525 ^ fanout267/A (sky130_fd_sc_hd__buf_6)
    33    0.152066    0.227308    0.177970   18.653496 ^ fanout267/X (sky130_fd_sc_hd__buf_6)
                                                         net267 (net)
                      0.249825    0.054595   18.708090 ^ _158_/RESET_B (sky130_fd_sc_hd__dfrtp_4)
                                             18.708090   data arrival time

                                 25.000000   25.000000   clock clk (rise edge)
                                  4.650000   29.650000   clock source latency
     2    0.032467    0.610000    0.000000   29.650000 ^ clk (in)
                                                         clk (net)
                      0.618581    0.004290   29.654289 ^ wire3/A (sky130_fd_sc_hd__buf_4)
     3    0.035766    0.087169    0.140195   29.794485 ^ wire3/X (sky130_fd_sc_hd__buf_4)
                                                         net274 (net)
                      0.088187    0.007374   29.801857 ^ wire2/A (sky130_fd_sc_hd__buf_6)
     3    0.078960    0.121320    0.132683   29.934542 ^ wire2/X (sky130_fd_sc_hd__buf_6)
                                                         net273 (net)
                      0.127869    0.021782   29.956324 ^ wire1/A (sky130_fd_sc_hd__buf_6)
     3    0.081431    0.124079    0.139973   30.096296 ^ wire1/X (sky130_fd_sc_hd__buf_6)
                                                         net272 (net)
                      0.131229    0.022965   30.119261 ^ clkbuf_0_clk/A (sky130_fd_sc_hd__clkbuf_16)
     9    0.100467    0.090689    0.151349   30.270611 ^ clkbuf_0_clk/X (sky130_fd_sc_hd__clkbuf_16)
                                                         clknet_0_clk (net)
                      0.092507    0.010115   30.280725 ^ clkbuf_2_3__f_clk/A (sky130_fd_sc_hd__clkbuf_16)
    21    0.074593    0.070917    0.125766   30.406490 ^ clkbuf_2_3__f_clk/X (sky130_fd_sc_hd__clkbuf_16)
                                                         clknet_2_3__leaf_clk (net)
                      0.075905    0.014410   30.420900 ^ _158_/CLK (sky130_fd_sc_hd__dfrtp_4)
                                 -0.250000   30.170900   clock uncertainty
                                  0.000000   30.170900   clock reconvergence pessimism
                                  0.069363   30.240263   library recovery time
                                             30.240263   data required time
---------------------------------------------------------------------------------------------
                                             30.240263   data required time
                                            -18.708090   data arrival time
---------------------------------------------------------------------------------------------
                                             11.532173   slack (MET)


Startpoint: rst_n (input port clocked by clk)
Endpoint: _156_ (recovery check against rising-edge clock clk)
Path Group: asynchronous
Path Type: max

Fanout         Cap        Slew       Delay        Time   Description
---------------------------------------------------------------------------------------------
                                  0.000000    0.000000   clock clk (rise edge)
                                  5.570000    5.570000   clock network delay (propagated)
                                 12.500000   18.070000 ^ input external delay
     2    0.011630    0.000000    0.000000   18.070000 ^ rst_n (in)
                                                         rst_n (net)
                      0.000655    0.000327   18.070326 ^ input79/A (sky130_fd_sc_hd__buf_12)
     7    0.294404    0.096327    0.076334   18.146660 ^ input79/X (sky130_fd_sc_hd__buf_12)
                                                         net79 (net)
                      0.671637    0.328866   18.475525 ^ fanout267/A (sky130_fd_sc_hd__buf_6)
    33    0.152066    0.227308    0.177970   18.653496 ^ fanout267/X (sky130_fd_sc_hd__buf_6)
                                                         net267 (net)
                      0.248676    0.053200   18.706696 ^ _156_/RESET_B (sky130_fd_sc_hd__dfrtp_4)
                                             18.706696   data arrival time

                                 25.000000   25.000000   clock clk (rise edge)
                                  4.650000   29.650000   clock source latency
     2    0.032467    0.610000    0.000000   29.650000 ^ clk (in)
                                                         clk (net)
                      0.618581    0.004290   29.654289 ^ wire3/A (sky130_fd_sc_hd__buf_4)
     3    0.035766    0.087169    0.140195   29.794485 ^ wire3/X (sky130_fd_sc_hd__buf_4)
                                                         net274 (net)
                      0.088187    0.007374   29.801857 ^ wire2/A (sky130_fd_sc_hd__buf_6)
     3    0.078960    0.121320    0.132683   29.934542 ^ wire2/X (sky130_fd_sc_hd__buf_6)
                                                         net273 (net)
                      0.127869    0.021782   29.956324 ^ wire1/A (sky130_fd_sc_hd__buf_6)
     3    0.081431    0.124079    0.139973   30.096296 ^ wire1/X (sky130_fd_sc_hd__buf_6)
                                                         net272 (net)
                      0.131229    0.022965   30.119261 ^ clkbuf_0_clk/A (sky130_fd_sc_hd__clkbuf_16)
     9    0.100467    0.090689    0.151349   30.270611 ^ clkbuf_0_clk/X (sky130_fd_sc_hd__clkbuf_16)
                                                         clknet_0_clk (net)
                      0.092507    0.010115   30.280725 ^ clkbuf_2_3__f_clk/A (sky130_fd_sc_hd__clkbuf_16)
    21    0.074593    0.070917    0.125766   30.406490 ^ clkbuf_2_3__f_clk/X (sky130_fd_sc_hd__clkbuf_16)
                                                         clknet_2_3__leaf_clk (net)
                      0.075707    0.014108   30.420599 ^ _156_/CLK (sky130_fd_sc_hd__dfrtp_4)
                                 -0.250000   30.170597   clock uncertainty
                                  0.000000   30.170597   clock reconvergence pessimism
                                  0.069691   30.240288   library recovery time
                                             30.240288   data required time
---------------------------------------------------------------------------------------------
                                             30.240288   data required time
                                            -18.706696   data arrival time
---------------------------------------------------------------------------------------------
                                             11.533592   slack (MET)


Startpoint: rst_n (input port clocked by clk)
Endpoint: _151_ (recovery check against rising-edge clock clk)
Path Group: asynchronous
Path Type: max

Fanout         Cap        Slew       Delay        Time   Description
---------------------------------------------------------------------------------------------
                                  0.000000    0.000000   clock clk (rise edge)
                                  5.570000    5.570000   clock network delay (propagated)
                                 12.500000   18.070000 ^ input external delay
     2    0.011630    0.000000    0.000000   18.070000 ^ rst_n (in)
                                                         rst_n (net)
                      0.000655    0.000327   18.070326 ^ input79/A (sky130_fd_sc_hd__buf_12)
     7    0.294404    0.096327    0.076334   18.146660 ^ input79/X (sky130_fd_sc_hd__buf_12)
                                                         net79 (net)
                      0.671637    0.328866   18.475525 ^ fanout267/A (sky130_fd_sc_hd__buf_6)
    33    0.152066    0.227308    0.177970   18.653496 ^ fanout267/X (sky130_fd_sc_hd__buf_6)
                                                         net267 (net)
                      0.249784    0.054547   18.708042 ^ _151_/RESET_B (sky130_fd_sc_hd__dfrtp_4)
                                             18.708042   data arrival time

                                 25.000000   25.000000   clock clk (rise edge)
                                  4.650000   29.650000   clock source latency
     2    0.032467    0.610000    0.000000   29.650000 ^ clk (in)
                                                         clk (net)
                      0.618581    0.004290   29.654289 ^ wire3/A (sky130_fd_sc_hd__buf_4)
     3    0.035766    0.087169    0.140195   29.794485 ^ wire3/X (sky130_fd_sc_hd__buf_4)
                                                         net274 (net)
                      0.088187    0.007374   29.801857 ^ wire2/A (sky130_fd_sc_hd__buf_6)
     3    0.078960    0.121320    0.132683   29.934542 ^ wire2/X (sky130_fd_sc_hd__buf_6)
                                                         net273 (net)
                      0.127869    0.021782   29.956324 ^ wire1/A (sky130_fd_sc_hd__buf_6)
     3    0.081431    0.124079    0.139973   30.096296 ^ wire1/X (sky130_fd_sc_hd__buf_6)
                                                         net272 (net)
                      0.131229    0.022965   30.119261 ^ clkbuf_0_clk/A (sky130_fd_sc_hd__clkbuf_16)
     9    0.100467    0.090689    0.151349   30.270611 ^ clkbuf_0_clk/X (sky130_fd_sc_hd__clkbuf_16)
                                                         clknet_0_clk (net)
                      0.092507    0.010115   30.280725 ^ clkbuf_2_3__f_clk/A (sky130_fd_sc_hd__clkbuf_16)
    21    0.074593    0.070917    0.125766   30.406490 ^ clkbuf_2_3__f_clk/X (sky130_fd_sc_hd__clkbuf_16)
                                                         clknet_2_3__leaf_clk (net)
                      0.076897    0.015849   30.422338 ^ _151_/CLK (sky130_fd_sc_hd__dfrtp_4)
                                 -0.250000   30.172338   clock uncertainty
                                  0.000000   30.172338   clock reconvergence pessimism
                                  0.069538   30.241875   library recovery time
                                             30.241875   data required time
---------------------------------------------------------------------------------------------
                                             30.241875   data required time
                                            -18.708042   data arrival time
---------------------------------------------------------------------------------------------
                                             11.533834   slack (MET)


Startpoint: rst_n (input port clocked by clk)
Endpoint: _157_ (recovery check against rising-edge clock clk)
Path Group: asynchronous
Path Type: max

Fanout         Cap        Slew       Delay        Time   Description
---------------------------------------------------------------------------------------------
                                  0.000000    0.000000   clock clk (rise edge)
                                  5.570000    5.570000   clock network delay (propagated)
                                 12.500000   18.070000 ^ input external delay
     2    0.011630    0.000000    0.000000   18.070000 ^ rst_n (in)
                                                         rst_n (net)
                      0.000655    0.000327   18.070326 ^ input79/A (sky130_fd_sc_hd__buf_12)
     7    0.294404    0.096327    0.076334   18.146660 ^ input79/X (sky130_fd_sc_hd__buf_12)
                                                         net79 (net)
                      0.671637    0.328866   18.475525 ^ fanout267/A (sky130_fd_sc_hd__buf_6)
    33    0.152066    0.227308    0.177970   18.653496 ^ fanout267/X (sky130_fd_sc_hd__buf_6)
                                                         net267 (net)
                      0.246787    0.050857   18.704351 ^ _157_/RESET_B (sky130_fd_sc_hd__dfrtp_4)
                                             18.704351   data arrival time

                                 25.000000   25.000000   clock clk (rise edge)
                                  4.650000   29.650000   clock source latency
     2    0.032467    0.610000    0.000000   29.650000 ^ clk (in)
                                                         clk (net)
                      0.618581    0.004290   29.654289 ^ wire3/A (sky130_fd_sc_hd__buf_4)
     3    0.035766    0.087169    0.140195   29.794485 ^ wire3/X (sky130_fd_sc_hd__buf_4)
                                                         net274 (net)
                      0.088187    0.007374   29.801857 ^ wire2/A (sky130_fd_sc_hd__buf_6)
     3    0.078960    0.121320    0.132683   29.934542 ^ wire2/X (sky130_fd_sc_hd__buf_6)
                                                         net273 (net)
                      0.127869    0.021782   29.956324 ^ wire1/A (sky130_fd_sc_hd__buf_6)
     3    0.081431    0.124079    0.139973   30.096296 ^ wire1/X (sky130_fd_sc_hd__buf_6)
                                                         net272 (net)
                      0.131229    0.022965   30.119261 ^ clkbuf_0_clk/A (sky130_fd_sc_hd__clkbuf_16)
     9    0.100467    0.090689    0.151349   30.270611 ^ clkbuf_0_clk/X (sky130_fd_sc_hd__clkbuf_16)
                                                         clknet_0_clk (net)
                      0.092507    0.010115   30.280725 ^ clkbuf_2_3__f_clk/A (sky130_fd_sc_hd__clkbuf_16)
    21    0.074593    0.070917    0.125766   30.406490 ^ clkbuf_2_3__f_clk/X (sky130_fd_sc_hd__clkbuf_16)
                                                         clknet_2_3__leaf_clk (net)
                      0.075384    0.013607   30.420097 ^ _157_/CLK (sky130_fd_sc_hd__dfrtp_4)
                                 -0.250000   30.170097   clock uncertainty
                                  0.000000   30.170097   clock reconvergence pessimism
                                  0.070231   30.240326   library recovery time
                                             30.240326   data required time
---------------------------------------------------------------------------------------------
                                             30.240326   data required time
                                            -18.704351   data arrival time
---------------------------------------------------------------------------------------------
                                             11.535975   slack (MET)


Startpoint: rst_n (input port clocked by clk)
Endpoint: _159_ (recovery check against rising-edge clock clk)
Path Group: asynchronous
Path Type: max

Fanout         Cap        Slew       Delay        Time   Description
---------------------------------------------------------------------------------------------
                                  0.000000    0.000000   clock clk (rise edge)
                                  5.570000    5.570000   clock network delay (propagated)
                                 12.500000   18.070000 ^ input external delay
     2    0.011630    0.000000    0.000000   18.070000 ^ rst_n (in)
                                                         rst_n (net)
                      0.000655    0.000327   18.070326 ^ input79/A (sky130_fd_sc_hd__buf_12)
     7    0.294404    0.096327    0.076334   18.146660 ^ input79/X (sky130_fd_sc_hd__buf_12)
                                                         net79 (net)
                      0.671637    0.328866   18.475525 ^ fanout267/A (sky130_fd_sc_hd__buf_6)
    33    0.152066    0.227308    0.177970   18.653496 ^ fanout267/X (sky130_fd_sc_hd__buf_6)
                                                         net267 (net)
                      0.253352    0.058758   18.712254 ^ _159_/RESET_B (sky130_fd_sc_hd__dfrtp_4)
                                             18.712254   data arrival time

                                 25.000000   25.000000   clock clk (rise edge)
                                  4.650000   29.650000   clock source latency
     2    0.032467    0.610000    0.000000   29.650000 ^ clk (in)
                                                         clk (net)
                      0.618581    0.004290   29.654289 ^ wire3/A (sky130_fd_sc_hd__buf_4)
     3    0.035766    0.087169    0.140195   29.794485 ^ wire3/X (sky130_fd_sc_hd__buf_4)
                                                         net274 (net)
                      0.088187    0.007374   29.801857 ^ wire2/A (sky130_fd_sc_hd__buf_6)
     3    0.078960    0.121320    0.132683   29.934542 ^ wire2/X (sky130_fd_sc_hd__buf_6)
                                                         net273 (net)
                      0.127869    0.021782   29.956324 ^ wire1/A (sky130_fd_sc_hd__buf_6)
     3    0.081431    0.124079    0.139973   30.096296 ^ wire1/X (sky130_fd_sc_hd__buf_6)
                                                         net272 (net)
                      0.131229    0.022965   30.119261 ^ clkbuf_0_clk/A (sky130_fd_sc_hd__clkbuf_16)
     9    0.100467    0.090689    0.151349   30.270611 ^ clkbuf_0_clk/X (sky130_fd_sc_hd__clkbuf_16)
                                                         clknet_0_clk (net)
                      0.092512    0.010129   30.280739 ^ clkbuf_2_2__f_clk/A (sky130_fd_sc_hd__clkbuf_16)
    17    0.093430    0.085225    0.137479   30.418219 ^ clkbuf_2_2__f_clk/X (sky130_fd_sc_hd__clkbuf_16)
                                                         clknet_2_2__leaf_clk (net)
                      0.089020    0.014104   30.432322 ^ _159_/CLK (sky130_fd_sc_hd__dfrtp_4)
                                 -0.250000   30.182322   clock uncertainty
                                  0.000000   30.182322   clock reconvergence pessimism
                                  0.070410   30.252733   library recovery time
                                             30.252733   data required time
---------------------------------------------------------------------------------------------
                                             30.252733   data required time
                                            -18.712254   data arrival time
---------------------------------------------------------------------------------------------
                                             11.540479   slack (MET)


Startpoint: rst_n (input port clocked by clk)
Endpoint: _150_ (recovery check against rising-edge clock clk)
Path Group: asynchronous
Path Type: max

Fanout         Cap        Slew       Delay        Time   Description
---------------------------------------------------------------------------------------------
                                  0.000000    0.000000   clock clk (rise edge)
                                  5.570000    5.570000   clock network delay (propagated)
                                 12.500000   18.070000 ^ input external delay
     2    0.011630    0.000000    0.000000   18.070000 ^ rst_n (in)
                                                         rst_n (net)
                      0.000655    0.000327   18.070326 ^ input79/A (sky130_fd_sc_hd__buf_12)
     7    0.294404    0.096327    0.076334   18.146660 ^ input79/X (sky130_fd_sc_hd__buf_12)
                                                         net79 (net)
                      0.671637    0.328866   18.475525 ^ fanout267/A (sky130_fd_sc_hd__buf_6)
    33    0.152066    0.227308    0.177970   18.653496 ^ fanout267/X (sky130_fd_sc_hd__buf_6)
                                                         net267 (net)
                      0.249179    0.053815   18.707310 ^ _150_/RESET_B (sky130_fd_sc_hd__dfrtp_4)
                                             18.707310   data arrival time

                                 25.000000   25.000000   clock clk (rise edge)
                                  4.650000   29.650000   clock source latency
     2    0.032467    0.610000    0.000000   29.650000 ^ clk (in)
                                                         clk (net)
                      0.618581    0.004290   29.654289 ^ wire3/A (sky130_fd_sc_hd__buf_4)
     3    0.035766    0.087169    0.140195   29.794485 ^ wire3/X (sky130_fd_sc_hd__buf_4)
                                                         net274 (net)
                      0.088187    0.007374   29.801857 ^ wire2/A (sky130_fd_sc_hd__buf_6)
     3    0.078960    0.121320    0.132683   29.934542 ^ wire2/X (sky130_fd_sc_hd__buf_6)
                                                         net273 (net)
                      0.127869    0.021782   29.956324 ^ wire1/A (sky130_fd_sc_hd__buf_6)
     3    0.081431    0.124079    0.139973   30.096296 ^ wire1/X (sky130_fd_sc_hd__buf_6)
                                                         net272 (net)
                      0.131229    0.022965   30.119261 ^ clkbuf_0_clk/A (sky130_fd_sc_hd__clkbuf_16)
     9    0.100467    0.090689    0.151349   30.270611 ^ clkbuf_0_clk/X (sky130_fd_sc_hd__clkbuf_16)
                                                         clknet_0_clk (net)
                      0.092512    0.010129   30.280739 ^ clkbuf_2_2__f_clk/A (sky130_fd_sc_hd__clkbuf_16)
    17    0.093430    0.085225    0.137479   30.418219 ^ clkbuf_2_2__f_clk/X (sky130_fd_sc_hd__clkbuf_16)
                                                         clknet_2_2__leaf_clk (net)
                      0.088857    0.013795   30.432013 ^ _150_/CLK (sky130_fd_sc_hd__dfrtp_4)
                                 -0.250000   30.182013   clock uncertainty
                                  0.000000   30.182013   clock reconvergence pessimism
                                  0.071691   30.253702   library recovery time
                                             30.253702   data required time
---------------------------------------------------------------------------------------------
                                             30.253702   data required time
                                            -18.707310   data arrival time
---------------------------------------------------------------------------------------------
                                             11.546392   slack (MET)


Startpoint: rst_n (input port clocked by clk)
Endpoint: _149_ (recovery check against rising-edge clock clk)
Path Group: asynchronous
Path Type: max

Fanout         Cap        Slew       Delay        Time   Description
---------------------------------------------------------------------------------------------
                                  0.000000    0.000000   clock clk (rise edge)
                                  5.570000    5.570000   clock network delay (propagated)
                                 12.500000   18.070000 ^ input external delay
     2    0.011630    0.000000    0.000000   18.070000 ^ rst_n (in)
                                                         rst_n (net)
                      0.000655    0.000327   18.070326 ^ input79/A (sky130_fd_sc_hd__buf_12)
     7    0.294404    0.096327    0.076334   18.146660 ^ input79/X (sky130_fd_sc_hd__buf_12)
                                                         net79 (net)
                      0.671637    0.328866   18.475525 ^ fanout267/A (sky130_fd_sc_hd__buf_6)
    33    0.152066    0.227308    0.177970   18.653496 ^ fanout267/X (sky130_fd_sc_hd__buf_6)
                                                         net267 (net)
                      0.248017    0.052394   18.705889 ^ _149_/RESET_B (sky130_fd_sc_hd__dfrtp_4)
                                             18.705889   data arrival time

                                 25.000000   25.000000   clock clk (rise edge)
                                  4.650000   29.650000   clock source latency
     2    0.032467    0.610000    0.000000   29.650000 ^ clk (in)
                                                         clk (net)
                      0.618581    0.004290   29.654289 ^ wire3/A (sky130_fd_sc_hd__buf_4)
     3    0.035766    0.087169    0.140195   29.794485 ^ wire3/X (sky130_fd_sc_hd__buf_4)
                                                         net274 (net)
                      0.088187    0.007374   29.801857 ^ wire2/A (sky130_fd_sc_hd__buf_6)
     3    0.078960    0.121320    0.132683   29.934542 ^ wire2/X (sky130_fd_sc_hd__buf_6)
                                                         net273 (net)
                      0.127869    0.021782   29.956324 ^ wire1/A (sky130_fd_sc_hd__buf_6)
     3    0.081431    0.124079    0.139973   30.096296 ^ wire1/X (sky130_fd_sc_hd__buf_6)
                                                         net272 (net)
                      0.131229    0.022965   30.119261 ^ clkbuf_0_clk/A (sky130_fd_sc_hd__clkbuf_16)
     9    0.100467    0.090689    0.151349   30.270611 ^ clkbuf_0_clk/X (sky130_fd_sc_hd__clkbuf_16)
                                                         clknet_0_clk (net)
                      0.092512    0.010129   30.280739 ^ clkbuf_2_2__f_clk/A (sky130_fd_sc_hd__clkbuf_16)
    17    0.093430    0.085225    0.137479   30.418219 ^ clkbuf_2_2__f_clk/X (sky130_fd_sc_hd__clkbuf_16)
                                                         clknet_2_2__leaf_clk (net)
                      0.088552    0.013191   30.431410 ^ _149_/CLK (sky130_fd_sc_hd__dfrtp_4)
                                 -0.250000   30.181408   clock uncertainty
                                  0.000000   30.181408   clock reconvergence pessimism
                                  0.072005   30.253412   library recovery time
                                             30.253412   data required time
---------------------------------------------------------------------------------------------
                                             30.253412   data required time
                                            -18.705889   data arrival time
---------------------------------------------------------------------------------------------
                                             11.547523   slack (MET)


Startpoint: rst_n (input port clocked by clk)
Endpoint: _148_ (recovery check against rising-edge clock clk)
Path Group: asynchronous
Path Type: max

Fanout         Cap        Slew       Delay        Time   Description
---------------------------------------------------------------------------------------------
                                  0.000000    0.000000   clock clk (rise edge)
                                  5.570000    5.570000   clock network delay (propagated)
                                 12.500000   18.070000 ^ input external delay
     2    0.011630    0.000000    0.000000   18.070000 ^ rst_n (in)
                                                         rst_n (net)
                      0.000655    0.000327   18.070326 ^ input79/A (sky130_fd_sc_hd__buf_12)
     7    0.294404    0.096327    0.076334   18.146660 ^ input79/X (sky130_fd_sc_hd__buf_12)
                                                         net79 (net)
                      0.671637    0.328866   18.475525 ^ fanout267/A (sky130_fd_sc_hd__buf_6)
    33    0.152066    0.227308    0.177970   18.653496 ^ fanout267/X (sky130_fd_sc_hd__buf_6)
                                                         net267 (net)
                      0.246684    0.050726   18.704222 ^ _148_/RESET_B (sky130_fd_sc_hd__dfrtp_4)
                                             18.704222   data arrival time

                                 25.000000   25.000000   clock clk (rise edge)
                                  4.650000   29.650000   clock source latency
     2    0.032467    0.610000    0.000000   29.650000 ^ clk (in)
                                                         clk (net)
                      0.618581    0.004290   29.654289 ^ wire3/A (sky130_fd_sc_hd__buf_4)
     3    0.035766    0.087169    0.140195   29.794485 ^ wire3/X (sky130_fd_sc_hd__buf_4)
                                                         net274 (net)
                      0.088187    0.007374   29.801857 ^ wire2/A (sky130_fd_sc_hd__buf_6)
     3    0.078960    0.121320    0.132683   29.934542 ^ wire2/X (sky130_fd_sc_hd__buf_6)
                                                         net273 (net)
                      0.127869    0.021782   29.956324 ^ wire1/A (sky130_fd_sc_hd__buf_6)
     3    0.081431    0.124079    0.139973   30.096296 ^ wire1/X (sky130_fd_sc_hd__buf_6)
                                                         net272 (net)
                      0.131229    0.022965   30.119261 ^ clkbuf_0_clk/A (sky130_fd_sc_hd__clkbuf_16)
     9    0.100467    0.090689    0.151349   30.270611 ^ clkbuf_0_clk/X (sky130_fd_sc_hd__clkbuf_16)
                                                         clknet_0_clk (net)
                      0.092512    0.010129   30.280739 ^ clkbuf_2_2__f_clk/A (sky130_fd_sc_hd__clkbuf_16)
    17    0.093430    0.085225    0.137479   30.418219 ^ clkbuf_2_2__f_clk/X (sky130_fd_sc_hd__clkbuf_16)
                                                         clknet_2_2__leaf_clk (net)
                      0.088212    0.012495   30.430714 ^ _148_/CLK (sky130_fd_sc_hd__dfrtp_4)
                                 -0.250000   30.180712   clock uncertainty
                                  0.000000   30.180712   clock reconvergence pessimism
                                  0.072366   30.253077   library recovery time
                                             30.253077   data required time
---------------------------------------------------------------------------------------------
                                             30.253077   data required time
                                            -18.704222   data arrival time
---------------------------------------------------------------------------------------------
                                             11.548857   slack (MET)


Startpoint: rst_n (input port clocked by clk)
Endpoint: _146_ (recovery check against rising-edge clock clk)
Path Group: asynchronous
Path Type: max

Fanout         Cap        Slew       Delay        Time   Description
---------------------------------------------------------------------------------------------
                                  0.000000    0.000000   clock clk (rise edge)
                                  5.570000    5.570000   clock network delay (propagated)
                                 12.500000   18.070000 ^ input external delay
     2    0.011630    0.000000    0.000000   18.070000 ^ rst_n (in)
                                                         rst_n (net)
                      0.000655    0.000327   18.070326 ^ input79/A (sky130_fd_sc_hd__buf_12)
     7    0.294404    0.096327    0.076334   18.146660 ^ input79/X (sky130_fd_sc_hd__buf_12)
                                                         net79 (net)
                      0.671637    0.328866   18.475525 ^ fanout267/A (sky130_fd_sc_hd__buf_6)
    33    0.152066    0.227308    0.177970   18.653496 ^ fanout267/X (sky130_fd_sc_hd__buf_6)
                                                         net267 (net)
                      0.237028    0.036728   18.690224 ^ _146_/RESET_B (sky130_fd_sc_hd__dfrtp_2)
                                             18.690224   data arrival time

                                 25.000000   25.000000   clock clk (rise edge)
                                  4.650000   29.650000   clock source latency
     2    0.032467    0.610000    0.000000   29.650000 ^ clk (in)
                                                         clk (net)
                      0.618581    0.004290   29.654289 ^ wire3/A (sky130_fd_sc_hd__buf_4)
     3    0.035766    0.087169    0.140195   29.794485 ^ wire3/X (sky130_fd_sc_hd__buf_4)
                                                         net274 (net)
                      0.088187    0.007374   29.801857 ^ wire2/A (sky130_fd_sc_hd__buf_6)
     3    0.078960    0.121320    0.132683   29.934542 ^ wire2/X (sky130_fd_sc_hd__buf_6)
                                                         net273 (net)
                      0.127869    0.021782   29.956324 ^ wire1/A (sky130_fd_sc_hd__buf_6)
     3    0.081431    0.124079    0.139973   30.096296 ^ wire1/X (sky130_fd_sc_hd__buf_6)
                                                         net272 (net)
                      0.131229    0.022965   30.119261 ^ clkbuf_0_clk/A (sky130_fd_sc_hd__clkbuf_16)
     9    0.100467    0.090689    0.151349   30.270611 ^ clkbuf_0_clk/X (sky130_fd_sc_hd__clkbuf_16)
                                                         clknet_0_clk (net)
                      0.092507    0.010115   30.280725 ^ clkbuf_2_3__f_clk/A (sky130_fd_sc_hd__clkbuf_16)
    21    0.074593    0.070917    0.125766   30.406490 ^ clkbuf_2_3__f_clk/X (sky130_fd_sc_hd__clkbuf_16)
                                                         clknet_2_3__leaf_clk (net)
                      0.071751    0.005993   30.412483 ^ _146_/CLK (sky130_fd_sc_hd__dfrtp_2)
                                 -0.250000   30.162483   clock uncertainty
                                  0.000000   30.162483   clock reconvergence pessimism
                                  0.087425   30.249908   library recovery time
                                             30.249908   data required time
---------------------------------------------------------------------------------------------
                                             30.249908   data required time
                                            -18.690224   data arrival time
---------------------------------------------------------------------------------------------
                                             11.559685   slack (MET)


Startpoint: rst_n (input port clocked by clk)
Endpoint: _147_ (recovery check against rising-edge clock clk)
Path Group: asynchronous
Path Type: max

Fanout         Cap        Slew       Delay        Time   Description
---------------------------------------------------------------------------------------------
                                  0.000000    0.000000   clock clk (rise edge)
                                  5.570000    5.570000   clock network delay (propagated)
                                 12.500000   18.070000 ^ input external delay
     2    0.011630    0.000000    0.000000   18.070000 ^ rst_n (in)
                                                         rst_n (net)
                      0.000655    0.000327   18.070326 ^ input79/A (sky130_fd_sc_hd__buf_12)
     7    0.294404    0.096327    0.076334   18.146660 ^ input79/X (sky130_fd_sc_hd__buf_12)
                                                         net79 (net)
                      0.671637    0.328866   18.475525 ^ fanout267/A (sky130_fd_sc_hd__buf_6)
    33    0.152066    0.227308    0.177970   18.653496 ^ fanout267/X (sky130_fd_sc_hd__buf_6)
                                                         net267 (net)
                      0.242750    0.045519   18.699015 ^ _147_/RESET_B (sky130_fd_sc_hd__dfrtp_2)
                                             18.699015   data arrival time

                                 25.000000   25.000000   clock clk (rise edge)
                                  4.650000   29.650000   clock source latency
     2    0.032467    0.610000    0.000000   29.650000 ^ clk (in)
                                                         clk (net)
                      0.618581    0.004290   29.654289 ^ wire3/A (sky130_fd_sc_hd__buf_4)
     3    0.035766    0.087169    0.140195   29.794485 ^ wire3/X (sky130_fd_sc_hd__buf_4)
                                                         net274 (net)
                      0.088187    0.007374   29.801857 ^ wire2/A (sky130_fd_sc_hd__buf_6)
     3    0.078960    0.121320    0.132683   29.934542 ^ wire2/X (sky130_fd_sc_hd__buf_6)
                                                         net273 (net)
                      0.127869    0.021782   29.956324 ^ wire1/A (sky130_fd_sc_hd__buf_6)
     3    0.081431    0.124079    0.139973   30.096296 ^ wire1/X (sky130_fd_sc_hd__buf_6)
                                                         net272 (net)
                      0.131229    0.022965   30.119261 ^ clkbuf_0_clk/A (sky130_fd_sc_hd__clkbuf_16)
     9    0.100467    0.090689    0.151349   30.270611 ^ clkbuf_0_clk/X (sky130_fd_sc_hd__clkbuf_16)
                                                         clknet_0_clk (net)
                      0.092512    0.010129   30.280739 ^ clkbuf_2_2__f_clk/A (sky130_fd_sc_hd__clkbuf_16)
    17    0.093430    0.085225    0.137479   30.418219 ^ clkbuf_2_2__f_clk/X (sky130_fd_sc_hd__clkbuf_16)
                                                         clknet_2_2__leaf_clk (net)
                      0.087685    0.011337   30.429554 ^ _147_/CLK (sky130_fd_sc_hd__dfrtp_2)
                                 -0.250000   30.179554   clock uncertainty
                                  0.000000   30.179554   clock reconvergence pessimism
                                  0.088557   30.268112   library recovery time
                                             30.268112   data required time
---------------------------------------------------------------------------------------------
                                             30.268112   data required time
                                            -18.699015   data arrival time
---------------------------------------------------------------------------------------------
                                             11.569098   slack (MET)


Startpoint: rst_n (input port clocked by clk)
Endpoint: _145_ (recovery check against rising-edge clock clk)
Path Group: asynchronous
Path Type: max

Fanout         Cap        Slew       Delay        Time   Description
---------------------------------------------------------------------------------------------
                                  0.000000    0.000000   clock clk (rise edge)
                                  5.570000    5.570000   clock network delay (propagated)
                                 12.500000   18.070000 ^ input external delay
     2    0.011630    0.000000    0.000000   18.070000 ^ rst_n (in)
                                                         rst_n (net)
                      0.000655    0.000327   18.070326 ^ input79/A (sky130_fd_sc_hd__buf_12)
     7    0.294404    0.096327    0.076334   18.146660 ^ input79/X (sky130_fd_sc_hd__buf_12)
                                                         net79 (net)
                      0.671637    0.328866   18.475525 ^ fanout267/A (sky130_fd_sc_hd__buf_6)
    33    0.152066    0.227308    0.177970   18.653496 ^ fanout267/X (sky130_fd_sc_hd__buf_6)
                                                         net267 (net)
                      0.229689    0.019767   18.673262 ^ _145_/RESET_B (sky130_fd_sc_hd__dfrtp_2)
                                             18.673262   data arrival time

                                 25.000000   25.000000   clock clk (rise edge)
                                  4.650000   29.650000   clock source latency
     2    0.032467    0.610000    0.000000   29.650000 ^ clk (in)
                                                         clk (net)
                      0.618581    0.004290   29.654289 ^ wire3/A (sky130_fd_sc_hd__buf_4)
     3    0.035766    0.087169    0.140195   29.794485 ^ wire3/X (sky130_fd_sc_hd__buf_4)
                                                         net274 (net)
                      0.088187    0.007374   29.801857 ^ wire2/A (sky130_fd_sc_hd__buf_6)
     3    0.078960    0.121320    0.132683   29.934542 ^ wire2/X (sky130_fd_sc_hd__buf_6)
                                                         net273 (net)
                      0.127869    0.021782   29.956324 ^ wire1/A (sky130_fd_sc_hd__buf_6)
     3    0.081431    0.124079    0.139973   30.096296 ^ wire1/X (sky130_fd_sc_hd__buf_6)
                                                         net272 (net)
                      0.131229    0.022965   30.119261 ^ clkbuf_0_clk/A (sky130_fd_sc_hd__clkbuf_16)
     9    0.100467    0.090689    0.151349   30.270611 ^ clkbuf_0_clk/X (sky130_fd_sc_hd__clkbuf_16)
                                                         clknet_0_clk (net)
                      0.092512    0.010129   30.280739 ^ clkbuf_2_2__f_clk/A (sky130_fd_sc_hd__clkbuf_16)
    17    0.093430    0.085225    0.137479   30.418219 ^ clkbuf_2_2__f_clk/X (sky130_fd_sc_hd__clkbuf_16)
                                                         clknet_2_2__leaf_clk (net)
                      0.086395    0.007891   30.426109 ^ _145_/CLK (sky130_fd_sc_hd__dfrtp_2)
                                 -0.250000   30.176107   clock uncertainty
                                  0.000000   30.176107   clock reconvergence pessimism
                                  0.091664   30.267771   library recovery time
                                             30.267771   data required time
---------------------------------------------------------------------------------------------
                                             30.267771   data required time
                                            -18.673262   data arrival time
---------------------------------------------------------------------------------------------
                                             11.594509   slack (MET)


Startpoint: rst_n (input port clocked by clk)
Endpoint: _160_ (recovery check against rising-edge clock clk)
Path Group: asynchronous
Path Type: max

Fanout         Cap        Slew       Delay        Time   Description
---------------------------------------------------------------------------------------------
                                  0.000000    0.000000   clock clk (rise edge)
                                  5.570000    5.570000   clock network delay (propagated)
                                 12.500000   18.070000 ^ input external delay
     2    0.011630    0.000000    0.000000   18.070000 ^ rst_n (in)
                                                         rst_n (net)
                      0.000655    0.000327   18.070326 ^ input79/A (sky130_fd_sc_hd__buf_12)
     7    0.294404    0.096327    0.076334   18.146660 ^ input79/X (sky130_fd_sc_hd__buf_12)
                                                         net79 (net)
                      0.695233    0.342851   18.489511 ^ _160_/RESET_B (sky130_fd_sc_hd__dfrtp_4)
                                             18.489511   data arrival time

                                 25.000000   25.000000   clock clk (rise edge)
                                  4.650000   29.650000   clock source latency
     2    0.032467    0.610000    0.000000   29.650000 ^ clk (in)
                                                         clk (net)
                      0.618581    0.004290   29.654289 ^ wire3/A (sky130_fd_sc_hd__buf_4)
     3    0.035766    0.087169    0.140195   29.794485 ^ wire3/X (sky130_fd_sc_hd__buf_4)
                                                         net274 (net)
                      0.088187    0.007374   29.801857 ^ wire2/A (sky130_fd_sc_hd__buf_6)
     3    0.078960    0.121320    0.132683   29.934542 ^ wire2/X (sky130_fd_sc_hd__buf_6)
                                                         net273 (net)
                      0.127869    0.021782   29.956324 ^ wire1/A (sky130_fd_sc_hd__buf_6)
     3    0.081431    0.124079    0.139973   30.096296 ^ wire1/X (sky130_fd_sc_hd__buf_6)
                                                         net272 (net)
                      0.131229    0.022965   30.119261 ^ clkbuf_0_clk/A (sky130_fd_sc_hd__clkbuf_16)
     9    0.100467    0.090689    0.151349   30.270611 ^ clkbuf_0_clk/X (sky130_fd_sc_hd__clkbuf_16)
                                                         clknet_0_clk (net)
                      0.092507    0.010115   30.280725 ^ clkbuf_2_3__f_clk/A (sky130_fd_sc_hd__clkbuf_16)
    21    0.074593    0.070917    0.125766   30.406490 ^ clkbuf_2_3__f_clk/X (sky130_fd_sc_hd__clkbuf_16)
                                                         clknet_2_3__leaf_clk (net)
                      0.075714    0.014118   30.420609 ^ _160_/CLK (sky130_fd_sc_hd__dfrtp_4)
                                 -0.250000   30.170609   clock uncertainty
                                  0.000000   30.170609   clock reconvergence pessimism
                                 -0.083941   30.086668   library recovery time
                                             30.086668   data required time
---------------------------------------------------------------------------------------------
                                             30.086668   data required time
                                            -18.489511   data arrival time
---------------------------------------------------------------------------------------------
                                             11.597157   slack (MET)


Startpoint: rst_n (input port clocked by clk)
Endpoint: _131_ (recovery check against rising-edge clock clk)
Path Group: asynchronous
Path Type: max

Fanout         Cap        Slew       Delay        Time   Description
---------------------------------------------------------------------------------------------
                                  0.000000    0.000000   clock clk (rise edge)
                                  5.570000    5.570000   clock network delay (propagated)
                                 12.500000   18.070000 ^ input external delay
     2    0.011630    0.000000    0.000000   18.070000 ^ rst_n (in)
                                                         rst_n (net)
                      0.000655    0.000327   18.070326 ^ input79/A (sky130_fd_sc_hd__buf_12)
     7    0.294404    0.096327    0.076334   18.146660 ^ input79/X (sky130_fd_sc_hd__buf_12)
                                                         net79 (net)
                      0.601958    0.287649   18.434309 ^ fanout268/A (sky130_fd_sc_hd__buf_8)
    33    0.170404    0.210076    0.167352   18.601662 ^ fanout268/X (sky130_fd_sc_hd__buf_8)
                                                         net268 (net)
                      0.231892    0.051836   18.653498 ^ _131_/RESET_B (sky130_fd_sc_hd__dfrtp_4)
                                             18.653498   data arrival time

                                 25.000000   25.000000   clock clk (rise edge)
                                  4.650000   29.650000   clock source latency
     2    0.032467    0.610000    0.000000   29.650000 ^ clk (in)
                                                         clk (net)
                      0.618581    0.004290   29.654289 ^ wire3/A (sky130_fd_sc_hd__buf_4)
     3    0.035766    0.087169    0.140195   29.794485 ^ wire3/X (sky130_fd_sc_hd__buf_4)
                                                         net274 (net)
                      0.088187    0.007374   29.801857 ^ wire2/A (sky130_fd_sc_hd__buf_6)
     3    0.078960    0.121320    0.132683   29.934542 ^ wire2/X (sky130_fd_sc_hd__buf_6)
                                                         net273 (net)
                      0.127869    0.021782   29.956324 ^ wire1/A (sky130_fd_sc_hd__buf_6)
     3    0.081431    0.124079    0.139973   30.096296 ^ wire1/X (sky130_fd_sc_hd__buf_6)
                                                         net272 (net)
                      0.131229    0.022965   30.119261 ^ clkbuf_0_clk/A (sky130_fd_sc_hd__clkbuf_16)
     9    0.100467    0.090689    0.151349   30.270611 ^ clkbuf_0_clk/X (sky130_fd_sc_hd__clkbuf_16)
                                                         clknet_0_clk (net)
                      0.093063    0.011553   30.282164 ^ clkbuf_2_1__f_clk/A (sky130_fd_sc_hd__clkbuf_16)
    21    0.085235    0.079041    0.130346   30.412508 ^ clkbuf_2_1__f_clk/X (sky130_fd_sc_hd__clkbuf_16)
                                                         clknet_2_1__leaf_clk (net)
                      0.086421    0.018620   30.431129 ^ _131_/CLK (sky130_fd_sc_hd__dfrtp_4)
                                 -0.250000   30.181128   clock uncertainty
                                  0.000000   30.181128   clock reconvergence pessimism
                                  0.076708   30.257833   library recovery time
                                             30.257833   data required time
---------------------------------------------------------------------------------------------
                                             30.257833   data required time
                                            -18.653498   data arrival time
---------------------------------------------------------------------------------------------
                                             11.604338   slack (MET)


Startpoint: rst_n (input port clocked by clk)
Endpoint: _132_ (recovery check against rising-edge clock clk)
Path Group: asynchronous
Path Type: max

Fanout         Cap        Slew       Delay        Time   Description
---------------------------------------------------------------------------------------------
                                  0.000000    0.000000   clock clk (rise edge)
                                  5.570000    5.570000   clock network delay (propagated)
                                 12.500000   18.070000 ^ input external delay
     2    0.011630    0.000000    0.000000   18.070000 ^ rst_n (in)
                                                         rst_n (net)
                      0.000655    0.000327   18.070326 ^ input79/A (sky130_fd_sc_hd__buf_12)
     7    0.294404    0.096327    0.076334   18.146660 ^ input79/X (sky130_fd_sc_hd__buf_12)
                                                         net79 (net)
                      0.601958    0.287649   18.434309 ^ fanout268/A (sky130_fd_sc_hd__buf_8)
    33    0.170404    0.210076    0.167352   18.601662 ^ fanout268/X (sky130_fd_sc_hd__buf_8)
                                                         net268 (net)
                      0.231827    0.051758   18.653419 ^ _132_/RESET_B (sky130_fd_sc_hd__dfrtp_4)
                                             18.653419   data arrival time

                                 25.000000   25.000000   clock clk (rise edge)
                                  4.650000   29.650000   clock source latency
     2    0.032467    0.610000    0.000000   29.650000 ^ clk (in)
                                                         clk (net)
                      0.618581    0.004290   29.654289 ^ wire3/A (sky130_fd_sc_hd__buf_4)
     3    0.035766    0.087169    0.140195   29.794485 ^ wire3/X (sky130_fd_sc_hd__buf_4)
                                                         net274 (net)
                      0.088187    0.007374   29.801857 ^ wire2/A (sky130_fd_sc_hd__buf_6)
     3    0.078960    0.121320    0.132683   29.934542 ^ wire2/X (sky130_fd_sc_hd__buf_6)
                                                         net273 (net)
                      0.127869    0.021782   29.956324 ^ wire1/A (sky130_fd_sc_hd__buf_6)
     3    0.081431    0.124079    0.139973   30.096296 ^ wire1/X (sky130_fd_sc_hd__buf_6)
                                                         net272 (net)
                      0.131229    0.022965   30.119261 ^ clkbuf_0_clk/A (sky130_fd_sc_hd__clkbuf_16)
     9    0.100467    0.090689    0.151349   30.270611 ^ clkbuf_0_clk/X (sky130_fd_sc_hd__clkbuf_16)
                                                         clknet_0_clk (net)
                      0.093063    0.011553   30.282164 ^ clkbuf_2_1__f_clk/A (sky130_fd_sc_hd__clkbuf_16)
    21    0.085235    0.079041    0.130346   30.412508 ^ clkbuf_2_1__f_clk/X (sky130_fd_sc_hd__clkbuf_16)
                                                         clknet_2_1__leaf_clk (net)
                      0.086531    0.018762   30.431271 ^ _132_/CLK (sky130_fd_sc_hd__dfrtp_4)
                                 -0.250000   30.181271   clock uncertainty
                                  0.000000   30.181271   clock reconvergence pessimism
                                  0.076746   30.258015   library recovery time
                                             30.258015   data required time
---------------------------------------------------------------------------------------------
                                             30.258015   data required time
                                            -18.653419   data arrival time
---------------------------------------------------------------------------------------------
                                             11.604597   slack (MET)


Startpoint: rst_n (input port clocked by clk)
Endpoint: _133_ (recovery check against rising-edge clock clk)
Path Group: asynchronous
Path Type: max

Fanout         Cap        Slew       Delay        Time   Description
---------------------------------------------------------------------------------------------
                                  0.000000    0.000000   clock clk (rise edge)
                                  5.570000    5.570000   clock network delay (propagated)
                                 12.500000   18.070000 ^ input external delay
     2    0.011630    0.000000    0.000000   18.070000 ^ rst_n (in)
                                                         rst_n (net)
                      0.000655    0.000327   18.070326 ^ input79/A (sky130_fd_sc_hd__buf_12)
     7    0.294404    0.096327    0.076334   18.146660 ^ input79/X (sky130_fd_sc_hd__buf_12)
                                                         net79 (net)
                      0.601958    0.287649   18.434309 ^ fanout268/A (sky130_fd_sc_hd__buf_8)
    33    0.170404    0.210076    0.167352   18.601662 ^ fanout268/X (sky130_fd_sc_hd__buf_8)
                                                         net268 (net)
                      0.231830    0.051761   18.653423 ^ _133_/RESET_B (sky130_fd_sc_hd__dfrtp_4)
                                             18.653423   data arrival time

                                 25.000000   25.000000   clock clk (rise edge)
                                  4.650000   29.650000   clock source latency
     2    0.032467    0.610000    0.000000   29.650000 ^ clk (in)
                                                         clk (net)
                      0.618581    0.004290   29.654289 ^ wire3/A (sky130_fd_sc_hd__buf_4)
     3    0.035766    0.087169    0.140195   29.794485 ^ wire3/X (sky130_fd_sc_hd__buf_4)
                                                         net274 (net)
                      0.088187    0.007374   29.801857 ^ wire2/A (sky130_fd_sc_hd__buf_6)
     3    0.078960    0.121320    0.132683   29.934542 ^ wire2/X (sky130_fd_sc_hd__buf_6)
                                                         net273 (net)
                      0.127869    0.021782   29.956324 ^ wire1/A (sky130_fd_sc_hd__buf_6)
     3    0.081431    0.124079    0.139973   30.096296 ^ wire1/X (sky130_fd_sc_hd__buf_6)
                                                         net272 (net)
                      0.131229    0.022965   30.119261 ^ clkbuf_0_clk/A (sky130_fd_sc_hd__clkbuf_16)
     9    0.100467    0.090689    0.151349   30.270611 ^ clkbuf_0_clk/X (sky130_fd_sc_hd__clkbuf_16)
                                                         clknet_0_clk (net)
                      0.093063    0.011553   30.282164 ^ clkbuf_2_1__f_clk/A (sky130_fd_sc_hd__clkbuf_16)
    21    0.085235    0.079041    0.130346   30.412508 ^ clkbuf_2_1__f_clk/X (sky130_fd_sc_hd__clkbuf_16)
                                                         clknet_2_1__leaf_clk (net)
                      0.086674    0.018950   30.431459 ^ _133_/CLK (sky130_fd_sc_hd__dfrtp_4)
                                 -0.250000   30.181458   clock uncertainty
                                  0.000000   30.181458   clock reconvergence pessimism
                                  0.076768   30.258224   library recovery time
                                             30.258224   data required time
---------------------------------------------------------------------------------------------
                                             30.258224   data required time
                                            -18.653423   data arrival time
---------------------------------------------------------------------------------------------
                                             11.604803   slack (MET)


Startpoint: rst_n (input port clocked by clk)
Endpoint: _130_ (recovery check against rising-edge clock clk)
Path Group: asynchronous
Path Type: max

Fanout         Cap        Slew       Delay        Time   Description
---------------------------------------------------------------------------------------------
                                  0.000000    0.000000   clock clk (rise edge)
                                  5.570000    5.570000   clock network delay (propagated)
                                 12.500000   18.070000 ^ input external delay
     2    0.011630    0.000000    0.000000   18.070000 ^ rst_n (in)
                                                         rst_n (net)
                      0.000655    0.000327   18.070326 ^ input79/A (sky130_fd_sc_hd__buf_12)
     7    0.294404    0.096327    0.076334   18.146660 ^ input79/X (sky130_fd_sc_hd__buf_12)
                                                         net79 (net)
                      0.601958    0.287649   18.434309 ^ fanout268/A (sky130_fd_sc_hd__buf_8)
    33    0.170404    0.210076    0.167352   18.601662 ^ fanout268/X (sky130_fd_sc_hd__buf_8)
                                                         net268 (net)
                      0.231386    0.051230   18.652891 ^ _130_/RESET_B (sky130_fd_sc_hd__dfrtp_4)
                                             18.652891   data arrival time

                                 25.000000   25.000000   clock clk (rise edge)
                                  4.650000   29.650000   clock source latency
     2    0.032467    0.610000    0.000000   29.650000 ^ clk (in)
                                                         clk (net)
                      0.618581    0.004290   29.654289 ^ wire3/A (sky130_fd_sc_hd__buf_4)
     3    0.035766    0.087169    0.140195   29.794485 ^ wire3/X (sky130_fd_sc_hd__buf_4)
                                                         net274 (net)
                      0.088187    0.007374   29.801857 ^ wire2/A (sky130_fd_sc_hd__buf_6)
     3    0.078960    0.121320    0.132683   29.934542 ^ wire2/X (sky130_fd_sc_hd__buf_6)
                                                         net273 (net)
                      0.127869    0.021782   29.956324 ^ wire1/A (sky130_fd_sc_hd__buf_6)
     3    0.081431    0.124079    0.139973   30.096296 ^ wire1/X (sky130_fd_sc_hd__buf_6)
                                                         net272 (net)
                      0.131229    0.022965   30.119261 ^ clkbuf_0_clk/A (sky130_fd_sc_hd__clkbuf_16)
     9    0.100467    0.090689    0.151349   30.270611 ^ clkbuf_0_clk/X (sky130_fd_sc_hd__clkbuf_16)
                                                         clknet_0_clk (net)
                      0.093063    0.011553   30.282164 ^ clkbuf_2_1__f_clk/A (sky130_fd_sc_hd__clkbuf_16)
    21    0.085235    0.079041    0.130346   30.412508 ^ clkbuf_2_1__f_clk/X (sky130_fd_sc_hd__clkbuf_16)
                                                         clknet_2_1__leaf_clk (net)
                      0.086432    0.018634   30.431143 ^ _130_/CLK (sky130_fd_sc_hd__dfrtp_4)
                                 -0.250000   30.181143   clock uncertainty
                                  0.000000   30.181143   clock reconvergence pessimism
                                  0.076868   30.258009   library recovery time
                                             30.258009   data required time
---------------------------------------------------------------------------------------------
                                             30.258009   data required time
                                            -18.652891   data arrival time
---------------------------------------------------------------------------------------------
                                             11.605117   slack (MET)


Startpoint: rst_n (input port clocked by clk)
Endpoint: _134_ (recovery check against rising-edge clock clk)
Path Group: asynchronous
Path Type: max

Fanout         Cap        Slew       Delay        Time   Description
---------------------------------------------------------------------------------------------
                                  0.000000    0.000000   clock clk (rise edge)
                                  5.570000    5.570000   clock network delay (propagated)
                                 12.500000   18.070000 ^ input external delay
     2    0.011630    0.000000    0.000000   18.070000 ^ rst_n (in)
                                                         rst_n (net)
                      0.000655    0.000327   18.070326 ^ input79/A (sky130_fd_sc_hd__buf_12)
     7    0.294404    0.096327    0.076334   18.146660 ^ input79/X (sky130_fd_sc_hd__buf_12)
                                                         net79 (net)
                      0.601958    0.287649   18.434309 ^ fanout268/A (sky130_fd_sc_hd__buf_8)
    33    0.170404    0.210076    0.167352   18.601662 ^ fanout268/X (sky130_fd_sc_hd__buf_8)
                                                         net268 (net)
                      0.232020    0.051987   18.653648 ^ _134_/RESET_B (sky130_fd_sc_hd__dfrtp_4)
                                             18.653648   data arrival time

                                 25.000000   25.000000   clock clk (rise edge)
                                  4.650000   29.650000   clock source latency
     2    0.032467    0.610000    0.000000   29.650000 ^ clk (in)
                                                         clk (net)
                      0.618581    0.004290   29.654289 ^ wire3/A (sky130_fd_sc_hd__buf_4)
     3    0.035766    0.087169    0.140195   29.794485 ^ wire3/X (sky130_fd_sc_hd__buf_4)
                                                         net274 (net)
                      0.088187    0.007374   29.801857 ^ wire2/A (sky130_fd_sc_hd__buf_6)
     3    0.078960    0.121320    0.132683   29.934542 ^ wire2/X (sky130_fd_sc_hd__buf_6)
                                                         net273 (net)
                      0.127869    0.021782   29.956324 ^ wire1/A (sky130_fd_sc_hd__buf_6)
     3    0.081431    0.124079    0.139973   30.096296 ^ wire1/X (sky130_fd_sc_hd__buf_6)
                                                         net272 (net)
                      0.131229    0.022965   30.119261 ^ clkbuf_0_clk/A (sky130_fd_sc_hd__clkbuf_16)
     9    0.100467    0.090689    0.151349   30.270611 ^ clkbuf_0_clk/X (sky130_fd_sc_hd__clkbuf_16)
                                                         clknet_0_clk (net)
                      0.093184    0.011845   30.282455 ^ clkbuf_2_0__f_clk/A (sky130_fd_sc_hd__clkbuf_16)
    17    0.092169    0.084339    0.136204   30.418659 ^ clkbuf_2_0__f_clk/X (sky130_fd_sc_hd__clkbuf_16)
                                                         clknet_2_0__leaf_clk (net)
                      0.089127    0.015692   30.434351 ^ _134_/CLK (sky130_fd_sc_hd__dfrtp_4)
                                 -0.250000   30.184351   clock uncertainty
                                  0.000000   30.184351   clock reconvergence pessimism
                                  0.077109   30.261457   library recovery time
                                             30.261457   data required time
---------------------------------------------------------------------------------------------
                                             30.261457   data required time
                                            -18.653648   data arrival time
---------------------------------------------------------------------------------------------
                                             11.607810   slack (MET)


Startpoint: rst_n (input port clocked by clk)
Endpoint: _144_ (recovery check against rising-edge clock clk)
Path Group: asynchronous
Path Type: max

Fanout         Cap        Slew       Delay        Time   Description
---------------------------------------------------------------------------------------------
                                  0.000000    0.000000   clock clk (rise edge)
                                  5.570000    5.570000   clock network delay (propagated)
                                 12.500000   18.070000 ^ input external delay
     2    0.011630    0.000000    0.000000   18.070000 ^ rst_n (in)
                                                         rst_n (net)
                      0.000655    0.000327   18.070326 ^ input79/A (sky130_fd_sc_hd__buf_12)
     7    0.294404    0.096327    0.076334   18.146660 ^ input79/X (sky130_fd_sc_hd__buf_12)
                                                         net79 (net)
                      0.671637    0.328866   18.475525 ^ fanout267/A (sky130_fd_sc_hd__buf_6)
    33    0.152066    0.227308    0.177970   18.653496 ^ fanout267/X (sky130_fd_sc_hd__buf_6)
                                                         net267 (net)
                      0.227562    0.006981   18.660477 ^ _144_/RESET_B (sky130_fd_sc_hd__dfrtp_2)
                                             18.660477   data arrival time

                                 25.000000   25.000000   clock clk (rise edge)
                                  4.650000   29.650000   clock source latency
     2    0.032467    0.610000    0.000000   29.650000 ^ clk (in)
                                                         clk (net)
                      0.618581    0.004290   29.654289 ^ wire3/A (sky130_fd_sc_hd__buf_4)
     3    0.035766    0.087169    0.140195   29.794485 ^ wire3/X (sky130_fd_sc_hd__buf_4)
                                                         net274 (net)
                      0.088187    0.007374   29.801857 ^ wire2/A (sky130_fd_sc_hd__buf_6)
     3    0.078960    0.121320    0.132683   29.934542 ^ wire2/X (sky130_fd_sc_hd__buf_6)
                                                         net273 (net)
                      0.127869    0.021782   29.956324 ^ wire1/A (sky130_fd_sc_hd__buf_6)
     3    0.081431    0.124079    0.139973   30.096296 ^ wire1/X (sky130_fd_sc_hd__buf_6)
                                                         net272 (net)
                      0.131229    0.022965   30.119261 ^ clkbuf_0_clk/A (sky130_fd_sc_hd__clkbuf_16)
     9    0.100467    0.090689    0.151349   30.270611 ^ clkbuf_0_clk/X (sky130_fd_sc_hd__clkbuf_16)
                                                         clknet_0_clk (net)
                      0.092512    0.010129   30.280739 ^ clkbuf_2_2__f_clk/A (sky130_fd_sc_hd__clkbuf_16)
    17    0.093430    0.085225    0.137479   30.418219 ^ clkbuf_2_2__f_clk/X (sky130_fd_sc_hd__clkbuf_16)
                                                         clknet_2_2__leaf_clk (net)
                      0.086876    0.009315   30.427534 ^ _144_/CLK (sky130_fd_sc_hd__dfrtp_2)
                                 -0.250000   30.177532   clock uncertainty
                                  0.000000   30.177532   clock reconvergence pessimism
                                  0.092282   30.269814   library recovery time
                                             30.269814   data required time
---------------------------------------------------------------------------------------------
                                             30.269814   data required time
                                            -18.660477   data arrival time
---------------------------------------------------------------------------------------------
                                             11.609338   slack (MET)


Startpoint: rst_n (input port clocked by clk)
Endpoint: _138_ (recovery check against rising-edge clock clk)
Path Group: asynchronous
Path Type: max

Fanout         Cap        Slew       Delay        Time   Description
---------------------------------------------------------------------------------------------
                                  0.000000    0.000000   clock clk (rise edge)
                                  5.570000    5.570000   clock network delay (propagated)
                                 12.500000   18.070000 ^ input external delay
     2    0.011630    0.000000    0.000000   18.070000 ^ rst_n (in)
                                                         rst_n (net)
                      0.000655    0.000327   18.070326 ^ input79/A (sky130_fd_sc_hd__buf_12)
     7    0.294404    0.096327    0.076334   18.146660 ^ input79/X (sky130_fd_sc_hd__buf_12)
                                                         net79 (net)
                      0.601958    0.287649   18.434309 ^ fanout268/A (sky130_fd_sc_hd__buf_8)
    33    0.170404    0.210076    0.167352   18.601662 ^ fanout268/X (sky130_fd_sc_hd__buf_8)
                                                         net268 (net)
                      0.227173    0.045986   18.647648 ^ _138_/RESET_B (sky130_fd_sc_hd__dfrtp_4)
                                             18.647648   data arrival time

                                 25.000000   25.000000   clock clk (rise edge)
                                  4.650000   29.650000   clock source latency
     2    0.032467    0.610000    0.000000   29.650000 ^ clk (in)
                                                         clk (net)
                      0.618581    0.004290   29.654289 ^ wire3/A (sky130_fd_sc_hd__buf_4)
     3    0.035766    0.087169    0.140195   29.794485 ^ wire3/X (sky130_fd_sc_hd__buf_4)
                                                         net274 (net)
                      0.088187    0.007374   29.801857 ^ wire2/A (sky130_fd_sc_hd__buf_6)
     3    0.078960    0.121320    0.132683   29.934542 ^ wire2/X (sky130_fd_sc_hd__buf_6)
                                                         net273 (net)
                      0.127869    0.021782   29.956324 ^ wire1/A (sky130_fd_sc_hd__buf_6)
     3    0.081431    0.124079    0.139973   30.096296 ^ wire1/X (sky130_fd_sc_hd__buf_6)
                                                         net272 (net)
                      0.131229    0.022965   30.119261 ^ clkbuf_0_clk/A (sky130_fd_sc_hd__clkbuf_16)
     9    0.100467    0.090689    0.151349   30.270611 ^ clkbuf_0_clk/X (sky130_fd_sc_hd__clkbuf_16)
                                                         clknet_0_clk (net)
                      0.093063    0.011553   30.282164 ^ clkbuf_2_1__f_clk/A (sky130_fd_sc_hd__clkbuf_16)
    21    0.085235    0.079041    0.130346   30.412508 ^ clkbuf_2_1__f_clk/X (sky130_fd_sc_hd__clkbuf_16)
                                                         clknet_2_1__leaf_clk (net)
                      0.085478    0.017344   30.429853 ^ _138_/CLK (sky130_fd_sc_hd__dfrtp_4)
                                 -0.250000   30.179852   clock uncertainty
                                  0.000000   30.179852   clock reconvergence pessimism
                                  0.078033   30.257885   library recovery time
                                             30.257885   data required time
---------------------------------------------------------------------------------------------
                                             30.257885   data required time
                                            -18.647648   data arrival time
---------------------------------------------------------------------------------------------
                                             11.610237   slack (MET)


Startpoint: rst_n (input port clocked by clk)
Endpoint: _136_ (recovery check against rising-edge clock clk)
Path Group: asynchronous
Path Type: max

Fanout         Cap        Slew       Delay        Time   Description
---------------------------------------------------------------------------------------------
                                  0.000000    0.000000   clock clk (rise edge)
                                  5.570000    5.570000   clock network delay (propagated)
                                 12.500000   18.070000 ^ input external delay
     2    0.011630    0.000000    0.000000   18.070000 ^ rst_n (in)
                                                         rst_n (net)
                      0.000655    0.000327   18.070326 ^ input79/A (sky130_fd_sc_hd__buf_12)
     7    0.294404    0.096327    0.076334   18.146660 ^ input79/X (sky130_fd_sc_hd__buf_12)
                                                         net79 (net)
                      0.601958    0.287649   18.434309 ^ fanout268/A (sky130_fd_sc_hd__buf_8)
    33    0.170404    0.210076    0.167352   18.601662 ^ fanout268/X (sky130_fd_sc_hd__buf_8)
                                                         net268 (net)
                      0.230186    0.049784   18.651445 ^ _136_/RESET_B (sky130_fd_sc_hd__dfrtp_4)
                                             18.651445   data arrival time

                                 25.000000   25.000000   clock clk (rise edge)
                                  4.650000   29.650000   clock source latency
     2    0.032467    0.610000    0.000000   29.650000 ^ clk (in)
                                                         clk (net)
                      0.618581    0.004290   29.654289 ^ wire3/A (sky130_fd_sc_hd__buf_4)
     3    0.035766    0.087169    0.140195   29.794485 ^ wire3/X (sky130_fd_sc_hd__buf_4)
                                                         net274 (net)
                      0.088187    0.007374   29.801857 ^ wire2/A (sky130_fd_sc_hd__buf_6)
     3    0.078960    0.121320    0.132683   29.934542 ^ wire2/X (sky130_fd_sc_hd__buf_6)
                                                         net273 (net)
                      0.127869    0.021782   29.956324 ^ wire1/A (sky130_fd_sc_hd__buf_6)
     3    0.081431    0.124079    0.139973   30.096296 ^ wire1/X (sky130_fd_sc_hd__buf_6)
                                                         net272 (net)
                      0.131229    0.022965   30.119261 ^ clkbuf_0_clk/A (sky130_fd_sc_hd__clkbuf_16)
     9    0.100467    0.090689    0.151349   30.270611 ^ clkbuf_0_clk/X (sky130_fd_sc_hd__clkbuf_16)
                                                         clknet_0_clk (net)
                      0.093184    0.011845   30.282455 ^ clkbuf_2_0__f_clk/A (sky130_fd_sc_hd__clkbuf_16)
    17    0.092169    0.084339    0.136204   30.418659 ^ clkbuf_2_0__f_clk/X (sky130_fd_sc_hd__clkbuf_16)
                                                         clknet_2_0__leaf_clk (net)
                      0.089058    0.015575   30.434235 ^ _136_/CLK (sky130_fd_sc_hd__dfrtp_4)
                                 -0.250000   30.184233   clock uncertainty
                                  0.000000   30.184233   clock reconvergence pessimism
                                  0.077672   30.261906   library recovery time
                                             30.261906   data required time
---------------------------------------------------------------------------------------------
                                             30.261906   data required time
                                            -18.651445   data arrival time
---------------------------------------------------------------------------------------------
                                             11.610460   slack (MET)


Startpoint: rst_n (input port clocked by clk)
Endpoint: _129_ (recovery check against rising-edge clock clk)
Path Group: asynchronous
Path Type: max

Fanout         Cap        Slew       Delay        Time   Description
---------------------------------------------------------------------------------------------
                                  0.000000    0.000000   clock clk (rise edge)
                                  5.570000    5.570000   clock network delay (propagated)
                                 12.500000   18.070000 ^ input external delay
     2    0.011630    0.000000    0.000000   18.070000 ^ rst_n (in)
                                                         rst_n (net)
                      0.000655    0.000327   18.070326 ^ input79/A (sky130_fd_sc_hd__buf_12)
     7    0.294404    0.096327    0.076334   18.146660 ^ input79/X (sky130_fd_sc_hd__buf_12)
                                                         net79 (net)
                      0.601958    0.287649   18.434309 ^ fanout268/A (sky130_fd_sc_hd__buf_8)
    33    0.170404    0.210076    0.167352   18.601662 ^ fanout268/X (sky130_fd_sc_hd__buf_8)
                                                         net268 (net)
                      0.225358    0.043558   18.645220 ^ _129_/RESET_B (sky130_fd_sc_hd__dfrtp_4)
                                             18.645220   data arrival time

                                 25.000000   25.000000   clock clk (rise edge)
                                  4.650000   29.650000   clock source latency
     2    0.032467    0.610000    0.000000   29.650000 ^ clk (in)
                                                         clk (net)
                      0.618581    0.004290   29.654289 ^ wire3/A (sky130_fd_sc_hd__buf_4)
     3    0.035766    0.087169    0.140195   29.794485 ^ wire3/X (sky130_fd_sc_hd__buf_4)
                                                         net274 (net)
                      0.088187    0.007374   29.801857 ^ wire2/A (sky130_fd_sc_hd__buf_6)
     3    0.078960    0.121320    0.132683   29.934542 ^ wire2/X (sky130_fd_sc_hd__buf_6)
                                                         net273 (net)
                      0.127869    0.021782   29.956324 ^ wire1/A (sky130_fd_sc_hd__buf_6)
     3    0.081431    0.124079    0.139973   30.096296 ^ wire1/X (sky130_fd_sc_hd__buf_6)
                                                         net272 (net)
                      0.131229    0.022965   30.119261 ^ clkbuf_0_clk/A (sky130_fd_sc_hd__clkbuf_16)
     9    0.100467    0.090689    0.151349   30.270611 ^ clkbuf_0_clk/X (sky130_fd_sc_hd__clkbuf_16)
                                                         clknet_0_clk (net)
                      0.093063    0.011553   30.282164 ^ clkbuf_2_1__f_clk/A (sky130_fd_sc_hd__clkbuf_16)
    21    0.085235    0.079041    0.130346   30.412508 ^ clkbuf_2_1__f_clk/X (sky130_fd_sc_hd__clkbuf_16)
                                                         clknet_2_1__leaf_clk (net)
                      0.084558    0.016023   30.428532 ^ _129_/CLK (sky130_fd_sc_hd__dfrtp_4)
                                 -0.250000   30.178532   clock uncertainty
                                  0.000000   30.178532   clock reconvergence pessimism
                                  0.078452   30.256981   library recovery time
                                             30.256981   data required time
---------------------------------------------------------------------------------------------
                                             30.256981   data required time
                                            -18.645220   data arrival time
---------------------------------------------------------------------------------------------
                                             11.611763   slack (MET)


Startpoint: rst_n (input port clocked by clk)
Endpoint: _137_ (recovery check against rising-edge clock clk)
Path Group: asynchronous
Path Type: max

Fanout         Cap        Slew       Delay        Time   Description
---------------------------------------------------------------------------------------------
                                  0.000000    0.000000   clock clk (rise edge)
                                  5.570000    5.570000   clock network delay (propagated)
                                 12.500000   18.070000 ^ input external delay
     2    0.011630    0.000000    0.000000   18.070000 ^ rst_n (in)
                                                         rst_n (net)
                      0.000655    0.000327   18.070326 ^ input79/A (sky130_fd_sc_hd__buf_12)
     7    0.294404    0.096327    0.076334   18.146660 ^ input79/X (sky130_fd_sc_hd__buf_12)
                                                         net79 (net)
                      0.601958    0.287649   18.434309 ^ fanout268/A (sky130_fd_sc_hd__buf_8)
    33    0.170404    0.210076    0.167352   18.601662 ^ fanout268/X (sky130_fd_sc_hd__buf_8)
                                                         net268 (net)
                      0.228676    0.047914   18.649574 ^ _137_/RESET_B (sky130_fd_sc_hd__dfrtp_4)
                                             18.649574   data arrival time

                                 25.000000   25.000000   clock clk (rise edge)
                                  4.650000   29.650000   clock source latency
     2    0.032467    0.610000    0.000000   29.650000 ^ clk (in)
                                                         clk (net)
                      0.618581    0.004290   29.654289 ^ wire3/A (sky130_fd_sc_hd__buf_4)
     3    0.035766    0.087169    0.140195   29.794485 ^ wire3/X (sky130_fd_sc_hd__buf_4)
                                                         net274 (net)
                      0.088187    0.007374   29.801857 ^ wire2/A (sky130_fd_sc_hd__buf_6)
     3    0.078960    0.121320    0.132683   29.934542 ^ wire2/X (sky130_fd_sc_hd__buf_6)
                                                         net273 (net)
                      0.127869    0.021782   29.956324 ^ wire1/A (sky130_fd_sc_hd__buf_6)
     3    0.081431    0.124079    0.139973   30.096296 ^ wire1/X (sky130_fd_sc_hd__buf_6)
                                                         net272 (net)
                      0.131229    0.022965   30.119261 ^ clkbuf_0_clk/A (sky130_fd_sc_hd__clkbuf_16)
     9    0.100467    0.090689    0.151349   30.270611 ^ clkbuf_0_clk/X (sky130_fd_sc_hd__clkbuf_16)
                                                         clknet_0_clk (net)
                      0.093184    0.011845   30.282455 ^ clkbuf_2_0__f_clk/A (sky130_fd_sc_hd__clkbuf_16)
    17    0.092169    0.084339    0.136204   30.418659 ^ clkbuf_2_0__f_clk/X (sky130_fd_sc_hd__clkbuf_16)
                                                         clknet_2_0__leaf_clk (net)
                      0.088875    0.015266   30.433926 ^ _137_/CLK (sky130_fd_sc_hd__dfrtp_4)
                                 -0.250000   30.183924   clock uncertainty
                                  0.000000   30.183924   clock reconvergence pessimism
                                  0.078115   30.262037   library recovery time
                                             30.262037   data required time
---------------------------------------------------------------------------------------------
                                             30.262037   data required time
                                            -18.649574   data arrival time
---------------------------------------------------------------------------------------------
                                             11.612462   slack (MET)


Startpoint: rst_n (input port clocked by clk)
Endpoint: _139_ (recovery check against rising-edge clock clk)
Path Group: asynchronous
Path Type: max

Fanout         Cap        Slew       Delay        Time   Description
---------------------------------------------------------------------------------------------
                                  0.000000    0.000000   clock clk (rise edge)
                                  5.570000    5.570000   clock network delay (propagated)
                                 12.500000   18.070000 ^ input external delay
     2    0.011630    0.000000    0.000000   18.070000 ^ rst_n (in)
                                                         rst_n (net)
                      0.000655    0.000327   18.070326 ^ input79/A (sky130_fd_sc_hd__buf_12)
     7    0.294404    0.096327    0.076334   18.146660 ^ input79/X (sky130_fd_sc_hd__buf_12)
                                                         net79 (net)
                      0.601958    0.287649   18.434309 ^ fanout268/A (sky130_fd_sc_hd__buf_8)
    33    0.170404    0.210076    0.167352   18.601662 ^ fanout268/X (sky130_fd_sc_hd__buf_8)
                                                         net268 (net)
                      0.221772    0.038359   18.640020 ^ _139_/RESET_B (sky130_fd_sc_hd__dfrtp_4)
                                             18.640020   data arrival time

                                 25.000000   25.000000   clock clk (rise edge)
                                  4.650000   29.650000   clock source latency
     2    0.032467    0.610000    0.000000   29.650000 ^ clk (in)
                                                         clk (net)
                      0.618581    0.004290   29.654289 ^ wire3/A (sky130_fd_sc_hd__buf_4)
     3    0.035766    0.087169    0.140195   29.794485 ^ wire3/X (sky130_fd_sc_hd__buf_4)
                                                         net274 (net)
                      0.088187    0.007374   29.801857 ^ wire2/A (sky130_fd_sc_hd__buf_6)
     3    0.078960    0.121320    0.132683   29.934542 ^ wire2/X (sky130_fd_sc_hd__buf_6)
                                                         net273 (net)
                      0.127869    0.021782   29.956324 ^ wire1/A (sky130_fd_sc_hd__buf_6)
     3    0.081431    0.124079    0.139973   30.096296 ^ wire1/X (sky130_fd_sc_hd__buf_6)
                                                         net272 (net)
                      0.131229    0.022965   30.119261 ^ clkbuf_0_clk/A (sky130_fd_sc_hd__clkbuf_16)
     9    0.100467    0.090689    0.151349   30.270611 ^ clkbuf_0_clk/X (sky130_fd_sc_hd__clkbuf_16)
                                                         clknet_0_clk (net)
                      0.093063    0.011553   30.282164 ^ clkbuf_2_1__f_clk/A (sky130_fd_sc_hd__clkbuf_16)
    21    0.085235    0.079041    0.130346   30.412508 ^ clkbuf_2_1__f_clk/X (sky130_fd_sc_hd__clkbuf_16)
                                                         clknet_2_1__leaf_clk (net)
                      0.084424    0.015820   30.428329 ^ _139_/CLK (sky130_fd_sc_hd__dfrtp_4)
                                 -0.250000   30.178328   clock uncertainty
                                  0.000000   30.178328   clock reconvergence pessimism
                                  0.079554   30.257881   library recovery time
                                             30.257881   data required time
---------------------------------------------------------------------------------------------
                                             30.257881   data required time
                                            -18.640020   data arrival time
---------------------------------------------------------------------------------------------
                                             11.617861   slack (MET)


Startpoint: rst_n (input port clocked by clk)
Endpoint: _135_ (recovery check against rising-edge clock clk)
Path Group: asynchronous
Path Type: max

Fanout         Cap        Slew       Delay        Time   Description
---------------------------------------------------------------------------------------------
                                  0.000000    0.000000   clock clk (rise edge)
                                  5.570000    5.570000   clock network delay (propagated)
                                 12.500000   18.070000 ^ input external delay
     2    0.011630    0.000000    0.000000   18.070000 ^ rst_n (in)
                                                         rst_n (net)
                      0.000655    0.000327   18.070326 ^ input79/A (sky130_fd_sc_hd__buf_12)
     7    0.294404    0.096327    0.076334   18.146660 ^ input79/X (sky130_fd_sc_hd__buf_12)
                                                         net79 (net)
                      0.601958    0.287649   18.434309 ^ fanout268/A (sky130_fd_sc_hd__buf_8)
    33    0.170404    0.210076    0.167352   18.601662 ^ fanout268/X (sky130_fd_sc_hd__buf_8)
                                                         net268 (net)
                      0.223402    0.040798   18.642458 ^ _135_/RESET_B (sky130_fd_sc_hd__dfrtp_4)
                                             18.642458   data arrival time

                                 25.000000   25.000000   clock clk (rise edge)
                                  4.650000   29.650000   clock source latency
     2    0.032467    0.610000    0.000000   29.650000 ^ clk (in)
                                                         clk (net)
                      0.618581    0.004290   29.654289 ^ wire3/A (sky130_fd_sc_hd__buf_4)
     3    0.035766    0.087169    0.140195   29.794485 ^ wire3/X (sky130_fd_sc_hd__buf_4)
                                                         net274 (net)
                      0.088187    0.007374   29.801857 ^ wire2/A (sky130_fd_sc_hd__buf_6)
     3    0.078960    0.121320    0.132683   29.934542 ^ wire2/X (sky130_fd_sc_hd__buf_6)
                                                         net273 (net)
                      0.127869    0.021782   29.956324 ^ wire1/A (sky130_fd_sc_hd__buf_6)
     3    0.081431    0.124079    0.139973   30.096296 ^ wire1/X (sky130_fd_sc_hd__buf_6)
                                                         net272 (net)
                      0.131229    0.022965   30.119261 ^ clkbuf_0_clk/A (sky130_fd_sc_hd__clkbuf_16)
     9    0.100467    0.090689    0.151349   30.270611 ^ clkbuf_0_clk/X (sky130_fd_sc_hd__clkbuf_16)
                                                         clknet_0_clk (net)
                      0.093184    0.011845   30.282455 ^ clkbuf_2_0__f_clk/A (sky130_fd_sc_hd__clkbuf_16)
    17    0.092169    0.084339    0.136204   30.418659 ^ clkbuf_2_0__f_clk/X (sky130_fd_sc_hd__clkbuf_16)
                                                         clknet_2_0__leaf_clk (net)
                      0.088437    0.014495   30.433153 ^ _135_/CLK (sky130_fd_sc_hd__dfrtp_4)
                                 -0.250000   30.183153   clock uncertainty
                                  0.000000   30.183153   clock reconvergence pessimism
                                  0.079696   30.262848   library recovery time
                                             30.262848   data required time
---------------------------------------------------------------------------------------------
                                             30.262848   data required time
                                            -18.642458   data arrival time
---------------------------------------------------------------------------------------------
                                             11.620389   slack (MET)


Startpoint: rst_n (input port clocked by clk)
Endpoint: _143_ (recovery check against rising-edge clock clk)
Path Group: asynchronous
Path Type: max

Fanout         Cap        Slew       Delay        Time   Description
---------------------------------------------------------------------------------------------
                                  0.000000    0.000000   clock clk (rise edge)
                                  5.570000    5.570000   clock network delay (propagated)
                                 12.500000   18.070000 ^ input external delay
     2    0.011630    0.000000    0.000000   18.070000 ^ rst_n (in)
                                                         rst_n (net)
                      0.000655    0.000327   18.070326 ^ input79/A (sky130_fd_sc_hd__buf_12)
     7    0.294404    0.096327    0.076334   18.146660 ^ input79/X (sky130_fd_sc_hd__buf_12)
                                                         net79 (net)
                      0.601958    0.287649   18.434309 ^ fanout268/A (sky130_fd_sc_hd__buf_8)
    33    0.170404    0.210076    0.167352   18.601662 ^ fanout268/X (sky130_fd_sc_hd__buf_8)
                                                         net268 (net)
                      0.225123    0.043237   18.644897 ^ _143_/RESET_B (sky130_fd_sc_hd__dfrtp_2)
                                             18.644897   data arrival time

                                 25.000000   25.000000   clock clk (rise edge)
                                  4.650000   29.650000   clock source latency
     2    0.032467    0.610000    0.000000   29.650000 ^ clk (in)
                                                         clk (net)
                      0.618581    0.004290   29.654289 ^ wire3/A (sky130_fd_sc_hd__buf_4)
     3    0.035766    0.087169    0.140195   29.794485 ^ wire3/X (sky130_fd_sc_hd__buf_4)
                                                         net274 (net)
                      0.088187    0.007374   29.801857 ^ wire2/A (sky130_fd_sc_hd__buf_6)
     3    0.078960    0.121320    0.132683   29.934542 ^ wire2/X (sky130_fd_sc_hd__buf_6)
                                                         net273 (net)
                      0.127869    0.021782   29.956324 ^ wire1/A (sky130_fd_sc_hd__buf_6)
     3    0.081431    0.124079    0.139973   30.096296 ^ wire1/X (sky130_fd_sc_hd__buf_6)
                                                         net272 (net)
                      0.131229    0.022965   30.119261 ^ clkbuf_0_clk/A (sky130_fd_sc_hd__clkbuf_16)
     9    0.100467    0.090689    0.151349   30.270611 ^ clkbuf_0_clk/X (sky130_fd_sc_hd__clkbuf_16)
                                                         clknet_0_clk (net)
                      0.093184    0.011845   30.282455 ^ clkbuf_2_0__f_clk/A (sky130_fd_sc_hd__clkbuf_16)
    17    0.092169    0.084339    0.136204   30.418659 ^ clkbuf_2_0__f_clk/X (sky130_fd_sc_hd__clkbuf_16)
                                                         clknet_2_0__leaf_clk (net)
                      0.086305    0.010058   30.428717 ^ _143_/CLK (sky130_fd_sc_hd__dfrtp_2)
                                 -0.250000   30.178715   clock uncertainty
                                  0.000000   30.178715   clock reconvergence pessimism
                                  0.092809   30.271523   library recovery time
                                             30.271523   data required time
---------------------------------------------------------------------------------------------
                                             30.271523   data required time
                                            -18.644897   data arrival time
---------------------------------------------------------------------------------------------
                                             11.626625   slack (MET)


Startpoint: rst_n (input port clocked by clk)
Endpoint: _142_ (recovery check against rising-edge clock clk)
Path Group: asynchronous
Path Type: max

Fanout         Cap        Slew       Delay        Time   Description
---------------------------------------------------------------------------------------------
                                  0.000000    0.000000   clock clk (rise edge)
                                  5.570000    5.570000   clock network delay (propagated)
                                 12.500000   18.070000 ^ input external delay
     2    0.011630    0.000000    0.000000   18.070000 ^ rst_n (in)
                                                         rst_n (net)
                      0.000655    0.000327   18.070326 ^ input79/A (sky130_fd_sc_hd__buf_12)
     7    0.294404    0.096327    0.076334   18.146660 ^ input79/X (sky130_fd_sc_hd__buf_12)
                                                         net79 (net)
                      0.601958    0.287649   18.434309 ^ fanout268/A (sky130_fd_sc_hd__buf_8)
    33    0.170404    0.210076    0.167352   18.601662 ^ fanout268/X (sky130_fd_sc_hd__buf_8)
                                                         net268 (net)
                      0.223840    0.041432   18.643093 ^ _142_/RESET_B (sky130_fd_sc_hd__dfrtp_2)
                                             18.643093   data arrival time

                                 25.000000   25.000000   clock clk (rise edge)
                                  4.650000   29.650000   clock source latency
     2    0.032467    0.610000    0.000000   29.650000 ^ clk (in)
                                                         clk (net)
                      0.618581    0.004290   29.654289 ^ wire3/A (sky130_fd_sc_hd__buf_4)
     3    0.035766    0.087169    0.140195   29.794485 ^ wire3/X (sky130_fd_sc_hd__buf_4)
                                                         net274 (net)
                      0.088187    0.007374   29.801857 ^ wire2/A (sky130_fd_sc_hd__buf_6)
     3    0.078960    0.121320    0.132683   29.934542 ^ wire2/X (sky130_fd_sc_hd__buf_6)
                                                         net273 (net)
                      0.127869    0.021782   29.956324 ^ wire1/A (sky130_fd_sc_hd__buf_6)
     3    0.081431    0.124079    0.139973   30.096296 ^ wire1/X (sky130_fd_sc_hd__buf_6)
                                                         net272 (net)
                      0.131229    0.022965   30.119261 ^ clkbuf_0_clk/A (sky130_fd_sc_hd__clkbuf_16)
     9    0.100467    0.090689    0.151349   30.270611 ^ clkbuf_0_clk/X (sky130_fd_sc_hd__clkbuf_16)
                                                         clknet_0_clk (net)
                      0.093184    0.011845   30.282455 ^ clkbuf_2_0__f_clk/A (sky130_fd_sc_hd__clkbuf_16)
    17    0.092169    0.084339    0.136204   30.418659 ^ clkbuf_2_0__f_clk/X (sky130_fd_sc_hd__clkbuf_16)
                                                         clknet_2_0__leaf_clk (net)
                      0.085953    0.009141   30.427799 ^ _142_/CLK (sky130_fd_sc_hd__dfrtp_2)
                                 -0.250000   30.177799   clock uncertainty
                                  0.000000   30.177799   clock reconvergence pessimism
                                  0.093078   30.270876   library recovery time
                                             30.270876   data required time
---------------------------------------------------------------------------------------------
                                             30.270876   data required time
                                            -18.643093   data arrival time
---------------------------------------------------------------------------------------------
                                             11.627784   slack (MET)


Startpoint: rst_n (input port clocked by clk)
Endpoint: _141_ (recovery check against rising-edge clock clk)
Path Group: asynchronous
Path Type: max

Fanout         Cap        Slew       Delay        Time   Description
---------------------------------------------------------------------------------------------
                                  0.000000    0.000000   clock clk (rise edge)
                                  5.570000    5.570000   clock network delay (propagated)
                                 12.500000   18.070000 ^ input external delay
     2    0.011630    0.000000    0.000000   18.070000 ^ rst_n (in)
                                                         rst_n (net)
                      0.000655    0.000327   18.070326 ^ input79/A (sky130_fd_sc_hd__buf_12)
     7    0.294404    0.096327    0.076334   18.146660 ^ input79/X (sky130_fd_sc_hd__buf_12)
                                                         net79 (net)
                      0.601958    0.287649   18.434309 ^ fanout268/A (sky130_fd_sc_hd__buf_8)
    33    0.170404    0.210076    0.167352   18.601662 ^ fanout268/X (sky130_fd_sc_hd__buf_8)
                                                         net268 (net)
                      0.221391    0.037767   18.639429 ^ _141_/RESET_B (sky130_fd_sc_hd__dfrtp_2)
                                             18.639429   data arrival time

                                 25.000000   25.000000   clock clk (rise edge)
                                  4.650000   29.650000   clock source latency
     2    0.032467    0.610000    0.000000   29.650000 ^ clk (in)
                                                         clk (net)
                      0.618581    0.004290   29.654289 ^ wire3/A (sky130_fd_sc_hd__buf_4)
     3    0.035766    0.087169    0.140195   29.794485 ^ wire3/X (sky130_fd_sc_hd__buf_4)
                                                         net274 (net)
                      0.088187    0.007374   29.801857 ^ wire2/A (sky130_fd_sc_hd__buf_6)
     3    0.078960    0.121320    0.132683   29.934542 ^ wire2/X (sky130_fd_sc_hd__buf_6)
                                                         net273 (net)
                      0.127869    0.021782   29.956324 ^ wire1/A (sky130_fd_sc_hd__buf_6)
     3    0.081431    0.124079    0.139973   30.096296 ^ wire1/X (sky130_fd_sc_hd__buf_6)
                                                         net272 (net)
                      0.131229    0.022965   30.119261 ^ clkbuf_0_clk/A (sky130_fd_sc_hd__clkbuf_16)
     9    0.100467    0.090689    0.151349   30.270611 ^ clkbuf_0_clk/X (sky130_fd_sc_hd__clkbuf_16)
                                                         clknet_0_clk (net)
                      0.093184    0.011845   30.282455 ^ clkbuf_2_0__f_clk/A (sky130_fd_sc_hd__clkbuf_16)
    17    0.092169    0.084339    0.136204   30.418659 ^ clkbuf_2_0__f_clk/X (sky130_fd_sc_hd__clkbuf_16)
                                                         clknet_2_0__leaf_clk (net)
                      0.085534    0.007923   30.426580 ^ _141_/CLK (sky130_fd_sc_hd__dfrtp_2)
                                 -0.250000   30.176580   clock uncertainty
                                  0.000000   30.176580   clock reconvergence pessimism
                                  0.093632   30.270212   library recovery time
                                             30.270212   data required time
---------------------------------------------------------------------------------------------
                                             30.270212   data required time
                                            -18.639429   data arrival time
---------------------------------------------------------------------------------------------
                                             11.630784   slack (MET)


Startpoint: rst_n (input port clocked by clk)
Endpoint: _140_ (recovery check against rising-edge clock clk)
Path Group: asynchronous
Path Type: max

Fanout         Cap        Slew       Delay        Time   Description
---------------------------------------------------------------------------------------------
                                  0.000000    0.000000   clock clk (rise edge)
                                  5.570000    5.570000   clock network delay (propagated)
                                 12.500000   18.070000 ^ input external delay
     2    0.011630    0.000000    0.000000   18.070000 ^ rst_n (in)
                                                         rst_n (net)
                      0.000655    0.000327   18.070326 ^ input79/A (sky130_fd_sc_hd__buf_12)
     7    0.294404    0.096327    0.076334   18.146660 ^ input79/X (sky130_fd_sc_hd__buf_12)
                                                         net79 (net)
                      0.601958    0.287649   18.434309 ^ fanout268/A (sky130_fd_sc_hd__buf_8)
    33    0.170404    0.210076    0.167352   18.601662 ^ fanout268/X (sky130_fd_sc_hd__buf_8)
                                                         net268 (net)
                      0.218615    0.033145   18.634806 ^ _140_/RESET_B (sky130_fd_sc_hd__dfrtp_2)
                                             18.634806   data arrival time

                                 25.000000   25.000000   clock clk (rise edge)
                                  4.650000   29.650000   clock source latency
     2    0.032467    0.610000    0.000000   29.650000 ^ clk (in)
                                                         clk (net)
                      0.618581    0.004290   29.654289 ^ wire3/A (sky130_fd_sc_hd__buf_4)
     3    0.035766    0.087169    0.140195   29.794485 ^ wire3/X (sky130_fd_sc_hd__buf_4)
                                                         net274 (net)
                      0.088187    0.007374   29.801857 ^ wire2/A (sky130_fd_sc_hd__buf_6)
     3    0.078960    0.121320    0.132683   29.934542 ^ wire2/X (sky130_fd_sc_hd__buf_6)
                                                         net273 (net)
                      0.127869    0.021782   29.956324 ^ wire1/A (sky130_fd_sc_hd__buf_6)
     3    0.081431    0.124079    0.139973   30.096296 ^ wire1/X (sky130_fd_sc_hd__buf_6)
                                                         net272 (net)
                      0.131229    0.022965   30.119261 ^ clkbuf_0_clk/A (sky130_fd_sc_hd__clkbuf_16)
     9    0.100467    0.090689    0.151349   30.270611 ^ clkbuf_0_clk/X (sky130_fd_sc_hd__clkbuf_16)
                                                         clknet_0_clk (net)
                      0.093063    0.011553   30.282164 ^ clkbuf_2_1__f_clk/A (sky130_fd_sc_hd__clkbuf_16)
    21    0.085235    0.079041    0.130346   30.412508 ^ clkbuf_2_1__f_clk/X (sky130_fd_sc_hd__clkbuf_16)
                                                         clknet_2_1__leaf_clk (net)
                      0.082632    0.012903   30.425413 ^ _140_/CLK (sky130_fd_sc_hd__dfrtp_2)
                                 -0.250000   30.175411   clock uncertainty
                                  0.000000   30.175411   clock reconvergence pessimism
                                  0.093869   30.269281   library recovery time
                                             30.269281   data required time
---------------------------------------------------------------------------------------------
                                             30.269281   data required time
                                            -18.634806   data arrival time
---------------------------------------------------------------------------------------------
                                             11.634475   slack (MET)


Startpoint: rst_n (input port clocked by clk)
Endpoint: _128_ (recovery check against rising-edge clock clk)
Path Group: asynchronous
Path Type: max

Fanout         Cap        Slew       Delay        Time   Description
---------------------------------------------------------------------------------------------
                                  0.000000    0.000000   clock clk (rise edge)
                                  5.570000    5.570000   clock network delay (propagated)
                                 12.500000   18.070000 ^ input external delay
     2    0.011630    0.000000    0.000000   18.070000 ^ rst_n (in)
                                                         rst_n (net)
                      0.000655    0.000327   18.070326 ^ input79/A (sky130_fd_sc_hd__buf_12)
     7    0.294404    0.096327    0.076334   18.146660 ^ input79/X (sky130_fd_sc_hd__buf_12)
                                                         net79 (net)
                      0.601958    0.287649   18.434309 ^ fanout268/A (sky130_fd_sc_hd__buf_8)
    33    0.170404    0.210076    0.167352   18.601662 ^ fanout268/X (sky130_fd_sc_hd__buf_8)
                                                         net268 (net)
                      0.210427    0.007788   18.609449 ^ _128_/RESET_B (sky130_fd_sc_hd__dfrtp_4)
                                             18.609449   data arrival time

                                 25.000000   25.000000   clock clk (rise edge)
                                  4.650000   29.650000   clock source latency
     2    0.032467    0.610000    0.000000   29.650000 ^ clk (in)
                                                         clk (net)
                      0.618581    0.004290   29.654289 ^ wire3/A (sky130_fd_sc_hd__buf_4)
     3    0.035766    0.087169    0.140195   29.794485 ^ wire3/X (sky130_fd_sc_hd__buf_4)
                                                         net274 (net)
                      0.088187    0.007374   29.801857 ^ wire2/A (sky130_fd_sc_hd__buf_6)
     3    0.078960    0.121320    0.132683   29.934542 ^ wire2/X (sky130_fd_sc_hd__buf_6)
                                                         net273 (net)
                      0.127869    0.021782   29.956324 ^ wire1/A (sky130_fd_sc_hd__buf_6)
     3    0.081431    0.124079    0.139973   30.096296 ^ wire1/X (sky130_fd_sc_hd__buf_6)
                                                         net272 (net)
                      0.131229    0.022965   30.119261 ^ clkbuf_0_clk/A (sky130_fd_sc_hd__clkbuf_16)
     9    0.100467    0.090689    0.151349   30.270611 ^ clkbuf_0_clk/X (sky130_fd_sc_hd__clkbuf_16)
                                                         clknet_0_clk (net)
                      0.093063    0.011553   30.282164 ^ clkbuf_2_1__f_clk/A (sky130_fd_sc_hd__clkbuf_16)
    21    0.085235    0.079041    0.130346   30.412508 ^ clkbuf_2_1__f_clk/X (sky130_fd_sc_hd__clkbuf_16)
                                                         clknet_2_1__leaf_clk (net)
                      0.082192    0.012097   30.424606 ^ _128_/CLK (sky130_fd_sc_hd__dfrtp_4)
                                 -0.250000   30.174604   clock uncertainty
                                  0.000000   30.174604   clock reconvergence pessimism
                                  0.082749   30.257355   library recovery time
                                             30.257355   data required time
---------------------------------------------------------------------------------------------
                                             30.257355   data required time
                                            -18.609449   data arrival time
---------------------------------------------------------------------------------------------
                                             11.647906   slack (MET)


Startpoint: wbs_adr_i[31] (input port clocked by clk)
Endpoint: _153_ (rising edge-triggered flip-flop clocked by clk)
Path Group: clk
Path Type: max

Fanout         Cap        Slew       Delay        Time   Description
---------------------------------------------------------------------------------------------
                                  0.000000    0.000000   clock clk (rise edge)
                                  5.570000    5.570000   clock network delay (propagated)
                                  3.890000    9.460000 v input external delay
     2    0.003949    0.920000    0.000000    9.460000 v wbs_adr_i[31] (in)
                                                         wbs_adr_i[31] (net)
                      0.920182    0.000091    9.460092 v hold7/A (sky130_fd_sc_hd__dlygate4sd3_1)
     1    0.004241    0.043760    0.614552   10.074644 v hold7/X (sky130_fd_sc_hd__dlygate4sd3_1)
                                                         net281 (net)
                      0.043760    0.000308   10.074952 v input102/A (sky130_fd_sc_hd__clkbuf_8)
     3    0.074409    0.067902    0.124604   10.199556 v input102/X (sky130_fd_sc_hd__clkbuf_8)
                                                         net102 (net)
                      0.080118    0.021808   10.221364 v hold8/A (sky130_fd_sc_hd__dlygate4sd3_1)
     3    0.066087    0.232900    0.549580   10.770945 v hold8/X (sky130_fd_sc_hd__dlygate4sd3_1)
                                                         net282 (net)
                      0.236128    0.022209   10.793154 v _043_/A (sky130_fd_sc_hd__nor4b_1)
     1    0.003618    0.184662    0.262303   11.055456 ^ _043_/Y (sky130_fd_sc_hd__nor4b_1)
                                                         _034_ (net)
                      0.184662    0.000268   11.055725 ^ hold9/A (sky130_fd_sc_hd__dlygate4sd3_1)
     1    0.003528    0.042412    0.395287   11.451012 ^ hold9/X (sky130_fd_sc_hd__dlygate4sd3_1)
                                                         net283 (net)
                      0.042412    0.000253   11.451265 ^ wire266/A (sky130_fd_sc_hd__buf_2)
     1    0.013687    0.055263    0.089789   11.541054 ^ wire266/X (sky130_fd_sc_hd__buf_2)
                                                         net266 (net)
                      0.055331    0.001272   11.542326 ^ hold10/A (sky130_fd_sc_hd__dlygate4sd3_1)
     5    0.041818    0.315059    0.573984   12.116309 ^ hold10/X (sky130_fd_sc_hd__dlygate4sd3_1)
                                                         net284 (net)
                      0.315150    0.005221   12.121530 ^ fanout263/A (sky130_fd_sc_hd__buf_4)
     1    0.003993    0.027333    0.093222   12.214752 ^ fanout263/X (sky130_fd_sc_hd__buf_4)
                                                         net263 (net)
                      0.027333    0.000170   12.214922 ^ hold11/A (sky130_fd_sc_hd__dlygate4sd3_1)
    33    0.120917    0.892951    0.960415   13.175337 ^ hold11/X (sky130_fd_sc_hd__dlygate4sd3_1)
                                                         net285 (net)
                      0.893035    0.007333   13.182670 ^ _120_/B (sky130_fd_sc_hd__and3_1)
     1    0.005212    0.064220    0.124705   13.307374 ^ _120_/X (sky130_fd_sc_hd__and3_1)
                                                         _017_ (net)
                      0.064222    0.000388   13.307762 ^ _153_/D (sky130_fd_sc_hd__dfrtp_4)
                                             13.307762   data arrival time

                                 25.000000   25.000000   clock clk (rise edge)
                                  4.650000   29.650000   clock source latency
     2    0.032467    0.610000    0.000000   29.650000 ^ clk (in)
                                                         clk (net)
                      0.618581    0.004290   29.654289 ^ wire3/A (sky130_fd_sc_hd__buf_4)
     3    0.035766    0.087169    0.140195   29.794485 ^ wire3/X (sky130_fd_sc_hd__buf_4)
                                                         net274 (net)
                      0.088187    0.007374   29.801857 ^ wire2/A (sky130_fd_sc_hd__buf_6)
     3    0.078960    0.121320    0.132683   29.934542 ^ wire2/X (sky130_fd_sc_hd__buf_6)
                                                         net273 (net)
                      0.127869    0.021782   29.956324 ^ wire1/A (sky130_fd_sc_hd__buf_6)
     3    0.081431    0.124079    0.139973   30.096296 ^ wire1/X (sky130_fd_sc_hd__buf_6)
                                                         net272 (net)
                      0.131229    0.022965   30.119261 ^ clkbuf_0_clk/A (sky130_fd_sc_hd__clkbuf_16)
     9    0.100467    0.090689    0.151349   30.270611 ^ clkbuf_0_clk/X (sky130_fd_sc_hd__clkbuf_16)
                                                         clknet_0_clk (net)
                      0.092507    0.010115   30.280725 ^ clkbuf_2_3__f_clk/A (sky130_fd_sc_hd__clkbuf_16)
    21    0.074593    0.070917    0.125766   30.406490 ^ clkbuf_2_3__f_clk/X (sky130_fd_sc_hd__clkbuf_16)
                                                         clknet_2_3__leaf_clk (net)
                      0.076603    0.015433   30.421923 ^ _153_/CLK (sky130_fd_sc_hd__dfrtp_4)
                                 -0.250000   30.171923   clock uncertainty
                                  0.000000   30.171923   clock reconvergence pessimism
                                 -0.039061   30.132860   library setup time
                                             30.132860   data required time
---------------------------------------------------------------------------------------------
                                             30.132860   data required time
                                            -13.307762   data arrival time
---------------------------------------------------------------------------------------------
                                             16.825098   slack (MET)


Startpoint: wbs_adr_i[31] (input port clocked by clk)
Endpoint: _144_ (rising edge-triggered flip-flop clocked by clk)
Path Group: clk
Path Type: max

Fanout         Cap        Slew       Delay        Time   Description
---------------------------------------------------------------------------------------------
                                  0.000000    0.000000   clock clk (rise edge)
                                  5.570000    5.570000   clock network delay (propagated)
                                  3.890000    9.460000 v input external delay
     2    0.003949    0.920000    0.000000    9.460000 v wbs_adr_i[31] (in)
                                                         wbs_adr_i[31] (net)
                      0.920182    0.000091    9.460092 v hold7/A (sky130_fd_sc_hd__dlygate4sd3_1)
     1    0.004241    0.043760    0.614552   10.074644 v hold7/X (sky130_fd_sc_hd__dlygate4sd3_1)
                                                         net281 (net)
                      0.043760    0.000308   10.074952 v input102/A (sky130_fd_sc_hd__clkbuf_8)
     3    0.074409    0.067902    0.124604   10.199556 v input102/X (sky130_fd_sc_hd__clkbuf_8)
                                                         net102 (net)
                      0.080118    0.021808   10.221364 v hold8/A (sky130_fd_sc_hd__dlygate4sd3_1)
     3    0.066087    0.232900    0.549580   10.770945 v hold8/X (sky130_fd_sc_hd__dlygate4sd3_1)
                                                         net282 (net)
                      0.236128    0.022209   10.793154 v _043_/A (sky130_fd_sc_hd__nor4b_1)
     1    0.003618    0.184662    0.262303   11.055456 ^ _043_/Y (sky130_fd_sc_hd__nor4b_1)
                                                         _034_ (net)
                      0.184662    0.000268   11.055725 ^ hold9/A (sky130_fd_sc_hd__dlygate4sd3_1)
     1    0.003528    0.042412    0.395287   11.451012 ^ hold9/X (sky130_fd_sc_hd__dlygate4sd3_1)
                                                         net283 (net)
                      0.042412    0.000253   11.451265 ^ wire266/A (sky130_fd_sc_hd__buf_2)
     1    0.013687    0.055263    0.089789   11.541054 ^ wire266/X (sky130_fd_sc_hd__buf_2)
                                                         net266 (net)
                      0.055331    0.001272   11.542326 ^ hold10/A (sky130_fd_sc_hd__dlygate4sd3_1)
     5    0.041818    0.315059    0.573984   12.116309 ^ hold10/X (sky130_fd_sc_hd__dlygate4sd3_1)
                                                         net284 (net)
                      0.315150    0.005221   12.121530 ^ fanout263/A (sky130_fd_sc_hd__buf_4)
     1    0.003993    0.027333    0.093222   12.214752 ^ fanout263/X (sky130_fd_sc_hd__buf_4)
                                                         net263 (net)
                      0.027333    0.000170   12.214922 ^ hold11/A (sky130_fd_sc_hd__dlygate4sd3_1)
    33    0.120917    0.892951    0.960415   13.175337 ^ hold11/X (sky130_fd_sc_hd__dlygate4sd3_1)
                                                         net285 (net)
                      0.893993    0.025212   13.200548 ^ _111_/B (sky130_fd_sc_hd__and3_1)
     1    0.003309    0.053248    0.112363   13.312912 ^ _111_/X (sky130_fd_sc_hd__and3_1)
                                                         _007_ (net)
                      0.053249    0.000218   13.313129 ^ _144_/D (sky130_fd_sc_hd__dfrtp_2)
                                             13.313129   data arrival time

                                 25.000000   25.000000   clock clk (rise edge)
                                  4.650000   29.650000   clock source latency
     2    0.032467    0.610000    0.000000   29.650000 ^ clk (in)
                                                         clk (net)
                      0.618581    0.004290   29.654289 ^ wire3/A (sky130_fd_sc_hd__buf_4)
     3    0.035766    0.087169    0.140195   29.794485 ^ wire3/X (sky130_fd_sc_hd__buf_4)
                                                         net274 (net)
                      0.088187    0.007374   29.801857 ^ wire2/A (sky130_fd_sc_hd__buf_6)
     3    0.078960    0.121320    0.132683   29.934542 ^ wire2/X (sky130_fd_sc_hd__buf_6)
                                                         net273 (net)
                      0.127869    0.021782   29.956324 ^ wire1/A (sky130_fd_sc_hd__buf_6)
     3    0.081431    0.124079    0.139973   30.096296 ^ wire1/X (sky130_fd_sc_hd__buf_6)
                                                         net272 (net)
                      0.131229    0.022965   30.119261 ^ clkbuf_0_clk/A (sky130_fd_sc_hd__clkbuf_16)
     9    0.100467    0.090689    0.151349   30.270611 ^ clkbuf_0_clk/X (sky130_fd_sc_hd__clkbuf_16)
                                                         clknet_0_clk (net)
                      0.092512    0.010129   30.280739 ^ clkbuf_2_2__f_clk/A (sky130_fd_sc_hd__clkbuf_16)
    17    0.093430    0.085225    0.137479   30.418219 ^ clkbuf_2_2__f_clk/X (sky130_fd_sc_hd__clkbuf_16)
                                                         clknet_2_2__leaf_clk (net)
                      0.086876    0.009315   30.427534 ^ _144_/CLK (sky130_fd_sc_hd__dfrtp_2)
                                 -0.250000   30.177532   clock uncertainty
                                  0.000000   30.177532   clock reconvergence pessimism
                                 -0.036468   30.141064   library setup time
                                             30.141064   data required time
---------------------------------------------------------------------------------------------
                                             30.141064   data required time
                                            -13.313129   data arrival time
---------------------------------------------------------------------------------------------
                                             16.827932   slack (MET)


Startpoint: wbs_adr_i[31] (input port clocked by clk)
Endpoint: _160_ (rising edge-triggered flip-flop clocked by clk)
Path Group: clk
Path Type: max

Fanout         Cap        Slew       Delay        Time   Description
---------------------------------------------------------------------------------------------
                                  0.000000    0.000000   clock clk (rise edge)
                                  5.570000    5.570000   clock network delay (propagated)
                                  3.890000    9.460000 v input external delay
     2    0.003949    0.920000    0.000000    9.460000 v wbs_adr_i[31] (in)
                                                         wbs_adr_i[31] (net)
                      0.920182    0.000091    9.460092 v hold7/A (sky130_fd_sc_hd__dlygate4sd3_1)
     1    0.004241    0.043760    0.614552   10.074644 v hold7/X (sky130_fd_sc_hd__dlygate4sd3_1)
                                                         net281 (net)
                      0.043760    0.000308   10.074952 v input102/A (sky130_fd_sc_hd__clkbuf_8)
     3    0.074409    0.067902    0.124604   10.199556 v input102/X (sky130_fd_sc_hd__clkbuf_8)
                                                         net102 (net)
                      0.080118    0.021808   10.221364 v hold8/A (sky130_fd_sc_hd__dlygate4sd3_1)
     3    0.066087    0.232900    0.549580   10.770945 v hold8/X (sky130_fd_sc_hd__dlygate4sd3_1)
                                                         net282 (net)
                      0.236128    0.022209   10.793154 v _043_/A (sky130_fd_sc_hd__nor4b_1)
     1    0.003618    0.184662    0.262303   11.055456 ^ _043_/Y (sky130_fd_sc_hd__nor4b_1)
                                                         _034_ (net)
                      0.184662    0.000268   11.055725 ^ hold9/A (sky130_fd_sc_hd__dlygate4sd3_1)
     1    0.003528    0.042412    0.395287   11.451012 ^ hold9/X (sky130_fd_sc_hd__dlygate4sd3_1)
                                                         net283 (net)
                      0.042412    0.000253   11.451265 ^ wire266/A (sky130_fd_sc_hd__buf_2)
     1    0.013687    0.055263    0.089789   11.541054 ^ wire266/X (sky130_fd_sc_hd__buf_2)
                                                         net266 (net)
                      0.055331    0.001272   11.542326 ^ hold10/A (sky130_fd_sc_hd__dlygate4sd3_1)
     5    0.041818    0.315059    0.573984   12.116309 ^ hold10/X (sky130_fd_sc_hd__dlygate4sd3_1)
                                                         net284 (net)
                      0.315150    0.005221   12.121530 ^ fanout263/A (sky130_fd_sc_hd__buf_4)
     1    0.003993    0.027333    0.093222   12.214752 ^ fanout263/X (sky130_fd_sc_hd__buf_4)
                                                         net263 (net)
                      0.027333    0.000170   12.214922 ^ hold11/A (sky130_fd_sc_hd__dlygate4sd3_1)
    33    0.120917    0.892951    0.960415   13.175337 ^ hold11/X (sky130_fd_sc_hd__dlygate4sd3_1)
                                                         net285 (net)
                      0.893043    0.007678   13.183015 ^ _127_/B (sky130_fd_sc_hd__and3_1)
     1    0.004328    0.059416    0.119443   13.302458 ^ _127_/X (sky130_fd_sc_hd__and3_1)
                                                         _025_ (net)
                      0.059416    0.000274   13.302732 ^ _160_/D (sky130_fd_sc_hd__dfrtp_4)
                                             13.302732   data arrival time

                                 25.000000   25.000000   clock clk (rise edge)
                                  4.650000   29.650000   clock source latency
     2    0.032467    0.610000    0.000000   29.650000 ^ clk (in)
                                                         clk (net)
                      0.618581    0.004290   29.654289 ^ wire3/A (sky130_fd_sc_hd__buf_4)
     3    0.035766    0.087169    0.140195   29.794485 ^ wire3/X (sky130_fd_sc_hd__buf_4)
                                                         net274 (net)
                      0.088187    0.007374   29.801857 ^ wire2/A (sky130_fd_sc_hd__buf_6)
     3    0.078960    0.121320    0.132683   29.934542 ^ wire2/X (sky130_fd_sc_hd__buf_6)
                                                         net273 (net)
                      0.127869    0.021782   29.956324 ^ wire1/A (sky130_fd_sc_hd__buf_6)
     3    0.081431    0.124079    0.139973   30.096296 ^ wire1/X (sky130_fd_sc_hd__buf_6)
                                                         net272 (net)
                      0.131229    0.022965   30.119261 ^ clkbuf_0_clk/A (sky130_fd_sc_hd__clkbuf_16)
     9    0.100467    0.090689    0.151349   30.270611 ^ clkbuf_0_clk/X (sky130_fd_sc_hd__clkbuf_16)
                                                         clknet_0_clk (net)
                      0.092507    0.010115   30.280725 ^ clkbuf_2_3__f_clk/A (sky130_fd_sc_hd__clkbuf_16)
    21    0.074593    0.070917    0.125766   30.406490 ^ clkbuf_2_3__f_clk/X (sky130_fd_sc_hd__clkbuf_16)
                                                         clknet_2_3__leaf_clk (net)
                      0.075714    0.014118   30.420609 ^ _160_/CLK (sky130_fd_sc_hd__dfrtp_4)
                                 -0.250000   30.170609   clock uncertainty
                                  0.000000   30.170609   clock reconvergence pessimism
                                 -0.038627   30.131979   library setup time
                                             30.131979   data required time
---------------------------------------------------------------------------------------------
                                             30.131979   data required time
                                            -13.302732   data arrival time
---------------------------------------------------------------------------------------------
                                             16.829248   slack (MET)


Startpoint: wbs_adr_i[31] (input port clocked by clk)
Endpoint: _145_ (rising edge-triggered flip-flop clocked by clk)
Path Group: clk
Path Type: max

Fanout         Cap        Slew       Delay        Time   Description
---------------------------------------------------------------------------------------------
                                  0.000000    0.000000   clock clk (rise edge)
                                  5.570000    5.570000   clock network delay (propagated)
                                  3.890000    9.460000 v input external delay
     2    0.003949    0.920000    0.000000    9.460000 v wbs_adr_i[31] (in)
                                                         wbs_adr_i[31] (net)
                      0.920182    0.000091    9.460092 v hold7/A (sky130_fd_sc_hd__dlygate4sd3_1)
     1    0.004241    0.043760    0.614552   10.074644 v hold7/X (sky130_fd_sc_hd__dlygate4sd3_1)
                                                         net281 (net)
                      0.043760    0.000308   10.074952 v input102/A (sky130_fd_sc_hd__clkbuf_8)
     3    0.074409    0.067902    0.124604   10.199556 v input102/X (sky130_fd_sc_hd__clkbuf_8)
                                                         net102 (net)
                      0.080118    0.021808   10.221364 v hold8/A (sky130_fd_sc_hd__dlygate4sd3_1)
     3    0.066087    0.232900    0.549580   10.770945 v hold8/X (sky130_fd_sc_hd__dlygate4sd3_1)
                                                         net282 (net)
                      0.236128    0.022209   10.793154 v _043_/A (sky130_fd_sc_hd__nor4b_1)
     1    0.003618    0.184662    0.262303   11.055456 ^ _043_/Y (sky130_fd_sc_hd__nor4b_1)
                                                         _034_ (net)
                      0.184662    0.000268   11.055725 ^ hold9/A (sky130_fd_sc_hd__dlygate4sd3_1)
     1    0.003528    0.042412    0.395287   11.451012 ^ hold9/X (sky130_fd_sc_hd__dlygate4sd3_1)
                                                         net283 (net)
                      0.042412    0.000253   11.451265 ^ wire266/A (sky130_fd_sc_hd__buf_2)
     1    0.013687    0.055263    0.089789   11.541054 ^ wire266/X (sky130_fd_sc_hd__buf_2)
                                                         net266 (net)
                      0.055331    0.001272   11.542326 ^ hold10/A (sky130_fd_sc_hd__dlygate4sd3_1)
     5    0.041818    0.315059    0.573984   12.116309 ^ hold10/X (sky130_fd_sc_hd__dlygate4sd3_1)
                                                         net284 (net)
                      0.315150    0.005221   12.121530 ^ fanout263/A (sky130_fd_sc_hd__buf_4)
     1    0.003993    0.027333    0.093222   12.214752 ^ fanout263/X (sky130_fd_sc_hd__buf_4)
                                                         net263 (net)
                      0.027333    0.000170   12.214922 ^ hold11/A (sky130_fd_sc_hd__dlygate4sd3_1)
    33    0.120917    0.892951    0.960415   13.175337 ^ hold11/X (sky130_fd_sc_hd__dlygate4sd3_1)
                                                         net285 (net)
                      0.893836    0.023277   13.198614 ^ _112_/B (sky130_fd_sc_hd__and3_1)
     1    0.002978    0.050972    0.109655   13.308269 ^ _112_/X (sky130_fd_sc_hd__and3_1)
                                                         _008_ (net)
                      0.050972    0.000199   13.308468 ^ _145_/D (sky130_fd_sc_hd__dfrtp_2)
                                             13.308468   data arrival time

                                 25.000000   25.000000   clock clk (rise edge)
                                  4.650000   29.650000   clock source latency
     2    0.032467    0.610000    0.000000   29.650000 ^ clk (in)
                                                         clk (net)
                      0.618581    0.004290   29.654289 ^ wire3/A (sky130_fd_sc_hd__buf_4)
     3    0.035766    0.087169    0.140195   29.794485 ^ wire3/X (sky130_fd_sc_hd__buf_4)
                                                         net274 (net)
                      0.088187    0.007374   29.801857 ^ wire2/A (sky130_fd_sc_hd__buf_6)
     3    0.078960    0.121320    0.132683   29.934542 ^ wire2/X (sky130_fd_sc_hd__buf_6)
                                                         net273 (net)
                      0.127869    0.021782   29.956324 ^ wire1/A (sky130_fd_sc_hd__buf_6)
     3    0.081431    0.124079    0.139973   30.096296 ^ wire1/X (sky130_fd_sc_hd__buf_6)
                                                         net272 (net)
                      0.131229    0.022965   30.119261 ^ clkbuf_0_clk/A (sky130_fd_sc_hd__clkbuf_16)
     9    0.100467    0.090689    0.151349   30.270611 ^ clkbuf_0_clk/X (sky130_fd_sc_hd__clkbuf_16)
                                                         clknet_0_clk (net)
                      0.092512    0.010129   30.280739 ^ clkbuf_2_2__f_clk/A (sky130_fd_sc_hd__clkbuf_16)
    17    0.093430    0.085225    0.137479   30.418219 ^ clkbuf_2_2__f_clk/X (sky130_fd_sc_hd__clkbuf_16)
                                                         clknet_2_2__leaf_clk (net)
                      0.086395    0.007891   30.426109 ^ _145_/CLK (sky130_fd_sc_hd__dfrtp_2)
                                 -0.250000   30.176107   clock uncertainty
                                  0.000000   30.176107   clock reconvergence pessimism
                                 -0.036261   30.139845   library setup time
                                             30.139845   data required time
---------------------------------------------------------------------------------------------
                                             30.139845   data required time
                                            -13.308468   data arrival time
---------------------------------------------------------------------------------------------
                                             16.831377   slack (MET)


Startpoint: wbs_adr_i[31] (input port clocked by clk)
Endpoint: _156_ (rising edge-triggered flip-flop clocked by clk)
Path Group: clk
Path Type: max

Fanout         Cap        Slew       Delay        Time   Description
---------------------------------------------------------------------------------------------
                                  0.000000    0.000000   clock clk (rise edge)
                                  5.570000    5.570000   clock network delay (propagated)
                                  3.890000    9.460000 v input external delay
     2    0.003949    0.920000    0.000000    9.460000 v wbs_adr_i[31] (in)
                                                         wbs_adr_i[31] (net)
                      0.920182    0.000091    9.460092 v hold7/A (sky130_fd_sc_hd__dlygate4sd3_1)
     1    0.004241    0.043760    0.614552   10.074644 v hold7/X (sky130_fd_sc_hd__dlygate4sd3_1)
                                                         net281 (net)
                      0.043760    0.000308   10.074952 v input102/A (sky130_fd_sc_hd__clkbuf_8)
     3    0.074409    0.067902    0.124604   10.199556 v input102/X (sky130_fd_sc_hd__clkbuf_8)
                                                         net102 (net)
                      0.080118    0.021808   10.221364 v hold8/A (sky130_fd_sc_hd__dlygate4sd3_1)
     3    0.066087    0.232900    0.549580   10.770945 v hold8/X (sky130_fd_sc_hd__dlygate4sd3_1)
                                                         net282 (net)
                      0.236128    0.022209   10.793154 v _043_/A (sky130_fd_sc_hd__nor4b_1)
     1    0.003618    0.184662    0.262303   11.055456 ^ _043_/Y (sky130_fd_sc_hd__nor4b_1)
                                                         _034_ (net)
                      0.184662    0.000268   11.055725 ^ hold9/A (sky130_fd_sc_hd__dlygate4sd3_1)
     1    0.003528    0.042412    0.395287   11.451012 ^ hold9/X (sky130_fd_sc_hd__dlygate4sd3_1)
                                                         net283 (net)
                      0.042412    0.000253   11.451265 ^ wire266/A (sky130_fd_sc_hd__buf_2)
     1    0.013687    0.055263    0.089789   11.541054 ^ wire266/X (sky130_fd_sc_hd__buf_2)
                                                         net266 (net)
                      0.055331    0.001272   11.542326 ^ hold10/A (sky130_fd_sc_hd__dlygate4sd3_1)
     5    0.041818    0.315059    0.573984   12.116309 ^ hold10/X (sky130_fd_sc_hd__dlygate4sd3_1)
                                                         net284 (net)
                      0.315150    0.005221   12.121530 ^ fanout263/A (sky130_fd_sc_hd__buf_4)
     1    0.003993    0.027333    0.093222   12.214752 ^ fanout263/X (sky130_fd_sc_hd__buf_4)
                                                         net263 (net)
                      0.027333    0.000170   12.214922 ^ hold11/A (sky130_fd_sc_hd__dlygate4sd3_1)
    33    0.120917    0.892951    0.960415   13.175337 ^ hold11/X (sky130_fd_sc_hd__dlygate4sd3_1)
                                                         net285 (net)
                      0.893056    0.008201   13.183538 ^ _123_/B (sky130_fd_sc_hd__and3_1)
     1    0.003902    0.057128    0.116891   13.300429 ^ _123_/X (sky130_fd_sc_hd__and3_1)
                                                         _020_ (net)
                      0.057129    0.000258   13.300688 ^ _156_/D (sky130_fd_sc_hd__dfrtp_4)
                                             13.300688   data arrival time

                                 25.000000   25.000000   clock clk (rise edge)
                                  4.650000   29.650000   clock source latency
     2    0.032467    0.610000    0.000000   29.650000 ^ clk (in)
                                                         clk (net)
                      0.618581    0.004290   29.654289 ^ wire3/A (sky130_fd_sc_hd__buf_4)
     3    0.035766    0.087169    0.140195   29.794485 ^ wire3/X (sky130_fd_sc_hd__buf_4)
                                                         net274 (net)
                      0.088187    0.007374   29.801857 ^ wire2/A (sky130_fd_sc_hd__buf_6)
     3    0.078960    0.121320    0.132683   29.934542 ^ wire2/X (sky130_fd_sc_hd__buf_6)
                                                         net273 (net)
                      0.127869    0.021782   29.956324 ^ wire1/A (sky130_fd_sc_hd__buf_6)
     3    0.081431    0.124079    0.139973   30.096296 ^ wire1/X (sky130_fd_sc_hd__buf_6)
                                                         net272 (net)
                      0.131229    0.022965   30.119261 ^ clkbuf_0_clk/A (sky130_fd_sc_hd__clkbuf_16)
     9    0.100467    0.090689    0.151349   30.270611 ^ clkbuf_0_clk/X (sky130_fd_sc_hd__clkbuf_16)
                                                         clknet_0_clk (net)
                      0.092507    0.010115   30.280725 ^ clkbuf_2_3__f_clk/A (sky130_fd_sc_hd__clkbuf_16)
    21    0.074593    0.070917    0.125766   30.406490 ^ clkbuf_2_3__f_clk/X (sky130_fd_sc_hd__clkbuf_16)
                                                         clknet_2_3__leaf_clk (net)
                      0.075707    0.014108   30.420599 ^ _156_/CLK (sky130_fd_sc_hd__dfrtp_4)
                                 -0.250000   30.170597   clock uncertainty
                                  0.000000   30.170597   clock reconvergence pessimism
                                 -0.038404   30.132193   library setup time
                                             30.132193   data required time
---------------------------------------------------------------------------------------------
                                             30.132193   data required time
                                            -13.300688   data arrival time
---------------------------------------------------------------------------------------------
                                             16.831503   slack (MET)


Startpoint: wbs_adr_i[31] (input port clocked by clk)
Endpoint: _157_ (rising edge-triggered flip-flop clocked by clk)
Path Group: clk
Path Type: max

Fanout         Cap        Slew       Delay        Time   Description
---------------------------------------------------------------------------------------------
                                  0.000000    0.000000   clock clk (rise edge)
                                  5.570000    5.570000   clock network delay (propagated)
                                  3.890000    9.460000 v input external delay
     2    0.003949    0.920000    0.000000    9.460000 v wbs_adr_i[31] (in)
                                                         wbs_adr_i[31] (net)
                      0.920182    0.000091    9.460092 v hold7/A (sky130_fd_sc_hd__dlygate4sd3_1)
     1    0.004241    0.043760    0.614552   10.074644 v hold7/X (sky130_fd_sc_hd__dlygate4sd3_1)
                                                         net281 (net)
                      0.043760    0.000308   10.074952 v input102/A (sky130_fd_sc_hd__clkbuf_8)
     3    0.074409    0.067902    0.124604   10.199556 v input102/X (sky130_fd_sc_hd__clkbuf_8)
                                                         net102 (net)
                      0.080118    0.021808   10.221364 v hold8/A (sky130_fd_sc_hd__dlygate4sd3_1)
     3    0.066087    0.232900    0.549580   10.770945 v hold8/X (sky130_fd_sc_hd__dlygate4sd3_1)
                                                         net282 (net)
                      0.236128    0.022209   10.793154 v _043_/A (sky130_fd_sc_hd__nor4b_1)
     1    0.003618    0.184662    0.262303   11.055456 ^ _043_/Y (sky130_fd_sc_hd__nor4b_1)
                                                         _034_ (net)
                      0.184662    0.000268   11.055725 ^ hold9/A (sky130_fd_sc_hd__dlygate4sd3_1)
     1    0.003528    0.042412    0.395287   11.451012 ^ hold9/X (sky130_fd_sc_hd__dlygate4sd3_1)
                                                         net283 (net)
                      0.042412    0.000253   11.451265 ^ wire266/A (sky130_fd_sc_hd__buf_2)
     1    0.013687    0.055263    0.089789   11.541054 ^ wire266/X (sky130_fd_sc_hd__buf_2)
                                                         net266 (net)
                      0.055331    0.001272   11.542326 ^ hold10/A (sky130_fd_sc_hd__dlygate4sd3_1)
     5    0.041818    0.315059    0.573984   12.116309 ^ hold10/X (sky130_fd_sc_hd__dlygate4sd3_1)
                                                         net284 (net)
                      0.315150    0.005221   12.121530 ^ fanout263/A (sky130_fd_sc_hd__buf_4)
     1    0.003993    0.027333    0.093222   12.214752 ^ fanout263/X (sky130_fd_sc_hd__buf_4)
                                                         net263 (net)
                      0.027333    0.000170   12.214922 ^ hold11/A (sky130_fd_sc_hd__dlygate4sd3_1)
    33    0.120917    0.892951    0.960415   13.175337 ^ hold11/X (sky130_fd_sc_hd__dlygate4sd3_1)
                                                         net285 (net)
                      0.893077    0.008948   13.184284 ^ _124_/B (sky130_fd_sc_hd__and3_1)
     1    0.003639    0.055557    0.115102   13.299386 ^ _124_/X (sky130_fd_sc_hd__and3_1)
                                                         _021_ (net)
                      0.055558    0.000253   13.299639 ^ _157_/D (sky130_fd_sc_hd__dfrtp_4)
                                             13.299639   data arrival time

                                 25.000000   25.000000   clock clk (rise edge)
                                  4.650000   29.650000   clock source latency
     2    0.032467    0.610000    0.000000   29.650000 ^ clk (in)
                                                         clk (net)
                      0.618581    0.004290   29.654289 ^ wire3/A (sky130_fd_sc_hd__buf_4)
     3    0.035766    0.087169    0.140195   29.794485 ^ wire3/X (sky130_fd_sc_hd__buf_4)
                                                         net274 (net)
                      0.088187    0.007374   29.801857 ^ wire2/A (sky130_fd_sc_hd__buf_6)
     3    0.078960    0.121320    0.132683   29.934542 ^ wire2/X (sky130_fd_sc_hd__buf_6)
                                                         net273 (net)
                      0.127869    0.021782   29.956324 ^ wire1/A (sky130_fd_sc_hd__buf_6)
     3    0.081431    0.124079    0.139973   30.096296 ^ wire1/X (sky130_fd_sc_hd__buf_6)
                                                         net272 (net)
                      0.131229    0.022965   30.119261 ^ clkbuf_0_clk/A (sky130_fd_sc_hd__clkbuf_16)
     9    0.100467    0.090689    0.151349   30.270611 ^ clkbuf_0_clk/X (sky130_fd_sc_hd__clkbuf_16)
                                                         clknet_0_clk (net)
                      0.092507    0.010115   30.280725 ^ clkbuf_2_3__f_clk/A (sky130_fd_sc_hd__clkbuf_16)
    21    0.074593    0.070917    0.125766   30.406490 ^ clkbuf_2_3__f_clk/X (sky130_fd_sc_hd__clkbuf_16)
                                                         clknet_2_3__leaf_clk (net)
                      0.075384    0.013607   30.420097 ^ _157_/CLK (sky130_fd_sc_hd__dfrtp_4)
                                 -0.250000   30.170097   clock uncertainty
                                  0.000000   30.170097   clock reconvergence pessimism
                                 -0.038263   30.131834   library setup time
                                             30.131834   data required time
---------------------------------------------------------------------------------------------
                                             30.131834   data required time
                                            -13.299639   data arrival time
---------------------------------------------------------------------------------------------
                                             16.832195   slack (MET)


Startpoint: wbs_adr_i[31] (input port clocked by clk)
Endpoint: _155_ (rising edge-triggered flip-flop clocked by clk)
Path Group: clk
Path Type: max

Fanout         Cap        Slew       Delay        Time   Description
---------------------------------------------------------------------------------------------
                                  0.000000    0.000000   clock clk (rise edge)
                                  5.570000    5.570000   clock network delay (propagated)
                                  3.890000    9.460000 v input external delay
     2    0.003949    0.920000    0.000000    9.460000 v wbs_adr_i[31] (in)
                                                         wbs_adr_i[31] (net)
                      0.920182    0.000091    9.460092 v hold7/A (sky130_fd_sc_hd__dlygate4sd3_1)
     1    0.004241    0.043760    0.614552   10.074644 v hold7/X (sky130_fd_sc_hd__dlygate4sd3_1)
                                                         net281 (net)
                      0.043760    0.000308   10.074952 v input102/A (sky130_fd_sc_hd__clkbuf_8)
     3    0.074409    0.067902    0.124604   10.199556 v input102/X (sky130_fd_sc_hd__clkbuf_8)
                                                         net102 (net)
                      0.080118    0.021808   10.221364 v hold8/A (sky130_fd_sc_hd__dlygate4sd3_1)
     3    0.066087    0.232900    0.549580   10.770945 v hold8/X (sky130_fd_sc_hd__dlygate4sd3_1)
                                                         net282 (net)
                      0.236128    0.022209   10.793154 v _043_/A (sky130_fd_sc_hd__nor4b_1)
     1    0.003618    0.184662    0.262303   11.055456 ^ _043_/Y (sky130_fd_sc_hd__nor4b_1)
                                                         _034_ (net)
                      0.184662    0.000268   11.055725 ^ hold9/A (sky130_fd_sc_hd__dlygate4sd3_1)
     1    0.003528    0.042412    0.395287   11.451012 ^ hold9/X (sky130_fd_sc_hd__dlygate4sd3_1)
                                                         net283 (net)
                      0.042412    0.000253   11.451265 ^ wire266/A (sky130_fd_sc_hd__buf_2)
     1    0.013687    0.055263    0.089789   11.541054 ^ wire266/X (sky130_fd_sc_hd__buf_2)
                                                         net266 (net)
                      0.055331    0.001272   11.542326 ^ hold10/A (sky130_fd_sc_hd__dlygate4sd3_1)
     5    0.041818    0.315059    0.573984   12.116309 ^ hold10/X (sky130_fd_sc_hd__dlygate4sd3_1)
                                                         net284 (net)
                      0.315150    0.005221   12.121530 ^ fanout263/A (sky130_fd_sc_hd__buf_4)
     1    0.003993    0.027333    0.093222   12.214752 ^ fanout263/X (sky130_fd_sc_hd__buf_4)
                                                         net263 (net)
                      0.027333    0.000170   12.214922 ^ hold11/A (sky130_fd_sc_hd__dlygate4sd3_1)
    33    0.120917    0.892951    0.960415   13.175337 ^ hold11/X (sky130_fd_sc_hd__dlygate4sd3_1)
                                                         net285 (net)
                      0.893022    0.006754   13.182091 ^ _122_/B (sky130_fd_sc_hd__and3_1)
     1    0.004139    0.058399    0.118290   13.300381 ^ _122_/X (sky130_fd_sc_hd__and3_1)
                                                         _019_ (net)
                      0.058399    0.000312   13.300693 ^ _155_/D (sky130_fd_sc_hd__dfrtp_4)
                                             13.300693   data arrival time

                                 25.000000   25.000000   clock clk (rise edge)
                                  4.650000   29.650000   clock source latency
     2    0.032467    0.610000    0.000000   29.650000 ^ clk (in)
                                                         clk (net)
                      0.618581    0.004290   29.654289 ^ wire3/A (sky130_fd_sc_hd__buf_4)
     3    0.035766    0.087169    0.140195   29.794485 ^ wire3/X (sky130_fd_sc_hd__buf_4)
                                                         net274 (net)
                      0.088187    0.007374   29.801857 ^ wire2/A (sky130_fd_sc_hd__buf_6)
     3    0.078960    0.121320    0.132683   29.934542 ^ wire2/X (sky130_fd_sc_hd__buf_6)
                                                         net273 (net)
                      0.127869    0.021782   29.956324 ^ wire1/A (sky130_fd_sc_hd__buf_6)
     3    0.081431    0.124079    0.139973   30.096296 ^ wire1/X (sky130_fd_sc_hd__buf_6)
                                                         net272 (net)
                      0.131229    0.022965   30.119261 ^ clkbuf_0_clk/A (sky130_fd_sc_hd__clkbuf_16)
     9    0.100467    0.090689    0.151349   30.270611 ^ clkbuf_0_clk/X (sky130_fd_sc_hd__clkbuf_16)
                                                         clknet_0_clk (net)
                      0.092507    0.010115   30.280725 ^ clkbuf_2_3__f_clk/A (sky130_fd_sc_hd__clkbuf_16)
    21    0.074593    0.070917    0.125766   30.406490 ^ clkbuf_2_3__f_clk/X (sky130_fd_sc_hd__clkbuf_16)
                                                         clknet_2_3__leaf_clk (net)
                      0.076863    0.015802   30.422293 ^ _155_/CLK (sky130_fd_sc_hd__dfrtp_4)
                                 -0.250000   30.172293   clock uncertainty
                                  0.000000   30.172293   clock reconvergence pessimism
                                 -0.038483   30.133810   library setup time
                                             30.133810   data required time
---------------------------------------------------------------------------------------------
                                             30.133810   data required time
                                            -13.300693   data arrival time
---------------------------------------------------------------------------------------------
                                             16.833117   slack (MET)


Startpoint: wbs_adr_i[31] (input port clocked by clk)
Endpoint: _158_ (rising edge-triggered flip-flop clocked by clk)
Path Group: clk
Path Type: max

Fanout         Cap        Slew       Delay        Time   Description
---------------------------------------------------------------------------------------------
                                  0.000000    0.000000   clock clk (rise edge)
                                  5.570000    5.570000   clock network delay (propagated)
                                  3.890000    9.460000 v input external delay
     2    0.003949    0.920000    0.000000    9.460000 v wbs_adr_i[31] (in)
                                                         wbs_adr_i[31] (net)
                      0.920182    0.000091    9.460092 v hold7/A (sky130_fd_sc_hd__dlygate4sd3_1)
     1    0.004241    0.043760    0.614552   10.074644 v hold7/X (sky130_fd_sc_hd__dlygate4sd3_1)
                                                         net281 (net)
                      0.043760    0.000308   10.074952 v input102/A (sky130_fd_sc_hd__clkbuf_8)
     3    0.074409    0.067902    0.124604   10.199556 v input102/X (sky130_fd_sc_hd__clkbuf_8)
                                                         net102 (net)
                      0.080118    0.021808   10.221364 v hold8/A (sky130_fd_sc_hd__dlygate4sd3_1)
     3    0.066087    0.232900    0.549580   10.770945 v hold8/X (sky130_fd_sc_hd__dlygate4sd3_1)
                                                         net282 (net)
                      0.236128    0.022209   10.793154 v _043_/A (sky130_fd_sc_hd__nor4b_1)
     1    0.003618    0.184662    0.262303   11.055456 ^ _043_/Y (sky130_fd_sc_hd__nor4b_1)
                                                         _034_ (net)
                      0.184662    0.000268   11.055725 ^ hold9/A (sky130_fd_sc_hd__dlygate4sd3_1)
     1    0.003528    0.042412    0.395287   11.451012 ^ hold9/X (sky130_fd_sc_hd__dlygate4sd3_1)
                                                         net283 (net)
                      0.042412    0.000253   11.451265 ^ wire266/A (sky130_fd_sc_hd__buf_2)
     1    0.013687    0.055263    0.089789   11.541054 ^ wire266/X (sky130_fd_sc_hd__buf_2)
                                                         net266 (net)
                      0.055331    0.001272   11.542326 ^ hold10/A (sky130_fd_sc_hd__dlygate4sd3_1)
     5    0.041818    0.315059    0.573984   12.116309 ^ hold10/X (sky130_fd_sc_hd__dlygate4sd3_1)
                                                         net284 (net)
                      0.315150    0.005221   12.121530 ^ fanout263/A (sky130_fd_sc_hd__buf_4)
     1    0.003993    0.027333    0.093222   12.214752 ^ fanout263/X (sky130_fd_sc_hd__buf_4)
                                                         net263 (net)
                      0.027333    0.000170   12.214922 ^ hold11/A (sky130_fd_sc_hd__dlygate4sd3_1)
    33    0.120917    0.892951    0.960415   13.175337 ^ hold11/X (sky130_fd_sc_hd__dlygate4sd3_1)
                                                         net285 (net)
                      0.893022    0.006747   13.182084 ^ _125_/B (sky130_fd_sc_hd__and3_1)
     1    0.003634    0.055520    0.115069   13.297153 ^ _125_/X (sky130_fd_sc_hd__and3_1)
                                                         _022_ (net)
                      0.055520    0.000240   13.297393 ^ _158_/D (sky130_fd_sc_hd__dfrtp_4)
                                             13.297393   data arrival time

                                 25.000000   25.000000   clock clk (rise edge)
                                  4.650000   29.650000   clock source latency
     2    0.032467    0.610000    0.000000   29.650000 ^ clk (in)
                                                         clk (net)
                      0.618581    0.004290   29.654289 ^ wire3/A (sky130_fd_sc_hd__buf_4)
     3    0.035766    0.087169    0.140195   29.794485 ^ wire3/X (sky130_fd_sc_hd__buf_4)
                                                         net274 (net)
                      0.088187    0.007374   29.801857 ^ wire2/A (sky130_fd_sc_hd__buf_6)
     3    0.078960    0.121320    0.132683   29.934542 ^ wire2/X (sky130_fd_sc_hd__buf_6)
                                                         net273 (net)
                      0.127869    0.021782   29.956324 ^ wire1/A (sky130_fd_sc_hd__buf_6)
     3    0.081431    0.124079    0.139973   30.096296 ^ wire1/X (sky130_fd_sc_hd__buf_6)
                                                         net272 (net)
                      0.131229    0.022965   30.119261 ^ clkbuf_0_clk/A (sky130_fd_sc_hd__clkbuf_16)
     9    0.100467    0.090689    0.151349   30.270611 ^ clkbuf_0_clk/X (sky130_fd_sc_hd__clkbuf_16)
                                                         clknet_0_clk (net)
                      0.092507    0.010115   30.280725 ^ clkbuf_2_3__f_clk/A (sky130_fd_sc_hd__clkbuf_16)
    21    0.074593    0.070917    0.125766   30.406490 ^ clkbuf_2_3__f_clk/X (sky130_fd_sc_hd__clkbuf_16)
                                                         clknet_2_3__leaf_clk (net)
                      0.075905    0.014410   30.420900 ^ _158_/CLK (sky130_fd_sc_hd__dfrtp_4)
                                 -0.250000   30.170900   clock uncertainty
                                  0.000000   30.170900   clock reconvergence pessimism
                                 -0.038240   30.132662   library setup time
                                             30.132662   data required time
---------------------------------------------------------------------------------------------
                                             30.132662   data required time
                                            -13.297393   data arrival time
---------------------------------------------------------------------------------------------
                                             16.835270   slack (MET)


Startpoint: wbs_adr_i[31] (input port clocked by clk)
Endpoint: _147_ (rising edge-triggered flip-flop clocked by clk)
Path Group: clk
Path Type: max

Fanout         Cap        Slew       Delay        Time   Description
---------------------------------------------------------------------------------------------
                                  0.000000    0.000000   clock clk (rise edge)
                                  5.570000    5.570000   clock network delay (propagated)
                                  3.890000    9.460000 v input external delay
     2    0.003949    0.920000    0.000000    9.460000 v wbs_adr_i[31] (in)
                                                         wbs_adr_i[31] (net)
                      0.920182    0.000091    9.460092 v hold7/A (sky130_fd_sc_hd__dlygate4sd3_1)
     1    0.004241    0.043760    0.614552   10.074644 v hold7/X (sky130_fd_sc_hd__dlygate4sd3_1)
                                                         net281 (net)
                      0.043760    0.000308   10.074952 v input102/A (sky130_fd_sc_hd__clkbuf_8)
     3    0.074409    0.067902    0.124604   10.199556 v input102/X (sky130_fd_sc_hd__clkbuf_8)
                                                         net102 (net)
                      0.080118    0.021808   10.221364 v hold8/A (sky130_fd_sc_hd__dlygate4sd3_1)
     3    0.066087    0.232900    0.549580   10.770945 v hold8/X (sky130_fd_sc_hd__dlygate4sd3_1)
                                                         net282 (net)
                      0.236128    0.022209   10.793154 v _043_/A (sky130_fd_sc_hd__nor4b_1)
     1    0.003618    0.184662    0.262303   11.055456 ^ _043_/Y (sky130_fd_sc_hd__nor4b_1)
                                                         _034_ (net)
                      0.184662    0.000268   11.055725 ^ hold9/A (sky130_fd_sc_hd__dlygate4sd3_1)
     1    0.003528    0.042412    0.395287   11.451012 ^ hold9/X (sky130_fd_sc_hd__dlygate4sd3_1)
                                                         net283 (net)
                      0.042412    0.000253   11.451265 ^ wire266/A (sky130_fd_sc_hd__buf_2)
     1    0.013687    0.055263    0.089789   11.541054 ^ wire266/X (sky130_fd_sc_hd__buf_2)
                                                         net266 (net)
                      0.055331    0.001272   11.542326 ^ hold10/A (sky130_fd_sc_hd__dlygate4sd3_1)
     5    0.041818    0.315059    0.573984   12.116309 ^ hold10/X (sky130_fd_sc_hd__dlygate4sd3_1)
                                                         net284 (net)
                      0.315150    0.005221   12.121530 ^ fanout263/A (sky130_fd_sc_hd__buf_4)
     1    0.003993    0.027333    0.093222   12.214752 ^ fanout263/X (sky130_fd_sc_hd__buf_4)
                                                         net263 (net)
                      0.027333    0.000170   12.214922 ^ hold11/A (sky130_fd_sc_hd__dlygate4sd3_1)
    33    0.120917    0.892951    0.960415   13.175337 ^ hold11/X (sky130_fd_sc_hd__dlygate4sd3_1)
                                                         net285 (net)
                      0.893328    0.015337   13.190674 ^ _114_/B (sky130_fd_sc_hd__and3_1)
     1    0.003707    0.056050    0.115657   13.306331 ^ _114_/X (sky130_fd_sc_hd__and3_1)
                                                         _010_ (net)
                      0.056051    0.000247   13.306578 ^ _147_/D (sky130_fd_sc_hd__dfrtp_2)
                                             13.306578   data arrival time

                                 25.000000   25.000000   clock clk (rise edge)
                                  4.650000   29.650000   clock source latency
     2    0.032467    0.610000    0.000000   29.650000 ^ clk (in)
                                                         clk (net)
                      0.618581    0.004290   29.654289 ^ wire3/A (sky130_fd_sc_hd__buf_4)
     3    0.035766    0.087169    0.140195   29.794485 ^ wire3/X (sky130_fd_sc_hd__buf_4)
                                                         net274 (net)
                      0.088187    0.007374   29.801857 ^ wire2/A (sky130_fd_sc_hd__buf_6)
     3    0.078960    0.121320    0.132683   29.934542 ^ wire2/X (sky130_fd_sc_hd__buf_6)
                                                         net273 (net)
                      0.127869    0.021782   29.956324 ^ wire1/A (sky130_fd_sc_hd__buf_6)
     3    0.081431    0.124079    0.139973   30.096296 ^ wire1/X (sky130_fd_sc_hd__buf_6)
                                                         net272 (net)
                      0.131229    0.022965   30.119261 ^ clkbuf_0_clk/A (sky130_fd_sc_hd__clkbuf_16)
     9    0.100467    0.090689    0.151349   30.270611 ^ clkbuf_0_clk/X (sky130_fd_sc_hd__clkbuf_16)
                                                         clknet_0_clk (net)
                      0.092512    0.010129   30.280739 ^ clkbuf_2_2__f_clk/A (sky130_fd_sc_hd__clkbuf_16)
    17    0.093430    0.085225    0.137479   30.418219 ^ clkbuf_2_2__f_clk/X (sky130_fd_sc_hd__clkbuf_16)
                                                         clknet_2_2__leaf_clk (net)
                      0.087685    0.011337   30.429554 ^ _147_/CLK (sky130_fd_sc_hd__dfrtp_2)
                                 -0.250000   30.179554   clock uncertainty
                                  0.000000   30.179554   clock reconvergence pessimism
                                 -0.036714   30.142839   library setup time
                                             30.142839   data required time
---------------------------------------------------------------------------------------------
                                             30.142839   data required time
                                            -13.306578   data arrival time
---------------------------------------------------------------------------------------------
                                             16.836262   slack (MET)


Startpoint: wbs_adr_i[31] (input port clocked by clk)
Endpoint: _152_ (rising edge-triggered flip-flop clocked by clk)
Path Group: clk
Path Type: max

Fanout         Cap        Slew       Delay        Time   Description
---------------------------------------------------------------------------------------------
                                  0.000000    0.000000   clock clk (rise edge)
                                  5.570000    5.570000   clock network delay (propagated)
                                  3.890000    9.460000 v input external delay
     2    0.003949    0.920000    0.000000    9.460000 v wbs_adr_i[31] (in)
                                                         wbs_adr_i[31] (net)
                      0.920182    0.000091    9.460092 v hold7/A (sky130_fd_sc_hd__dlygate4sd3_1)
     1    0.004241    0.043760    0.614552   10.074644 v hold7/X (sky130_fd_sc_hd__dlygate4sd3_1)
                                                         net281 (net)
                      0.043760    0.000308   10.074952 v input102/A (sky130_fd_sc_hd__clkbuf_8)
     3    0.074409    0.067902    0.124604   10.199556 v input102/X (sky130_fd_sc_hd__clkbuf_8)
                                                         net102 (net)
                      0.080118    0.021808   10.221364 v hold8/A (sky130_fd_sc_hd__dlygate4sd3_1)
     3    0.066087    0.232900    0.549580   10.770945 v hold8/X (sky130_fd_sc_hd__dlygate4sd3_1)
                                                         net282 (net)
                      0.236128    0.022209   10.793154 v _043_/A (sky130_fd_sc_hd__nor4b_1)
     1    0.003618    0.184662    0.262303   11.055456 ^ _043_/Y (sky130_fd_sc_hd__nor4b_1)
                                                         _034_ (net)
                      0.184662    0.000268   11.055725 ^ hold9/A (sky130_fd_sc_hd__dlygate4sd3_1)
     1    0.003528    0.042412    0.395287   11.451012 ^ hold9/X (sky130_fd_sc_hd__dlygate4sd3_1)
                                                         net283 (net)
                      0.042412    0.000253   11.451265 ^ wire266/A (sky130_fd_sc_hd__buf_2)
     1    0.013687    0.055263    0.089789   11.541054 ^ wire266/X (sky130_fd_sc_hd__buf_2)
                                                         net266 (net)
                      0.055331    0.001272   11.542326 ^ hold10/A (sky130_fd_sc_hd__dlygate4sd3_1)
     5    0.041818    0.315059    0.573984   12.116309 ^ hold10/X (sky130_fd_sc_hd__dlygate4sd3_1)
                                                         net284 (net)
                      0.315150    0.005221   12.121530 ^ fanout263/A (sky130_fd_sc_hd__buf_4)
     1    0.003993    0.027333    0.093222   12.214752 ^ fanout263/X (sky130_fd_sc_hd__buf_4)
                                                         net263 (net)
                      0.027333    0.000170   12.214922 ^ hold11/A (sky130_fd_sc_hd__dlygate4sd3_1)
    33    0.120917    0.892951    0.960415   13.175337 ^ hold11/X (sky130_fd_sc_hd__dlygate4sd3_1)
                                                         net285 (net)
                      0.893033    0.007271   13.182608 ^ _119_/B (sky130_fd_sc_hd__and3_1)
     1    0.003504    0.054596    0.114001   13.296609 ^ _119_/X (sky130_fd_sc_hd__and3_1)
                                                         _016_ (net)
                      0.054596    0.000226   13.296835 ^ _152_/D (sky130_fd_sc_hd__dfrtp_4)
                                             13.296835   data arrival time

                                 25.000000   25.000000   clock clk (rise edge)
                                  4.650000   29.650000   clock source latency
     2    0.032467    0.610000    0.000000   29.650000 ^ clk (in)
                                                         clk (net)
                      0.618581    0.004290   29.654289 ^ wire3/A (sky130_fd_sc_hd__buf_4)
     3    0.035766    0.087169    0.140195   29.794485 ^ wire3/X (sky130_fd_sc_hd__buf_4)
                                                         net274 (net)
                      0.088187    0.007374   29.801857 ^ wire2/A (sky130_fd_sc_hd__buf_6)
     3    0.078960    0.121320    0.132683   29.934542 ^ wire2/X (sky130_fd_sc_hd__buf_6)
                                                         net273 (net)
                      0.127869    0.021782   29.956324 ^ wire1/A (sky130_fd_sc_hd__buf_6)
     3    0.081431    0.124079    0.139973   30.096296 ^ wire1/X (sky130_fd_sc_hd__buf_6)
                                                         net272 (net)
                      0.131229    0.022965   30.119261 ^ clkbuf_0_clk/A (sky130_fd_sc_hd__clkbuf_16)
     9    0.100467    0.090689    0.151349   30.270611 ^ clkbuf_0_clk/X (sky130_fd_sc_hd__clkbuf_16)
                                                         clknet_0_clk (net)
                      0.092507    0.010115   30.280725 ^ clkbuf_2_3__f_clk/A (sky130_fd_sc_hd__clkbuf_16)
    21    0.074593    0.070917    0.125766   30.406490 ^ clkbuf_2_3__f_clk/X (sky130_fd_sc_hd__clkbuf_16)
                                                         clknet_2_3__leaf_clk (net)
                      0.076858    0.015795   30.422285 ^ _152_/CLK (sky130_fd_sc_hd__dfrtp_4)
                                 -0.250000   30.172285   clock uncertainty
                                  0.000000   30.172285   clock reconvergence pessimism
                                 -0.038113   30.134172   library setup time
                                             30.134172   data required time
---------------------------------------------------------------------------------------------
                                             30.134172   data required time
                                            -13.296835   data arrival time
---------------------------------------------------------------------------------------------
                                             16.837337   slack (MET)


Startpoint: wbs_adr_i[31] (input port clocked by clk)
Endpoint: _154_ (rising edge-triggered flip-flop clocked by clk)
Path Group: clk
Path Type: max

Fanout         Cap        Slew       Delay        Time   Description
---------------------------------------------------------------------------------------------
                                  0.000000    0.000000   clock clk (rise edge)
                                  5.570000    5.570000   clock network delay (propagated)
                                  3.890000    9.460000 v input external delay
     2    0.003949    0.920000    0.000000    9.460000 v wbs_adr_i[31] (in)
                                                         wbs_adr_i[31] (net)
                      0.920182    0.000091    9.460092 v hold7/A (sky130_fd_sc_hd__dlygate4sd3_1)
     1    0.004241    0.043760    0.614552   10.074644 v hold7/X (sky130_fd_sc_hd__dlygate4sd3_1)
                                                         net281 (net)
                      0.043760    0.000308   10.074952 v input102/A (sky130_fd_sc_hd__clkbuf_8)
     3    0.074409    0.067902    0.124604   10.199556 v input102/X (sky130_fd_sc_hd__clkbuf_8)
                                                         net102 (net)
                      0.080118    0.021808   10.221364 v hold8/A (sky130_fd_sc_hd__dlygate4sd3_1)
     3    0.066087    0.232900    0.549580   10.770945 v hold8/X (sky130_fd_sc_hd__dlygate4sd3_1)
                                                         net282 (net)
                      0.236128    0.022209   10.793154 v _043_/A (sky130_fd_sc_hd__nor4b_1)
     1    0.003618    0.184662    0.262303   11.055456 ^ _043_/Y (sky130_fd_sc_hd__nor4b_1)
                                                         _034_ (net)
                      0.184662    0.000268   11.055725 ^ hold9/A (sky130_fd_sc_hd__dlygate4sd3_1)
     1    0.003528    0.042412    0.395287   11.451012 ^ hold9/X (sky130_fd_sc_hd__dlygate4sd3_1)
                                                         net283 (net)
                      0.042412    0.000253   11.451265 ^ wire266/A (sky130_fd_sc_hd__buf_2)
     1    0.013687    0.055263    0.089789   11.541054 ^ wire266/X (sky130_fd_sc_hd__buf_2)
                                                         net266 (net)
                      0.055331    0.001272   11.542326 ^ hold10/A (sky130_fd_sc_hd__dlygate4sd3_1)
     5    0.041818    0.315059    0.573984   12.116309 ^ hold10/X (sky130_fd_sc_hd__dlygate4sd3_1)
                                                         net284 (net)
                      0.315150    0.005221   12.121530 ^ fanout263/A (sky130_fd_sc_hd__buf_4)
     1    0.003993    0.027333    0.093222   12.214752 ^ fanout263/X (sky130_fd_sc_hd__buf_4)
                                                         net263 (net)
                      0.027333    0.000170   12.214922 ^ hold11/A (sky130_fd_sc_hd__dlygate4sd3_1)
    33    0.120917    0.892951    0.960415   13.175337 ^ hold11/X (sky130_fd_sc_hd__dlygate4sd3_1)
                                                         net285 (net)
                      0.893042    0.007647   13.182984 ^ _121_/B (sky130_fd_sc_hd__and3_1)
     1    0.003410    0.053941    0.113241   13.296225 ^ _121_/X (sky130_fd_sc_hd__and3_1)
                                                         _018_ (net)
                      0.053941    0.000217   13.296442 ^ _154_/D (sky130_fd_sc_hd__dfrtp_4)
                                             13.296442   data arrival time

                                 25.000000   25.000000   clock clk (rise edge)
                                  4.650000   29.650000   clock source latency
     2    0.032467    0.610000    0.000000   29.650000 ^ clk (in)
                                                         clk (net)
                      0.618581    0.004290   29.654289 ^ wire3/A (sky130_fd_sc_hd__buf_4)
     3    0.035766    0.087169    0.140195   29.794485 ^ wire3/X (sky130_fd_sc_hd__buf_4)
                                                         net274 (net)
                      0.088187    0.007374   29.801857 ^ wire2/A (sky130_fd_sc_hd__buf_6)
     3    0.078960    0.121320    0.132683   29.934542 ^ wire2/X (sky130_fd_sc_hd__buf_6)
                                                         net273 (net)
                      0.127869    0.021782   29.956324 ^ wire1/A (sky130_fd_sc_hd__buf_6)
     3    0.081431    0.124079    0.139973   30.096296 ^ wire1/X (sky130_fd_sc_hd__buf_6)
                                                         net272 (net)
                      0.131229    0.022965   30.119261 ^ clkbuf_0_clk/A (sky130_fd_sc_hd__clkbuf_16)
     9    0.100467    0.090689    0.151349   30.270611 ^ clkbuf_0_clk/X (sky130_fd_sc_hd__clkbuf_16)
                                                         clknet_0_clk (net)
                      0.092507    0.010115   30.280725 ^ clkbuf_2_3__f_clk/A (sky130_fd_sc_hd__clkbuf_16)
    21    0.074593    0.070917    0.125766   30.406490 ^ clkbuf_2_3__f_clk/X (sky130_fd_sc_hd__clkbuf_16)
                                                         clknet_2_3__leaf_clk (net)
                      0.076811    0.015728   30.422218 ^ _154_/CLK (sky130_fd_sc_hd__dfrtp_4)
                                 -0.250000   30.172218   clock uncertainty
                                  0.000000   30.172218   clock reconvergence pessimism
                                 -0.038051   30.134169   library setup time
                                             30.134169   data required time
---------------------------------------------------------------------------------------------
                                             30.134169   data required time
                                            -13.296442   data arrival time
---------------------------------------------------------------------------------------------
                                             16.837727   slack (MET)


Startpoint: wbs_adr_i[31] (input port clocked by clk)
Endpoint: _159_ (rising edge-triggered flip-flop clocked by clk)
Path Group: clk
Path Type: max

Fanout         Cap        Slew       Delay        Time   Description
---------------------------------------------------------------------------------------------
                                  0.000000    0.000000   clock clk (rise edge)
                                  5.570000    5.570000   clock network delay (propagated)
                                  3.890000    9.460000 v input external delay
     2    0.003949    0.920000    0.000000    9.460000 v wbs_adr_i[31] (in)
                                                         wbs_adr_i[31] (net)
                      0.920182    0.000091    9.460092 v hold7/A (sky130_fd_sc_hd__dlygate4sd3_1)
     1    0.004241    0.043760    0.614552   10.074644 v hold7/X (sky130_fd_sc_hd__dlygate4sd3_1)
                                                         net281 (net)
                      0.043760    0.000308   10.074952 v input102/A (sky130_fd_sc_hd__clkbuf_8)
     3    0.074409    0.067902    0.124604   10.199556 v input102/X (sky130_fd_sc_hd__clkbuf_8)
                                                         net102 (net)
                      0.080118    0.021808   10.221364 v hold8/A (sky130_fd_sc_hd__dlygate4sd3_1)
     3    0.066087    0.232900    0.549580   10.770945 v hold8/X (sky130_fd_sc_hd__dlygate4sd3_1)
                                                         net282 (net)
                      0.236128    0.022209   10.793154 v _043_/A (sky130_fd_sc_hd__nor4b_1)
     1    0.003618    0.184662    0.262303   11.055456 ^ _043_/Y (sky130_fd_sc_hd__nor4b_1)
                                                         _034_ (net)
                      0.184662    0.000268   11.055725 ^ hold9/A (sky130_fd_sc_hd__dlygate4sd3_1)
     1    0.003528    0.042412    0.395287   11.451012 ^ hold9/X (sky130_fd_sc_hd__dlygate4sd3_1)
                                                         net283 (net)
                      0.042412    0.000253   11.451265 ^ wire266/A (sky130_fd_sc_hd__buf_2)
     1    0.013687    0.055263    0.089789   11.541054 ^ wire266/X (sky130_fd_sc_hd__buf_2)
                                                         net266 (net)
                      0.055331    0.001272   11.542326 ^ hold10/A (sky130_fd_sc_hd__dlygate4sd3_1)
     5    0.041818    0.315059    0.573984   12.116309 ^ hold10/X (sky130_fd_sc_hd__dlygate4sd3_1)
                                                         net284 (net)
                      0.315150    0.005221   12.121530 ^ fanout263/A (sky130_fd_sc_hd__buf_4)
     1    0.003993    0.027333    0.093222   12.214752 ^ fanout263/X (sky130_fd_sc_hd__buf_4)
                                                         net263 (net)
                      0.027333    0.000170   12.214922 ^ hold11/A (sky130_fd_sc_hd__dlygate4sd3_1)
    33    0.120917    0.892951    0.960415   13.175337 ^ hold11/X (sky130_fd_sc_hd__dlygate4sd3_1)
                                                         net285 (net)
                      0.893044    0.007718   13.183055 ^ _126_/B (sky130_fd_sc_hd__and3_1)
     1    0.004132    0.058361    0.118273   13.301328 ^ _126_/X (sky130_fd_sc_hd__and3_1)
                                                         _024_ (net)
                      0.058361    0.000261   13.301589 ^ _159_/D (sky130_fd_sc_hd__dfrtp_4)
                                             13.301589   data arrival time

                                 25.000000   25.000000   clock clk (rise edge)
                                  4.650000   29.650000   clock source latency
     2    0.032467    0.610000    0.000000   29.650000 ^ clk (in)
                                                         clk (net)
                      0.618581    0.004290   29.654289 ^ wire3/A (sky130_fd_sc_hd__buf_4)
     3    0.035766    0.087169    0.140195   29.794485 ^ wire3/X (sky130_fd_sc_hd__buf_4)
                                                         net274 (net)
                      0.088187    0.007374   29.801857 ^ wire2/A (sky130_fd_sc_hd__buf_6)
     3    0.078960    0.121320    0.132683   29.934542 ^ wire2/X (sky130_fd_sc_hd__buf_6)
                                                         net273 (net)
                      0.127869    0.021782   29.956324 ^ wire1/A (sky130_fd_sc_hd__buf_6)
     3    0.081431    0.124079    0.139973   30.096296 ^ wire1/X (sky130_fd_sc_hd__buf_6)
                                                         net272 (net)
                      0.131229    0.022965   30.119261 ^ clkbuf_0_clk/A (sky130_fd_sc_hd__clkbuf_16)
     9    0.100467    0.090689    0.151349   30.270611 ^ clkbuf_0_clk/X (sky130_fd_sc_hd__clkbuf_16)
                                                         clknet_0_clk (net)
                      0.092512    0.010129   30.280739 ^ clkbuf_2_2__f_clk/A (sky130_fd_sc_hd__clkbuf_16)
    17    0.093430    0.085225    0.137479   30.418219 ^ clkbuf_2_2__f_clk/X (sky130_fd_sc_hd__clkbuf_16)
                                                         clknet_2_2__leaf_clk (net)
                      0.089020    0.014104   30.432322 ^ _159_/CLK (sky130_fd_sc_hd__dfrtp_4)
                                 -0.250000   30.182322   clock uncertainty
                                  0.000000   30.182322   clock reconvergence pessimism
                                 -0.038011   30.144312   library setup time
                                             30.144312   data required time
---------------------------------------------------------------------------------------------
                                             30.144312   data required time
                                            -13.301589   data arrival time
---------------------------------------------------------------------------------------------
                                             16.842724   slack (MET)


Startpoint: wbs_adr_i[31] (input port clocked by clk)
Endpoint: _151_ (rising edge-triggered flip-flop clocked by clk)
Path Group: clk
Path Type: max

Fanout         Cap        Slew       Delay        Time   Description
---------------------------------------------------------------------------------------------
                                  0.000000    0.000000   clock clk (rise edge)
                                  5.570000    5.570000   clock network delay (propagated)
                                  3.890000    9.460000 v input external delay
     2    0.003949    0.920000    0.000000    9.460000 v wbs_adr_i[31] (in)
                                                         wbs_adr_i[31] (net)
                      0.920182    0.000091    9.460092 v hold7/A (sky130_fd_sc_hd__dlygate4sd3_1)
     1    0.004241    0.043760    0.614552   10.074644 v hold7/X (sky130_fd_sc_hd__dlygate4sd3_1)
                                                         net281 (net)
                      0.043760    0.000308   10.074952 v input102/A (sky130_fd_sc_hd__clkbuf_8)
     3    0.074409    0.067902    0.124604   10.199556 v input102/X (sky130_fd_sc_hd__clkbuf_8)
                                                         net102 (net)
                      0.080118    0.021808   10.221364 v hold8/A (sky130_fd_sc_hd__dlygate4sd3_1)
     3    0.066087    0.232900    0.549580   10.770945 v hold8/X (sky130_fd_sc_hd__dlygate4sd3_1)
                                                         net282 (net)
                      0.236128    0.022209   10.793154 v _043_/A (sky130_fd_sc_hd__nor4b_1)
     1    0.003618    0.184662    0.262303   11.055456 ^ _043_/Y (sky130_fd_sc_hd__nor4b_1)
                                                         _034_ (net)
                      0.184662    0.000268   11.055725 ^ hold9/A (sky130_fd_sc_hd__dlygate4sd3_1)
     1    0.003528    0.042412    0.395287   11.451012 ^ hold9/X (sky130_fd_sc_hd__dlygate4sd3_1)
                                                         net283 (net)
                      0.042412    0.000253   11.451265 ^ wire266/A (sky130_fd_sc_hd__buf_2)
     1    0.013687    0.055263    0.089789   11.541054 ^ wire266/X (sky130_fd_sc_hd__buf_2)
                                                         net266 (net)
                      0.055331    0.001272   11.542326 ^ hold10/A (sky130_fd_sc_hd__dlygate4sd3_1)
     5    0.041818    0.315059    0.573984   12.116309 ^ hold10/X (sky130_fd_sc_hd__dlygate4sd3_1)
                                                         net284 (net)
                      0.315150    0.005221   12.121530 ^ fanout263/A (sky130_fd_sc_hd__buf_4)
     1    0.003993    0.027333    0.093222   12.214752 ^ fanout263/X (sky130_fd_sc_hd__buf_4)
                                                         net263 (net)
                      0.027333    0.000170   12.214922 ^ hold11/A (sky130_fd_sc_hd__dlygate4sd3_1)
    33    0.120917    0.892951    0.960415   13.175337 ^ hold11/X (sky130_fd_sc_hd__dlygate4sd3_1)
                                                         net285 (net)
                      0.893019    0.006636   13.181973 ^ _118_/B (sky130_fd_sc_hd__and3_1)
     1    0.002929    0.050623    0.109289   13.291262 ^ _118_/X (sky130_fd_sc_hd__and3_1)
                                                         _015_ (net)
                      0.050623    0.000193   13.291454 ^ _151_/D (sky130_fd_sc_hd__dfrtp_4)
                                             13.291454   data arrival time

                                 25.000000   25.000000   clock clk (rise edge)
                                  4.650000   29.650000   clock source latency
     2    0.032467    0.610000    0.000000   29.650000 ^ clk (in)
                                                         clk (net)
                      0.618581    0.004290   29.654289 ^ wire3/A (sky130_fd_sc_hd__buf_4)
     3    0.035766    0.087169    0.140195   29.794485 ^ wire3/X (sky130_fd_sc_hd__buf_4)
                                                         net274 (net)
                      0.088187    0.007374   29.801857 ^ wire2/A (sky130_fd_sc_hd__buf_6)
     3    0.078960    0.121320    0.132683   29.934542 ^ wire2/X (sky130_fd_sc_hd__buf_6)
                                                         net273 (net)
                      0.127869    0.021782   29.956324 ^ wire1/A (sky130_fd_sc_hd__buf_6)
     3    0.081431    0.124079    0.139973   30.096296 ^ wire1/X (sky130_fd_sc_hd__buf_6)
                                                         net272 (net)
                      0.131229    0.022965   30.119261 ^ clkbuf_0_clk/A (sky130_fd_sc_hd__clkbuf_16)
     9    0.100467    0.090689    0.151349   30.270611 ^ clkbuf_0_clk/X (sky130_fd_sc_hd__clkbuf_16)
                                                         clknet_0_clk (net)
                      0.092507    0.010115   30.280725 ^ clkbuf_2_3__f_clk/A (sky130_fd_sc_hd__clkbuf_16)
    21    0.074593    0.070917    0.125766   30.406490 ^ clkbuf_2_3__f_clk/X (sky130_fd_sc_hd__clkbuf_16)
                                                         clknet_2_3__leaf_clk (net)
                      0.076897    0.015849   30.422338 ^ _151_/CLK (sky130_fd_sc_hd__dfrtp_4)
                                 -0.250000   30.172338   clock uncertainty
                                  0.000000   30.172338   clock reconvergence pessimism
                                 -0.037724   30.134615   library setup time
                                             30.134615   data required time
---------------------------------------------------------------------------------------------
                                             30.134615   data required time
                                            -13.291454   data arrival time
---------------------------------------------------------------------------------------------
                                             16.843161   slack (MET)


Startpoint: wbs_adr_i[31] (input port clocked by clk)
Endpoint: _150_ (rising edge-triggered flip-flop clocked by clk)
Path Group: clk
Path Type: max

Fanout         Cap        Slew       Delay        Time   Description
---------------------------------------------------------------------------------------------
                                  0.000000    0.000000   clock clk (rise edge)
                                  5.570000    5.570000   clock network delay (propagated)
                                  3.890000    9.460000 v input external delay
     2    0.003949    0.920000    0.000000    9.460000 v wbs_adr_i[31] (in)
                                                         wbs_adr_i[31] (net)
                      0.920182    0.000091    9.460092 v hold7/A (sky130_fd_sc_hd__dlygate4sd3_1)
     1    0.004241    0.043760    0.614552   10.074644 v hold7/X (sky130_fd_sc_hd__dlygate4sd3_1)
                                                         net281 (net)
                      0.043760    0.000308   10.074952 v input102/A (sky130_fd_sc_hd__clkbuf_8)
     3    0.074409    0.067902    0.124604   10.199556 v input102/X (sky130_fd_sc_hd__clkbuf_8)
                                                         net102 (net)
                      0.080118    0.021808   10.221364 v hold8/A (sky130_fd_sc_hd__dlygate4sd3_1)
     3    0.066087    0.232900    0.549580   10.770945 v hold8/X (sky130_fd_sc_hd__dlygate4sd3_1)
                                                         net282 (net)
                      0.236128    0.022209   10.793154 v _043_/A (sky130_fd_sc_hd__nor4b_1)
     1    0.003618    0.184662    0.262303   11.055456 ^ _043_/Y (sky130_fd_sc_hd__nor4b_1)
                                                         _034_ (net)
                      0.184662    0.000268   11.055725 ^ hold9/A (sky130_fd_sc_hd__dlygate4sd3_1)
     1    0.003528    0.042412    0.395287   11.451012 ^ hold9/X (sky130_fd_sc_hd__dlygate4sd3_1)
                                                         net283 (net)
                      0.042412    0.000253   11.451265 ^ wire266/A (sky130_fd_sc_hd__buf_2)
     1    0.013687    0.055263    0.089789   11.541054 ^ wire266/X (sky130_fd_sc_hd__buf_2)
                                                         net266 (net)
                      0.055331    0.001272   11.542326 ^ hold10/A (sky130_fd_sc_hd__dlygate4sd3_1)
     5    0.041818    0.315059    0.573984   12.116309 ^ hold10/X (sky130_fd_sc_hd__dlygate4sd3_1)
                                                         net284 (net)
                      0.315150    0.005221   12.121530 ^ fanout263/A (sky130_fd_sc_hd__buf_4)
     1    0.003993    0.027333    0.093222   12.214752 ^ fanout263/X (sky130_fd_sc_hd__buf_4)
                                                         net263 (net)
                      0.027333    0.000170   12.214922 ^ hold11/A (sky130_fd_sc_hd__dlygate4sd3_1)
    33    0.120917    0.892951    0.960415   13.175337 ^ hold11/X (sky130_fd_sc_hd__dlygate4sd3_1)
                                                         net285 (net)
                      0.893030    0.007137   13.182474 ^ _117_/B (sky130_fd_sc_hd__and3_1)
     1    0.003957    0.057421    0.117218   13.299692 ^ _117_/X (sky130_fd_sc_hd__and3_1)
                                                         _014_ (net)
                      0.057422    0.000267   13.299960 ^ _150_/D (sky130_fd_sc_hd__dfrtp_4)
                                             13.299960   data arrival time

                                 25.000000   25.000000   clock clk (rise edge)
                                  4.650000   29.650000   clock source latency
     2    0.032467    0.610000    0.000000   29.650000 ^ clk (in)
                                                         clk (net)
                      0.618581    0.004290   29.654289 ^ wire3/A (sky130_fd_sc_hd__buf_4)
     3    0.035766    0.087169    0.140195   29.794485 ^ wire3/X (sky130_fd_sc_hd__buf_4)
                                                         net274 (net)
                      0.088187    0.007374   29.801857 ^ wire2/A (sky130_fd_sc_hd__buf_6)
     3    0.078960    0.121320    0.132683   29.934542 ^ wire2/X (sky130_fd_sc_hd__buf_6)
                                                         net273 (net)
                      0.127869    0.021782   29.956324 ^ wire1/A (sky130_fd_sc_hd__buf_6)
     3    0.081431    0.124079    0.139973   30.096296 ^ wire1/X (sky130_fd_sc_hd__buf_6)
                                                         net272 (net)
                      0.131229    0.022965   30.119261 ^ clkbuf_0_clk/A (sky130_fd_sc_hd__clkbuf_16)
     9    0.100467    0.090689    0.151349   30.270611 ^ clkbuf_0_clk/X (sky130_fd_sc_hd__clkbuf_16)
                                                         clknet_0_clk (net)
                      0.092512    0.010129   30.280739 ^ clkbuf_2_2__f_clk/A (sky130_fd_sc_hd__clkbuf_16)
    17    0.093430    0.085225    0.137479   30.418219 ^ clkbuf_2_2__f_clk/X (sky130_fd_sc_hd__clkbuf_16)
                                                         clknet_2_2__leaf_clk (net)
                      0.088857    0.013795   30.432013 ^ _150_/CLK (sky130_fd_sc_hd__dfrtp_4)
                                 -0.250000   30.182013   clock uncertainty
                                  0.000000   30.182013   clock reconvergence pessimism
                                 -0.037926   30.144087   library setup time
                                             30.144087   data required time
---------------------------------------------------------------------------------------------
                                             30.144087   data required time
                                            -13.299960   data arrival time
---------------------------------------------------------------------------------------------
                                             16.844126   slack (MET)


Startpoint: wbs_adr_i[31] (input port clocked by clk)
Endpoint: _148_ (rising edge-triggered flip-flop clocked by clk)
Path Group: clk
Path Type: max

Fanout         Cap        Slew       Delay        Time   Description
---------------------------------------------------------------------------------------------
                                  0.000000    0.000000   clock clk (rise edge)
                                  5.570000    5.570000   clock network delay (propagated)
                                  3.890000    9.460000 v input external delay
     2    0.003949    0.920000    0.000000    9.460000 v wbs_adr_i[31] (in)
                                                         wbs_adr_i[31] (net)
                      0.920182    0.000091    9.460092 v hold7/A (sky130_fd_sc_hd__dlygate4sd3_1)
     1    0.004241    0.043760    0.614552   10.074644 v hold7/X (sky130_fd_sc_hd__dlygate4sd3_1)
                                                         net281 (net)
                      0.043760    0.000308   10.074952 v input102/A (sky130_fd_sc_hd__clkbuf_8)
     3    0.074409    0.067902    0.124604   10.199556 v input102/X (sky130_fd_sc_hd__clkbuf_8)
                                                         net102 (net)
                      0.080118    0.021808   10.221364 v hold8/A (sky130_fd_sc_hd__dlygate4sd3_1)
     3    0.066087    0.232900    0.549580   10.770945 v hold8/X (sky130_fd_sc_hd__dlygate4sd3_1)
                                                         net282 (net)
                      0.236128    0.022209   10.793154 v _043_/A (sky130_fd_sc_hd__nor4b_1)
     1    0.003618    0.184662    0.262303   11.055456 ^ _043_/Y (sky130_fd_sc_hd__nor4b_1)
                                                         _034_ (net)
                      0.184662    0.000268   11.055725 ^ hold9/A (sky130_fd_sc_hd__dlygate4sd3_1)
     1    0.003528    0.042412    0.395287   11.451012 ^ hold9/X (sky130_fd_sc_hd__dlygate4sd3_1)
                                                         net283 (net)
                      0.042412    0.000253   11.451265 ^ wire266/A (sky130_fd_sc_hd__buf_2)
     1    0.013687    0.055263    0.089789   11.541054 ^ wire266/X (sky130_fd_sc_hd__buf_2)
                                                         net266 (net)
                      0.055331    0.001272   11.542326 ^ hold10/A (sky130_fd_sc_hd__dlygate4sd3_1)
     5    0.041818    0.315059    0.573984   12.116309 ^ hold10/X (sky130_fd_sc_hd__dlygate4sd3_1)
                                                         net284 (net)
                      0.315150    0.005221   12.121530 ^ fanout263/A (sky130_fd_sc_hd__buf_4)
     1    0.003993    0.027333    0.093222   12.214752 ^ fanout263/X (sky130_fd_sc_hd__buf_4)
                                                         net263 (net)
                      0.027333    0.000170   12.214922 ^ hold11/A (sky130_fd_sc_hd__dlygate4sd3_1)
    33    0.120917    0.892951    0.960415   13.175337 ^ hold11/X (sky130_fd_sc_hd__dlygate4sd3_1)
                                                         net285 (net)
                      0.893097    0.009615   13.184951 ^ _115_/B (sky130_fd_sc_hd__and3_1)
     1    0.003294    0.053128    0.112272   13.297223 ^ _115_/X (sky130_fd_sc_hd__and3_1)
                                                         _011_ (net)
                      0.053128    0.000229   13.297452 ^ _148_/D (sky130_fd_sc_hd__dfrtp_4)
                                             13.297452   data arrival time

                                 25.000000   25.000000   clock clk (rise edge)
                                  4.650000   29.650000   clock source latency
     2    0.032467    0.610000    0.000000   29.650000 ^ clk (in)
                                                         clk (net)
                      0.618581    0.004290   29.654289 ^ wire3/A (sky130_fd_sc_hd__buf_4)
     3    0.035766    0.087169    0.140195   29.794485 ^ wire3/X (sky130_fd_sc_hd__buf_4)
                                                         net274 (net)
                      0.088187    0.007374   29.801857 ^ wire2/A (sky130_fd_sc_hd__buf_6)
     3    0.078960    0.121320    0.132683   29.934542 ^ wire2/X (sky130_fd_sc_hd__buf_6)
                                                         net273 (net)
                      0.127869    0.021782   29.956324 ^ wire1/A (sky130_fd_sc_hd__buf_6)
     3    0.081431    0.124079    0.139973   30.096296 ^ wire1/X (sky130_fd_sc_hd__buf_6)
                                                         net272 (net)
                      0.131229    0.022965   30.119261 ^ clkbuf_0_clk/A (sky130_fd_sc_hd__clkbuf_16)
     9    0.100467    0.090689    0.151349   30.270611 ^ clkbuf_0_clk/X (sky130_fd_sc_hd__clkbuf_16)
                                                         clknet_0_clk (net)
                      0.092512    0.010129   30.280739 ^ clkbuf_2_2__f_clk/A (sky130_fd_sc_hd__clkbuf_16)
    17    0.093430    0.085225    0.137479   30.418219 ^ clkbuf_2_2__f_clk/X (sky130_fd_sc_hd__clkbuf_16)
                                                         clknet_2_2__leaf_clk (net)
                      0.088212    0.012495   30.430714 ^ _148_/CLK (sky130_fd_sc_hd__dfrtp_4)
                                 -0.250000   30.180712   clock uncertainty
                                  0.000000   30.180712   clock reconvergence pessimism
                                 -0.037535   30.143177   library setup time
                                             30.143177   data required time
---------------------------------------------------------------------------------------------
                                             30.143177   data required time
                                            -13.297452   data arrival time
---------------------------------------------------------------------------------------------
                                             16.845726   slack (MET)


Startpoint: wbs_adr_i[31] (input port clocked by clk)
Endpoint: _149_ (rising edge-triggered flip-flop clocked by clk)
Path Group: clk
Path Type: max

Fanout         Cap        Slew       Delay        Time   Description
---------------------------------------------------------------------------------------------
                                  0.000000    0.000000   clock clk (rise edge)
                                  5.570000    5.570000   clock network delay (propagated)
                                  3.890000    9.460000 v input external delay
     2    0.003949    0.920000    0.000000    9.460000 v wbs_adr_i[31] (in)
                                                         wbs_adr_i[31] (net)
                      0.920182    0.000091    9.460092 v hold7/A (sky130_fd_sc_hd__dlygate4sd3_1)
     1    0.004241    0.043760    0.614552   10.074644 v hold7/X (sky130_fd_sc_hd__dlygate4sd3_1)
                                                         net281 (net)
                      0.043760    0.000308   10.074952 v input102/A (sky130_fd_sc_hd__clkbuf_8)
     3    0.074409    0.067902    0.124604   10.199556 v input102/X (sky130_fd_sc_hd__clkbuf_8)
                                                         net102 (net)
                      0.080118    0.021808   10.221364 v hold8/A (sky130_fd_sc_hd__dlygate4sd3_1)
     3    0.066087    0.232900    0.549580   10.770945 v hold8/X (sky130_fd_sc_hd__dlygate4sd3_1)
                                                         net282 (net)
                      0.236128    0.022209   10.793154 v _043_/A (sky130_fd_sc_hd__nor4b_1)
     1    0.003618    0.184662    0.262303   11.055456 ^ _043_/Y (sky130_fd_sc_hd__nor4b_1)
                                                         _034_ (net)
                      0.184662    0.000268   11.055725 ^ hold9/A (sky130_fd_sc_hd__dlygate4sd3_1)
     1    0.003528    0.042412    0.395287   11.451012 ^ hold9/X (sky130_fd_sc_hd__dlygate4sd3_1)
                                                         net283 (net)
                      0.042412    0.000253   11.451265 ^ wire266/A (sky130_fd_sc_hd__buf_2)
     1    0.013687    0.055263    0.089789   11.541054 ^ wire266/X (sky130_fd_sc_hd__buf_2)
                                                         net266 (net)
                      0.055331    0.001272   11.542326 ^ hold10/A (sky130_fd_sc_hd__dlygate4sd3_1)
     5    0.041818    0.315059    0.573984   12.116309 ^ hold10/X (sky130_fd_sc_hd__dlygate4sd3_1)
                                                         net284 (net)
                      0.315150    0.005221   12.121530 ^ fanout263/A (sky130_fd_sc_hd__buf_4)
     1    0.003993    0.027333    0.093222   12.214752 ^ fanout263/X (sky130_fd_sc_hd__buf_4)
                                                         net263 (net)
                      0.027333    0.000170   12.214922 ^ hold11/A (sky130_fd_sc_hd__dlygate4sd3_1)
    33    0.120917    0.892951    0.960415   13.175337 ^ hold11/X (sky130_fd_sc_hd__dlygate4sd3_1)
                                                         net285 (net)
                      0.893062    0.008401   13.183738 ^ _116_/B (sky130_fd_sc_hd__and3_1)
     1    0.003421    0.054015    0.113322   13.297060 ^ _116_/X (sky130_fd_sc_hd__and3_1)
                                                         _013_ (net)
                      0.054015    0.000226   13.297285 ^ _149_/D (sky130_fd_sc_hd__dfrtp_4)
                                             13.297285   data arrival time

                                 25.000000   25.000000   clock clk (rise edge)
                                  4.650000   29.650000   clock source latency
     2    0.032467    0.610000    0.000000   29.650000 ^ clk (in)
                                                         clk (net)
                      0.618581    0.004290   29.654289 ^ wire3/A (sky130_fd_sc_hd__buf_4)
     3    0.035766    0.087169    0.140195   29.794485 ^ wire3/X (sky130_fd_sc_hd__buf_4)
                                                         net274 (net)
                      0.088187    0.007374   29.801857 ^ wire2/A (sky130_fd_sc_hd__buf_6)
     3    0.078960    0.121320    0.132683   29.934542 ^ wire2/X (sky130_fd_sc_hd__buf_6)
                                                         net273 (net)
                      0.127869    0.021782   29.956324 ^ wire1/A (sky130_fd_sc_hd__buf_6)
     3    0.081431    0.124079    0.139973   30.096296 ^ wire1/X (sky130_fd_sc_hd__buf_6)
                                                         net272 (net)
                      0.131229    0.022965   30.119261 ^ clkbuf_0_clk/A (sky130_fd_sc_hd__clkbuf_16)
     9    0.100467    0.090689    0.151349   30.270611 ^ clkbuf_0_clk/X (sky130_fd_sc_hd__clkbuf_16)
                                                         clknet_0_clk (net)
                      0.092512    0.010129   30.280739 ^ clkbuf_2_2__f_clk/A (sky130_fd_sc_hd__clkbuf_16)
    17    0.093430    0.085225    0.137479   30.418219 ^ clkbuf_2_2__f_clk/X (sky130_fd_sc_hd__clkbuf_16)
                                                         clknet_2_2__leaf_clk (net)
                      0.088552    0.013191   30.431410 ^ _149_/CLK (sky130_fd_sc_hd__dfrtp_4)
                                 -0.250000   30.181408   clock uncertainty
                                  0.000000   30.181408   clock reconvergence pessimism
                                 -0.037608   30.143799   library setup time
                                             30.143799   data required time
---------------------------------------------------------------------------------------------
                                             30.143799   data required time
                                            -13.297285   data arrival time
---------------------------------------------------------------------------------------------
                                             16.846514   slack (MET)


Startpoint: wbs_adr_i[17] (input port clocked by clk)
Endpoint: _146_ (rising edge-triggered flip-flop clocked by clk)
Path Group: clk
Path Type: max

Fanout         Cap        Slew       Delay        Time   Description
---------------------------------------------------------------------------------------------
                                  0.000000    0.000000   clock clk (rise edge)
                                  5.570000    5.570000   clock network delay (propagated)
                                  3.890000    9.460000 v input external delay
     2    0.004194    0.920000    0.000000    9.460000 v wbs_adr_i[17] (in)
                                                         wbs_adr_i[17] (net)
                      0.920184    0.000092    9.460093 v hold1/A (sky130_fd_sc_hd__dlygate4sd3_1)
     1    0.002743    0.037817    0.606493   10.066586 v hold1/X (sky130_fd_sc_hd__dlygate4sd3_1)
                                                         net275 (net)
                      0.037817    0.000201   10.066786 v input87/A (sky130_fd_sc_hd__clkbuf_1)
     1    0.002694    0.018164    0.058836   10.125622 v input87/X (sky130_fd_sc_hd__clkbuf_1)
                                                         net87 (net)
                      0.018164    0.000111   10.125732 v hold2/A (sky130_fd_sc_hd__dlygate4sd3_1)
     1    0.003125    0.039600    0.357415   10.483147 v hold2/X (sky130_fd_sc_hd__dlygate4sd3_1)
                                                         net276 (net)
                      0.039600    0.000123   10.483271 v _044_/A (sky130_fd_sc_hd__or4_1)
     1    0.004153    0.059712    0.302361   10.785631 v _044_/X (sky130_fd_sc_hd__or4_1)
                                                         _035_ (net)
                      0.059712    0.000298   10.785930 v hold3/A (sky130_fd_sc_hd__dlygate4sd3_1)
     1    0.004710    0.045033    0.380797   11.166726 v hold3/X (sky130_fd_sc_hd__dlygate4sd3_1)
                                                         net277 (net)
                      0.045033    0.000211   11.166938 v _048_/A (sky130_fd_sc_hd__nor4_1)
     1    0.008214    0.276056    0.275174   11.442112 ^ _048_/Y (sky130_fd_sc_hd__nor4_1)
                                                         _039_ (net)
                      0.276059    0.000701   11.442812 ^ hold4/A (sky130_fd_sc_hd__dlygate4sd3_1)
     1    0.008034    0.072849    0.426044   11.868856 ^ hold4/X (sky130_fd_sc_hd__dlygate4sd3_1)
                                                         net278 (net)
                      0.072930    0.000665   11.869522 ^ wire262/A (sky130_fd_sc_hd__buf_2)
     1    0.013604    0.055279    0.097418   11.966940 ^ wire262/X (sky130_fd_sc_hd__buf_2)
                                                         net262 (net)
                      0.055346    0.001211   11.968150 ^ hold5/A (sky130_fd_sc_hd__dlygate4sd3_1)
     7    0.053036    0.396496    0.630328   12.598478 ^ hold5/X (sky130_fd_sc_hd__dlygate4sd3_1)
                                                         net279 (net)
                      0.396535    0.004191   12.602670 ^ _113_/C (sky130_fd_sc_hd__and3_1)
     1    0.002676    0.039770    0.112782   12.715451 ^ _113_/X (sky130_fd_sc_hd__and3_1)
                                                         _009_ (net)
                      0.039770    0.000197   12.715649 ^ hold6/A (sky130_fd_sc_hd__dlygate4sd3_1)
     1    0.002438    0.035133    0.370302   13.085951 ^ hold6/X (sky130_fd_sc_hd__dlygate4sd3_1)
                                                         net280 (net)
                      0.035133    0.000172   13.086123 ^ _146_/D (sky130_fd_sc_hd__dfrtp_2)
                                             13.086123   data arrival time

                                 25.000000   25.000000   clock clk (rise edge)
                                  4.650000   29.650000   clock source latency
     2    0.032467    0.610000    0.000000   29.650000 ^ clk (in)
                                                         clk (net)
                      0.618581    0.004290   29.654289 ^ wire3/A (sky130_fd_sc_hd__buf_4)
     3    0.035766    0.087169    0.140195   29.794485 ^ wire3/X (sky130_fd_sc_hd__buf_4)
                                                         net274 (net)
                      0.088187    0.007374   29.801857 ^ wire2/A (sky130_fd_sc_hd__buf_6)
     3    0.078960    0.121320    0.132683   29.934542 ^ wire2/X (sky130_fd_sc_hd__buf_6)
                                                         net273 (net)
                      0.127869    0.021782   29.956324 ^ wire1/A (sky130_fd_sc_hd__buf_6)
     3    0.081431    0.124079    0.139973   30.096296 ^ wire1/X (sky130_fd_sc_hd__buf_6)
                                                         net272 (net)
                      0.131229    0.022965   30.119261 ^ clkbuf_0_clk/A (sky130_fd_sc_hd__clkbuf_16)
     9    0.100467    0.090689    0.151349   30.270611 ^ clkbuf_0_clk/X (sky130_fd_sc_hd__clkbuf_16)
                                                         clknet_0_clk (net)
                      0.092507    0.010115   30.280725 ^ clkbuf_2_3__f_clk/A (sky130_fd_sc_hd__clkbuf_16)
    21    0.074593    0.070917    0.125766   30.406490 ^ clkbuf_2_3__f_clk/X (sky130_fd_sc_hd__clkbuf_16)
                                                         clknet_2_3__leaf_clk (net)
                      0.071751    0.005993   30.412483 ^ _146_/CLK (sky130_fd_sc_hd__dfrtp_2)
                                 -0.250000   30.162483   clock uncertainty
                                  0.000000   30.162483   clock reconvergence pessimism
                                 -0.035241   30.127243   library setup time
                                             30.127243   data required time
---------------------------------------------------------------------------------------------
                                             30.127243   data required time
                                            -13.086123   data arrival time
---------------------------------------------------------------------------------------------
                                             17.041121   slack (MET)


Startpoint: wbs_adr_i[17] (input port clocked by clk)
Endpoint: _133_ (rising edge-triggered flip-flop clocked by clk)
Path Group: clk
Path Type: max

Fanout         Cap        Slew       Delay        Time   Description
---------------------------------------------------------------------------------------------
                                  0.000000    0.000000   clock clk (rise edge)
                                  5.570000    5.570000   clock network delay (propagated)
                                  3.890000    9.460000 v input external delay
     2    0.004194    0.920000    0.000000    9.460000 v wbs_adr_i[17] (in)
                                                         wbs_adr_i[17] (net)
                      0.920184    0.000092    9.460093 v hold1/A (sky130_fd_sc_hd__dlygate4sd3_1)
     1    0.002743    0.037817    0.606493   10.066586 v hold1/X (sky130_fd_sc_hd__dlygate4sd3_1)
                                                         net275 (net)
                      0.037817    0.000201   10.066786 v input87/A (sky130_fd_sc_hd__clkbuf_1)
     1    0.002694    0.018164    0.058836   10.125622 v input87/X (sky130_fd_sc_hd__clkbuf_1)
                                                         net87 (net)
                      0.018164    0.000111   10.125732 v hold2/A (sky130_fd_sc_hd__dlygate4sd3_1)
     1    0.003125    0.039600    0.357415   10.483147 v hold2/X (sky130_fd_sc_hd__dlygate4sd3_1)
                                                         net276 (net)
                      0.039600    0.000123   10.483271 v _044_/A (sky130_fd_sc_hd__or4_1)
     1    0.004153    0.059712    0.302361   10.785631 v _044_/X (sky130_fd_sc_hd__or4_1)
                                                         _035_ (net)
                      0.059712    0.000298   10.785930 v hold3/A (sky130_fd_sc_hd__dlygate4sd3_1)
     1    0.004710    0.045033    0.380797   11.166726 v hold3/X (sky130_fd_sc_hd__dlygate4sd3_1)
                                                         net277 (net)
                      0.045033    0.000211   11.166938 v _048_/A (sky130_fd_sc_hd__nor4_1)
     1    0.008214    0.276056    0.275174   11.442112 ^ _048_/Y (sky130_fd_sc_hd__nor4_1)
                                                         _039_ (net)
                      0.276059    0.000701   11.442812 ^ hold4/A (sky130_fd_sc_hd__dlygate4sd3_1)
     1    0.008034    0.072849    0.426044   11.868856 ^ hold4/X (sky130_fd_sc_hd__dlygate4sd3_1)
                                                         net278 (net)
                      0.072930    0.000665   11.869522 ^ wire262/A (sky130_fd_sc_hd__buf_2)
     1    0.013604    0.055279    0.097418   11.966940 ^ wire262/X (sky130_fd_sc_hd__buf_2)
                                                         net262 (net)
                      0.055346    0.001211   11.968150 ^ hold5/A (sky130_fd_sc_hd__dlygate4sd3_1)
     7    0.053036    0.396496    0.630328   12.598478 ^ hold5/X (sky130_fd_sc_hd__dlygate4sd3_1)
                                                         net279 (net)
                      0.396702    0.008336   12.606813 ^ fanout261/A (sky130_fd_sc_hd__buf_4)
    33    0.133918    0.277745    0.251299   12.858112 ^ fanout261/X (sky130_fd_sc_hd__buf_4)
                                                         net261 (net)
                      0.292483    0.049964   12.908076 ^ _100_/C (sky130_fd_sc_hd__and3_1)
     1    0.004744    0.051728    0.125749   13.033825 ^ _100_/X (sky130_fd_sc_hd__and3_1)
                                                         _027_ (net)
                      0.051730    0.000340   13.034165 ^ _133_/D (sky130_fd_sc_hd__dfrtp_4)
                                             13.034165   data arrival time

                                 25.000000   25.000000   clock clk (rise edge)
                                  4.650000   29.650000   clock source latency
     2    0.032467    0.610000    0.000000   29.650000 ^ clk (in)
                                                         clk (net)
                      0.618581    0.004290   29.654289 ^ wire3/A (sky130_fd_sc_hd__buf_4)
     3    0.035766    0.087169    0.140195   29.794485 ^ wire3/X (sky130_fd_sc_hd__buf_4)
                                                         net274 (net)
                      0.088187    0.007374   29.801857 ^ wire2/A (sky130_fd_sc_hd__buf_6)
     3    0.078960    0.121320    0.132683   29.934542 ^ wire2/X (sky130_fd_sc_hd__buf_6)
                                                         net273 (net)
                      0.127869    0.021782   29.956324 ^ wire1/A (sky130_fd_sc_hd__buf_6)
     3    0.081431    0.124079    0.139973   30.096296 ^ wire1/X (sky130_fd_sc_hd__buf_6)
                                                         net272 (net)
                      0.131229    0.022965   30.119261 ^ clkbuf_0_clk/A (sky130_fd_sc_hd__clkbuf_16)
     9    0.100467    0.090689    0.151349   30.270611 ^ clkbuf_0_clk/X (sky130_fd_sc_hd__clkbuf_16)
                                                         clknet_0_clk (net)
                      0.093063    0.011553   30.282164 ^ clkbuf_2_1__f_clk/A (sky130_fd_sc_hd__clkbuf_16)
    21    0.085235    0.079041    0.130346   30.412508 ^ clkbuf_2_1__f_clk/X (sky130_fd_sc_hd__clkbuf_16)
                                                         clknet_2_1__leaf_clk (net)
                      0.086674    0.018950   30.431459 ^ _133_/CLK (sky130_fd_sc_hd__dfrtp_4)
                                 -0.250000   30.181458   clock uncertainty
                                  0.000000   30.181458   clock reconvergence pessimism
                                 -0.037458   30.143999   library setup time
                                             30.143999   data required time
---------------------------------------------------------------------------------------------
                                             30.143999   data required time
                                            -13.034165   data arrival time
---------------------------------------------------------------------------------------------
                                             17.109835   slack (MET)


Startpoint: wbs_adr_i[17] (input port clocked by clk)
Endpoint: _132_ (rising edge-triggered flip-flop clocked by clk)
Path Group: clk
Path Type: max

Fanout         Cap        Slew       Delay        Time   Description
---------------------------------------------------------------------------------------------
                                  0.000000    0.000000   clock clk (rise edge)
                                  5.570000    5.570000   clock network delay (propagated)
                                  3.890000    9.460000 v input external delay
     2    0.004194    0.920000    0.000000    9.460000 v wbs_adr_i[17] (in)
                                                         wbs_adr_i[17] (net)
                      0.920184    0.000092    9.460093 v hold1/A (sky130_fd_sc_hd__dlygate4sd3_1)
     1    0.002743    0.037817    0.606493   10.066586 v hold1/X (sky130_fd_sc_hd__dlygate4sd3_1)
                                                         net275 (net)
                      0.037817    0.000201   10.066786 v input87/A (sky130_fd_sc_hd__clkbuf_1)
     1    0.002694    0.018164    0.058836   10.125622 v input87/X (sky130_fd_sc_hd__clkbuf_1)
                                                         net87 (net)
                      0.018164    0.000111   10.125732 v hold2/A (sky130_fd_sc_hd__dlygate4sd3_1)
     1    0.003125    0.039600    0.357415   10.483147 v hold2/X (sky130_fd_sc_hd__dlygate4sd3_1)
                                                         net276 (net)
                      0.039600    0.000123   10.483271 v _044_/A (sky130_fd_sc_hd__or4_1)
     1    0.004153    0.059712    0.302361   10.785631 v _044_/X (sky130_fd_sc_hd__or4_1)
                                                         _035_ (net)
                      0.059712    0.000298   10.785930 v hold3/A (sky130_fd_sc_hd__dlygate4sd3_1)
     1    0.004710    0.045033    0.380797   11.166726 v hold3/X (sky130_fd_sc_hd__dlygate4sd3_1)
                                                         net277 (net)
                      0.045033    0.000211   11.166938 v _048_/A (sky130_fd_sc_hd__nor4_1)
     1    0.008214    0.276056    0.275174   11.442112 ^ _048_/Y (sky130_fd_sc_hd__nor4_1)
                                                         _039_ (net)
                      0.276059    0.000701   11.442812 ^ hold4/A (sky130_fd_sc_hd__dlygate4sd3_1)
     1    0.008034    0.072849    0.426044   11.868856 ^ hold4/X (sky130_fd_sc_hd__dlygate4sd3_1)
                                                         net278 (net)
                      0.072930    0.000665   11.869522 ^ wire262/A (sky130_fd_sc_hd__buf_2)
     1    0.013604    0.055279    0.097418   11.966940 ^ wire262/X (sky130_fd_sc_hd__buf_2)
                                                         net262 (net)
                      0.055346    0.001211   11.968150 ^ hold5/A (sky130_fd_sc_hd__dlygate4sd3_1)
     7    0.053036    0.396496    0.630328   12.598478 ^ hold5/X (sky130_fd_sc_hd__dlygate4sd3_1)
                                                         net279 (net)
                      0.396702    0.008336   12.606813 ^ fanout261/A (sky130_fd_sc_hd__buf_4)
    33    0.133918    0.277745    0.251299   12.858112 ^ fanout261/X (sky130_fd_sc_hd__buf_4)
                                                         net261 (net)
                      0.292471    0.049944   12.908056 ^ _099_/C (sky130_fd_sc_hd__and3_1)
     1    0.004451    0.049724    0.124170   13.032227 ^ _099_/X (sky130_fd_sc_hd__and3_1)
                                                         _026_ (net)
                      0.049726    0.000320   13.032546 ^ _132_/D (sky130_fd_sc_hd__dfrtp_4)
                                             13.032546   data arrival time

                                 25.000000   25.000000   clock clk (rise edge)
                                  4.650000   29.650000   clock source latency
     2    0.032467    0.610000    0.000000   29.650000 ^ clk (in)
                                                         clk (net)
                      0.618581    0.004290   29.654289 ^ wire3/A (sky130_fd_sc_hd__buf_4)
     3    0.035766    0.087169    0.140195   29.794485 ^ wire3/X (sky130_fd_sc_hd__buf_4)
                                                         net274 (net)
                      0.088187    0.007374   29.801857 ^ wire2/A (sky130_fd_sc_hd__buf_6)
     3    0.078960    0.121320    0.132683   29.934542 ^ wire2/X (sky130_fd_sc_hd__buf_6)
                                                         net273 (net)
                      0.127869    0.021782   29.956324 ^ wire1/A (sky130_fd_sc_hd__buf_6)
     3    0.081431    0.124079    0.139973   30.096296 ^ wire1/X (sky130_fd_sc_hd__buf_6)
                                                         net272 (net)
                      0.131229    0.022965   30.119261 ^ clkbuf_0_clk/A (sky130_fd_sc_hd__clkbuf_16)
     9    0.100467    0.090689    0.151349   30.270611 ^ clkbuf_0_clk/X (sky130_fd_sc_hd__clkbuf_16)
                                                         clknet_0_clk (net)
                      0.093063    0.011553   30.282164 ^ clkbuf_2_1__f_clk/A (sky130_fd_sc_hd__clkbuf_16)
    21    0.085235    0.079041    0.130346   30.412508 ^ clkbuf_2_1__f_clk/X (sky130_fd_sc_hd__clkbuf_16)
                                                         clknet_2_1__leaf_clk (net)
                      0.086531    0.018762   30.431271 ^ _132_/CLK (sky130_fd_sc_hd__dfrtp_4)
                                 -0.250000   30.181271   clock uncertainty
                                  0.000000   30.181271   clock reconvergence pessimism
                                 -0.037269   30.144001   library setup time
                                             30.144001   data required time
---------------------------------------------------------------------------------------------
                                             30.144001   data required time
                                            -13.032546   data arrival time
---------------------------------------------------------------------------------------------
                                             17.111456   slack (MET)


Startpoint: wbs_adr_i[17] (input port clocked by clk)
Endpoint: _138_ (rising edge-triggered flip-flop clocked by clk)
Path Group: clk
Path Type: max

Fanout         Cap        Slew       Delay        Time   Description
---------------------------------------------------------------------------------------------
                                  0.000000    0.000000   clock clk (rise edge)
                                  5.570000    5.570000   clock network delay (propagated)
                                  3.890000    9.460000 v input external delay
     2    0.004194    0.920000    0.000000    9.460000 v wbs_adr_i[17] (in)
                                                         wbs_adr_i[17] (net)
                      0.920184    0.000092    9.460093 v hold1/A (sky130_fd_sc_hd__dlygate4sd3_1)
     1    0.002743    0.037817    0.606493   10.066586 v hold1/X (sky130_fd_sc_hd__dlygate4sd3_1)
                                                         net275 (net)
                      0.037817    0.000201   10.066786 v input87/A (sky130_fd_sc_hd__clkbuf_1)
     1    0.002694    0.018164    0.058836   10.125622 v input87/X (sky130_fd_sc_hd__clkbuf_1)
                                                         net87 (net)
                      0.018164    0.000111   10.125732 v hold2/A (sky130_fd_sc_hd__dlygate4sd3_1)
     1    0.003125    0.039600    0.357415   10.483147 v hold2/X (sky130_fd_sc_hd__dlygate4sd3_1)
                                                         net276 (net)
                      0.039600    0.000123   10.483271 v _044_/A (sky130_fd_sc_hd__or4_1)
     1    0.004153    0.059712    0.302361   10.785631 v _044_/X (sky130_fd_sc_hd__or4_1)
                                                         _035_ (net)
                      0.059712    0.000298   10.785930 v hold3/A (sky130_fd_sc_hd__dlygate4sd3_1)
     1    0.004710    0.045033    0.380797   11.166726 v hold3/X (sky130_fd_sc_hd__dlygate4sd3_1)
                                                         net277 (net)
                      0.045033    0.000211   11.166938 v _048_/A (sky130_fd_sc_hd__nor4_1)
     1    0.008214    0.276056    0.275174   11.442112 ^ _048_/Y (sky130_fd_sc_hd__nor4_1)
                                                         _039_ (net)
                      0.276059    0.000701   11.442812 ^ hold4/A (sky130_fd_sc_hd__dlygate4sd3_1)
     1    0.008034    0.072849    0.426044   11.868856 ^ hold4/X (sky130_fd_sc_hd__dlygate4sd3_1)
                                                         net278 (net)
                      0.072930    0.000665   11.869522 ^ wire262/A (sky130_fd_sc_hd__buf_2)
     1    0.013604    0.055279    0.097418   11.966940 ^ wire262/X (sky130_fd_sc_hd__buf_2)
                                                         net262 (net)
                      0.055346    0.001211   11.968150 ^ hold5/A (sky130_fd_sc_hd__dlygate4sd3_1)
     7    0.053036    0.396496    0.630328   12.598478 ^ hold5/X (sky130_fd_sc_hd__dlygate4sd3_1)
                                                         net279 (net)
                      0.396702    0.008336   12.606813 ^ fanout261/A (sky130_fd_sc_hd__buf_4)
    33    0.133918    0.277745    0.251299   12.858112 ^ fanout261/X (sky130_fd_sc_hd__buf_4)
                                                         net261 (net)
                      0.291367    0.048098   12.906210 ^ _105_/C (sky130_fd_sc_hd__and3_1)
     1    0.003802    0.044758    0.120685   13.026895 ^ _105_/X (sky130_fd_sc_hd__and3_1)
                                                         _032_ (net)
                      0.044758    0.000242   13.027136 ^ _138_/D (sky130_fd_sc_hd__dfrtp_4)
                                             13.027136   data arrival time

                                 25.000000   25.000000   clock clk (rise edge)
                                  4.650000   29.650000   clock source latency
     2    0.032467    0.610000    0.000000   29.650000 ^ clk (in)
                                                         clk (net)
                      0.618581    0.004290   29.654289 ^ wire3/A (sky130_fd_sc_hd__buf_4)
     3    0.035766    0.087169    0.140195   29.794485 ^ wire3/X (sky130_fd_sc_hd__buf_4)
                                                         net274 (net)
                      0.088187    0.007374   29.801857 ^ wire2/A (sky130_fd_sc_hd__buf_6)
     3    0.078960    0.121320    0.132683   29.934542 ^ wire2/X (sky130_fd_sc_hd__buf_6)
                                                         net273 (net)
                      0.127869    0.021782   29.956324 ^ wire1/A (sky130_fd_sc_hd__buf_6)
     3    0.081431    0.124079    0.139973   30.096296 ^ wire1/X (sky130_fd_sc_hd__buf_6)
                                                         net272 (net)
                      0.131229    0.022965   30.119261 ^ clkbuf_0_clk/A (sky130_fd_sc_hd__clkbuf_16)
     9    0.100467    0.090689    0.151349   30.270611 ^ clkbuf_0_clk/X (sky130_fd_sc_hd__clkbuf_16)
                                                         clknet_0_clk (net)
                      0.093063    0.011553   30.282164 ^ clkbuf_2_1__f_clk/A (sky130_fd_sc_hd__clkbuf_16)
    21    0.085235    0.079041    0.130346   30.412508 ^ clkbuf_2_1__f_clk/X (sky130_fd_sc_hd__clkbuf_16)
                                                         clknet_2_1__leaf_clk (net)
                      0.085478    0.017344   30.429853 ^ _138_/CLK (sky130_fd_sc_hd__dfrtp_4)
                                 -0.250000   30.179852   clock uncertainty
                                  0.000000   30.179852   clock reconvergence pessimism
                                 -0.036827   30.143024   library setup time
                                             30.143024   data required time
---------------------------------------------------------------------------------------------
                                             30.143024   data required time
                                            -13.027136   data arrival time
---------------------------------------------------------------------------------------------
                                             17.115889   slack (MET)


Startpoint: wbs_adr_i[17] (input port clocked by clk)
Endpoint: _129_ (rising edge-triggered flip-flop clocked by clk)
Path Group: clk
Path Type: max

Fanout         Cap        Slew       Delay        Time   Description
---------------------------------------------------------------------------------------------
                                  0.000000    0.000000   clock clk (rise edge)
                                  5.570000    5.570000   clock network delay (propagated)
                                  3.890000    9.460000 v input external delay
     2    0.004194    0.920000    0.000000    9.460000 v wbs_adr_i[17] (in)
                                                         wbs_adr_i[17] (net)
                      0.920184    0.000092    9.460093 v hold1/A (sky130_fd_sc_hd__dlygate4sd3_1)
     1    0.002743    0.037817    0.606493   10.066586 v hold1/X (sky130_fd_sc_hd__dlygate4sd3_1)
                                                         net275 (net)
                      0.037817    0.000201   10.066786 v input87/A (sky130_fd_sc_hd__clkbuf_1)
     1    0.002694    0.018164    0.058836   10.125622 v input87/X (sky130_fd_sc_hd__clkbuf_1)
                                                         net87 (net)
                      0.018164    0.000111   10.125732 v hold2/A (sky130_fd_sc_hd__dlygate4sd3_1)
     1    0.003125    0.039600    0.357415   10.483147 v hold2/X (sky130_fd_sc_hd__dlygate4sd3_1)
                                                         net276 (net)
                      0.039600    0.000123   10.483271 v _044_/A (sky130_fd_sc_hd__or4_1)
     1    0.004153    0.059712    0.302361   10.785631 v _044_/X (sky130_fd_sc_hd__or4_1)
                                                         _035_ (net)
                      0.059712    0.000298   10.785930 v hold3/A (sky130_fd_sc_hd__dlygate4sd3_1)
     1    0.004710    0.045033    0.380797   11.166726 v hold3/X (sky130_fd_sc_hd__dlygate4sd3_1)
                                                         net277 (net)
                      0.045033    0.000211   11.166938 v _048_/A (sky130_fd_sc_hd__nor4_1)
     1    0.008214    0.276056    0.275174   11.442112 ^ _048_/Y (sky130_fd_sc_hd__nor4_1)
                                                         _039_ (net)
                      0.276059    0.000701   11.442812 ^ hold4/A (sky130_fd_sc_hd__dlygate4sd3_1)
     1    0.008034    0.072849    0.426044   11.868856 ^ hold4/X (sky130_fd_sc_hd__dlygate4sd3_1)
                                                         net278 (net)
                      0.072930    0.000665   11.869522 ^ wire262/A (sky130_fd_sc_hd__buf_2)
     1    0.013604    0.055279    0.097418   11.966940 ^ wire262/X (sky130_fd_sc_hd__buf_2)
                                                         net262 (net)
                      0.055346    0.001211   11.968150 ^ hold5/A (sky130_fd_sc_hd__dlygate4sd3_1)
     7    0.053036    0.396496    0.630328   12.598478 ^ hold5/X (sky130_fd_sc_hd__dlygate4sd3_1)
                                                         net279 (net)
                      0.396702    0.008336   12.606813 ^ fanout261/A (sky130_fd_sc_hd__buf_4)
    33    0.133918    0.277745    0.251299   12.858112 ^ fanout261/X (sky130_fd_sc_hd__buf_4)
                                                         net261 (net)
                      0.291067    0.047583   12.905696 ^ _096_/C (sky130_fd_sc_hd__and3_1)
     1    0.003661    0.043898    0.119834   13.025530 ^ _096_/X (sky130_fd_sc_hd__and3_1)
                                                         _001_ (net)
                      0.043899    0.000250   13.025779 ^ _129_/D (sky130_fd_sc_hd__dfrtp_4)
                                             13.025779   data arrival time

                                 25.000000   25.000000   clock clk (rise edge)
                                  4.650000   29.650000   clock source latency
     2    0.032467    0.610000    0.000000   29.650000 ^ clk (in)
                                                         clk (net)
                      0.618581    0.004290   29.654289 ^ wire3/A (sky130_fd_sc_hd__buf_4)
     3    0.035766    0.087169    0.140195   29.794485 ^ wire3/X (sky130_fd_sc_hd__buf_4)
                                                         net274 (net)
                      0.088187    0.007374   29.801857 ^ wire2/A (sky130_fd_sc_hd__buf_6)
     3    0.078960    0.121320    0.132683   29.934542 ^ wire2/X (sky130_fd_sc_hd__buf_6)
                                                         net273 (net)
                      0.127869    0.021782   29.956324 ^ wire1/A (sky130_fd_sc_hd__buf_6)
     3    0.081431    0.124079    0.139973   30.096296 ^ wire1/X (sky130_fd_sc_hd__buf_6)
                                                         net272 (net)
                      0.131229    0.022965   30.119261 ^ clkbuf_0_clk/A (sky130_fd_sc_hd__clkbuf_16)
     9    0.100467    0.090689    0.151349   30.270611 ^ clkbuf_0_clk/X (sky130_fd_sc_hd__clkbuf_16)
                                                         clknet_0_clk (net)
                      0.093063    0.011553   30.282164 ^ clkbuf_2_1__f_clk/A (sky130_fd_sc_hd__clkbuf_16)
    21    0.085235    0.079041    0.130346   30.412508 ^ clkbuf_2_1__f_clk/X (sky130_fd_sc_hd__clkbuf_16)
                                                         clknet_2_1__leaf_clk (net)
                      0.084558    0.016023   30.428532 ^ _129_/CLK (sky130_fd_sc_hd__dfrtp_4)
                                 -0.250000   30.178532   clock uncertainty
                                  0.000000   30.178532   clock reconvergence pessimism
                                 -0.036779   30.141752   library setup time
                                             30.141752   data required time
---------------------------------------------------------------------------------------------
                                             30.141752   data required time
                                            -13.025779   data arrival time
---------------------------------------------------------------------------------------------
                                             17.115973   slack (MET)


Startpoint: wbs_adr_i[17] (input port clocked by clk)
Endpoint: _139_ (rising edge-triggered flip-flop clocked by clk)
Path Group: clk
Path Type: max

Fanout         Cap        Slew       Delay        Time   Description
---------------------------------------------------------------------------------------------
                                  0.000000    0.000000   clock clk (rise edge)
                                  5.570000    5.570000   clock network delay (propagated)
                                  3.890000    9.460000 v input external delay
     2    0.004194    0.920000    0.000000    9.460000 v wbs_adr_i[17] (in)
                                                         wbs_adr_i[17] (net)
                      0.920184    0.000092    9.460093 v hold1/A (sky130_fd_sc_hd__dlygate4sd3_1)
     1    0.002743    0.037817    0.606493   10.066586 v hold1/X (sky130_fd_sc_hd__dlygate4sd3_1)
                                                         net275 (net)
                      0.037817    0.000201   10.066786 v input87/A (sky130_fd_sc_hd__clkbuf_1)
     1    0.002694    0.018164    0.058836   10.125622 v input87/X (sky130_fd_sc_hd__clkbuf_1)
                                                         net87 (net)
                      0.018164    0.000111   10.125732 v hold2/A (sky130_fd_sc_hd__dlygate4sd3_1)
     1    0.003125    0.039600    0.357415   10.483147 v hold2/X (sky130_fd_sc_hd__dlygate4sd3_1)
                                                         net276 (net)
                      0.039600    0.000123   10.483271 v _044_/A (sky130_fd_sc_hd__or4_1)
     1    0.004153    0.059712    0.302361   10.785631 v _044_/X (sky130_fd_sc_hd__or4_1)
                                                         _035_ (net)
                      0.059712    0.000298   10.785930 v hold3/A (sky130_fd_sc_hd__dlygate4sd3_1)
     1    0.004710    0.045033    0.380797   11.166726 v hold3/X (sky130_fd_sc_hd__dlygate4sd3_1)
                                                         net277 (net)
                      0.045033    0.000211   11.166938 v _048_/A (sky130_fd_sc_hd__nor4_1)
     1    0.008214    0.276056    0.275174   11.442112 ^ _048_/Y (sky130_fd_sc_hd__nor4_1)
                                                         _039_ (net)
                      0.276059    0.000701   11.442812 ^ hold4/A (sky130_fd_sc_hd__dlygate4sd3_1)
     1    0.008034    0.072849    0.426044   11.868856 ^ hold4/X (sky130_fd_sc_hd__dlygate4sd3_1)
                                                         net278 (net)
                      0.072930    0.000665   11.869522 ^ wire262/A (sky130_fd_sc_hd__buf_2)
     1    0.013604    0.055279    0.097418   11.966940 ^ wire262/X (sky130_fd_sc_hd__buf_2)
                                                         net262 (net)
                      0.055346    0.001211   11.968150 ^ hold5/A (sky130_fd_sc_hd__dlygate4sd3_1)
     7    0.053036    0.396496    0.630328   12.598478 ^ hold5/X (sky130_fd_sc_hd__dlygate4sd3_1)
                                                         net279 (net)
                      0.396702    0.008336   12.606813 ^ fanout261/A (sky130_fd_sc_hd__buf_4)
    33    0.133918    0.277745    0.251299   12.858112 ^ fanout261/X (sky130_fd_sc_hd__buf_4)
                                                         net261 (net)
                      0.290616    0.046802   12.904914 ^ _106_/C (sky130_fd_sc_hd__and3_1)
     1    0.003475    0.042731    0.118609   13.023523 ^ _106_/X (sky130_fd_sc_hd__and3_1)
                                                         _002_ (net)
                      0.042732    0.000228   13.023751 ^ _139_/D (sky130_fd_sc_hd__dfrtp_4)
                                             13.023751   data arrival time

                                 25.000000   25.000000   clock clk (rise edge)
                                  4.650000   29.650000   clock source latency
     2    0.032467    0.610000    0.000000   29.650000 ^ clk (in)
                                                         clk (net)
                      0.618581    0.004290   29.654289 ^ wire3/A (sky130_fd_sc_hd__buf_4)
     3    0.035766    0.087169    0.140195   29.794485 ^ wire3/X (sky130_fd_sc_hd__buf_4)
                                                         net274 (net)
                      0.088187    0.007374   29.801857 ^ wire2/A (sky130_fd_sc_hd__buf_6)
     3    0.078960    0.121320    0.132683   29.934542 ^ wire2/X (sky130_fd_sc_hd__buf_6)
                                                         net273 (net)
                      0.127869    0.021782   29.956324 ^ wire1/A (sky130_fd_sc_hd__buf_6)
     3    0.081431    0.124079    0.139973   30.096296 ^ wire1/X (sky130_fd_sc_hd__buf_6)
                                                         net272 (net)
                      0.131229    0.022965   30.119261 ^ clkbuf_0_clk/A (sky130_fd_sc_hd__clkbuf_16)
     9    0.100467    0.090689    0.151349   30.270611 ^ clkbuf_0_clk/X (sky130_fd_sc_hd__clkbuf_16)
                                                         clknet_0_clk (net)
                      0.093063    0.011553   30.282164 ^ clkbuf_2_1__f_clk/A (sky130_fd_sc_hd__clkbuf_16)
    21    0.085235    0.079041    0.130346   30.412508 ^ clkbuf_2_1__f_clk/X (sky130_fd_sc_hd__clkbuf_16)
                                                         clknet_2_1__leaf_clk (net)
                      0.084424    0.015820   30.428329 ^ _139_/CLK (sky130_fd_sc_hd__dfrtp_4)
                                 -0.250000   30.178328   clock uncertainty
                                  0.000000   30.178328   clock reconvergence pessimism
                                 -0.036671   30.141657   library setup time
                                             30.141657   data required time
---------------------------------------------------------------------------------------------
                                             30.141657   data required time
                                            -13.023751   data arrival time
---------------------------------------------------------------------------------------------
                                             17.117907   slack (MET)


Startpoint: wbs_adr_i[17] (input port clocked by clk)
Endpoint: _130_ (rising edge-triggered flip-flop clocked by clk)
Path Group: clk
Path Type: max

Fanout         Cap        Slew       Delay        Time   Description
---------------------------------------------------------------------------------------------
                                  0.000000    0.000000   clock clk (rise edge)
                                  5.570000    5.570000   clock network delay (propagated)
                                  3.890000    9.460000 v input external delay
     2    0.004194    0.920000    0.000000    9.460000 v wbs_adr_i[17] (in)
                                                         wbs_adr_i[17] (net)
                      0.920184    0.000092    9.460093 v hold1/A (sky130_fd_sc_hd__dlygate4sd3_1)
     1    0.002743    0.037817    0.606493   10.066586 v hold1/X (sky130_fd_sc_hd__dlygate4sd3_1)
                                                         net275 (net)
                      0.037817    0.000201   10.066786 v input87/A (sky130_fd_sc_hd__clkbuf_1)
     1    0.002694    0.018164    0.058836   10.125622 v input87/X (sky130_fd_sc_hd__clkbuf_1)
                                                         net87 (net)
                      0.018164    0.000111   10.125732 v hold2/A (sky130_fd_sc_hd__dlygate4sd3_1)
     1    0.003125    0.039600    0.357415   10.483147 v hold2/X (sky130_fd_sc_hd__dlygate4sd3_1)
                                                         net276 (net)
                      0.039600    0.000123   10.483271 v _044_/A (sky130_fd_sc_hd__or4_1)
     1    0.004153    0.059712    0.302361   10.785631 v _044_/X (sky130_fd_sc_hd__or4_1)
                                                         _035_ (net)
                      0.059712    0.000298   10.785930 v hold3/A (sky130_fd_sc_hd__dlygate4sd3_1)
     1    0.004710    0.045033    0.380797   11.166726 v hold3/X (sky130_fd_sc_hd__dlygate4sd3_1)
                                                         net277 (net)
                      0.045033    0.000211   11.166938 v _048_/A (sky130_fd_sc_hd__nor4_1)
     1    0.008214    0.276056    0.275174   11.442112 ^ _048_/Y (sky130_fd_sc_hd__nor4_1)
                                                         _039_ (net)
                      0.276059    0.000701   11.442812 ^ hold4/A (sky130_fd_sc_hd__dlygate4sd3_1)
     1    0.008034    0.072849    0.426044   11.868856 ^ hold4/X (sky130_fd_sc_hd__dlygate4sd3_1)
                                                         net278 (net)
                      0.072930    0.000665   11.869522 ^ wire262/A (sky130_fd_sc_hd__buf_2)
     1    0.013604    0.055279    0.097418   11.966940 ^ wire262/X (sky130_fd_sc_hd__buf_2)
                                                         net262 (net)
                      0.055346    0.001211   11.968150 ^ hold5/A (sky130_fd_sc_hd__dlygate4sd3_1)
     7    0.053036    0.396496    0.630328   12.598478 ^ hold5/X (sky130_fd_sc_hd__dlygate4sd3_1)
                                                         net279 (net)
                      0.396702    0.008336   12.606813 ^ fanout261/A (sky130_fd_sc_hd__buf_4)
    33    0.133918    0.277745    0.251299   12.858112 ^ fanout261/X (sky130_fd_sc_hd__buf_4)
                                                         net261 (net)
                      0.292055    0.049256   12.907368 ^ _097_/C (sky130_fd_sc_hd__and3_1)
     1    0.003374    0.042134    0.117946   13.025313 ^ _097_/X (sky130_fd_sc_hd__and3_1)
                                                         _012_ (net)
                      0.042134    0.000213   13.025527 ^ _130_/D (sky130_fd_sc_hd__dfrtp_4)
                                             13.025527   data arrival time

                                 25.000000   25.000000   clock clk (rise edge)
                                  4.650000   29.650000   clock source latency
     2    0.032467    0.610000    0.000000   29.650000 ^ clk (in)
                                                         clk (net)
                      0.618581    0.004290   29.654289 ^ wire3/A (sky130_fd_sc_hd__buf_4)
     3    0.035766    0.087169    0.140195   29.794485 ^ wire3/X (sky130_fd_sc_hd__buf_4)
                                                         net274 (net)
                      0.088187    0.007374   29.801857 ^ wire2/A (sky130_fd_sc_hd__buf_6)
     3    0.078960    0.121320    0.132683   29.934542 ^ wire2/X (sky130_fd_sc_hd__buf_6)
                                                         net273 (net)
                      0.127869    0.021782   29.956324 ^ wire1/A (sky130_fd_sc_hd__buf_6)
     3    0.081431    0.124079    0.139973   30.096296 ^ wire1/X (sky130_fd_sc_hd__buf_6)
                                                         net272 (net)
                      0.131229    0.022965   30.119261 ^ clkbuf_0_clk/A (sky130_fd_sc_hd__clkbuf_16)
     9    0.100467    0.090689    0.151349   30.270611 ^ clkbuf_0_clk/X (sky130_fd_sc_hd__clkbuf_16)
                                                         clknet_0_clk (net)
                      0.093063    0.011553   30.282164 ^ clkbuf_2_1__f_clk/A (sky130_fd_sc_hd__clkbuf_16)
    21    0.085235    0.079041    0.130346   30.412508 ^ clkbuf_2_1__f_clk/X (sky130_fd_sc_hd__clkbuf_16)
                                                         clknet_2_1__leaf_clk (net)
                      0.086432    0.018634   30.431143 ^ _130_/CLK (sky130_fd_sc_hd__dfrtp_4)
                                 -0.250000   30.181143   clock uncertainty
                                  0.000000   30.181143   clock reconvergence pessimism
                                 -0.036537   30.144606   library setup time
                                             30.144606   data required time
---------------------------------------------------------------------------------------------
                                             30.144606   data required time
                                            -13.025527   data arrival time
---------------------------------------------------------------------------------------------
                                             17.119078   slack (MET)


Startpoint: wbs_adr_i[17] (input port clocked by clk)
Endpoint: _134_ (rising edge-triggered flip-flop clocked by clk)
Path Group: clk
Path Type: max

Fanout         Cap        Slew       Delay        Time   Description
---------------------------------------------------------------------------------------------
                                  0.000000    0.000000   clock clk (rise edge)
                                  5.570000    5.570000   clock network delay (propagated)
                                  3.890000    9.460000 v input external delay
     2    0.004194    0.920000    0.000000    9.460000 v wbs_adr_i[17] (in)
                                                         wbs_adr_i[17] (net)
                      0.920184    0.000092    9.460093 v hold1/A (sky130_fd_sc_hd__dlygate4sd3_1)
     1    0.002743    0.037817    0.606493   10.066586 v hold1/X (sky130_fd_sc_hd__dlygate4sd3_1)
                                                         net275 (net)
                      0.037817    0.000201   10.066786 v input87/A (sky130_fd_sc_hd__clkbuf_1)
     1    0.002694    0.018164    0.058836   10.125622 v input87/X (sky130_fd_sc_hd__clkbuf_1)
                                                         net87 (net)
                      0.018164    0.000111   10.125732 v hold2/A (sky130_fd_sc_hd__dlygate4sd3_1)
     1    0.003125    0.039600    0.357415   10.483147 v hold2/X (sky130_fd_sc_hd__dlygate4sd3_1)
                                                         net276 (net)
                      0.039600    0.000123   10.483271 v _044_/A (sky130_fd_sc_hd__or4_1)
     1    0.004153    0.059712    0.302361   10.785631 v _044_/X (sky130_fd_sc_hd__or4_1)
                                                         _035_ (net)
                      0.059712    0.000298   10.785930 v hold3/A (sky130_fd_sc_hd__dlygate4sd3_1)
     1    0.004710    0.045033    0.380797   11.166726 v hold3/X (sky130_fd_sc_hd__dlygate4sd3_1)
                                                         net277 (net)
                      0.045033    0.000211   11.166938 v _048_/A (sky130_fd_sc_hd__nor4_1)
     1    0.008214    0.276056    0.275174   11.442112 ^ _048_/Y (sky130_fd_sc_hd__nor4_1)
                                                         _039_ (net)
                      0.276059    0.000701   11.442812 ^ hold4/A (sky130_fd_sc_hd__dlygate4sd3_1)
     1    0.008034    0.072849    0.426044   11.868856 ^ hold4/X (sky130_fd_sc_hd__dlygate4sd3_1)
                                                         net278 (net)
                      0.072930    0.000665   11.869522 ^ wire262/A (sky130_fd_sc_hd__buf_2)
     1    0.013604    0.055279    0.097418   11.966940 ^ wire262/X (sky130_fd_sc_hd__buf_2)
                                                         net262 (net)
                      0.055346    0.001211   11.968150 ^ hold5/A (sky130_fd_sc_hd__dlygate4sd3_1)
     7    0.053036    0.396496    0.630328   12.598478 ^ hold5/X (sky130_fd_sc_hd__dlygate4sd3_1)
                                                         net279 (net)
                      0.396702    0.008336   12.606813 ^ fanout261/A (sky130_fd_sc_hd__buf_4)
    33    0.133918    0.277745    0.251299   12.858112 ^ fanout261/X (sky130_fd_sc_hd__buf_4)
                                                         net261 (net)
                      0.292093    0.049320   12.907432 ^ _101_/C (sky130_fd_sc_hd__and3_1)
     1    0.003678    0.044209    0.119907   13.027339 ^ _101_/X (sky130_fd_sc_hd__and3_1)
                                                         _028_ (net)
                      0.044209    0.000289   13.027627 ^ _134_/D (sky130_fd_sc_hd__dfrtp_4)
                                             13.027627   data arrival time

                                 25.000000   25.000000   clock clk (rise edge)
                                  4.650000   29.650000   clock source latency
     2    0.032467    0.610000    0.000000   29.650000 ^ clk (in)
                                                         clk (net)
                      0.618581    0.004290   29.654289 ^ wire3/A (sky130_fd_sc_hd__buf_4)
     3    0.035766    0.087169    0.140195   29.794485 ^ wire3/X (sky130_fd_sc_hd__buf_4)
                                                         net274 (net)
                      0.088187    0.007374   29.801857 ^ wire2/A (sky130_fd_sc_hd__buf_6)
     3    0.078960    0.121320    0.132683   29.934542 ^ wire2/X (sky130_fd_sc_hd__buf_6)
                                                         net273 (net)
                      0.127869    0.021782   29.956324 ^ wire1/A (sky130_fd_sc_hd__buf_6)
     3    0.081431    0.124079    0.139973   30.096296 ^ wire1/X (sky130_fd_sc_hd__buf_6)
                                                         net272 (net)
                      0.131229    0.022965   30.119261 ^ clkbuf_0_clk/A (sky130_fd_sc_hd__clkbuf_16)
     9    0.100467    0.090689    0.151349   30.270611 ^ clkbuf_0_clk/X (sky130_fd_sc_hd__clkbuf_16)
                                                         clknet_0_clk (net)
                      0.093184    0.011845   30.282455 ^ clkbuf_2_0__f_clk/A (sky130_fd_sc_hd__clkbuf_16)
    17    0.092169    0.084339    0.136204   30.418659 ^ clkbuf_2_0__f_clk/X (sky130_fd_sc_hd__clkbuf_16)
                                                         clknet_2_0__leaf_clk (net)
                      0.089127    0.015692   30.434351 ^ _134_/CLK (sky130_fd_sc_hd__dfrtp_4)
                                 -0.250000   30.184351   clock uncertainty
                                  0.000000   30.184351   clock reconvergence pessimism
                                 -0.036636   30.147715   library setup time
                                             30.147715   data required time
---------------------------------------------------------------------------------------------
                                             30.147715   data required time
                                            -13.027627   data arrival time
---------------------------------------------------------------------------------------------
                                             17.120087   slack (MET)


Startpoint: wbs_adr_i[17] (input port clocked by clk)
Endpoint: _131_ (rising edge-triggered flip-flop clocked by clk)
Path Group: clk
Path Type: max

Fanout         Cap        Slew       Delay        Time   Description
---------------------------------------------------------------------------------------------
                                  0.000000    0.000000   clock clk (rise edge)
                                  5.570000    5.570000   clock network delay (propagated)
                                  3.890000    9.460000 v input external delay
     2    0.004194    0.920000    0.000000    9.460000 v wbs_adr_i[17] (in)
                                                         wbs_adr_i[17] (net)
                      0.920184    0.000092    9.460093 v hold1/A (sky130_fd_sc_hd__dlygate4sd3_1)
     1    0.002743    0.037817    0.606493   10.066586 v hold1/X (sky130_fd_sc_hd__dlygate4sd3_1)
                                                         net275 (net)
                      0.037817    0.000201   10.066786 v input87/A (sky130_fd_sc_hd__clkbuf_1)
     1    0.002694    0.018164    0.058836   10.125622 v input87/X (sky130_fd_sc_hd__clkbuf_1)
                                                         net87 (net)
                      0.018164    0.000111   10.125732 v hold2/A (sky130_fd_sc_hd__dlygate4sd3_1)
     1    0.003125    0.039600    0.357415   10.483147 v hold2/X (sky130_fd_sc_hd__dlygate4sd3_1)
                                                         net276 (net)
                      0.039600    0.000123   10.483271 v _044_/A (sky130_fd_sc_hd__or4_1)
     1    0.004153    0.059712    0.302361   10.785631 v _044_/X (sky130_fd_sc_hd__or4_1)
                                                         _035_ (net)
                      0.059712    0.000298   10.785930 v hold3/A (sky130_fd_sc_hd__dlygate4sd3_1)
     1    0.004710    0.045033    0.380797   11.166726 v hold3/X (sky130_fd_sc_hd__dlygate4sd3_1)
                                                         net277 (net)
                      0.045033    0.000211   11.166938 v _048_/A (sky130_fd_sc_hd__nor4_1)
     1    0.008214    0.276056    0.275174   11.442112 ^ _048_/Y (sky130_fd_sc_hd__nor4_1)
                                                         _039_ (net)
                      0.276059    0.000701   11.442812 ^ hold4/A (sky130_fd_sc_hd__dlygate4sd3_1)
     1    0.008034    0.072849    0.426044   11.868856 ^ hold4/X (sky130_fd_sc_hd__dlygate4sd3_1)
                                                         net278 (net)
                      0.072930    0.000665   11.869522 ^ wire262/A (sky130_fd_sc_hd__buf_2)
     1    0.013604    0.055279    0.097418   11.966940 ^ wire262/X (sky130_fd_sc_hd__buf_2)
                                                         net262 (net)
                      0.055346    0.001211   11.968150 ^ hold5/A (sky130_fd_sc_hd__dlygate4sd3_1)
     7    0.053036    0.396496    0.630328   12.598478 ^ hold5/X (sky130_fd_sc_hd__dlygate4sd3_1)
                                                         net279 (net)
                      0.396702    0.008336   12.606813 ^ fanout261/A (sky130_fd_sc_hd__buf_4)
    33    0.133918    0.277745    0.251299   12.858112 ^ fanout261/X (sky130_fd_sc_hd__buf_4)
                                                         net261 (net)
                      0.292083    0.049303   12.907415 ^ _098_/C (sky130_fd_sc_hd__and3_1)
     1    0.002850    0.039049    0.114478   13.021894 ^ _098_/X (sky130_fd_sc_hd__and3_1)
                                                         _023_ (net)
                      0.039050    0.000195   13.022088 ^ _131_/D (sky130_fd_sc_hd__dfrtp_4)
                                             13.022088   data arrival time

                                 25.000000   25.000000   clock clk (rise edge)
                                  4.650000   29.650000   clock source latency
     2    0.032467    0.610000    0.000000   29.650000 ^ clk (in)
                                                         clk (net)
                      0.618581    0.004290   29.654289 ^ wire3/A (sky130_fd_sc_hd__buf_4)
     3    0.035766    0.087169    0.140195   29.794485 ^ wire3/X (sky130_fd_sc_hd__buf_4)
                                                         net274 (net)
                      0.088187    0.007374   29.801857 ^ wire2/A (sky130_fd_sc_hd__buf_6)
     3    0.078960    0.121320    0.132683   29.934542 ^ wire2/X (sky130_fd_sc_hd__buf_6)
                                                         net273 (net)
                      0.127869    0.021782   29.956324 ^ wire1/A (sky130_fd_sc_hd__buf_6)
     3    0.081431    0.124079    0.139973   30.096296 ^ wire1/X (sky130_fd_sc_hd__buf_6)
                                                         net272 (net)
                      0.131229    0.022965   30.119261 ^ clkbuf_0_clk/A (sky130_fd_sc_hd__clkbuf_16)
     9    0.100467    0.090689    0.151349   30.270611 ^ clkbuf_0_clk/X (sky130_fd_sc_hd__clkbuf_16)
                                                         clknet_0_clk (net)
                      0.093063    0.011553   30.282164 ^ clkbuf_2_1__f_clk/A (sky130_fd_sc_hd__clkbuf_16)
    21    0.085235    0.079041    0.130346   30.412508 ^ clkbuf_2_1__f_clk/X (sky130_fd_sc_hd__clkbuf_16)
                                                         clknet_2_1__leaf_clk (net)
                      0.086421    0.018620   30.431129 ^ _131_/CLK (sky130_fd_sc_hd__dfrtp_4)
                                 -0.250000   30.181128   clock uncertainty
                                  0.000000   30.181128   clock reconvergence pessimism
                                 -0.036238   30.144890   library setup time
                                             30.144890   data required time
---------------------------------------------------------------------------------------------
                                             30.144890   data required time
                                            -13.022088   data arrival time
---------------------------------------------------------------------------------------------
                                             17.122801   slack (MET)


Startpoint: wbs_adr_i[17] (input port clocked by clk)
Endpoint: _137_ (rising edge-triggered flip-flop clocked by clk)
Path Group: clk
Path Type: max

Fanout         Cap        Slew       Delay        Time   Description
---------------------------------------------------------------------------------------------
                                  0.000000    0.000000   clock clk (rise edge)
                                  5.570000    5.570000   clock network delay (propagated)
                                  3.890000    9.460000 v input external delay
     2    0.004194    0.920000    0.000000    9.460000 v wbs_adr_i[17] (in)
                                                         wbs_adr_i[17] (net)
                      0.920184    0.000092    9.460093 v hold1/A (sky130_fd_sc_hd__dlygate4sd3_1)
     1    0.002743    0.037817    0.606493   10.066586 v hold1/X (sky130_fd_sc_hd__dlygate4sd3_1)
                                                         net275 (net)
                      0.037817    0.000201   10.066786 v input87/A (sky130_fd_sc_hd__clkbuf_1)
     1    0.002694    0.018164    0.058836   10.125622 v input87/X (sky130_fd_sc_hd__clkbuf_1)
                                                         net87 (net)
                      0.018164    0.000111   10.125732 v hold2/A (sky130_fd_sc_hd__dlygate4sd3_1)
     1    0.003125    0.039600    0.357415   10.483147 v hold2/X (sky130_fd_sc_hd__dlygate4sd3_1)
                                                         net276 (net)
                      0.039600    0.000123   10.483271 v _044_/A (sky130_fd_sc_hd__or4_1)
     1    0.004153    0.059712    0.302361   10.785631 v _044_/X (sky130_fd_sc_hd__or4_1)
                                                         _035_ (net)
                      0.059712    0.000298   10.785930 v hold3/A (sky130_fd_sc_hd__dlygate4sd3_1)
     1    0.004710    0.045033    0.380797   11.166726 v hold3/X (sky130_fd_sc_hd__dlygate4sd3_1)
                                                         net277 (net)
                      0.045033    0.000211   11.166938 v _048_/A (sky130_fd_sc_hd__nor4_1)
     1    0.008214    0.276056    0.275174   11.442112 ^ _048_/Y (sky130_fd_sc_hd__nor4_1)
                                                         _039_ (net)
                      0.276059    0.000701   11.442812 ^ hold4/A (sky130_fd_sc_hd__dlygate4sd3_1)
     1    0.008034    0.072849    0.426044   11.868856 ^ hold4/X (sky130_fd_sc_hd__dlygate4sd3_1)
                                                         net278 (net)
                      0.072930    0.000665   11.869522 ^ wire262/A (sky130_fd_sc_hd__buf_2)
     1    0.013604    0.055279    0.097418   11.966940 ^ wire262/X (sky130_fd_sc_hd__buf_2)
                                                         net262 (net)
                      0.055346    0.001211   11.968150 ^ hold5/A (sky130_fd_sc_hd__dlygate4sd3_1)
     7    0.053036    0.396496    0.630328   12.598478 ^ hold5/X (sky130_fd_sc_hd__dlygate4sd3_1)
                                                         net279 (net)
                      0.396702    0.008336   12.606813 ^ fanout261/A (sky130_fd_sc_hd__buf_4)
    33    0.133918    0.277745    0.251299   12.858112 ^ fanout261/X (sky130_fd_sc_hd__buf_4)
                                                         net261 (net)
                      0.291704    0.048669   12.906781 ^ _104_/C (sky130_fd_sc_hd__and3_1)
     1    0.003226    0.041220    0.116972   13.023753 ^ _104_/X (sky130_fd_sc_hd__and3_1)
                                                         _031_ (net)
                      0.041220    0.000204   13.023957 ^ _137_/D (sky130_fd_sc_hd__dfrtp_4)
                                             13.023957   data arrival time

                                 25.000000   25.000000   clock clk (rise edge)
                                  4.650000   29.650000   clock source latency
     2    0.032467    0.610000    0.000000   29.650000 ^ clk (in)
                                                         clk (net)
                      0.618581    0.004290   29.654289 ^ wire3/A (sky130_fd_sc_hd__buf_4)
     3    0.035766    0.087169    0.140195   29.794485 ^ wire3/X (sky130_fd_sc_hd__buf_4)
                                                         net274 (net)
                      0.088187    0.007374   29.801857 ^ wire2/A (sky130_fd_sc_hd__buf_6)
     3    0.078960    0.121320    0.132683   29.934542 ^ wire2/X (sky130_fd_sc_hd__buf_6)
                                                         net273 (net)
                      0.127869    0.021782   29.956324 ^ wire1/A (sky130_fd_sc_hd__buf_6)
     3    0.081431    0.124079    0.139973   30.096296 ^ wire1/X (sky130_fd_sc_hd__buf_6)
                                                         net272 (net)
                      0.131229    0.022965   30.119261 ^ clkbuf_0_clk/A (sky130_fd_sc_hd__clkbuf_16)
     9    0.100467    0.090689    0.151349   30.270611 ^ clkbuf_0_clk/X (sky130_fd_sc_hd__clkbuf_16)
                                                         clknet_0_clk (net)
                      0.093184    0.011845   30.282455 ^ clkbuf_2_0__f_clk/A (sky130_fd_sc_hd__clkbuf_16)
    17    0.092169    0.084339    0.136204   30.418659 ^ clkbuf_2_0__f_clk/X (sky130_fd_sc_hd__clkbuf_16)
                                                         clknet_2_0__leaf_clk (net)
                      0.088875    0.015266   30.433926 ^ _137_/CLK (sky130_fd_sc_hd__dfrtp_4)
                                 -0.250000   30.183924   clock uncertainty
                                  0.000000   30.183924   clock reconvergence pessimism
                                 -0.036356   30.147570   library setup time
                                             30.147570   data required time
---------------------------------------------------------------------------------------------
                                             30.147570   data required time
                                            -13.023957   data arrival time
---------------------------------------------------------------------------------------------
                                             17.123611   slack (MET)


Startpoint: wbs_adr_i[17] (input port clocked by clk)
Endpoint: _136_ (rising edge-triggered flip-flop clocked by clk)
Path Group: clk
Path Type: max

Fanout         Cap        Slew       Delay        Time   Description
---------------------------------------------------------------------------------------------
                                  0.000000    0.000000   clock clk (rise edge)
                                  5.570000    5.570000   clock network delay (propagated)
                                  3.890000    9.460000 v input external delay
     2    0.004194    0.920000    0.000000    9.460000 v wbs_adr_i[17] (in)
                                                         wbs_adr_i[17] (net)
                      0.920184    0.000092    9.460093 v hold1/A (sky130_fd_sc_hd__dlygate4sd3_1)
     1    0.002743    0.037817    0.606493   10.066586 v hold1/X (sky130_fd_sc_hd__dlygate4sd3_1)
                                                         net275 (net)
                      0.037817    0.000201   10.066786 v input87/A (sky130_fd_sc_hd__clkbuf_1)
     1    0.002694    0.018164    0.058836   10.125622 v input87/X (sky130_fd_sc_hd__clkbuf_1)
                                                         net87 (net)
                      0.018164    0.000111   10.125732 v hold2/A (sky130_fd_sc_hd__dlygate4sd3_1)
     1    0.003125    0.039600    0.357415   10.483147 v hold2/X (sky130_fd_sc_hd__dlygate4sd3_1)
                                                         net276 (net)
                      0.039600    0.000123   10.483271 v _044_/A (sky130_fd_sc_hd__or4_1)
     1    0.004153    0.059712    0.302361   10.785631 v _044_/X (sky130_fd_sc_hd__or4_1)
                                                         _035_ (net)
                      0.059712    0.000298   10.785930 v hold3/A (sky130_fd_sc_hd__dlygate4sd3_1)
     1    0.004710    0.045033    0.380797   11.166726 v hold3/X (sky130_fd_sc_hd__dlygate4sd3_1)
                                                         net277 (net)
                      0.045033    0.000211   11.166938 v _048_/A (sky130_fd_sc_hd__nor4_1)
     1    0.008214    0.276056    0.275174   11.442112 ^ _048_/Y (sky130_fd_sc_hd__nor4_1)
                                                         _039_ (net)
                      0.276059    0.000701   11.442812 ^ hold4/A (sky130_fd_sc_hd__dlygate4sd3_1)
     1    0.008034    0.072849    0.426044   11.868856 ^ hold4/X (sky130_fd_sc_hd__dlygate4sd3_1)
                                                         net278 (net)
                      0.072930    0.000665   11.869522 ^ wire262/A (sky130_fd_sc_hd__buf_2)
     1    0.013604    0.055279    0.097418   11.966940 ^ wire262/X (sky130_fd_sc_hd__buf_2)
                                                         net262 (net)
                      0.055346    0.001211   11.968150 ^ hold5/A (sky130_fd_sc_hd__dlygate4sd3_1)
     7    0.053036    0.396496    0.630328   12.598478 ^ hold5/X (sky130_fd_sc_hd__dlygate4sd3_1)
                                                         net279 (net)
                      0.396702    0.008336   12.606813 ^ fanout261/A (sky130_fd_sc_hd__buf_4)
    33    0.133918    0.277745    0.251299   12.858112 ^ fanout261/X (sky130_fd_sc_hd__buf_4)
                                                         net261 (net)
                      0.291963    0.049103   12.907215 ^ _103_/C (sky130_fd_sc_hd__and3_1)
     1    0.003028    0.040014    0.115658   13.022873 ^ _103_/X (sky130_fd_sc_hd__and3_1)
                                                         _030_ (net)
                      0.040015    0.000197   13.023070 ^ _136_/D (sky130_fd_sc_hd__dfrtp_4)
                                             13.023070   data arrival time

                                 25.000000   25.000000   clock clk (rise edge)
                                  4.650000   29.650000   clock source latency
     2    0.032467    0.610000    0.000000   29.650000 ^ clk (in)
                                                         clk (net)
                      0.618581    0.004290   29.654289 ^ wire3/A (sky130_fd_sc_hd__buf_4)
     3    0.035766    0.087169    0.140195   29.794485 ^ wire3/X (sky130_fd_sc_hd__buf_4)
                                                         net274 (net)
                      0.088187    0.007374   29.801857 ^ wire2/A (sky130_fd_sc_hd__buf_6)
     3    0.078960    0.121320    0.132683   29.934542 ^ wire2/X (sky130_fd_sc_hd__buf_6)
                                                         net273 (net)
                      0.127869    0.021782   29.956324 ^ wire1/A (sky130_fd_sc_hd__buf_6)
     3    0.081431    0.124079    0.139973   30.096296 ^ wire1/X (sky130_fd_sc_hd__buf_6)
                                                         net272 (net)
                      0.131229    0.022965   30.119261 ^ clkbuf_0_clk/A (sky130_fd_sc_hd__clkbuf_16)
     9    0.100467    0.090689    0.151349   30.270611 ^ clkbuf_0_clk/X (sky130_fd_sc_hd__clkbuf_16)
                                                         clknet_0_clk (net)
                      0.093184    0.011845   30.282455 ^ clkbuf_2_0__f_clk/A (sky130_fd_sc_hd__clkbuf_16)
    17    0.092169    0.084339    0.136204   30.418659 ^ clkbuf_2_0__f_clk/X (sky130_fd_sc_hd__clkbuf_16)
                                                         clknet_2_0__leaf_clk (net)
                      0.089058    0.015575   30.434235 ^ _136_/CLK (sky130_fd_sc_hd__dfrtp_4)
                                 -0.250000   30.184233   clock uncertainty
                                  0.000000   30.184233   clock reconvergence pessimism
                                 -0.036232   30.147999   library setup time
                                             30.147999   data required time
---------------------------------------------------------------------------------------------
                                             30.147999   data required time
                                            -13.023070   data arrival time
---------------------------------------------------------------------------------------------
                                             17.124929   slack (MET)


Startpoint: wbs_adr_i[17] (input port clocked by clk)
Endpoint: _135_ (rising edge-triggered flip-flop clocked by clk)
Path Group: clk
Path Type: max

Fanout         Cap        Slew       Delay        Time   Description
---------------------------------------------------------------------------------------------
                                  0.000000    0.000000   clock clk (rise edge)
                                  5.570000    5.570000   clock network delay (propagated)
                                  3.890000    9.460000 v input external delay
     2    0.004194    0.920000    0.000000    9.460000 v wbs_adr_i[17] (in)
                                                         wbs_adr_i[17] (net)
                      0.920184    0.000092    9.460093 v hold1/A (sky130_fd_sc_hd__dlygate4sd3_1)
     1    0.002743    0.037817    0.606493   10.066586 v hold1/X (sky130_fd_sc_hd__dlygate4sd3_1)
                                                         net275 (net)
                      0.037817    0.000201   10.066786 v input87/A (sky130_fd_sc_hd__clkbuf_1)
     1    0.002694    0.018164    0.058836   10.125622 v input87/X (sky130_fd_sc_hd__clkbuf_1)
                                                         net87 (net)
                      0.018164    0.000111   10.125732 v hold2/A (sky130_fd_sc_hd__dlygate4sd3_1)
     1    0.003125    0.039600    0.357415   10.483147 v hold2/X (sky130_fd_sc_hd__dlygate4sd3_1)
                                                         net276 (net)
                      0.039600    0.000123   10.483271 v _044_/A (sky130_fd_sc_hd__or4_1)
     1    0.004153    0.059712    0.302361   10.785631 v _044_/X (sky130_fd_sc_hd__or4_1)
                                                         _035_ (net)
                      0.059712    0.000298   10.785930 v hold3/A (sky130_fd_sc_hd__dlygate4sd3_1)
     1    0.004710    0.045033    0.380797   11.166726 v hold3/X (sky130_fd_sc_hd__dlygate4sd3_1)
                                                         net277 (net)
                      0.045033    0.000211   11.166938 v _048_/A (sky130_fd_sc_hd__nor4_1)
     1    0.008214    0.276056    0.275174   11.442112 ^ _048_/Y (sky130_fd_sc_hd__nor4_1)
                                                         _039_ (net)
                      0.276059    0.000701   11.442812 ^ hold4/A (sky130_fd_sc_hd__dlygate4sd3_1)
     1    0.008034    0.072849    0.426044   11.868856 ^ hold4/X (sky130_fd_sc_hd__dlygate4sd3_1)
                                                         net278 (net)
                      0.072930    0.000665   11.869522 ^ wire262/A (sky130_fd_sc_hd__buf_2)
     1    0.013604    0.055279    0.097418   11.966940 ^ wire262/X (sky130_fd_sc_hd__buf_2)
                                                         net262 (net)
                      0.055346    0.001211   11.968150 ^ hold5/A (sky130_fd_sc_hd__dlygate4sd3_1)
     7    0.053036    0.396496    0.630328   12.598478 ^ hold5/X (sky130_fd_sc_hd__dlygate4sd3_1)
                                                         net279 (net)
                      0.396702    0.008336   12.606813 ^ fanout261/A (sky130_fd_sc_hd__buf_4)
    33    0.133918    0.277745    0.251299   12.858112 ^ fanout261/X (sky130_fd_sc_hd__buf_4)
                                                         net261 (net)
                      0.290956    0.047393   12.905505 ^ _102_/C (sky130_fd_sc_hd__and3_1)
     1    0.003054    0.040156    0.115834   13.021340 ^ _102_/X (sky130_fd_sc_hd__and3_1)
                                                         _029_ (net)
                      0.040156    0.000200   13.021540 ^ _135_/D (sky130_fd_sc_hd__dfrtp_4)
                                             13.021540   data arrival time

                                 25.000000   25.000000   clock clk (rise edge)
                                  4.650000   29.650000   clock source latency
     2    0.032467    0.610000    0.000000   29.650000 ^ clk (in)
                                                         clk (net)
                      0.618581    0.004290   29.654289 ^ wire3/A (sky130_fd_sc_hd__buf_4)
     3    0.035766    0.087169    0.140195   29.794485 ^ wire3/X (sky130_fd_sc_hd__buf_4)
                                                         net274 (net)
                      0.088187    0.007374   29.801857 ^ wire2/A (sky130_fd_sc_hd__buf_6)
     3    0.078960    0.121320    0.132683   29.934542 ^ wire2/X (sky130_fd_sc_hd__buf_6)
                                                         net273 (net)
                      0.127869    0.021782   29.956324 ^ wire1/A (sky130_fd_sc_hd__buf_6)
     3    0.081431    0.124079    0.139973   30.096296 ^ wire1/X (sky130_fd_sc_hd__buf_6)
                                                         net272 (net)
                      0.131229    0.022965   30.119261 ^ clkbuf_0_clk/A (sky130_fd_sc_hd__clkbuf_16)
     9    0.100467    0.090689    0.151349   30.270611 ^ clkbuf_0_clk/X (sky130_fd_sc_hd__clkbuf_16)
                                                         clknet_0_clk (net)
                      0.093184    0.011845   30.282455 ^ clkbuf_2_0__f_clk/A (sky130_fd_sc_hd__clkbuf_16)
    17    0.092169    0.084339    0.136204   30.418659 ^ clkbuf_2_0__f_clk/X (sky130_fd_sc_hd__clkbuf_16)
                                                         clknet_2_0__leaf_clk (net)
                      0.088437    0.014495   30.433153 ^ _135_/CLK (sky130_fd_sc_hd__dfrtp_4)
                                 -0.250000   30.183153   clock uncertainty
                                  0.000000   30.183153   clock reconvergence pessimism
                                 -0.036269   30.146883   library setup time
                                             30.146883   data required time
---------------------------------------------------------------------------------------------
                                             30.146883   data required time
                                            -13.021540   data arrival time
---------------------------------------------------------------------------------------------
                                             17.125343   slack (MET)


Startpoint: wbs_adr_i[17] (input port clocked by clk)
Endpoint: _140_ (rising edge-triggered flip-flop clocked by clk)
Path Group: clk
Path Type: max

Fanout         Cap        Slew       Delay        Time   Description
---------------------------------------------------------------------------------------------
                                  0.000000    0.000000   clock clk (rise edge)
                                  5.570000    5.570000   clock network delay (propagated)
                                  3.890000    9.460000 v input external delay
     2    0.004194    0.920000    0.000000    9.460000 v wbs_adr_i[17] (in)
                                                         wbs_adr_i[17] (net)
                      0.920184    0.000092    9.460093 v hold1/A (sky130_fd_sc_hd__dlygate4sd3_1)
     1    0.002743    0.037817    0.606493   10.066586 v hold1/X (sky130_fd_sc_hd__dlygate4sd3_1)
                                                         net275 (net)
                      0.037817    0.000201   10.066786 v input87/A (sky130_fd_sc_hd__clkbuf_1)
     1    0.002694    0.018164    0.058836   10.125622 v input87/X (sky130_fd_sc_hd__clkbuf_1)
                                                         net87 (net)
                      0.018164    0.000111   10.125732 v hold2/A (sky130_fd_sc_hd__dlygate4sd3_1)
     1    0.003125    0.039600    0.357415   10.483147 v hold2/X (sky130_fd_sc_hd__dlygate4sd3_1)
                                                         net276 (net)
                      0.039600    0.000123   10.483271 v _044_/A (sky130_fd_sc_hd__or4_1)
     1    0.004153    0.059712    0.302361   10.785631 v _044_/X (sky130_fd_sc_hd__or4_1)
                                                         _035_ (net)
                      0.059712    0.000298   10.785930 v hold3/A (sky130_fd_sc_hd__dlygate4sd3_1)
     1    0.004710    0.045033    0.380797   11.166726 v hold3/X (sky130_fd_sc_hd__dlygate4sd3_1)
                                                         net277 (net)
                      0.045033    0.000211   11.166938 v _048_/A (sky130_fd_sc_hd__nor4_1)
     1    0.008214    0.276056    0.275174   11.442112 ^ _048_/Y (sky130_fd_sc_hd__nor4_1)
                                                         _039_ (net)
                      0.276059    0.000701   11.442812 ^ hold4/A (sky130_fd_sc_hd__dlygate4sd3_1)
     1    0.008034    0.072849    0.426044   11.868856 ^ hold4/X (sky130_fd_sc_hd__dlygate4sd3_1)
                                                         net278 (net)
                      0.072930    0.000665   11.869522 ^ wire262/A (sky130_fd_sc_hd__buf_2)
     1    0.013604    0.055279    0.097418   11.966940 ^ wire262/X (sky130_fd_sc_hd__buf_2)
                                                         net262 (net)
                      0.055346    0.001211   11.968150 ^ hold5/A (sky130_fd_sc_hd__dlygate4sd3_1)
     7    0.053036    0.396496    0.630328   12.598478 ^ hold5/X (sky130_fd_sc_hd__dlygate4sd3_1)
                                                         net279 (net)
                      0.396702    0.008336   12.606813 ^ fanout261/A (sky130_fd_sc_hd__buf_4)
    33    0.133918    0.277745    0.251299   12.858112 ^ fanout261/X (sky130_fd_sc_hd__buf_4)
                                                         net261 (net)
                      0.287569    0.041148   12.899261 ^ _107_/C (sky130_fd_sc_hd__and3_1)
     1    0.002433    0.037098    0.111751   13.011011 ^ _107_/X (sky130_fd_sc_hd__and3_1)
                                                         _003_ (net)
                      0.037098    0.000178   13.011189 ^ _140_/D (sky130_fd_sc_hd__dfrtp_2)
                                             13.011189   data arrival time

                                 25.000000   25.000000   clock clk (rise edge)
                                  4.650000   29.650000   clock source latency
     2    0.032467    0.610000    0.000000   29.650000 ^ clk (in)
                                                         clk (net)
                      0.618581    0.004290   29.654289 ^ wire3/A (sky130_fd_sc_hd__buf_4)
     3    0.035766    0.087169    0.140195   29.794485 ^ wire3/X (sky130_fd_sc_hd__buf_4)
                                                         net274 (net)
                      0.088187    0.007374   29.801857 ^ wire2/A (sky130_fd_sc_hd__buf_6)
     3    0.078960    0.121320    0.132683   29.934542 ^ wire2/X (sky130_fd_sc_hd__buf_6)
                                                         net273 (net)
                      0.127869    0.021782   29.956324 ^ wire1/A (sky130_fd_sc_hd__buf_6)
     3    0.081431    0.124079    0.139973   30.096296 ^ wire1/X (sky130_fd_sc_hd__buf_6)
                                                         net272 (net)
                      0.131229    0.022965   30.119261 ^ clkbuf_0_clk/A (sky130_fd_sc_hd__clkbuf_16)
     9    0.100467    0.090689    0.151349   30.270611 ^ clkbuf_0_clk/X (sky130_fd_sc_hd__clkbuf_16)
                                                         clknet_0_clk (net)
                      0.093063    0.011553   30.282164 ^ clkbuf_2_1__f_clk/A (sky130_fd_sc_hd__clkbuf_16)
    21    0.085235    0.079041    0.130346   30.412508 ^ clkbuf_2_1__f_clk/X (sky130_fd_sc_hd__clkbuf_16)
                                                         clknet_2_1__leaf_clk (net)
                      0.082632    0.012903   30.425413 ^ _140_/CLK (sky130_fd_sc_hd__dfrtp_2)
                                 -0.250000   30.175411   clock uncertainty
                                  0.000000   30.175411   clock reconvergence pessimism
                                 -0.035028   30.140385   library setup time
                                             30.140385   data required time
---------------------------------------------------------------------------------------------
                                             30.140385   data required time
                                            -13.011189   data arrival time
---------------------------------------------------------------------------------------------
                                             17.129196   slack (MET)


Startpoint: wbs_adr_i[17] (input port clocked by clk)
Endpoint: _141_ (rising edge-triggered flip-flop clocked by clk)
Path Group: clk
Path Type: max

Fanout         Cap        Slew       Delay        Time   Description
---------------------------------------------------------------------------------------------
                                  0.000000    0.000000   clock clk (rise edge)
                                  5.570000    5.570000   clock network delay (propagated)
                                  3.890000    9.460000 v input external delay
     2    0.004194    0.920000    0.000000    9.460000 v wbs_adr_i[17] (in)
                                                         wbs_adr_i[17] (net)
                      0.920184    0.000092    9.460093 v hold1/A (sky130_fd_sc_hd__dlygate4sd3_1)
     1    0.002743    0.037817    0.606493   10.066586 v hold1/X (sky130_fd_sc_hd__dlygate4sd3_1)
                                                         net275 (net)
                      0.037817    0.000201   10.066786 v input87/A (sky130_fd_sc_hd__clkbuf_1)
     1    0.002694    0.018164    0.058836   10.125622 v input87/X (sky130_fd_sc_hd__clkbuf_1)
                                                         net87 (net)
                      0.018164    0.000111   10.125732 v hold2/A (sky130_fd_sc_hd__dlygate4sd3_1)
     1    0.003125    0.039600    0.357415   10.483147 v hold2/X (sky130_fd_sc_hd__dlygate4sd3_1)
                                                         net276 (net)
                      0.039600    0.000123   10.483271 v _044_/A (sky130_fd_sc_hd__or4_1)
     1    0.004153    0.059712    0.302361   10.785631 v _044_/X (sky130_fd_sc_hd__or4_1)
                                                         _035_ (net)
                      0.059712    0.000298   10.785930 v hold3/A (sky130_fd_sc_hd__dlygate4sd3_1)
     1    0.004710    0.045033    0.380797   11.166726 v hold3/X (sky130_fd_sc_hd__dlygate4sd3_1)
                                                         net277 (net)
                      0.045033    0.000211   11.166938 v _048_/A (sky130_fd_sc_hd__nor4_1)
     1    0.008214    0.276056    0.275174   11.442112 ^ _048_/Y (sky130_fd_sc_hd__nor4_1)
                                                         _039_ (net)
                      0.276059    0.000701   11.442812 ^ hold4/A (sky130_fd_sc_hd__dlygate4sd3_1)
     1    0.008034    0.072849    0.426044   11.868856 ^ hold4/X (sky130_fd_sc_hd__dlygate4sd3_1)
                                                         net278 (net)
                      0.072930    0.000665   11.869522 ^ wire262/A (sky130_fd_sc_hd__buf_2)
     1    0.013604    0.055279    0.097418   11.966940 ^ wire262/X (sky130_fd_sc_hd__buf_2)
                                                         net262 (net)
                      0.055346    0.001211   11.968150 ^ hold5/A (sky130_fd_sc_hd__dlygate4sd3_1)
     7    0.053036    0.396496    0.630328   12.598478 ^ hold5/X (sky130_fd_sc_hd__dlygate4sd3_1)
                                                         net279 (net)
                      0.396702    0.008336   12.606813 ^ fanout261/A (sky130_fd_sc_hd__buf_4)
    33    0.133918    0.277745    0.251299   12.858112 ^ fanout261/X (sky130_fd_sc_hd__buf_4)
                                                         net261 (net)
                      0.283859    0.032978   12.891090 ^ _108_/C (sky130_fd_sc_hd__and3_1)
     1    0.003144    0.041586    0.116454   13.007545 ^ _108_/X (sky130_fd_sc_hd__and3_1)
                                                         _004_ (net)
                      0.041587    0.000206   13.007751 ^ _141_/D (sky130_fd_sc_hd__dfrtp_2)
                                             13.007751   data arrival time

                                 25.000000   25.000000   clock clk (rise edge)
                                  4.650000   29.650000   clock source latency
     2    0.032467    0.610000    0.000000   29.650000 ^ clk (in)
                                                         clk (net)
                      0.618581    0.004290   29.654289 ^ wire3/A (sky130_fd_sc_hd__buf_4)
     3    0.035766    0.087169    0.140195   29.794485 ^ wire3/X (sky130_fd_sc_hd__buf_4)
                                                         net274 (net)
                      0.088187    0.007374   29.801857 ^ wire2/A (sky130_fd_sc_hd__buf_6)
     3    0.078960    0.121320    0.132683   29.934542 ^ wire2/X (sky130_fd_sc_hd__buf_6)
                                                         net273 (net)
                      0.127869    0.021782   29.956324 ^ wire1/A (sky130_fd_sc_hd__buf_6)
     3    0.081431    0.124079    0.139973   30.096296 ^ wire1/X (sky130_fd_sc_hd__buf_6)
                                                         net272 (net)
                      0.131229    0.022965   30.119261 ^ clkbuf_0_clk/A (sky130_fd_sc_hd__clkbuf_16)
     9    0.100467    0.090689    0.151349   30.270611 ^ clkbuf_0_clk/X (sky130_fd_sc_hd__clkbuf_16)
                                                         clknet_0_clk (net)
                      0.093184    0.011845   30.282455 ^ clkbuf_2_0__f_clk/A (sky130_fd_sc_hd__clkbuf_16)
    17    0.092169    0.084339    0.136204   30.418659 ^ clkbuf_2_0__f_clk/X (sky130_fd_sc_hd__clkbuf_16)
                                                         clknet_2_0__leaf_clk (net)
                      0.085534    0.007923   30.426580 ^ _141_/CLK (sky130_fd_sc_hd__dfrtp_2)
                                 -0.250000   30.176580   clock uncertainty
                                  0.000000   30.176580   clock reconvergence pessimism
                                 -0.035363   30.141216   library setup time
                                             30.141216   data required time
---------------------------------------------------------------------------------------------
                                             30.141216   data required time
                                            -13.007751   data arrival time
---------------------------------------------------------------------------------------------
                                             17.133467   slack (MET)


Startpoint: wbs_adr_i[17] (input port clocked by clk)
Endpoint: _142_ (rising edge-triggered flip-flop clocked by clk)
Path Group: clk
Path Type: max

Fanout         Cap        Slew       Delay        Time   Description
---------------------------------------------------------------------------------------------
                                  0.000000    0.000000   clock clk (rise edge)
                                  5.570000    5.570000   clock network delay (propagated)
                                  3.890000    9.460000 v input external delay
     2    0.004194    0.920000    0.000000    9.460000 v wbs_adr_i[17] (in)
                                                         wbs_adr_i[17] (net)
                      0.920184    0.000092    9.460093 v hold1/A (sky130_fd_sc_hd__dlygate4sd3_1)
     1    0.002743    0.037817    0.606493   10.066586 v hold1/X (sky130_fd_sc_hd__dlygate4sd3_1)
                                                         net275 (net)
                      0.037817    0.000201   10.066786 v input87/A (sky130_fd_sc_hd__clkbuf_1)
     1    0.002694    0.018164    0.058836   10.125622 v input87/X (sky130_fd_sc_hd__clkbuf_1)
                                                         net87 (net)
                      0.018164    0.000111   10.125732 v hold2/A (sky130_fd_sc_hd__dlygate4sd3_1)
     1    0.003125    0.039600    0.357415   10.483147 v hold2/X (sky130_fd_sc_hd__dlygate4sd3_1)
                                                         net276 (net)
                      0.039600    0.000123   10.483271 v _044_/A (sky130_fd_sc_hd__or4_1)
     1    0.004153    0.059712    0.302361   10.785631 v _044_/X (sky130_fd_sc_hd__or4_1)
                                                         _035_ (net)
                      0.059712    0.000298   10.785930 v hold3/A (sky130_fd_sc_hd__dlygate4sd3_1)
     1    0.004710    0.045033    0.380797   11.166726 v hold3/X (sky130_fd_sc_hd__dlygate4sd3_1)
                                                         net277 (net)
                      0.045033    0.000211   11.166938 v _048_/A (sky130_fd_sc_hd__nor4_1)
     1    0.008214    0.276056    0.275174   11.442112 ^ _048_/Y (sky130_fd_sc_hd__nor4_1)
                                                         _039_ (net)
                      0.276059    0.000701   11.442812 ^ hold4/A (sky130_fd_sc_hd__dlygate4sd3_1)
     1    0.008034    0.072849    0.426044   11.868856 ^ hold4/X (sky130_fd_sc_hd__dlygate4sd3_1)
                                                         net278 (net)
                      0.072930    0.000665   11.869522 ^ wire262/A (sky130_fd_sc_hd__buf_2)
     1    0.013604    0.055279    0.097418   11.966940 ^ wire262/X (sky130_fd_sc_hd__buf_2)
                                                         net262 (net)
                      0.055346    0.001211   11.968150 ^ hold5/A (sky130_fd_sc_hd__dlygate4sd3_1)
     7    0.053036    0.396496    0.630328   12.598478 ^ hold5/X (sky130_fd_sc_hd__dlygate4sd3_1)
                                                         net279 (net)
                      0.396702    0.008336   12.606813 ^ fanout261/A (sky130_fd_sc_hd__buf_4)
    33    0.133918    0.277745    0.251299   12.858112 ^ fanout261/X (sky130_fd_sc_hd__buf_4)
                                                         net261 (net)
                      0.280264    0.021988   12.880100 ^ _109_/C (sky130_fd_sc_hd__and3_1)
     1    0.003484    0.042627    0.118541   12.998641 ^ _109_/X (sky130_fd_sc_hd__and3_1)
                                                         _005_ (net)
                      0.042628    0.000226   12.998867 ^ _142_/D (sky130_fd_sc_hd__dfrtp_2)
                                             12.998867   data arrival time

                                 25.000000   25.000000   clock clk (rise edge)
                                  4.650000   29.650000   clock source latency
     2    0.032467    0.610000    0.000000   29.650000 ^ clk (in)
                                                         clk (net)
                      0.618581    0.004290   29.654289 ^ wire3/A (sky130_fd_sc_hd__buf_4)
     3    0.035766    0.087169    0.140195   29.794485 ^ wire3/X (sky130_fd_sc_hd__buf_4)
                                                         net274 (net)
                      0.088187    0.007374   29.801857 ^ wire2/A (sky130_fd_sc_hd__buf_6)
     3    0.078960    0.121320    0.132683   29.934542 ^ wire2/X (sky130_fd_sc_hd__buf_6)
                                                         net273 (net)
                      0.127869    0.021782   29.956324 ^ wire1/A (sky130_fd_sc_hd__buf_6)
     3    0.081431    0.124079    0.139973   30.096296 ^ wire1/X (sky130_fd_sc_hd__buf_6)
                                                         net272 (net)
                      0.131229    0.022965   30.119261 ^ clkbuf_0_clk/A (sky130_fd_sc_hd__clkbuf_16)
     9    0.100467    0.090689    0.151349   30.270611 ^ clkbuf_0_clk/X (sky130_fd_sc_hd__clkbuf_16)
                                                         clknet_0_clk (net)
                      0.093184    0.011845   30.282455 ^ clkbuf_2_0__f_clk/A (sky130_fd_sc_hd__clkbuf_16)
    17    0.092169    0.084339    0.136204   30.418659 ^ clkbuf_2_0__f_clk/X (sky130_fd_sc_hd__clkbuf_16)
                                                         clknet_2_0__leaf_clk (net)
                      0.085953    0.009141   30.427799 ^ _142_/CLK (sky130_fd_sc_hd__dfrtp_2)
                                 -0.250000   30.177799   clock uncertainty
                                  0.000000   30.177799   clock reconvergence pessimism
                                 -0.035451   30.142349   library setup time
                                             30.142349   data required time
---------------------------------------------------------------------------------------------
                                             30.142349   data required time
                                            -12.998867   data arrival time
---------------------------------------------------------------------------------------------
                                             17.143482   slack (MET)


Startpoint: wbs_adr_i[17] (input port clocked by clk)
Endpoint: _143_ (rising edge-triggered flip-flop clocked by clk)
Path Group: clk
Path Type: max

Fanout         Cap        Slew       Delay        Time   Description
---------------------------------------------------------------------------------------------
                                  0.000000    0.000000   clock clk (rise edge)
                                  5.570000    5.570000   clock network delay (propagated)
                                  3.890000    9.460000 v input external delay
     2    0.004194    0.920000    0.000000    9.460000 v wbs_adr_i[17] (in)
                                                         wbs_adr_i[17] (net)
                      0.920184    0.000092    9.460093 v hold1/A (sky130_fd_sc_hd__dlygate4sd3_1)
     1    0.002743    0.037817    0.606493   10.066586 v hold1/X (sky130_fd_sc_hd__dlygate4sd3_1)
                                                         net275 (net)
                      0.037817    0.000201   10.066786 v input87/A (sky130_fd_sc_hd__clkbuf_1)
     1    0.002694    0.018164    0.058836   10.125622 v input87/X (sky130_fd_sc_hd__clkbuf_1)
                                                         net87 (net)
                      0.018164    0.000111   10.125732 v hold2/A (sky130_fd_sc_hd__dlygate4sd3_1)
     1    0.003125    0.039600    0.357415   10.483147 v hold2/X (sky130_fd_sc_hd__dlygate4sd3_1)
                                                         net276 (net)
                      0.039600    0.000123   10.483271 v _044_/A (sky130_fd_sc_hd__or4_1)
     1    0.004153    0.059712    0.302361   10.785631 v _044_/X (sky130_fd_sc_hd__or4_1)
                                                         _035_ (net)
                      0.059712    0.000298   10.785930 v hold3/A (sky130_fd_sc_hd__dlygate4sd3_1)
     1    0.004710    0.045033    0.380797   11.166726 v hold3/X (sky130_fd_sc_hd__dlygate4sd3_1)
                                                         net277 (net)
                      0.045033    0.000211   11.166938 v _048_/A (sky130_fd_sc_hd__nor4_1)
     1    0.008214    0.276056    0.275174   11.442112 ^ _048_/Y (sky130_fd_sc_hd__nor4_1)
                                                         _039_ (net)
                      0.276059    0.000701   11.442812 ^ hold4/A (sky130_fd_sc_hd__dlygate4sd3_1)
     1    0.008034    0.072849    0.426044   11.868856 ^ hold4/X (sky130_fd_sc_hd__dlygate4sd3_1)
                                                         net278 (net)
                      0.072930    0.000665   11.869522 ^ wire262/A (sky130_fd_sc_hd__buf_2)
     1    0.013604    0.055279    0.097418   11.966940 ^ wire262/X (sky130_fd_sc_hd__buf_2)
                                                         net262 (net)
                      0.055346    0.001211   11.968150 ^ hold5/A (sky130_fd_sc_hd__dlygate4sd3_1)
     7    0.053036    0.396496    0.630328   12.598478 ^ hold5/X (sky130_fd_sc_hd__dlygate4sd3_1)
                                                         net279 (net)
                      0.396702    0.008336   12.606813 ^ fanout261/A (sky130_fd_sc_hd__buf_4)
    33    0.133918    0.277745    0.251299   12.858112 ^ fanout261/X (sky130_fd_sc_hd__buf_4)
                                                         net261 (net)
                      0.278003    0.007488   12.865601 ^ _110_/C (sky130_fd_sc_hd__and3_1)
     1    0.002794    0.038457    0.113840   12.979440 ^ _110_/X (sky130_fd_sc_hd__and3_1)
                                                         _006_ (net)
                      0.038457    0.000186   12.979626 ^ _143_/D (sky130_fd_sc_hd__dfrtp_2)
                                             12.979626   data arrival time

                                 25.000000   25.000000   clock clk (rise edge)
                                  4.650000   29.650000   clock source latency
     2    0.032467    0.610000    0.000000   29.650000 ^ clk (in)
                                                         clk (net)
                      0.618581    0.004290   29.654289 ^ wire3/A (sky130_fd_sc_hd__buf_4)
     3    0.035766    0.087169    0.140195   29.794485 ^ wire3/X (sky130_fd_sc_hd__buf_4)
                                                         net274 (net)
                      0.088187    0.007374   29.801857 ^ wire2/A (sky130_fd_sc_hd__buf_6)
     3    0.078960    0.121320    0.132683   29.934542 ^ wire2/X (sky130_fd_sc_hd__buf_6)
                                                         net273 (net)
                      0.127869    0.021782   29.956324 ^ wire1/A (sky130_fd_sc_hd__buf_6)
     3    0.081431    0.124079    0.139973   30.096296 ^ wire1/X (sky130_fd_sc_hd__buf_6)
                                                         net272 (net)
                      0.131229    0.022965   30.119261 ^ clkbuf_0_clk/A (sky130_fd_sc_hd__clkbuf_16)
     9    0.100467    0.090689    0.151349   30.270611 ^ clkbuf_0_clk/X (sky130_fd_sc_hd__clkbuf_16)
                                                         clknet_0_clk (net)
                      0.093184    0.011845   30.282455 ^ clkbuf_2_0__f_clk/A (sky130_fd_sc_hd__clkbuf_16)
    17    0.092169    0.084339    0.136204   30.418659 ^ clkbuf_2_0__f_clk/X (sky130_fd_sc_hd__clkbuf_16)
                                                         clknet_2_0__leaf_clk (net)
                      0.086305    0.010058   30.428717 ^ _143_/CLK (sky130_fd_sc_hd__dfrtp_2)
                                 -0.250000   30.178715   clock uncertainty
                                  0.000000   30.178715   clock reconvergence pessimism
                                 -0.035024   30.143692   library setup time
                                             30.143692   data required time
---------------------------------------------------------------------------------------------
                                             30.143692   data required time
                                            -12.979626   data arrival time
---------------------------------------------------------------------------------------------
                                             17.164066   slack (MET)


Startpoint: _159_ (rising edge-triggered flip-flop clocked by clk)
Endpoint: wbs_dat_o[30] (output port clocked by clk)
Path Group: clk
Path Type: max

Fanout         Cap        Slew       Delay        Time   Description
---------------------------------------------------------------------------------------------
                                  0.000000    0.000000   clock clk (rise edge)
                                  5.570000    5.570000   clock source latency
     2    0.032467    0.610000    0.000000    5.570000 ^ clk (in)
                                                         clk (net)
                      0.618581    0.004290    5.574291 ^ wire3/A (sky130_fd_sc_hd__buf_4)
     3    0.035766    0.087169    0.140194    5.714485 ^ wire3/X (sky130_fd_sc_hd__buf_4)
                                                         net274 (net)
                      0.088187    0.007375    5.721859 ^ wire2/A (sky130_fd_sc_hd__buf_6)
     3    0.078960    0.121320    0.132681    5.854540 ^ wire2/X (sky130_fd_sc_hd__buf_6)
                                                         net273 (net)
                      0.127869    0.021784    5.876325 ^ wire1/A (sky130_fd_sc_hd__buf_6)
     3    0.081431    0.124079    0.139972    6.016297 ^ wire1/X (sky130_fd_sc_hd__buf_6)
                                                         net272 (net)
                      0.131229    0.022966    6.039263 ^ clkbuf_0_clk/A (sky130_fd_sc_hd__clkbuf_16)
     9    0.100467    0.090689    0.151350    6.190612 ^ clkbuf_0_clk/X (sky130_fd_sc_hd__clkbuf_16)
                                                         clknet_0_clk (net)
                      0.092512    0.010128    6.200740 ^ clkbuf_2_2__f_clk/A (sky130_fd_sc_hd__clkbuf_16)
    17    0.093430    0.085225    0.137478    6.338219 ^ clkbuf_2_2__f_clk/X (sky130_fd_sc_hd__clkbuf_16)
                                                         clknet_2_2__leaf_clk (net)
                      0.089020    0.014106    6.352324 ^ _159_/CLK (sky130_fd_sc_hd__dfrtp_4)
     3    0.163862    0.343640    0.457736    6.810060 ^ _159_/Q (sky130_fd_sc_hd__dfrtp_4)
                                                         net251 (net)
                      0.383497    0.088565    6.898625 ^ output251/A (sky130_fd_sc_hd__buf_12)
     1    0.191272    0.174102    0.179778    7.078403 ^ output251/X (sky130_fd_sc_hd__buf_12)
                                                         wbs_dat_o[30] (net)
                      0.174892    0.009497    7.087900 ^ wbs_dat_o[30] (out)
                                              7.087900   data arrival time

                                 25.000000   25.000000   clock clk (rise edge)
                                  4.650000   29.650000   clock network delay (propagated)
                                 -0.250000   29.400000   clock uncertainty
                                  0.000000   29.400000   clock reconvergence pessimism
                                 -3.620000   25.779999   output external delay
                                             25.779999   data required time
---------------------------------------------------------------------------------------------
                                             25.779999   data required time
                                             -7.087900   data arrival time
---------------------------------------------------------------------------------------------
                                             18.692099   slack (MET)


Startpoint: _160_ (rising edge-triggered flip-flop clocked by clk)
Endpoint: wbs_dat_o[31] (output port clocked by clk)
Path Group: clk
Path Type: max

Fanout         Cap        Slew       Delay        Time   Description
---------------------------------------------------------------------------------------------
                                  0.000000    0.000000   clock clk (rise edge)
                                  5.570000    5.570000   clock source latency
     2    0.032467    0.610000    0.000000    5.570000 ^ clk (in)
                                                         clk (net)
                      0.618581    0.004290    5.574291 ^ wire3/A (sky130_fd_sc_hd__buf_4)
     3    0.035766    0.087169    0.140194    5.714485 ^ wire3/X (sky130_fd_sc_hd__buf_4)
                                                         net274 (net)
                      0.088187    0.007375    5.721859 ^ wire2/A (sky130_fd_sc_hd__buf_6)
     3    0.078960    0.121320    0.132681    5.854540 ^ wire2/X (sky130_fd_sc_hd__buf_6)
                                                         net273 (net)
                      0.127869    0.021784    5.876325 ^ wire1/A (sky130_fd_sc_hd__buf_6)
     3    0.081431    0.124079    0.139972    6.016297 ^ wire1/X (sky130_fd_sc_hd__buf_6)
                                                         net272 (net)
                      0.131229    0.022966    6.039263 ^ clkbuf_0_clk/A (sky130_fd_sc_hd__clkbuf_16)
     9    0.100467    0.090689    0.151350    6.190612 ^ clkbuf_0_clk/X (sky130_fd_sc_hd__clkbuf_16)
                                                         clknet_0_clk (net)
                      0.092507    0.010114    6.200727 ^ clkbuf_2_3__f_clk/A (sky130_fd_sc_hd__clkbuf_16)
    21    0.074593    0.070917    0.125764    6.326490 ^ clkbuf_2_3__f_clk/X (sky130_fd_sc_hd__clkbuf_16)
                                                         clknet_2_3__leaf_clk (net)
                      0.075714    0.014119    6.340610 ^ _160_/CLK (sky130_fd_sc_hd__dfrtp_4)
     3    0.150866    0.157387    0.394658    6.735268 v _160_/Q (sky130_fd_sc_hd__dfrtp_4)
                                                         net252 (net)
                      0.261271    0.101900    6.837168 v output252/A (sky130_fd_sc_hd__buf_12)
     1    0.191251    0.085147    0.223594    7.060762 v output252/X (sky130_fd_sc_hd__buf_12)
                                                         wbs_dat_o[31] (net)
                      0.086835    0.009390    7.070153 v wbs_dat_o[31] (out)
                                              7.070153   data arrival time

                                 25.000000   25.000000   clock clk (rise edge)
                                  4.650000   29.650000   clock network delay (propagated)
                                 -0.250000   29.400000   clock uncertainty
                                  0.000000   29.400000   clock reconvergence pessimism
                                 -3.620000   25.779999   output external delay
                                             25.779999   data required time
---------------------------------------------------------------------------------------------
                                             25.779999   data required time
                                             -7.070153   data arrival time
---------------------------------------------------------------------------------------------
                                             18.709846   slack (MET)


Startpoint: _158_ (rising edge-triggered flip-flop clocked by clk)
Endpoint: wbs_dat_o[29] (output port clocked by clk)
Path Group: clk
Path Type: max

Fanout         Cap        Slew       Delay        Time   Description
---------------------------------------------------------------------------------------------
                                  0.000000    0.000000   clock clk (rise edge)
                                  5.570000    5.570000   clock source latency
     2    0.032467    0.610000    0.000000    5.570000 ^ clk (in)
                                                         clk (net)
                      0.618581    0.004290    5.574291 ^ wire3/A (sky130_fd_sc_hd__buf_4)
     3    0.035766    0.087169    0.140194    5.714485 ^ wire3/X (sky130_fd_sc_hd__buf_4)
                                                         net274 (net)
                      0.088187    0.007375    5.721859 ^ wire2/A (sky130_fd_sc_hd__buf_6)
     3    0.078960    0.121320    0.132681    5.854540 ^ wire2/X (sky130_fd_sc_hd__buf_6)
                                                         net273 (net)
                      0.127869    0.021784    5.876325 ^ wire1/A (sky130_fd_sc_hd__buf_6)
     3    0.081431    0.124079    0.139972    6.016297 ^ wire1/X (sky130_fd_sc_hd__buf_6)
                                                         net272 (net)
                      0.131229    0.022966    6.039263 ^ clkbuf_0_clk/A (sky130_fd_sc_hd__clkbuf_16)
     9    0.100467    0.090689    0.151350    6.190612 ^ clkbuf_0_clk/X (sky130_fd_sc_hd__clkbuf_16)
                                                         clknet_0_clk (net)
                      0.092507    0.010114    6.200727 ^ clkbuf_2_3__f_clk/A (sky130_fd_sc_hd__clkbuf_16)
    21    0.074593    0.070917    0.125764    6.326490 ^ clkbuf_2_3__f_clk/X (sky130_fd_sc_hd__clkbuf_16)
                                                         clknet_2_3__leaf_clk (net)
                      0.075905    0.014411    6.340901 ^ _158_/CLK (sky130_fd_sc_hd__dfrtp_4)
     3    0.137969    0.153537    0.393843    6.734744 v _158_/Q (sky130_fd_sc_hd__dfrtp_4)
                                                         net249 (net)
                      0.224552    0.080773    6.815517 v output249/A (sky130_fd_sc_hd__buf_12)
     1    0.191353    0.084192    0.212685    7.028202 v output249/X (sky130_fd_sc_hd__buf_12)
                                                         wbs_dat_o[29] (net)
                      0.085902    0.009394    7.037596 v wbs_dat_o[29] (out)
                                              7.037596   data arrival time

                                 25.000000   25.000000   clock clk (rise edge)
                                  4.650000   29.650000   clock network delay (propagated)
                                 -0.250000   29.400000   clock uncertainty
                                  0.000000   29.400000   clock reconvergence pessimism
                                 -3.620000   25.779999   output external delay
                                             25.779999   data required time
---------------------------------------------------------------------------------------------
                                             25.779999   data required time
                                             -7.037596   data arrival time
---------------------------------------------------------------------------------------------
                                             18.742403   slack (MET)


Startpoint: _129_ (rising edge-triggered flip-flop clocked by clk)
Endpoint: wbs_dat_o[0] (output port clocked by clk)
Path Group: clk
Path Type: max

Fanout         Cap        Slew       Delay        Time   Description
---------------------------------------------------------------------------------------------
                                  0.000000    0.000000   clock clk (rise edge)
                                  5.570000    5.570000   clock source latency
     2    0.032467    0.610000    0.000000    5.570000 ^ clk (in)
                                                         clk (net)
                      0.618581    0.004290    5.574291 ^ wire3/A (sky130_fd_sc_hd__buf_4)
     3    0.035766    0.087169    0.140194    5.714485 ^ wire3/X (sky130_fd_sc_hd__buf_4)
                                                         net274 (net)
                      0.088187    0.007375    5.721859 ^ wire2/A (sky130_fd_sc_hd__buf_6)
     3    0.078960    0.121320    0.132681    5.854540 ^ wire2/X (sky130_fd_sc_hd__buf_6)
                                                         net273 (net)
                      0.127869    0.021784    5.876325 ^ wire1/A (sky130_fd_sc_hd__buf_6)
     3    0.081431    0.124079    0.139972    6.016297 ^ wire1/X (sky130_fd_sc_hd__buf_6)
                                                         net272 (net)
                      0.131229    0.022966    6.039263 ^ clkbuf_0_clk/A (sky130_fd_sc_hd__clkbuf_16)
     9    0.100467    0.090689    0.151350    6.190612 ^ clkbuf_0_clk/X (sky130_fd_sc_hd__clkbuf_16)
                                                         clknet_0_clk (net)
                      0.093063    0.011551    6.202163 ^ clkbuf_2_1__f_clk/A (sky130_fd_sc_hd__clkbuf_16)
    21    0.085235    0.079041    0.130349    6.332511 ^ clkbuf_2_1__f_clk/X (sky130_fd_sc_hd__clkbuf_16)
                                                         clknet_2_1__leaf_clk (net)
                      0.084558    0.016020    6.348532 ^ _129_/CLK (sky130_fd_sc_hd__dfrtp_4)
     3    0.131935    0.147799    0.398013    6.746544 v _129_/Q (sky130_fd_sc_hd__dfrtp_4)
                                                         net228 (net)
                      0.210481    0.074099    6.820643 v output228/A (sky130_fd_sc_hd__buf_12)
     1    0.191017    0.080443    0.202421    7.023065 v output228/X (sky130_fd_sc_hd__buf_12)
                                                         wbs_dat_o[0] (net)
                      0.082034    0.008960    7.032025 v wbs_dat_o[0] (out)
                                              7.032025   data arrival time

                                 25.000000   25.000000   clock clk (rise edge)
                                  4.650000   29.650000   clock network delay (propagated)
                                 -0.250000   29.400000   clock uncertainty
                                  0.000000   29.400000   clock reconvergence pessimism
                                 -3.620000   25.779999   output external delay
                                             25.779999   data required time
---------------------------------------------------------------------------------------------
                                             25.779999   data required time
                                             -7.032025   data arrival time
---------------------------------------------------------------------------------------------
                                             18.747974   slack (MET)


Startpoint: _131_ (rising edge-triggered flip-flop clocked by clk)
Endpoint: wbs_dat_o[2] (output port clocked by clk)
Path Group: clk
Path Type: max

Fanout         Cap        Slew       Delay        Time   Description
---------------------------------------------------------------------------------------------
                                  0.000000    0.000000   clock clk (rise edge)
                                  5.570000    5.570000   clock source latency
     2    0.032467    0.610000    0.000000    5.570000 ^ clk (in)
                                                         clk (net)
                      0.618581    0.004290    5.574291 ^ wire3/A (sky130_fd_sc_hd__buf_4)
     3    0.035766    0.087169    0.140194    5.714485 ^ wire3/X (sky130_fd_sc_hd__buf_4)
                                                         net274 (net)
                      0.088187    0.007375    5.721859 ^ wire2/A (sky130_fd_sc_hd__buf_6)
     3    0.078960    0.121320    0.132681    5.854540 ^ wire2/X (sky130_fd_sc_hd__buf_6)
                                                         net273 (net)
                      0.127869    0.021784    5.876325 ^ wire1/A (sky130_fd_sc_hd__buf_6)
     3    0.081431    0.124079    0.139972    6.016297 ^ wire1/X (sky130_fd_sc_hd__buf_6)
                                                         net272 (net)
                      0.131229    0.022966    6.039263 ^ clkbuf_0_clk/A (sky130_fd_sc_hd__clkbuf_16)
     9    0.100467    0.090689    0.151350    6.190612 ^ clkbuf_0_clk/X (sky130_fd_sc_hd__clkbuf_16)
                                                         clknet_0_clk (net)
                      0.093063    0.011551    6.202163 ^ clkbuf_2_1__f_clk/A (sky130_fd_sc_hd__clkbuf_16)
    21    0.085235    0.079041    0.130349    6.332511 ^ clkbuf_2_1__f_clk/X (sky130_fd_sc_hd__clkbuf_16)
                                                         clknet_2_1__leaf_clk (net)
                      0.086421    0.018618    6.351129 ^ _131_/CLK (sky130_fd_sc_hd__dfrtp_4)
     3    0.128937    0.149131    0.392676    6.743805 v _131_/Q (sky130_fd_sc_hd__dfrtp_4)
                                                         net250 (net)
                      0.204803    0.069396    6.813201 v output250/A (sky130_fd_sc_hd__buf_12)
     1    0.191017    0.080357    0.200072    7.013273 v output250/X (sky130_fd_sc_hd__buf_12)
                                                         wbs_dat_o[2] (net)
                      0.081949    0.008960    7.022233 v wbs_dat_o[2] (out)
                                              7.022233   data arrival time

                                 25.000000   25.000000   clock clk (rise edge)
                                  4.650000   29.650000   clock network delay (propagated)
                                 -0.250000   29.400000   clock uncertainty
                                  0.000000   29.400000   clock reconvergence pessimism
                                 -3.620000   25.779999   output external delay
                                             25.779999   data required time
---------------------------------------------------------------------------------------------
                                             25.779999   data required time
                                             -7.022233   data arrival time
---------------------------------------------------------------------------------------------
                                             18.757765   slack (MET)


Startpoint: _132_ (rising edge-triggered flip-flop clocked by clk)
Endpoint: wbs_dat_o[3] (output port clocked by clk)
Path Group: clk
Path Type: max

Fanout         Cap        Slew       Delay        Time   Description
---------------------------------------------------------------------------------------------
                                  0.000000    0.000000   clock clk (rise edge)
                                  5.570000    5.570000   clock source latency
     2    0.032467    0.610000    0.000000    5.570000 ^ clk (in)
                                                         clk (net)
                      0.618581    0.004290    5.574291 ^ wire3/A (sky130_fd_sc_hd__buf_4)
     3    0.035766    0.087169    0.140194    5.714485 ^ wire3/X (sky130_fd_sc_hd__buf_4)
                                                         net274 (net)
                      0.088187    0.007375    5.721859 ^ wire2/A (sky130_fd_sc_hd__buf_6)
     3    0.078960    0.121320    0.132681    5.854540 ^ wire2/X (sky130_fd_sc_hd__buf_6)
                                                         net273 (net)
                      0.127869    0.021784    5.876325 ^ wire1/A (sky130_fd_sc_hd__buf_6)
     3    0.081431    0.124079    0.139972    6.016297 ^ wire1/X (sky130_fd_sc_hd__buf_6)
                                                         net272 (net)
                      0.131229    0.022966    6.039263 ^ clkbuf_0_clk/A (sky130_fd_sc_hd__clkbuf_16)
     9    0.100467    0.090689    0.151350    6.190612 ^ clkbuf_0_clk/X (sky130_fd_sc_hd__clkbuf_16)
                                                         clknet_0_clk (net)
                      0.093063    0.011551    6.202163 ^ clkbuf_2_1__f_clk/A (sky130_fd_sc_hd__clkbuf_16)
    21    0.085235    0.079041    0.130349    6.332511 ^ clkbuf_2_1__f_clk/X (sky130_fd_sc_hd__clkbuf_16)
                                                         clknet_2_1__leaf_clk (net)
                      0.086531    0.018761    6.351273 ^ _132_/CLK (sky130_fd_sc_hd__dfrtp_4)
     3    0.129342    0.150678    0.389998    6.741271 v _132_/Q (sky130_fd_sc_hd__dfrtp_4)
                                                         net253 (net)
                      0.204475    0.068130    6.809401 v output253/A (sky130_fd_sc_hd__buf_12)
     1    0.191007    0.080349    0.199937    7.009338 v output253/X (sky130_fd_sc_hd__buf_12)
                                                         wbs_dat_o[3] (net)
                      0.081940    0.008958    7.018296 v wbs_dat_o[3] (out)
                                              7.018296   data arrival time

                                 25.000000   25.000000   clock clk (rise edge)
                                  4.650000   29.650000   clock network delay (propagated)
                                 -0.250000   29.400000   clock uncertainty
                                  0.000000   29.400000   clock reconvergence pessimism
                                 -3.620000   25.779999   output external delay
                                             25.779999   data required time
---------------------------------------------------------------------------------------------
                                             25.779999   data required time
                                             -7.018296   data arrival time
---------------------------------------------------------------------------------------------
                                             18.761703   slack (MET)


Startpoint: _157_ (rising edge-triggered flip-flop clocked by clk)
Endpoint: wbs_dat_o[28] (output port clocked by clk)
Path Group: clk
Path Type: max

Fanout         Cap        Slew       Delay        Time   Description
---------------------------------------------------------------------------------------------
                                  0.000000    0.000000   clock clk (rise edge)
                                  5.570000    5.570000   clock source latency
     2    0.032467    0.610000    0.000000    5.570000 ^ clk (in)
                                                         clk (net)
                      0.618581    0.004290    5.574291 ^ wire3/A (sky130_fd_sc_hd__buf_4)
     3    0.035766    0.087169    0.140194    5.714485 ^ wire3/X (sky130_fd_sc_hd__buf_4)
                                                         net274 (net)
                      0.088187    0.007375    5.721859 ^ wire2/A (sky130_fd_sc_hd__buf_6)
     3    0.078960    0.121320    0.132681    5.854540 ^ wire2/X (sky130_fd_sc_hd__buf_6)
                                                         net273 (net)
                      0.127869    0.021784    5.876325 ^ wire1/A (sky130_fd_sc_hd__buf_6)
     3    0.081431    0.124079    0.139972    6.016297 ^ wire1/X (sky130_fd_sc_hd__buf_6)
                                                         net272 (net)
                      0.131229    0.022966    6.039263 ^ clkbuf_0_clk/A (sky130_fd_sc_hd__clkbuf_16)
     9    0.100467    0.090689    0.151350    6.190612 ^ clkbuf_0_clk/X (sky130_fd_sc_hd__clkbuf_16)
                                                         clknet_0_clk (net)
                      0.092507    0.010114    6.200727 ^ clkbuf_2_3__f_clk/A (sky130_fd_sc_hd__clkbuf_16)
    21    0.074593    0.070917    0.125764    6.326490 ^ clkbuf_2_3__f_clk/X (sky130_fd_sc_hd__clkbuf_16)
                                                         clknet_2_3__leaf_clk (net)
                      0.075384    0.013607    6.340097 ^ _157_/CLK (sky130_fd_sc_hd__dfrtp_4)
     3    0.124735    0.143151    0.389189    6.729286 v _157_/Q (sky130_fd_sc_hd__dfrtp_4)
                                                         net248 (net)
                      0.201769    0.069924    6.799210 v output248/A (sky130_fd_sc_hd__buf_12)
     1    0.191312    0.083851    0.203363    7.002572 v output248/X (sky130_fd_sc_hd__buf_12)
                                                         wbs_dat_o[28] (net)
                      0.085566    0.009390    7.011962 v wbs_dat_o[28] (out)
                                              7.011962   data arrival time

                                 25.000000   25.000000   clock clk (rise edge)
                                  4.650000   29.650000   clock network delay (propagated)
                                 -0.250000   29.400000   clock uncertainty
                                  0.000000   29.400000   clock reconvergence pessimism
                                 -3.620000   25.779999   output external delay
                                             25.779999   data required time
---------------------------------------------------------------------------------------------
                                             25.779999   data required time
                                             -7.011962   data arrival time
---------------------------------------------------------------------------------------------
                                             18.768038   slack (MET)


Startpoint: _130_ (rising edge-triggered flip-flop clocked by clk)
Endpoint: wbs_dat_o[1] (output port clocked by clk)
Path Group: clk
Path Type: max

Fanout         Cap        Slew       Delay        Time   Description
---------------------------------------------------------------------------------------------
                                  0.000000    0.000000   clock clk (rise edge)
                                  5.570000    5.570000   clock source latency
     2    0.032467    0.610000    0.000000    5.570000 ^ clk (in)
                                                         clk (net)
                      0.618581    0.004290    5.574291 ^ wire3/A (sky130_fd_sc_hd__buf_4)
     3    0.035766    0.087169    0.140194    5.714485 ^ wire3/X (sky130_fd_sc_hd__buf_4)
                                                         net274 (net)
                      0.088187    0.007375    5.721859 ^ wire2/A (sky130_fd_sc_hd__buf_6)
     3    0.078960    0.121320    0.132681    5.854540 ^ wire2/X (sky130_fd_sc_hd__buf_6)
                                                         net273 (net)
                      0.127869    0.021784    5.876325 ^ wire1/A (sky130_fd_sc_hd__buf_6)
     3    0.081431    0.124079    0.139972    6.016297 ^ wire1/X (sky130_fd_sc_hd__buf_6)
                                                         net272 (net)
                      0.131229    0.022966    6.039263 ^ clkbuf_0_clk/A (sky130_fd_sc_hd__clkbuf_16)
     9    0.100467    0.090689    0.151350    6.190612 ^ clkbuf_0_clk/X (sky130_fd_sc_hd__clkbuf_16)
                                                         clknet_0_clk (net)
                      0.093063    0.011551    6.202163 ^ clkbuf_2_1__f_clk/A (sky130_fd_sc_hd__clkbuf_16)
    21    0.085235    0.079041    0.130349    6.332511 ^ clkbuf_2_1__f_clk/X (sky130_fd_sc_hd__clkbuf_16)
                                                         clknet_2_1__leaf_clk (net)
                      0.086432    0.018633    6.351144 ^ _130_/CLK (sky130_fd_sc_hd__dfrtp_4)
     3    0.116359    0.136951    0.391843    6.742987 v _130_/Q (sky130_fd_sc_hd__dfrtp_4)
                                                         net239 (net)
                      0.183995    0.060809    6.803795 v output239/A (sky130_fd_sc_hd__buf_12)
     1    0.191017    0.080042    0.191463    6.995259 v output239/X (sky130_fd_sc_hd__buf_12)
                                                         wbs_dat_o[1] (net)
                      0.081639    0.008959    7.004218 v wbs_dat_o[1] (out)
                                              7.004218   data arrival time

                                 25.000000   25.000000   clock clk (rise edge)
                                  4.650000   29.650000   clock network delay (propagated)
                                 -0.250000   29.400000   clock uncertainty
                                  0.000000   29.400000   clock reconvergence pessimism
                                 -3.620000   25.779999   output external delay
                                             25.779999   data required time
---------------------------------------------------------------------------------------------
                                             25.779999   data required time
                                             -7.004218   data arrival time
---------------------------------------------------------------------------------------------
                                             18.775782   slack (MET)


Startpoint: _156_ (rising edge-triggered flip-flop clocked by clk)
Endpoint: wbs_dat_o[27] (output port clocked by clk)
Path Group: clk
Path Type: max

Fanout         Cap        Slew       Delay        Time   Description
---------------------------------------------------------------------------------------------
                                  0.000000    0.000000   clock clk (rise edge)
                                  5.570000    5.570000   clock source latency
     2    0.032467    0.610000    0.000000    5.570000 ^ clk (in)
                                                         clk (net)
                      0.618581    0.004290    5.574291 ^ wire3/A (sky130_fd_sc_hd__buf_4)
     3    0.035766    0.087169    0.140194    5.714485 ^ wire3/X (sky130_fd_sc_hd__buf_4)
                                                         net274 (net)
                      0.088187    0.007375    5.721859 ^ wire2/A (sky130_fd_sc_hd__buf_6)
     3    0.078960    0.121320    0.132681    5.854540 ^ wire2/X (sky130_fd_sc_hd__buf_6)
                                                         net273 (net)
                      0.127869    0.021784    5.876325 ^ wire1/A (sky130_fd_sc_hd__buf_6)
     3    0.081431    0.124079    0.139972    6.016297 ^ wire1/X (sky130_fd_sc_hd__buf_6)
                                                         net272 (net)
                      0.131229    0.022966    6.039263 ^ clkbuf_0_clk/A (sky130_fd_sc_hd__clkbuf_16)
     9    0.100467    0.090689    0.151350    6.190612 ^ clkbuf_0_clk/X (sky130_fd_sc_hd__clkbuf_16)
                                                         clknet_0_clk (net)
                      0.092507    0.010114    6.200727 ^ clkbuf_2_3__f_clk/A (sky130_fd_sc_hd__clkbuf_16)
    21    0.074593    0.070917    0.125764    6.326490 ^ clkbuf_2_3__f_clk/X (sky130_fd_sc_hd__clkbuf_16)
                                                         clknet_2_3__leaf_clk (net)
                      0.075707    0.014109    6.340600 ^ _156_/CLK (sky130_fd_sc_hd__dfrtp_4)
     3    0.111726    0.241534    0.390995    6.731595 ^ _156_/Q (sky130_fd_sc_hd__dfrtp_4)
                                                         net247 (net)
                      0.266223    0.058960    6.790555 ^ output247/A (sky130_fd_sc_hd__buf_12)
     1    0.191596    0.168502    0.178934    6.969489 ^ output247/X (sky130_fd_sc_hd__buf_12)
                                                         wbs_dat_o[27] (net)
                      0.169362    0.009816    6.979305 ^ wbs_dat_o[27] (out)
                                              6.979305   data arrival time

                                 25.000000   25.000000   clock clk (rise edge)
                                  4.650000   29.650000   clock network delay (propagated)
                                 -0.250000   29.400000   clock uncertainty
                                  0.000000   29.400000   clock reconvergence pessimism
                                 -3.620000   25.779999   output external delay
                                             25.779999   data required time
---------------------------------------------------------------------------------------------
                                             25.779999   data required time
                                             -6.979305   data arrival time
---------------------------------------------------------------------------------------------
                                             18.800695   slack (MET)


Startpoint: _133_ (rising edge-triggered flip-flop clocked by clk)
Endpoint: wbs_dat_o[4] (output port clocked by clk)
Path Group: clk
Path Type: max

Fanout         Cap        Slew       Delay        Time   Description
---------------------------------------------------------------------------------------------
                                  0.000000    0.000000   clock clk (rise edge)
                                  5.570000    5.570000   clock source latency
     2    0.032467    0.610000    0.000000    5.570000 ^ clk (in)
                                                         clk (net)
                      0.618581    0.004290    5.574291 ^ wire3/A (sky130_fd_sc_hd__buf_4)
     3    0.035766    0.087169    0.140194    5.714485 ^ wire3/X (sky130_fd_sc_hd__buf_4)
                                                         net274 (net)
                      0.088187    0.007375    5.721859 ^ wire2/A (sky130_fd_sc_hd__buf_6)
     3    0.078960    0.121320    0.132681    5.854540 ^ wire2/X (sky130_fd_sc_hd__buf_6)
                                                         net273 (net)
                      0.127869    0.021784    5.876325 ^ wire1/A (sky130_fd_sc_hd__buf_6)
     3    0.081431    0.124079    0.139972    6.016297 ^ wire1/X (sky130_fd_sc_hd__buf_6)
                                                         net272 (net)
                      0.131229    0.022966    6.039263 ^ clkbuf_0_clk/A (sky130_fd_sc_hd__clkbuf_16)
     9    0.100467    0.090689    0.151350    6.190612 ^ clkbuf_0_clk/X (sky130_fd_sc_hd__clkbuf_16)
                                                         clknet_0_clk (net)
                      0.093063    0.011551    6.202163 ^ clkbuf_2_1__f_clk/A (sky130_fd_sc_hd__clkbuf_16)
    21    0.085235    0.079041    0.130349    6.332511 ^ clkbuf_2_1__f_clk/X (sky130_fd_sc_hd__clkbuf_16)
                                                         clknet_2_1__leaf_clk (net)
                      0.086674    0.018948    6.351459 ^ _133_/CLK (sky130_fd_sc_hd__dfrtp_4)
     3    0.088898    0.116601    0.380623    6.732082 v _133_/Q (sky130_fd_sc_hd__dfrtp_4)
                                                         net254 (net)
                      0.139002    0.038477    6.770558 v output254/A (sky130_fd_sc_hd__buf_12)
     1    0.191057    0.079377    0.172859    6.943417 v output254/X (sky130_fd_sc_hd__buf_12)
                                                         wbs_dat_o[4] (net)
                      0.080984    0.008950    6.952367 v wbs_dat_o[4] (out)
                                              6.952367   data arrival time

                                 25.000000   25.000000   clock clk (rise edge)
                                  4.650000   29.650000   clock network delay (propagated)
                                 -0.250000   29.400000   clock uncertainty
                                  0.000000   29.400000   clock reconvergence pessimism
                                 -3.620000   25.779999   output external delay
                                             25.779999   data required time
---------------------------------------------------------------------------------------------
                                             25.779999   data required time
                                             -6.952367   data arrival time
---------------------------------------------------------------------------------------------
                                             18.827631   slack (MET)


Startpoint: _155_ (rising edge-triggered flip-flop clocked by clk)
Endpoint: wbs_dat_o[26] (output port clocked by clk)
Path Group: clk
Path Type: max

Fanout         Cap        Slew       Delay        Time   Description
---------------------------------------------------------------------------------------------
                                  0.000000    0.000000   clock clk (rise edge)
                                  5.570000    5.570000   clock source latency
     2    0.032467    0.610000    0.000000    5.570000 ^ clk (in)
                                                         clk (net)
                      0.618581    0.004290    5.574291 ^ wire3/A (sky130_fd_sc_hd__buf_4)
     3    0.035766    0.087169    0.140194    5.714485 ^ wire3/X (sky130_fd_sc_hd__buf_4)
                                                         net274 (net)
                      0.088187    0.007375    5.721859 ^ wire2/A (sky130_fd_sc_hd__buf_6)
     3    0.078960    0.121320    0.132681    5.854540 ^ wire2/X (sky130_fd_sc_hd__buf_6)
                                                         net273 (net)
                      0.127869    0.021784    5.876325 ^ wire1/A (sky130_fd_sc_hd__buf_6)
     3    0.081431    0.124079    0.139972    6.016297 ^ wire1/X (sky130_fd_sc_hd__buf_6)
                                                         net272 (net)
                      0.131229    0.022966    6.039263 ^ clkbuf_0_clk/A (sky130_fd_sc_hd__clkbuf_16)
     9    0.100467    0.090689    0.151350    6.190612 ^ clkbuf_0_clk/X (sky130_fd_sc_hd__clkbuf_16)
                                                         clknet_0_clk (net)
                      0.092507    0.010114    6.200727 ^ clkbuf_2_3__f_clk/A (sky130_fd_sc_hd__clkbuf_16)
    21    0.074593    0.070917    0.125764    6.326490 ^ clkbuf_2_3__f_clk/X (sky130_fd_sc_hd__clkbuf_16)
                                                         clknet_2_3__leaf_clk (net)
                      0.076863    0.015802    6.342293 ^ _155_/CLK (sky130_fd_sc_hd__dfrtp_4)
     3    0.091332    0.200048    0.373974    6.716267 ^ _155_/Q (sky130_fd_sc_hd__dfrtp_4)
                                                         net246 (net)
                      0.213121    0.039495    6.755762 ^ output246/A (sky130_fd_sc_hd__buf_12)
     1    0.191507    0.173638    0.184251    6.940013 ^ output246/X (sky130_fd_sc_hd__buf_12)
                                                         wbs_dat_o[26] (net)
                      0.174431    0.009511    6.949524 ^ wbs_dat_o[26] (out)
                                              6.949524   data arrival time

                                 25.000000   25.000000   clock clk (rise edge)
                                  4.650000   29.650000   clock network delay (propagated)
                                 -0.250000   29.400000   clock uncertainty
                                  0.000000   29.400000   clock reconvergence pessimism
                                 -3.620000   25.779999   output external delay
                                             25.779999   data required time
---------------------------------------------------------------------------------------------
                                             25.779999   data required time
                                             -6.949524   data arrival time
---------------------------------------------------------------------------------------------
                                             18.830475   slack (MET)


Startpoint: _153_ (rising edge-triggered flip-flop clocked by clk)
Endpoint: wbs_dat_o[24] (output port clocked by clk)
Path Group: clk
Path Type: max

Fanout         Cap        Slew       Delay        Time   Description
---------------------------------------------------------------------------------------------
                                  0.000000    0.000000   clock clk (rise edge)
                                  5.570000    5.570000   clock source latency
     2    0.032467    0.610000    0.000000    5.570000 ^ clk (in)
                                                         clk (net)
                      0.618581    0.004290    5.574291 ^ wire3/A (sky130_fd_sc_hd__buf_4)
     3    0.035766    0.087169    0.140194    5.714485 ^ wire3/X (sky130_fd_sc_hd__buf_4)
                                                         net274 (net)
                      0.088187    0.007375    5.721859 ^ wire2/A (sky130_fd_sc_hd__buf_6)
     3    0.078960    0.121320    0.132681    5.854540 ^ wire2/X (sky130_fd_sc_hd__buf_6)
                                                         net273 (net)
                      0.127869    0.021784    5.876325 ^ wire1/A (sky130_fd_sc_hd__buf_6)
     3    0.081431    0.124079    0.139972    6.016297 ^ wire1/X (sky130_fd_sc_hd__buf_6)
                                                         net272 (net)
                      0.131229    0.022966    6.039263 ^ clkbuf_0_clk/A (sky130_fd_sc_hd__clkbuf_16)
     9    0.100467    0.090689    0.151350    6.190612 ^ clkbuf_0_clk/X (sky130_fd_sc_hd__clkbuf_16)
                                                         clknet_0_clk (net)
                      0.092507    0.010114    6.200727 ^ clkbuf_2_3__f_clk/A (sky130_fd_sc_hd__clkbuf_16)
    21    0.074593    0.070917    0.125764    6.326490 ^ clkbuf_2_3__f_clk/X (sky130_fd_sc_hd__clkbuf_16)
                                                         clknet_2_3__leaf_clk (net)
                      0.076603    0.015435    6.341925 ^ _153_/CLK (sky130_fd_sc_hd__dfrtp_4)
     3    0.093547    0.205789    0.374229    6.716154 ^ _153_/Q (sky130_fd_sc_hd__dfrtp_4)
                                                         net244 (net)
                      0.218040    0.038932    6.755085 ^ output244/A (sky130_fd_sc_hd__buf_12)
     1    0.191616    0.168275    0.179881    6.934966 ^ output244/X (sky130_fd_sc_hd__buf_12)
                                                         wbs_dat_o[24] (net)
                      0.169136    0.009817    6.944783 ^ wbs_dat_o[24] (out)
                                              6.944783   data arrival time

                                 25.000000   25.000000   clock clk (rise edge)
                                  4.650000   29.650000   clock network delay (propagated)
                                 -0.250000   29.400000   clock uncertainty
                                  0.000000   29.400000   clock reconvergence pessimism
                                 -3.620000   25.779999   output external delay
                                             25.779999   data required time
---------------------------------------------------------------------------------------------
                                             25.779999   data required time
                                             -6.944783   data arrival time
---------------------------------------------------------------------------------------------
                                             18.835217   slack (MET)


Startpoint: _154_ (rising edge-triggered flip-flop clocked by clk)
Endpoint: wbs_dat_o[25] (output port clocked by clk)
Path Group: clk
Path Type: max

Fanout         Cap        Slew       Delay        Time   Description
---------------------------------------------------------------------------------------------
                                  0.000000    0.000000   clock clk (rise edge)
                                  5.570000    5.570000   clock source latency
     2    0.032467    0.610000    0.000000    5.570000 ^ clk (in)
                                                         clk (net)
                      0.618581    0.004290    5.574291 ^ wire3/A (sky130_fd_sc_hd__buf_4)
     3    0.035766    0.087169    0.140194    5.714485 ^ wire3/X (sky130_fd_sc_hd__buf_4)
                                                         net274 (net)
                      0.088187    0.007375    5.721859 ^ wire2/A (sky130_fd_sc_hd__buf_6)
     3    0.078960    0.121320    0.132681    5.854540 ^ wire2/X (sky130_fd_sc_hd__buf_6)
                                                         net273 (net)
                      0.127869    0.021784    5.876325 ^ wire1/A (sky130_fd_sc_hd__buf_6)
     3    0.081431    0.124079    0.139972    6.016297 ^ wire1/X (sky130_fd_sc_hd__buf_6)
                                                         net272 (net)
                      0.131229    0.022966    6.039263 ^ clkbuf_0_clk/A (sky130_fd_sc_hd__clkbuf_16)
     9    0.100467    0.090689    0.151350    6.190612 ^ clkbuf_0_clk/X (sky130_fd_sc_hd__clkbuf_16)
                                                         clknet_0_clk (net)
                      0.092507    0.010114    6.200727 ^ clkbuf_2_3__f_clk/A (sky130_fd_sc_hd__clkbuf_16)
    21    0.074593    0.070917    0.125764    6.326490 ^ clkbuf_2_3__f_clk/X (sky130_fd_sc_hd__clkbuf_16)
                                                         clknet_2_3__leaf_clk (net)
                      0.076811    0.015729    6.342219 ^ _154_/CLK (sky130_fd_sc_hd__dfrtp_4)
     3    0.088362    0.194551    0.371168    6.713387 ^ _154_/Q (sky130_fd_sc_hd__dfrtp_4)
                                                         net245 (net)
                      0.205645    0.036088    6.749475 ^ output245/A (sky130_fd_sc_hd__buf_12)
     1    0.191616    0.168237    0.179028    6.928503 ^ output245/X (sky130_fd_sc_hd__buf_12)
                                                         wbs_dat_o[25] (net)
                      0.169098    0.009817    6.938320 ^ wbs_dat_o[25] (out)
                                              6.938320   data arrival time

                                 25.000000   25.000000   clock clk (rise edge)
                                  4.650000   29.650000   clock network delay (propagated)
                                 -0.250000   29.400000   clock uncertainty
                                  0.000000   29.400000   clock reconvergence pessimism
                                 -3.620000   25.779999   output external delay
                                             25.779999   data required time
---------------------------------------------------------------------------------------------
                                             25.779999   data required time
                                             -6.938320   data arrival time
---------------------------------------------------------------------------------------------
                                             18.841679   slack (MET)


Startpoint: _152_ (rising edge-triggered flip-flop clocked by clk)
Endpoint: wbs_dat_o[23] (output port clocked by clk)
Path Group: clk
Path Type: max

Fanout         Cap        Slew       Delay        Time   Description
---------------------------------------------------------------------------------------------
                                  0.000000    0.000000   clock clk (rise edge)
                                  5.570000    5.570000   clock source latency
     2    0.032467    0.610000    0.000000    5.570000 ^ clk (in)
                                                         clk (net)
                      0.618581    0.004290    5.574291 ^ wire3/A (sky130_fd_sc_hd__buf_4)
     3    0.035766    0.087169    0.140194    5.714485 ^ wire3/X (sky130_fd_sc_hd__buf_4)
                                                         net274 (net)
                      0.088187    0.007375    5.721859 ^ wire2/A (sky130_fd_sc_hd__buf_6)
     3    0.078960    0.121320    0.132681    5.854540 ^ wire2/X (sky130_fd_sc_hd__buf_6)
                                                         net273 (net)
                      0.127869    0.021784    5.876325 ^ wire1/A (sky130_fd_sc_hd__buf_6)
     3    0.081431    0.124079    0.139972    6.016297 ^ wire1/X (sky130_fd_sc_hd__buf_6)
                                                         net272 (net)
                      0.131229    0.022966    6.039263 ^ clkbuf_0_clk/A (sky130_fd_sc_hd__clkbuf_16)
     9    0.100467    0.090689    0.151350    6.190612 ^ clkbuf_0_clk/X (sky130_fd_sc_hd__clkbuf_16)
                                                         clknet_0_clk (net)
                      0.092507    0.010114    6.200727 ^ clkbuf_2_3__f_clk/A (sky130_fd_sc_hd__clkbuf_16)
    21    0.074593    0.070917    0.125764    6.326490 ^ clkbuf_2_3__f_clk/X (sky130_fd_sc_hd__clkbuf_16)
                                                         clknet_2_3__leaf_clk (net)
                      0.076858    0.015795    6.342286 ^ _152_/CLK (sky130_fd_sc_hd__dfrtp_4)
     3    0.082205    0.182515    0.367608    6.709893 ^ _152_/Q (sky130_fd_sc_hd__dfrtp_4)
                                                         net243 (net)
                      0.188536    0.026080    6.735973 ^ output243/A (sky130_fd_sc_hd__buf_12)
     1    0.191616    0.168186    0.177851    6.913824 ^ output243/X (sky130_fd_sc_hd__buf_12)
                                                         wbs_dat_o[23] (net)
                      0.169047    0.009817    6.923641 ^ wbs_dat_o[23] (out)
                                              6.923641   data arrival time

                                 25.000000   25.000000   clock clk (rise edge)
                                  4.650000   29.650000   clock network delay (propagated)
                                 -0.250000   29.400000   clock uncertainty
                                  0.000000   29.400000   clock reconvergence pessimism
                                 -3.620000   25.779999   output external delay
                                             25.779999   data required time
---------------------------------------------------------------------------------------------
                                             25.779999   data required time
                                             -6.923641   data arrival time
---------------------------------------------------------------------------------------------
                                             18.856359   slack (MET)


Startpoint: _135_ (rising edge-triggered flip-flop clocked by clk)
Endpoint: wbs_dat_o[6] (output port clocked by clk)
Path Group: clk
Path Type: max

Fanout         Cap        Slew       Delay        Time   Description
---------------------------------------------------------------------------------------------
                                  0.000000    0.000000   clock clk (rise edge)
                                  5.570000    5.570000   clock source latency
     2    0.032467    0.610000    0.000000    5.570000 ^ clk (in)
                                                         clk (net)
                      0.618581    0.004290    5.574291 ^ wire3/A (sky130_fd_sc_hd__buf_4)
     3    0.035766    0.087169    0.140194    5.714485 ^ wire3/X (sky130_fd_sc_hd__buf_4)
                                                         net274 (net)
                      0.088187    0.007375    5.721859 ^ wire2/A (sky130_fd_sc_hd__buf_6)
     3    0.078960    0.121320    0.132681    5.854540 ^ wire2/X (sky130_fd_sc_hd__buf_6)
                                                         net273 (net)
                      0.127869    0.021784    5.876325 ^ wire1/A (sky130_fd_sc_hd__buf_6)
     3    0.081431    0.124079    0.139972    6.016297 ^ wire1/X (sky130_fd_sc_hd__buf_6)
                                                         net272 (net)
                      0.131229    0.022966    6.039263 ^ clkbuf_0_clk/A (sky130_fd_sc_hd__clkbuf_16)
     9    0.100467    0.090689    0.151350    6.190612 ^ clkbuf_0_clk/X (sky130_fd_sc_hd__clkbuf_16)
                                                         clknet_0_clk (net)
                      0.093184    0.011843    6.202455 ^ clkbuf_2_0__f_clk/A (sky130_fd_sc_hd__clkbuf_16)
    17    0.092169    0.084339    0.136204    6.338659 ^ clkbuf_2_0__f_clk/X (sky130_fd_sc_hd__clkbuf_16)
                                                         clknet_2_0__leaf_clk (net)
                      0.088437    0.014494    6.353153 ^ _135_/CLK (sky130_fd_sc_hd__dfrtp_4)
     3    0.072675    0.103178    0.375331    6.728484 v _135_/Q (sky130_fd_sc_hd__dfrtp_4)
                                                         net256 (net)
                      0.112822    0.023963    6.752447 v output256/A (sky130_fd_sc_hd__buf_12)
     1    0.191047    0.078977    0.162027    6.914474 v output256/X (sky130_fd_sc_hd__buf_12)
                                                         wbs_dat_o[6] (net)
                      0.080590    0.008946    6.923420 v wbs_dat_o[6] (out)
                                              6.923420   data arrival time

                                 25.000000   25.000000   clock clk (rise edge)
                                  4.650000   29.650000   clock network delay (propagated)
                                 -0.250000   29.400000   clock uncertainty
                                  0.000000   29.400000   clock reconvergence pessimism
                                 -3.620000   25.779999   output external delay
                                             25.779999   data required time
---------------------------------------------------------------------------------------------
                                             25.779999   data required time
                                             -6.923420   data arrival time
---------------------------------------------------------------------------------------------
                                             18.856579   slack (MET)


Startpoint: _134_ (rising edge-triggered flip-flop clocked by clk)
Endpoint: wbs_dat_o[5] (output port clocked by clk)
Path Group: clk
Path Type: max

Fanout         Cap        Slew       Delay        Time   Description
---------------------------------------------------------------------------------------------
                                  0.000000    0.000000   clock clk (rise edge)
                                  5.570000    5.570000   clock source latency
     2    0.032467    0.610000    0.000000    5.570000 ^ clk (in)
                                                         clk (net)
                      0.618581    0.004290    5.574291 ^ wire3/A (sky130_fd_sc_hd__buf_4)
     3    0.035766    0.087169    0.140194    5.714485 ^ wire3/X (sky130_fd_sc_hd__buf_4)
                                                         net274 (net)
                      0.088187    0.007375    5.721859 ^ wire2/A (sky130_fd_sc_hd__buf_6)
     3    0.078960    0.121320    0.132681    5.854540 ^ wire2/X (sky130_fd_sc_hd__buf_6)
                                                         net273 (net)
                      0.127869    0.021784    5.876325 ^ wire1/A (sky130_fd_sc_hd__buf_6)
     3    0.081431    0.124079    0.139972    6.016297 ^ wire1/X (sky130_fd_sc_hd__buf_6)
                                                         net272 (net)
                      0.131229    0.022966    6.039263 ^ clkbuf_0_clk/A (sky130_fd_sc_hd__clkbuf_16)
     9    0.100467    0.090689    0.151350    6.190612 ^ clkbuf_0_clk/X (sky130_fd_sc_hd__clkbuf_16)
                                                         clknet_0_clk (net)
                      0.093184    0.011843    6.202455 ^ clkbuf_2_0__f_clk/A (sky130_fd_sc_hd__clkbuf_16)
    17    0.092169    0.084339    0.136204    6.338659 ^ clkbuf_2_0__f_clk/X (sky130_fd_sc_hd__clkbuf_16)
                                                         clknet_2_0__leaf_clk (net)
                      0.089127    0.015694    6.354353 ^ _134_/CLK (sky130_fd_sc_hd__dfrtp_4)
     3    0.068155    0.098799    0.373519    6.727872 v _134_/Q (sky130_fd_sc_hd__dfrtp_4)
                                                         net255 (net)
                      0.106681    0.021426    6.749298 v output255/A (sky130_fd_sc_hd__buf_12)
     1    0.191050    0.078886    0.159485    6.908783 v output255/X (sky130_fd_sc_hd__buf_12)
                                                         wbs_dat_o[5] (net)
                      0.080500    0.008946    6.917730 v wbs_dat_o[5] (out)
                                              6.917730   data arrival time

                                 25.000000   25.000000   clock clk (rise edge)
                                  4.650000   29.650000   clock network delay (propagated)
                                 -0.250000   29.400000   clock uncertainty
                                  0.000000   29.400000   clock reconvergence pessimism
                                 -3.620000   25.779999   output external delay
                                             25.779999   data required time
---------------------------------------------------------------------------------------------
                                             25.779999   data required time
                                             -6.917730   data arrival time
---------------------------------------------------------------------------------------------
                                             18.862270   slack (MET)


Startpoint: _151_ (rising edge-triggered flip-flop clocked by clk)
Endpoint: wbs_dat_o[22] (output port clocked by clk)
Path Group: clk
Path Type: max

Fanout         Cap        Slew       Delay        Time   Description
---------------------------------------------------------------------------------------------
                                  0.000000    0.000000   clock clk (rise edge)
                                  5.570000    5.570000   clock source latency
     2    0.032467    0.610000    0.000000    5.570000 ^ clk (in)
                                                         clk (net)
                      0.618581    0.004290    5.574291 ^ wire3/A (sky130_fd_sc_hd__buf_4)
     3    0.035766    0.087169    0.140194    5.714485 ^ wire3/X (sky130_fd_sc_hd__buf_4)
                                                         net274 (net)
                      0.088187    0.007375    5.721859 ^ wire2/A (sky130_fd_sc_hd__buf_6)
     3    0.078960    0.121320    0.132681    5.854540 ^ wire2/X (sky130_fd_sc_hd__buf_6)
                                                         net273 (net)
                      0.127869    0.021784    5.876325 ^ wire1/A (sky130_fd_sc_hd__buf_6)
     3    0.081431    0.124079    0.139972    6.016297 ^ wire1/X (sky130_fd_sc_hd__buf_6)
                                                         net272 (net)
                      0.131229    0.022966    6.039263 ^ clkbuf_0_clk/A (sky130_fd_sc_hd__clkbuf_16)
     9    0.100467    0.090689    0.151350    6.190612 ^ clkbuf_0_clk/X (sky130_fd_sc_hd__clkbuf_16)
                                                         clknet_0_clk (net)
                      0.092507    0.010114    6.200727 ^ clkbuf_2_3__f_clk/A (sky130_fd_sc_hd__clkbuf_16)
    21    0.074593    0.070917    0.125764    6.326490 ^ clkbuf_2_3__f_clk/X (sky130_fd_sc_hd__clkbuf_16)
                                                         clknet_2_3__leaf_clk (net)
                      0.076897    0.015850    6.342340 ^ _151_/CLK (sky130_fd_sc_hd__dfrtp_4)
     3    0.071135    0.101773    0.372072    6.714412 v _151_/Q (sky130_fd_sc_hd__dfrtp_4)
                                                         net242 (net)
                      0.109774    0.021634    6.736046 v output242/A (sky130_fd_sc_hd__buf_12)
     1    0.191576    0.079393    0.160325    6.896371 v output242/X (sky130_fd_sc_hd__buf_12)
                                                         wbs_dat_o[22] (net)
                      0.081232    0.009669    6.906040 v wbs_dat_o[22] (out)
                                              6.906040   data arrival time

                                 25.000000   25.000000   clock clk (rise edge)
                                  4.650000   29.650000   clock network delay (propagated)
                                 -0.250000   29.400000   clock uncertainty
                                  0.000000   29.400000   clock reconvergence pessimism
                                 -3.620000   25.779999   output external delay
                                             25.779999   data required time
---------------------------------------------------------------------------------------------
                                             25.779999   data required time
                                             -6.906040   data arrival time
---------------------------------------------------------------------------------------------
                                             18.873959   slack (MET)


Startpoint: _150_ (rising edge-triggered flip-flop clocked by clk)
Endpoint: wbs_dat_o[21] (output port clocked by clk)
Path Group: clk
Path Type: max

Fanout         Cap        Slew       Delay        Time   Description
---------------------------------------------------------------------------------------------
                                  0.000000    0.000000   clock clk (rise edge)
                                  5.570000    5.570000   clock source latency
     2    0.032467    0.610000    0.000000    5.570000 ^ clk (in)
                                                         clk (net)
                      0.618581    0.004290    5.574291 ^ wire3/A (sky130_fd_sc_hd__buf_4)
     3    0.035766    0.087169    0.140194    5.714485 ^ wire3/X (sky130_fd_sc_hd__buf_4)
                                                         net274 (net)
                      0.088187    0.007375    5.721859 ^ wire2/A (sky130_fd_sc_hd__buf_6)
     3    0.078960    0.121320    0.132681    5.854540 ^ wire2/X (sky130_fd_sc_hd__buf_6)
                                                         net273 (net)
                      0.127869    0.021784    5.876325 ^ wire1/A (sky130_fd_sc_hd__buf_6)
     3    0.081431    0.124079    0.139972    6.016297 ^ wire1/X (sky130_fd_sc_hd__buf_6)
                                                         net272 (net)
                      0.131229    0.022966    6.039263 ^ clkbuf_0_clk/A (sky130_fd_sc_hd__clkbuf_16)
     9    0.100467    0.090689    0.151350    6.190612 ^ clkbuf_0_clk/X (sky130_fd_sc_hd__clkbuf_16)
                                                         clknet_0_clk (net)
                      0.092512    0.010128    6.200740 ^ clkbuf_2_2__f_clk/A (sky130_fd_sc_hd__clkbuf_16)
    17    0.093430    0.085225    0.137478    6.338219 ^ clkbuf_2_2__f_clk/X (sky130_fd_sc_hd__clkbuf_16)
                                                         clknet_2_2__leaf_clk (net)
                      0.088857    0.013794    6.352013 ^ _150_/CLK (sky130_fd_sc_hd__dfrtp_4)
     3    0.055314    0.096229    0.361279    6.713291 v _150_/Q (sky130_fd_sc_hd__dfrtp_4)
                                                         net241 (net)
                      0.099706    0.014381    6.727672 v output241/A (sky130_fd_sc_hd__buf_12)
     1    0.191572    0.082710    0.161312    6.888984 v output241/X (sky130_fd_sc_hd__buf_12)
                                                         wbs_dat_o[21] (net)
                      0.084385    0.009400    6.898385 v wbs_dat_o[21] (out)
                                              6.898385   data arrival time

                                 25.000000   25.000000   clock clk (rise edge)
                                  4.650000   29.650000   clock network delay (propagated)
                                 -0.250000   29.400000   clock uncertainty
                                  0.000000   29.400000   clock reconvergence pessimism
                                 -3.620000   25.779999   output external delay
                                             25.779999   data required time
---------------------------------------------------------------------------------------------
                                             25.779999   data required time
                                             -6.898385   data arrival time
---------------------------------------------------------------------------------------------
                                             18.881615   slack (MET)


Startpoint: _136_ (rising edge-triggered flip-flop clocked by clk)
Endpoint: wbs_dat_o[7] (output port clocked by clk)
Path Group: clk
Path Type: max

Fanout         Cap        Slew       Delay        Time   Description
---------------------------------------------------------------------------------------------
                                  0.000000    0.000000   clock clk (rise edge)
                                  5.570000    5.570000   clock source latency
     2    0.032467    0.610000    0.000000    5.570000 ^ clk (in)
                                                         clk (net)
                      0.618581    0.004290    5.574291 ^ wire3/A (sky130_fd_sc_hd__buf_4)
     3    0.035766    0.087169    0.140194    5.714485 ^ wire3/X (sky130_fd_sc_hd__buf_4)
                                                         net274 (net)
                      0.088187    0.007375    5.721859 ^ wire2/A (sky130_fd_sc_hd__buf_6)
     3    0.078960    0.121320    0.132681    5.854540 ^ wire2/X (sky130_fd_sc_hd__buf_6)
                                                         net273 (net)
                      0.127869    0.021784    5.876325 ^ wire1/A (sky130_fd_sc_hd__buf_6)
     3    0.081431    0.124079    0.139972    6.016297 ^ wire1/X (sky130_fd_sc_hd__buf_6)
                                                         net272 (net)
                      0.131229    0.022966    6.039263 ^ clkbuf_0_clk/A (sky130_fd_sc_hd__clkbuf_16)
     9    0.100467    0.090689    0.151350    6.190612 ^ clkbuf_0_clk/X (sky130_fd_sc_hd__clkbuf_16)
                                                         clknet_0_clk (net)
                      0.093184    0.011843    6.202455 ^ clkbuf_2_0__f_clk/A (sky130_fd_sc_hd__clkbuf_16)
    17    0.092169    0.084339    0.136204    6.338659 ^ clkbuf_2_0__f_clk/X (sky130_fd_sc_hd__clkbuf_16)
                                                         clknet_2_0__leaf_clk (net)
                      0.089058    0.015577    6.354236 ^ _136_/CLK (sky130_fd_sc_hd__dfrtp_4)
     3    0.048847    0.088326    0.355799    6.710034 v _136_/Q (sky130_fd_sc_hd__dfrtp_4)
                                                         net257 (net)
                      0.091264    0.012637    6.722671 v output257/A (sky130_fd_sc_hd__buf_12)
     1    0.191077    0.078705    0.153112    6.875783 v output257/X (sky130_fd_sc_hd__buf_12)
                                                         wbs_dat_o[7] (net)
                      0.080281    0.008947    6.884730 v wbs_dat_o[7] (out)
                                              6.884730   data arrival time

                                 25.000000   25.000000   clock clk (rise edge)
                                  4.650000   29.650000   clock network delay (propagated)
                                 -0.250000   29.400000   clock uncertainty
                                  0.000000   29.400000   clock reconvergence pessimism
                                 -3.620000   25.779999   output external delay
                                             25.779999   data required time
---------------------------------------------------------------------------------------------
                                             25.779999   data required time
                                             -6.884730   data arrival time
---------------------------------------------------------------------------------------------
                                             18.895269   slack (MET)


Startpoint: _137_ (rising edge-triggered flip-flop clocked by clk)
Endpoint: wbs_dat_o[8] (output port clocked by clk)
Path Group: clk
Path Type: max

Fanout         Cap        Slew       Delay        Time   Description
---------------------------------------------------------------------------------------------
                                  0.000000    0.000000   clock clk (rise edge)
                                  5.570000    5.570000   clock source latency
     2    0.032467    0.610000    0.000000    5.570000 ^ clk (in)
                                                         clk (net)
                      0.618581    0.004290    5.574291 ^ wire3/A (sky130_fd_sc_hd__buf_4)
     3    0.035766    0.087169    0.140194    5.714485 ^ wire3/X (sky130_fd_sc_hd__buf_4)
                                                         net274 (net)
                      0.088187    0.007375    5.721859 ^ wire2/A (sky130_fd_sc_hd__buf_6)
     3    0.078960    0.121320    0.132681    5.854540 ^ wire2/X (sky130_fd_sc_hd__buf_6)
                                                         net273 (net)
                      0.127869    0.021784    5.876325 ^ wire1/A (sky130_fd_sc_hd__buf_6)
     3    0.081431    0.124079    0.139972    6.016297 ^ wire1/X (sky130_fd_sc_hd__buf_6)
                                                         net272 (net)
                      0.131229    0.022966    6.039263 ^ clkbuf_0_clk/A (sky130_fd_sc_hd__clkbuf_16)
     9    0.100467    0.090689    0.151350    6.190612 ^ clkbuf_0_clk/X (sky130_fd_sc_hd__clkbuf_16)
                                                         clknet_0_clk (net)
                      0.093184    0.011843    6.202455 ^ clkbuf_2_0__f_clk/A (sky130_fd_sc_hd__clkbuf_16)
    17    0.092169    0.084339    0.136204    6.338659 ^ clkbuf_2_0__f_clk/X (sky130_fd_sc_hd__clkbuf_16)
                                                         clknet_2_0__leaf_clk (net)
                      0.088875    0.015266    6.353925 ^ _137_/CLK (sky130_fd_sc_hd__dfrtp_4)
     3    0.049389    0.088196    0.356863    6.710788 v _137_/Q (sky130_fd_sc_hd__dfrtp_4)
                                                         net258 (net)
                      0.090584    0.011030    6.721818 v output258/A (sky130_fd_sc_hd__buf_12)
     1    0.191077    0.078696    0.152831    6.874649 v output258/X (sky130_fd_sc_hd__buf_12)
                                                         wbs_dat_o[8] (net)
                      0.080271    0.008947    6.883596 v wbs_dat_o[8] (out)
                                              6.883596   data arrival time

                                 25.000000   25.000000   clock clk (rise edge)
                                  4.650000   29.650000   clock network delay (propagated)
                                 -0.250000   29.400000   clock uncertainty
                                  0.000000   29.400000   clock reconvergence pessimism
                                 -3.620000   25.779999   output external delay
                                             25.779999   data required time
---------------------------------------------------------------------------------------------
                                             25.779999   data required time
                                             -6.883596   data arrival time
---------------------------------------------------------------------------------------------
                                             18.896402   slack (MET)


Startpoint: _149_ (rising edge-triggered flip-flop clocked by clk)
Endpoint: wbs_dat_o[20] (output port clocked by clk)
Path Group: clk
Path Type: max

Fanout         Cap        Slew       Delay        Time   Description
---------------------------------------------------------------------------------------------
                                  0.000000    0.000000   clock clk (rise edge)
                                  5.570000    5.570000   clock source latency
     2    0.032467    0.610000    0.000000    5.570000 ^ clk (in)
                                                         clk (net)
                      0.618581    0.004290    5.574291 ^ wire3/A (sky130_fd_sc_hd__buf_4)
     3    0.035766    0.087169    0.140194    5.714485 ^ wire3/X (sky130_fd_sc_hd__buf_4)
                                                         net274 (net)
                      0.088187    0.007375    5.721859 ^ wire2/A (sky130_fd_sc_hd__buf_6)
     3    0.078960    0.121320    0.132681    5.854540 ^ wire2/X (sky130_fd_sc_hd__buf_6)
                                                         net273 (net)
                      0.127869    0.021784    5.876325 ^ wire1/A (sky130_fd_sc_hd__buf_6)
     3    0.081431    0.124079    0.139972    6.016297 ^ wire1/X (sky130_fd_sc_hd__buf_6)
                                                         net272 (net)
                      0.131229    0.022966    6.039263 ^ clkbuf_0_clk/A (sky130_fd_sc_hd__clkbuf_16)
     9    0.100467    0.090689    0.151350    6.190612 ^ clkbuf_0_clk/X (sky130_fd_sc_hd__clkbuf_16)
                                                         clknet_0_clk (net)
                      0.092512    0.010128    6.200740 ^ clkbuf_2_2__f_clk/A (sky130_fd_sc_hd__clkbuf_16)
    17    0.093430    0.085225    0.137478    6.338219 ^ clkbuf_2_2__f_clk/X (sky130_fd_sc_hd__clkbuf_16)
                                                         clknet_2_2__leaf_clk (net)
                      0.088552    0.013192    6.351411 ^ _149_/CLK (sky130_fd_sc_hd__dfrtp_4)
     3    0.044557    0.082780    0.352097    6.703508 v _149_/Q (sky130_fd_sc_hd__dfrtp_4)
                                                         net240 (net)
                      0.084872    0.009944    6.713451 v output240/A (sky130_fd_sc_hd__buf_12)
     1    0.191388    0.082436    0.155127    6.868578 v output240/X (sky130_fd_sc_hd__buf_12)
                                                         wbs_dat_o[20] (net)
                      0.084113    0.009390    6.877968 v wbs_dat_o[20] (out)
                                              6.877968   data arrival time

                                 25.000000   25.000000   clock clk (rise edge)
                                  4.650000   29.650000   clock network delay (propagated)
                                 -0.250000   29.400000   clock uncertainty
                                  0.000000   29.400000   clock reconvergence pessimism
                                 -3.620000   25.779999   output external delay
                                             25.779999   data required time
---------------------------------------------------------------------------------------------
                                             25.779999   data required time
                                             -6.877968   data arrival time
---------------------------------------------------------------------------------------------
                                             18.902031   slack (MET)


Startpoint: _138_ (rising edge-triggered flip-flop clocked by clk)
Endpoint: wbs_dat_o[9] (output port clocked by clk)
Path Group: clk
Path Type: max

Fanout         Cap        Slew       Delay        Time   Description
---------------------------------------------------------------------------------------------
                                  0.000000    0.000000   clock clk (rise edge)
                                  5.570000    5.570000   clock source latency
     2    0.032467    0.610000    0.000000    5.570000 ^ clk (in)
                                                         clk (net)
                      0.618581    0.004290    5.574291 ^ wire3/A (sky130_fd_sc_hd__buf_4)
     3    0.035766    0.087169    0.140194    5.714485 ^ wire3/X (sky130_fd_sc_hd__buf_4)
                                                         net274 (net)
                      0.088187    0.007375    5.721859 ^ wire2/A (sky130_fd_sc_hd__buf_6)
     3    0.078960    0.121320    0.132681    5.854540 ^ wire2/X (sky130_fd_sc_hd__buf_6)
                                                         net273 (net)
                      0.127869    0.021784    5.876325 ^ wire1/A (sky130_fd_sc_hd__buf_6)
     3    0.081431    0.124079    0.139972    6.016297 ^ wire1/X (sky130_fd_sc_hd__buf_6)
                                                         net272 (net)
                      0.131229    0.022966    6.039263 ^ clkbuf_0_clk/A (sky130_fd_sc_hd__clkbuf_16)
     9    0.100467    0.090689    0.151350    6.190612 ^ clkbuf_0_clk/X (sky130_fd_sc_hd__clkbuf_16)
                                                         clknet_0_clk (net)
                      0.093063    0.011551    6.202163 ^ clkbuf_2_1__f_clk/A (sky130_fd_sc_hd__clkbuf_16)
    21    0.085235    0.079041    0.130349    6.332511 ^ clkbuf_2_1__f_clk/X (sky130_fd_sc_hd__clkbuf_16)
                                                         clknet_2_1__leaf_clk (net)
                      0.085478    0.017343    6.349854 ^ _138_/CLK (sky130_fd_sc_hd__dfrtp_4)
     3    0.037952    0.075217    0.345504    6.695359 v _138_/Q (sky130_fd_sc_hd__dfrtp_4)
                                                         net259 (net)
                      0.076415    0.006897    6.702256 v output259/A (sky130_fd_sc_hd__buf_12)
     1    0.191077    0.078519    0.146914    6.849169 v output259/X (sky130_fd_sc_hd__buf_12)
                                                         wbs_dat_o[9] (net)
                      0.080098    0.008946    6.858116 v wbs_dat_o[9] (out)
                                              6.858116   data arrival time

                                 25.000000   25.000000   clock clk (rise edge)
                                  4.650000   29.650000   clock network delay (propagated)
                                 -0.250000   29.400000   clock uncertainty
                                  0.000000   29.400000   clock reconvergence pessimism
                                 -3.620000   25.779999   output external delay
                                             25.779999   data required time
---------------------------------------------------------------------------------------------
                                             25.779999   data required time
                                             -6.858116   data arrival time
---------------------------------------------------------------------------------------------
                                             18.921883   slack (MET)


Startpoint: _148_ (rising edge-triggered flip-flop clocked by clk)
Endpoint: wbs_dat_o[19] (output port clocked by clk)
Path Group: clk
Path Type: max

Fanout         Cap        Slew       Delay        Time   Description
---------------------------------------------------------------------------------------------
                                  0.000000    0.000000   clock clk (rise edge)
                                  5.570000    5.570000   clock source latency
     2    0.032467    0.610000    0.000000    5.570000 ^ clk (in)
                                                         clk (net)
                      0.618581    0.004290    5.574291 ^ wire3/A (sky130_fd_sc_hd__buf_4)
     3    0.035766    0.087169    0.140194    5.714485 ^ wire3/X (sky130_fd_sc_hd__buf_4)
                                                         net274 (net)
                      0.088187    0.007375    5.721859 ^ wire2/A (sky130_fd_sc_hd__buf_6)
     3    0.078960    0.121320    0.132681    5.854540 ^ wire2/X (sky130_fd_sc_hd__buf_6)
                                                         net273 (net)
                      0.127869    0.021784    5.876325 ^ wire1/A (sky130_fd_sc_hd__buf_6)
     3    0.081431    0.124079    0.139972    6.016297 ^ wire1/X (sky130_fd_sc_hd__buf_6)
                                                         net272 (net)
                      0.131229    0.022966    6.039263 ^ clkbuf_0_clk/A (sky130_fd_sc_hd__clkbuf_16)
     9    0.100467    0.090689    0.151350    6.190612 ^ clkbuf_0_clk/X (sky130_fd_sc_hd__clkbuf_16)
                                                         clknet_0_clk (net)
                      0.092512    0.010128    6.200740 ^ clkbuf_2_2__f_clk/A (sky130_fd_sc_hd__clkbuf_16)
    17    0.093430    0.085225    0.137478    6.338219 ^ clkbuf_2_2__f_clk/X (sky130_fd_sc_hd__clkbuf_16)
                                                         clknet_2_2__leaf_clk (net)
                      0.088212    0.012494    6.350712 ^ _148_/CLK (sky130_fd_sc_hd__dfrtp_4)
     3    0.033094    0.070289    0.341180    6.691892 v _148_/Q (sky130_fd_sc_hd__dfrtp_4)
                                                         net238 (net)
                      0.071326    0.006115    6.698007 v output238/A (sky130_fd_sc_hd__buf_12)
     1    0.191426    0.082360    0.149386    6.847393 v output238/X (sky130_fd_sc_hd__buf_12)
                                                         wbs_dat_o[19] (net)
                      0.084040    0.009392    6.856785 v wbs_dat_o[19] (out)
                                              6.856785   data arrival time

                                 25.000000   25.000000   clock clk (rise edge)
                                  4.650000   29.650000   clock network delay (propagated)
                                 -0.250000   29.400000   clock uncertainty
                                  0.000000   29.400000   clock reconvergence pessimism
                                 -3.620000   25.779999   output external delay
                                             25.779999   data required time
---------------------------------------------------------------------------------------------
                                             25.779999   data required time
                                             -6.856785   data arrival time
---------------------------------------------------------------------------------------------
                                             18.923214   slack (MET)


Startpoint: _139_ (rising edge-triggered flip-flop clocked by clk)
Endpoint: wbs_dat_o[10] (output port clocked by clk)
Path Group: clk
Path Type: max

Fanout         Cap        Slew       Delay        Time   Description
---------------------------------------------------------------------------------------------
                                  0.000000    0.000000   clock clk (rise edge)
                                  5.570000    5.570000   clock source latency
     2    0.032467    0.610000    0.000000    5.570000 ^ clk (in)
                                                         clk (net)
                      0.618581    0.004290    5.574291 ^ wire3/A (sky130_fd_sc_hd__buf_4)
     3    0.035766    0.087169    0.140194    5.714485 ^ wire3/X (sky130_fd_sc_hd__buf_4)
                                                         net274 (net)
                      0.088187    0.007375    5.721859 ^ wire2/A (sky130_fd_sc_hd__buf_6)
     3    0.078960    0.121320    0.132681    5.854540 ^ wire2/X (sky130_fd_sc_hd__buf_6)
                                                         net273 (net)
                      0.127869    0.021784    5.876325 ^ wire1/A (sky130_fd_sc_hd__buf_6)
     3    0.081431    0.124079    0.139972    6.016297 ^ wire1/X (sky130_fd_sc_hd__buf_6)
                                                         net272 (net)
                      0.131229    0.022966    6.039263 ^ clkbuf_0_clk/A (sky130_fd_sc_hd__clkbuf_16)
     9    0.100467    0.090689    0.151350    6.190612 ^ clkbuf_0_clk/X (sky130_fd_sc_hd__clkbuf_16)
                                                         clknet_0_clk (net)
                      0.093063    0.011551    6.202163 ^ clkbuf_2_1__f_clk/A (sky130_fd_sc_hd__clkbuf_16)
    21    0.085235    0.079041    0.130349    6.332511 ^ clkbuf_2_1__f_clk/X (sky130_fd_sc_hd__clkbuf_16)
                                                         clknet_2_1__leaf_clk (net)
                      0.084424    0.015819    6.348331 ^ _139_/CLK (sky130_fd_sc_hd__dfrtp_4)
     3    0.029228    0.066390    0.336382    6.684712 v _139_/Q (sky130_fd_sc_hd__dfrtp_4)
                                                         net229 (net)
                      0.066963    0.004702    6.689415 v output229/A (sky130_fd_sc_hd__buf_12)
     1    0.191017    0.078475    0.142814    6.832229 v output229/X (sky130_fd_sc_hd__buf_12)
                                                         wbs_dat_o[10] (net)
                      0.080055    0.008945    6.841174 v wbs_dat_o[10] (out)
                                              6.841174   data arrival time

                                 25.000000   25.000000   clock clk (rise edge)
                                  4.650000   29.650000   clock network delay (propagated)
                                 -0.250000   29.400000   clock uncertainty
                                  0.000000   29.400000   clock reconvergence pessimism
                                 -3.620000   25.779999   output external delay
                                             25.779999   data required time
---------------------------------------------------------------------------------------------
                                             25.779999   data required time
                                             -6.841174   data arrival time
---------------------------------------------------------------------------------------------
                                             18.938826   slack (MET)


Startpoint: _147_ (rising edge-triggered flip-flop clocked by clk)
Endpoint: wbs_dat_o[18] (output port clocked by clk)
Path Group: clk
Path Type: max

Fanout         Cap        Slew       Delay        Time   Description
---------------------------------------------------------------------------------------------
                                  0.000000    0.000000   clock clk (rise edge)
                                  5.570000    5.570000   clock source latency
     2    0.032467    0.610000    0.000000    5.570000 ^ clk (in)
                                                         clk (net)
                      0.618581    0.004290    5.574291 ^ wire3/A (sky130_fd_sc_hd__buf_4)
     3    0.035766    0.087169    0.140194    5.714485 ^ wire3/X (sky130_fd_sc_hd__buf_4)
                                                         net274 (net)
                      0.088187    0.007375    5.721859 ^ wire2/A (sky130_fd_sc_hd__buf_6)
     3    0.078960    0.121320    0.132681    5.854540 ^ wire2/X (sky130_fd_sc_hd__buf_6)
                                                         net273 (net)
                      0.127869    0.021784    5.876325 ^ wire1/A (sky130_fd_sc_hd__buf_6)
     3    0.081431    0.124079    0.139972    6.016297 ^ wire1/X (sky130_fd_sc_hd__buf_6)
                                                         net272 (net)
                      0.131229    0.022966    6.039263 ^ clkbuf_0_clk/A (sky130_fd_sc_hd__clkbuf_16)
     9    0.100467    0.090689    0.151350    6.190612 ^ clkbuf_0_clk/X (sky130_fd_sc_hd__clkbuf_16)
                                                         clknet_0_clk (net)
                      0.092512    0.010128    6.200740 ^ clkbuf_2_2__f_clk/A (sky130_fd_sc_hd__clkbuf_16)
    17    0.093430    0.085225    0.137478    6.338219 ^ clkbuf_2_2__f_clk/X (sky130_fd_sc_hd__clkbuf_16)
                                                         clknet_2_2__leaf_clk (net)
                      0.087685    0.011337    6.349555 ^ _147_/CLK (sky130_fd_sc_hd__dfrtp_2)
     3    0.028824    0.110592    0.290787    6.640342 ^ _147_/Q (sky130_fd_sc_hd__dfrtp_2)
                                                         net237 (net)
                      0.110823    0.004480    6.644822 ^ output237/A (sky130_fd_sc_hd__buf_12)
     1    0.191426    0.173303    0.177153    6.821974 ^ output237/X (sky130_fd_sc_hd__buf_12)
                                                         wbs_dat_o[18] (net)
                      0.174097    0.009505    6.831480 ^ wbs_dat_o[18] (out)
                                              6.831480   data arrival time

                                 25.000000   25.000000   clock clk (rise edge)
                                  4.650000   29.650000   clock network delay (propagated)
                                 -0.250000   29.400000   clock uncertainty
                                  0.000000   29.400000   clock reconvergence pessimism
                                 -3.620000   25.779999   output external delay
                                             25.779999   data required time
---------------------------------------------------------------------------------------------
                                             25.779999   data required time
                                             -6.831480   data arrival time
---------------------------------------------------------------------------------------------
                                             18.948521   slack (MET)


Startpoint: _142_ (rising edge-triggered flip-flop clocked by clk)
Endpoint: wbs_dat_o[13] (output port clocked by clk)
Path Group: clk
Path Type: max

Fanout         Cap        Slew       Delay        Time   Description
---------------------------------------------------------------------------------------------
                                  0.000000    0.000000   clock clk (rise edge)
                                  5.570000    5.570000   clock source latency
     2    0.032467    0.610000    0.000000    5.570000 ^ clk (in)
                                                         clk (net)
                      0.618581    0.004290    5.574291 ^ wire3/A (sky130_fd_sc_hd__buf_4)
     3    0.035766    0.087169    0.140194    5.714485 ^ wire3/X (sky130_fd_sc_hd__buf_4)
                                                         net274 (net)
                      0.088187    0.007375    5.721859 ^ wire2/A (sky130_fd_sc_hd__buf_6)
     3    0.078960    0.121320    0.132681    5.854540 ^ wire2/X (sky130_fd_sc_hd__buf_6)
                                                         net273 (net)
                      0.127869    0.021784    5.876325 ^ wire1/A (sky130_fd_sc_hd__buf_6)
     3    0.081431    0.124079    0.139972    6.016297 ^ wire1/X (sky130_fd_sc_hd__buf_6)
                                                         net272 (net)
                      0.131229    0.022966    6.039263 ^ clkbuf_0_clk/A (sky130_fd_sc_hd__clkbuf_16)
     9    0.100467    0.090689    0.151350    6.190612 ^ clkbuf_0_clk/X (sky130_fd_sc_hd__clkbuf_16)
                                                         clknet_0_clk (net)
                      0.093184    0.011843    6.202455 ^ clkbuf_2_0__f_clk/A (sky130_fd_sc_hd__clkbuf_16)
    17    0.092169    0.084339    0.136204    6.338659 ^ clkbuf_2_0__f_clk/X (sky130_fd_sc_hd__clkbuf_16)
                                                         clknet_2_0__leaf_clk (net)
                      0.085953    0.009142    6.347802 ^ _142_/CLK (sky130_fd_sc_hd__dfrtp_2)
     3    0.027918    0.107510    0.288229    6.636031 ^ _142_/Q (sky130_fd_sc_hd__dfrtp_2)
                                                         net232 (net)
                      0.107721    0.004227    6.640258 ^ output232/A (sky130_fd_sc_hd__buf_12)
     1    0.191251    0.173097    0.176805    6.817063 ^ output232/X (sky130_fd_sc_hd__buf_12)
                                                         wbs_dat_o[13] (net)
                      0.173891    0.009495    6.826558 ^ wbs_dat_o[13] (out)
                                              6.826558   data arrival time

                                 25.000000   25.000000   clock clk (rise edge)
                                  4.650000   29.650000   clock network delay (propagated)
                                 -0.250000   29.400000   clock uncertainty
                                  0.000000   29.400000   clock reconvergence pessimism
                                 -3.620000   25.779999   output external delay
                                             25.779999   data required time
---------------------------------------------------------------------------------------------
                                             25.779999   data required time
                                             -6.826558   data arrival time
---------------------------------------------------------------------------------------------
                                             18.953440   slack (MET)


Startpoint: _143_ (rising edge-triggered flip-flop clocked by clk)
Endpoint: wbs_dat_o[14] (output port clocked by clk)
Path Group: clk
Path Type: max

Fanout         Cap        Slew       Delay        Time   Description
---------------------------------------------------------------------------------------------
                                  0.000000    0.000000   clock clk (rise edge)
                                  5.570000    5.570000   clock source latency
     2    0.032467    0.610000    0.000000    5.570000 ^ clk (in)
                                                         clk (net)
                      0.618581    0.004290    5.574291 ^ wire3/A (sky130_fd_sc_hd__buf_4)
     3    0.035766    0.087169    0.140194    5.714485 ^ wire3/X (sky130_fd_sc_hd__buf_4)
                                                         net274 (net)
                      0.088187    0.007375    5.721859 ^ wire2/A (sky130_fd_sc_hd__buf_6)
     3    0.078960    0.121320    0.132681    5.854540 ^ wire2/X (sky130_fd_sc_hd__buf_6)
                                                         net273 (net)
                      0.127869    0.021784    5.876325 ^ wire1/A (sky130_fd_sc_hd__buf_6)
     3    0.081431    0.124079    0.139972    6.016297 ^ wire1/X (sky130_fd_sc_hd__buf_6)
                                                         net272 (net)
                      0.131229    0.022966    6.039263 ^ clkbuf_0_clk/A (sky130_fd_sc_hd__clkbuf_16)
     9    0.100467    0.090689    0.151350    6.190612 ^ clkbuf_0_clk/X (sky130_fd_sc_hd__clkbuf_16)
                                                         clknet_0_clk (net)
                      0.093184    0.011843    6.202455 ^ clkbuf_2_0__f_clk/A (sky130_fd_sc_hd__clkbuf_16)
    17    0.092169    0.084339    0.136204    6.338659 ^ clkbuf_2_0__f_clk/X (sky130_fd_sc_hd__clkbuf_16)
                                                         clknet_2_0__leaf_clk (net)
                      0.086305    0.010058    6.348717 ^ _143_/CLK (sky130_fd_sc_hd__dfrtp_2)
     3    0.028770    0.110403    0.290305    6.639022 ^ _143_/Q (sky130_fd_sc_hd__dfrtp_2)
                                                         net233 (net)
                      0.110631    0.004447    6.643469 ^ output233/A (sky130_fd_sc_hd__buf_12)
     1    0.190990    0.167446    0.172687    6.816156 ^ output233/X (sky130_fd_sc_hd__buf_12)
                                                         wbs_dat_o[14] (net)
                      0.168182    0.009066    6.825222 ^ wbs_dat_o[14] (out)
                                              6.825222   data arrival time

                                 25.000000   25.000000   clock clk (rise edge)
                                  4.650000   29.650000   clock network delay (propagated)
                                 -0.250000   29.400000   clock uncertainty
                                  0.000000   29.400000   clock reconvergence pessimism
                                 -3.620000   25.779999   output external delay
                                             25.779999   data required time
---------------------------------------------------------------------------------------------
                                             25.779999   data required time
                                             -6.825222   data arrival time
---------------------------------------------------------------------------------------------
                                             18.954779   slack (MET)


Startpoint: _145_ (rising edge-triggered flip-flop clocked by clk)
Endpoint: wbs_dat_o[16] (output port clocked by clk)
Path Group: clk
Path Type: max

Fanout         Cap        Slew       Delay        Time   Description
---------------------------------------------------------------------------------------------
                                  0.000000    0.000000   clock clk (rise edge)
                                  5.570000    5.570000   clock source latency
     2    0.032467    0.610000    0.000000    5.570000 ^ clk (in)
                                                         clk (net)
                      0.618581    0.004290    5.574291 ^ wire3/A (sky130_fd_sc_hd__buf_4)
     3    0.035766    0.087169    0.140194    5.714485 ^ wire3/X (sky130_fd_sc_hd__buf_4)
                                                         net274 (net)
                      0.088187    0.007375    5.721859 ^ wire2/A (sky130_fd_sc_hd__buf_6)
     3    0.078960    0.121320    0.132681    5.854540 ^ wire2/X (sky130_fd_sc_hd__buf_6)
                                                         net273 (net)
                      0.127869    0.021784    5.876325 ^ wire1/A (sky130_fd_sc_hd__buf_6)
     3    0.081431    0.124079    0.139972    6.016297 ^ wire1/X (sky130_fd_sc_hd__buf_6)
                                                         net272 (net)
                      0.131229    0.022966    6.039263 ^ clkbuf_0_clk/A (sky130_fd_sc_hd__clkbuf_16)
     9    0.100467    0.090689    0.151350    6.190612 ^ clkbuf_0_clk/X (sky130_fd_sc_hd__clkbuf_16)
                                                         clknet_0_clk (net)
                      0.092512    0.010128    6.200740 ^ clkbuf_2_2__f_clk/A (sky130_fd_sc_hd__clkbuf_16)
    17    0.093430    0.085225    0.137478    6.338219 ^ clkbuf_2_2__f_clk/X (sky130_fd_sc_hd__clkbuf_16)
                                                         clknet_2_2__leaf_clk (net)
                      0.086395    0.007891    6.346109 ^ _145_/CLK (sky130_fd_sc_hd__dfrtp_2)
     3    0.027947    0.107608    0.288449    6.634558 ^ _145_/Q (sky130_fd_sc_hd__dfrtp_2)
                                                         net235 (net)
                      0.107814    0.004183    6.638741 ^ output235/A (sky130_fd_sc_hd__buf_12)
     1    0.191360    0.173266    0.176925    6.815666 ^ output235/X (sky130_fd_sc_hd__buf_12)
                                                         wbs_dat_o[16] (net)
                      0.174060    0.009504    6.825170 ^ wbs_dat_o[16] (out)
                                              6.825170   data arrival time

                                 25.000000   25.000000   clock clk (rise edge)
                                  4.650000   29.650000   clock network delay (propagated)
                                 -0.250000   29.400000   clock uncertainty
                                  0.000000   29.400000   clock reconvergence pessimism
                                 -3.620000   25.779999   output external delay
                                             25.779999   data required time
---------------------------------------------------------------------------------------------
                                             25.779999   data required time
                                             -6.825170   data arrival time
---------------------------------------------------------------------------------------------
                                             18.954830   slack (MET)


Startpoint: _144_ (rising edge-triggered flip-flop clocked by clk)
Endpoint: wbs_dat_o[15] (output port clocked by clk)
Path Group: clk
Path Type: max

Fanout         Cap        Slew       Delay        Time   Description
---------------------------------------------------------------------------------------------
                                  0.000000    0.000000   clock clk (rise edge)
                                  5.570000    5.570000   clock source latency
     2    0.032467    0.610000    0.000000    5.570000 ^ clk (in)
                                                         clk (net)
                      0.618581    0.004290    5.574291 ^ wire3/A (sky130_fd_sc_hd__buf_4)
     3    0.035766    0.087169    0.140194    5.714485 ^ wire3/X (sky130_fd_sc_hd__buf_4)
                                                         net274 (net)
                      0.088187    0.007375    5.721859 ^ wire2/A (sky130_fd_sc_hd__buf_6)
     3    0.078960    0.121320    0.132681    5.854540 ^ wire2/X (sky130_fd_sc_hd__buf_6)
                                                         net273 (net)
                      0.127869    0.021784    5.876325 ^ wire1/A (sky130_fd_sc_hd__buf_6)
     3    0.081431    0.124079    0.139972    6.016297 ^ wire1/X (sky130_fd_sc_hd__buf_6)
                                                         net272 (net)
                      0.131229    0.022966    6.039263 ^ clkbuf_0_clk/A (sky130_fd_sc_hd__clkbuf_16)
     9    0.100467    0.090689    0.151350    6.190612 ^ clkbuf_0_clk/X (sky130_fd_sc_hd__clkbuf_16)
                                                         clknet_0_clk (net)
                      0.092512    0.010128    6.200740 ^ clkbuf_2_2__f_clk/A (sky130_fd_sc_hd__clkbuf_16)
    17    0.093430    0.085225    0.137478    6.338219 ^ clkbuf_2_2__f_clk/X (sky130_fd_sc_hd__clkbuf_16)
                                                         clknet_2_2__leaf_clk (net)
                      0.086876    0.009317    6.347536 ^ _144_/CLK (sky130_fd_sc_hd__dfrtp_2)
     3    0.029009    0.111211    0.291043    6.638578 ^ _144_/Q (sky130_fd_sc_hd__dfrtp_2)
                                                         net234 (net)
                      0.111438    0.004461    6.643039 ^ output234/A (sky130_fd_sc_hd__buf_12)
     1    0.191000    0.167455    0.172747    6.815786 ^ output234/X (sky130_fd_sc_hd__buf_12)
                                                         wbs_dat_o[15] (net)
                      0.168191    0.009067    6.824853 ^ wbs_dat_o[15] (out)
                                              6.824853   data arrival time

                                 25.000000   25.000000   clock clk (rise edge)
                                  4.650000   29.650000   clock network delay (propagated)
                                 -0.250000   29.400000   clock uncertainty
                                  0.000000   29.400000   clock reconvergence pessimism
                                 -3.620000   25.779999   output external delay
                                             25.779999   data required time
---------------------------------------------------------------------------------------------
                                             25.779999   data required time
                                             -6.824853   data arrival time
---------------------------------------------------------------------------------------------
                                             18.955145   slack (MET)


Startpoint: _140_ (rising edge-triggered flip-flop clocked by clk)
Endpoint: wbs_dat_o[11] (output port clocked by clk)
Path Group: clk
Path Type: max

Fanout         Cap        Slew       Delay        Time   Description
---------------------------------------------------------------------------------------------
                                  0.000000    0.000000   clock clk (rise edge)
                                  5.570000    5.570000   clock source latency
     2    0.032467    0.610000    0.000000    5.570000 ^ clk (in)
                                                         clk (net)
                      0.618581    0.004290    5.574291 ^ wire3/A (sky130_fd_sc_hd__buf_4)
     3    0.035766    0.087169    0.140194    5.714485 ^ wire3/X (sky130_fd_sc_hd__buf_4)
                                                         net274 (net)
                      0.088187    0.007375    5.721859 ^ wire2/A (sky130_fd_sc_hd__buf_6)
     3    0.078960    0.121320    0.132681    5.854540 ^ wire2/X (sky130_fd_sc_hd__buf_6)
                                                         net273 (net)
                      0.127869    0.021784    5.876325 ^ wire1/A (sky130_fd_sc_hd__buf_6)
     3    0.081431    0.124079    0.139972    6.016297 ^ wire1/X (sky130_fd_sc_hd__buf_6)
                                                         net272 (net)
                      0.131229    0.022966    6.039263 ^ clkbuf_0_clk/A (sky130_fd_sc_hd__clkbuf_16)
     9    0.100467    0.090689    0.151350    6.190612 ^ clkbuf_0_clk/X (sky130_fd_sc_hd__clkbuf_16)
                                                         clknet_0_clk (net)
                      0.093063    0.011551    6.202163 ^ clkbuf_2_1__f_clk/A (sky130_fd_sc_hd__clkbuf_16)
    21    0.085235    0.079041    0.130349    6.332511 ^ clkbuf_2_1__f_clk/X (sky130_fd_sc_hd__clkbuf_16)
                                                         clknet_2_1__leaf_clk (net)
                      0.082632    0.012902    6.345414 ^ _140_/CLK (sky130_fd_sc_hd__dfrtp_2)
     3    0.029718    0.113645    0.290967    6.636381 ^ _140_/Q (sky130_fd_sc_hd__dfrtp_2)
                                                         net230 (net)
                      0.114126    0.005539    6.641920 ^ output230/A (sky130_fd_sc_hd__buf_12)
     1    0.191017    0.167477    0.172941    6.814860 ^ output230/X (sky130_fd_sc_hd__buf_12)
                                                         wbs_dat_o[11] (net)
                      0.168213    0.009067    6.823928 ^ wbs_dat_o[11] (out)
                                              6.823928   data arrival time

                                 25.000000   25.000000   clock clk (rise edge)
                                  4.650000   29.650000   clock network delay (propagated)
                                 -0.250000   29.400000   clock uncertainty
                                  0.000000   29.400000   clock reconvergence pessimism
                                 -3.620000   25.779999   output external delay
                                             25.779999   data required time
---------------------------------------------------------------------------------------------
                                             25.779999   data required time
                                             -6.823928   data arrival time
---------------------------------------------------------------------------------------------
                                             18.956072   slack (MET)


Startpoint: _141_ (rising edge-triggered flip-flop clocked by clk)
Endpoint: wbs_dat_o[12] (output port clocked by clk)
Path Group: clk
Path Type: max

Fanout         Cap        Slew       Delay        Time   Description
---------------------------------------------------------------------------------------------
                                  0.000000    0.000000   clock clk (rise edge)
                                  5.570000    5.570000   clock source latency
     2    0.032467    0.610000    0.000000    5.570000 ^ clk (in)
                                                         clk (net)
                      0.618581    0.004290    5.574291 ^ wire3/A (sky130_fd_sc_hd__buf_4)
     3    0.035766    0.087169    0.140194    5.714485 ^ wire3/X (sky130_fd_sc_hd__buf_4)
                                                         net274 (net)
                      0.088187    0.007375    5.721859 ^ wire2/A (sky130_fd_sc_hd__buf_6)
     3    0.078960    0.121320    0.132681    5.854540 ^ wire2/X (sky130_fd_sc_hd__buf_6)
                                                         net273 (net)
                      0.127869    0.021784    5.876325 ^ wire1/A (sky130_fd_sc_hd__buf_6)
     3    0.081431    0.124079    0.139972    6.016297 ^ wire1/X (sky130_fd_sc_hd__buf_6)
                                                         net272 (net)
                      0.131229    0.022966    6.039263 ^ clkbuf_0_clk/A (sky130_fd_sc_hd__clkbuf_16)
     9    0.100467    0.090689    0.151350    6.190612 ^ clkbuf_0_clk/X (sky130_fd_sc_hd__clkbuf_16)
                                                         clknet_0_clk (net)
                      0.093184    0.011843    6.202455 ^ clkbuf_2_0__f_clk/A (sky130_fd_sc_hd__clkbuf_16)
    17    0.092169    0.084339    0.136204    6.338659 ^ clkbuf_2_0__f_clk/X (sky130_fd_sc_hd__clkbuf_16)
                                                         clknet_2_0__leaf_clk (net)
                      0.085534    0.007923    6.346581 ^ _141_/CLK (sky130_fd_sc_hd__dfrtp_2)
     3    0.027606    0.106463    0.287297    6.633879 ^ _141_/Q (sky130_fd_sc_hd__dfrtp_2)
                                                         net231 (net)
                      0.106679    0.004248    6.638127 ^ output231/A (sky130_fd_sc_hd__buf_12)
     1    0.191535    0.167988    0.172168    6.810295 ^ output231/X (sky130_fd_sc_hd__buf_12)
                                                         wbs_dat_o[12] (net)
                      0.168850    0.009813    6.820108 ^ wbs_dat_o[12] (out)
                                              6.820108   data arrival time

                                 25.000000   25.000000   clock clk (rise edge)
                                  4.650000   29.650000   clock network delay (propagated)
                                 -0.250000   29.400000   clock uncertainty
                                  0.000000   29.400000   clock reconvergence pessimism
                                 -3.620000   25.779999   output external delay
                                             25.779999   data required time
---------------------------------------------------------------------------------------------
                                             25.779999   data required time
                                             -6.820108   data arrival time
---------------------------------------------------------------------------------------------
                                             18.959892   slack (MET)


Startpoint: _146_ (rising edge-triggered flip-flop clocked by clk)
Endpoint: wbs_dat_o[17] (output port clocked by clk)
Path Group: clk
Path Type: max

Fanout         Cap        Slew       Delay        Time   Description
---------------------------------------------------------------------------------------------
                                  0.000000    0.000000   clock clk (rise edge)
                                  5.570000    5.570000   clock source latency
     2    0.032467    0.610000    0.000000    5.570000 ^ clk (in)
                                                         clk (net)
                      0.618581    0.004290    5.574291 ^ wire3/A (sky130_fd_sc_hd__buf_4)
     3    0.035766    0.087169    0.140194    5.714485 ^ wire3/X (sky130_fd_sc_hd__buf_4)
                                                         net274 (net)
                      0.088187    0.007375    5.721859 ^ wire2/A (sky130_fd_sc_hd__buf_6)
     3    0.078960    0.121320    0.132681    5.854540 ^ wire2/X (sky130_fd_sc_hd__buf_6)
                                                         net273 (net)
                      0.127869    0.021784    5.876325 ^ wire1/A (sky130_fd_sc_hd__buf_6)
     3    0.081431    0.124079    0.139972    6.016297 ^ wire1/X (sky130_fd_sc_hd__buf_6)
                                                         net272 (net)
                      0.131229    0.022966    6.039263 ^ clkbuf_0_clk/A (sky130_fd_sc_hd__clkbuf_16)
     9    0.100467    0.090689    0.151350    6.190612 ^ clkbuf_0_clk/X (sky130_fd_sc_hd__clkbuf_16)
                                                         clknet_0_clk (net)
                      0.092507    0.010114    6.200727 ^ clkbuf_2_3__f_clk/A (sky130_fd_sc_hd__clkbuf_16)
    21    0.074593    0.070917    0.125764    6.326490 ^ clkbuf_2_3__f_clk/X (sky130_fd_sc_hd__clkbuf_16)
                                                         clknet_2_3__leaf_clk (net)
                      0.071751    0.005994    6.332485 ^ _146_/CLK (sky130_fd_sc_hd__dfrtp_2)
     3    0.029485    0.112783    0.288094    6.620578 ^ _146_/Q (sky130_fd_sc_hd__dfrtp_2)
                                                         net236 (net)
                      0.113150    0.004665    6.625243 ^ output236/A (sky130_fd_sc_hd__buf_12)
     1    0.191040    0.167493    0.172888    6.798131 ^ output236/X (sky130_fd_sc_hd__buf_12)
                                                         wbs_dat_o[17] (net)
                      0.168229    0.009067    6.807199 ^ wbs_dat_o[17] (out)
                                              6.807199   data arrival time

                                 25.000000   25.000000   clock clk (rise edge)
                                  4.650000   29.650000   clock network delay (propagated)
                                 -0.250000   29.400000   clock uncertainty
                                  0.000000   29.400000   clock reconvergence pessimism
                                 -3.620000   25.779999   output external delay
                                             25.779999   data required time
---------------------------------------------------------------------------------------------
                                             25.779999   data required time
                                             -6.807199   data arrival time
---------------------------------------------------------------------------------------------
                                             18.972801   slack (MET)


Startpoint: _128_ (rising edge-triggered flip-flop clocked by clk)
Endpoint: wbs_ack_o (output port clocked by clk)
Path Group: clk
Path Type: max

Fanout         Cap        Slew       Delay        Time   Description
---------------------------------------------------------------------------------------------
                                  0.000000    0.000000   clock clk (rise edge)
                                  5.570000    5.570000   clock source latency
     2    0.032467    0.610000    0.000000    5.570000 ^ clk (in)
                                                         clk (net)
                      0.618581    0.004290    5.574291 ^ wire3/A (sky130_fd_sc_hd__buf_4)
     3    0.035766    0.087169    0.140194    5.714485 ^ wire3/X (sky130_fd_sc_hd__buf_4)
                                                         net274 (net)
                      0.088187    0.007375    5.721859 ^ wire2/A (sky130_fd_sc_hd__buf_6)
     3    0.078960    0.121320    0.132681    5.854540 ^ wire2/X (sky130_fd_sc_hd__buf_6)
                                                         net273 (net)
                      0.127869    0.021784    5.876325 ^ wire1/A (sky130_fd_sc_hd__buf_6)
     3    0.081431    0.124079    0.139972    6.016297 ^ wire1/X (sky130_fd_sc_hd__buf_6)
                                                         net272 (net)
                      0.131229    0.022966    6.039263 ^ clkbuf_0_clk/A (sky130_fd_sc_hd__clkbuf_16)
     9    0.100467    0.090689    0.151350    6.190612 ^ clkbuf_0_clk/X (sky130_fd_sc_hd__clkbuf_16)
                                                         clknet_0_clk (net)
                      0.093063    0.011551    6.202163 ^ clkbuf_2_1__f_clk/A (sky130_fd_sc_hd__clkbuf_16)
    21    0.085235    0.079041    0.130349    6.332511 ^ clkbuf_2_1__f_clk/X (sky130_fd_sc_hd__clkbuf_16)
                                                         clknet_2_1__leaf_clk (net)
                      0.082192    0.012097    6.344608 ^ _128_/CLK (sky130_fd_sc_hd__dfrtp_4)
     3    0.188076    0.391921    0.469048    6.813656 ^ _128_/Q (sky130_fd_sc_hd__dfrtp_4)
                                                         net227 (net)
                      0.454454    0.118918    6.932574 ^ output227/A (sky130_fd_sc_hd__buf_12)
     1    0.190987    0.168986    0.173303    7.105877 ^ output227/X (sky130_fd_sc_hd__buf_12)
                                                         wbs_ack_o (net)
                      0.169718    0.009067    7.114944 ^ wbs_ack_o (out)
                                              7.114944   data arrival time

                                 50.000000   50.000000   clock clk (rise edge)
                                  4.650000   54.650002   clock network delay (propagated)
                                 -0.250000   54.399998   clock uncertainty
                                  0.000000   54.399998   clock reconvergence pessimism
                                 -8.410000   45.990002   output external delay
                                             45.990002   data required time
---------------------------------------------------------------------------------------------
                                             45.990002   data required time
                                             -7.114944   data arrival time
---------------------------------------------------------------------------------------------
                                             38.875057   slack (MET)


Startpoint: wbs_cyc_i (input port clocked by clk)
Endpoint: _128_ (rising edge-triggered flip-flop clocked by clk)
Path Group: clk
Path Type: max

Fanout         Cap        Slew       Delay        Time   Description
---------------------------------------------------------------------------------------------
                                  0.000000    0.000000   clock clk (rise edge)
                                  5.570000    5.570000   clock network delay (propagated)
                                  4.740000   10.310000 ^ input external delay
     2    0.004234    0.170000    0.000000   10.310000 ^ wbs_cyc_i (in)
                                                         wbs_cyc_i (net)
                      0.170202    0.000101   10.310102 ^ hold12/A (sky130_fd_sc_hd__dlygate4sd3_1)
     1    0.007844    0.071524    0.417760   10.727861 ^ hold12/X (sky130_fd_sc_hd__dlygate4sd3_1)
                                                         net286 (net)
                      0.071599    0.000592   10.728453 ^ input110/A (sky130_fd_sc_hd__buf_8)
     3    0.162842    0.176710    0.139487   10.867940 ^ input110/X (sky130_fd_sc_hd__buf_8)
                                                         net110 (net)
                      0.280104    0.107768   10.975708 ^ _041_/A (sky130_fd_sc_hd__and2_4)
     5    0.088711    0.193548    0.227453   11.203160 ^ _041_/X (sky130_fd_sc_hd__and2_4)
                                                         _000_ (net)
                      0.193792    0.006139   11.209300 ^ hold13/A (sky130_fd_sc_hd__dlygate4sd3_1)
     1    0.003032    0.038687    0.392723   11.602023 ^ hold13/X (sky130_fd_sc_hd__dlygate4sd3_1)
                                                         net287 (net)
                      0.038687    0.000197   11.602220 ^ _128_/D (sky130_fd_sc_hd__dfrtp_4)
                                             11.602220   data arrival time

                                 50.000000   50.000000   clock clk (rise edge)
                                  4.650000   54.650002   clock source latency
     2    0.032467    0.610000    0.000000   54.650002 ^ clk (in)
                                                         clk (net)
                      0.618581    0.004288   54.654289 ^ wire3/A (sky130_fd_sc_hd__buf_4)
     3    0.035766    0.087169    0.140194   54.794483 ^ wire3/X (sky130_fd_sc_hd__buf_4)
                                                         net274 (net)
                      0.088187    0.007375   54.801857 ^ wire2/A (sky130_fd_sc_hd__buf_6)
     3    0.078960    0.121320    0.132683   54.934540 ^ wire2/X (sky130_fd_sc_hd__buf_6)
                                                         net273 (net)
                      0.127869    0.021782   54.956322 ^ wire1/A (sky130_fd_sc_hd__buf_6)
     3    0.081431    0.124079    0.139973   55.096294 ^ wire1/X (sky130_fd_sc_hd__buf_6)
                                                         net272 (net)
                      0.131229    0.022965   55.119259 ^ clkbuf_0_clk/A (sky130_fd_sc_hd__clkbuf_16)
     9    0.100467    0.090689    0.151349   55.270611 ^ clkbuf_0_clk/X (sky130_fd_sc_hd__clkbuf_16)
                                                         clknet_0_clk (net)
                      0.093063    0.011553   55.282162 ^ clkbuf_2_1__f_clk/A (sky130_fd_sc_hd__clkbuf_16)
    21    0.085235    0.079041    0.130346   55.412510 ^ clkbuf_2_1__f_clk/X (sky130_fd_sc_hd__clkbuf_16)
                                                         clknet_2_1__leaf_clk (net)
                      0.082192    0.012097   55.424606 ^ _128_/CLK (sky130_fd_sc_hd__dfrtp_4)
                                 -0.250000   55.174603   clock uncertainty
                                  0.000000   55.174603   clock reconvergence pessimism
                                 -0.036362   55.138241   library setup time
                                             55.138241   data required time
---------------------------------------------------------------------------------------------
                                             55.138241   data required time
                                            -11.602220   data arrival time
---------------------------------------------------------------------------------------------
                                             43.536022   slack (MET)



