
===========================================================================
report_checks -path_delay min (Hold)
============================================================================
======================= max_ff_n40C_1v95 Corner ===================================

Startpoint: wbs_adr_i[18] (input port clocked by clk)
Endpoint: _143_ (rising edge-triggered flip-flop clocked by clk)
Path Group: clk
Path Type: min

Fanout         Cap        Slew       Delay        Time   Description
---------------------------------------------------------------------------------------------
                                  0.000000    0.000000   clock clk (rise edge)
                                  4.650000    4.650000   clock network delay (propagated)
                                  0.790000    5.440000 ^ input external delay
     2    0.004557    0.070000    0.000000    5.440000 ^ wbs_adr_i[18] (in)
                                                         wbs_adr_i[18] (net)
                      0.070211    0.000103    5.440103 ^ input88/A (sky130_fd_sc_hd__clkbuf_1)
     1    0.004487    0.046311    0.065510    5.505613 ^ input88/X (sky130_fd_sc_hd__clkbuf_1)
                                                         net88 (net)
                      0.046313    0.000310    5.505923 ^ _045_/D (sky130_fd_sc_hd__or4_2)
     3    0.023421    0.091609    0.118471    5.624394 ^ _045_/X (sky130_fd_sc_hd__or4_2)
                                                         _036_ (net)
                      0.091810    0.003392    5.627786 ^ _048_/B (sky130_fd_sc_hd__nor4_1)
     1    0.008044    0.032053    0.053339    5.681126 v _048_/Y (sky130_fd_sc_hd__nor4_1)
                                                         _039_ (net)
                      0.032076    0.000659    5.681785 v hold4/A (sky130_fd_sc_hd__dlygate4sd3_1)
     1    0.007895    0.056107    0.374196    6.055981 v hold4/X (sky130_fd_sc_hd__dlygate4sd3_1)
                                                         net278 (net)
                      0.056107    0.000629    6.056610 v wire262/A (sky130_fd_sc_hd__buf_2)
     1    0.011724    0.030932    0.095125    6.151734 v wire262/X (sky130_fd_sc_hd__buf_2)
                                                         net262 (net)
                      0.030983    0.001085    6.152820 v hold5/A (sky130_fd_sc_hd__dlygate4sd3_1)
     7    0.057971    0.203643    0.506365    6.659184 v hold5/X (sky130_fd_sc_hd__dlygate4sd3_1)
                                                         net279 (net)
                      0.204114    0.008400    6.667584 v fanout261/A (sky130_fd_sc_hd__buf_4)
    33    0.126751    0.116063    0.218011    6.885595 v fanout261/X (sky130_fd_sc_hd__buf_4)
                                                         net261 (net)
                      0.116154    0.003175    6.888771 v _110_/C (sky130_fd_sc_hd__and3_1)
     1    0.002797    0.024792    0.141153    7.029924 v _110_/X (sky130_fd_sc_hd__and3_1)
                                                         _006_ (net)
                      0.024792    0.000179    7.030103 v _143_/D (sky130_fd_sc_hd__dfrtp_2)
                                              7.030103   data arrival time

                                  0.000000    0.000000   clock clk (rise edge)
                                  5.570000    5.570000   clock source latency
     2    0.032446    0.610000    0.000000    5.570000 ^ clk (in)
                                                         clk (net)
                      0.618574    0.004394    5.574394 ^ wire3/A (sky130_fd_sc_hd__buf_4)
     3    0.045969    0.105597    0.157226    5.731621 ^ wire3/X (sky130_fd_sc_hd__buf_4)
                                                         net274 (net)
                      0.106918    0.009571    5.741192 ^ wire2/A (sky130_fd_sc_hd__buf_6)
     3    0.079048    0.121446    0.138992    5.880185 ^ wire2/X (sky130_fd_sc_hd__buf_6)
                                                         net273 (net)
                      0.128002    0.022355    5.902540 ^ wire1/A (sky130_fd_sc_hd__buf_6)
     3    0.081406    0.124044    0.143454    6.045994 ^ wire1/X (sky130_fd_sc_hd__buf_6)
                                                         net272 (net)
                      0.131193    0.023534    6.069527 ^ clkbuf_0_clk/A (sky130_fd_sc_hd__clkbuf_16)
     9    0.100903    0.091017    0.155330    6.224857 ^ clkbuf_0_clk/X (sky130_fd_sc_hd__clkbuf_16)
                                                         clknet_0_clk (net)
                      0.093550    0.012253    6.237110 ^ clkbuf_2_0__f_clk/A (sky130_fd_sc_hd__clkbuf_16)
    17    0.098861    0.089437    0.143108    6.380219 ^ clkbuf_2_0__f_clk/X (sky130_fd_sc_hd__clkbuf_16)
                                                         clknet_2_0__leaf_clk (net)
                      0.091820    0.011722    6.391940 ^ _143_/CLK (sky130_fd_sc_hd__dfrtp_2)
                                  0.087500    6.479440   clock uncertainty
                                  0.000000    6.479440   clock reconvergence pessimism
                                 -0.021343    6.458097   library hold time
                                              6.458097   data required time
---------------------------------------------------------------------------------------------
                                              6.458097   data required time
                                             -7.030103   data arrival time
---------------------------------------------------------------------------------------------
                                              0.572006   slack (MET)


Startpoint: wbs_adr_i[18] (input port clocked by clk)
Endpoint: _144_ (rising edge-triggered flip-flop clocked by clk)
Path Group: clk
Path Type: min

Fanout         Cap        Slew       Delay        Time   Description
---------------------------------------------------------------------------------------------
                                  0.000000    0.000000   clock clk (rise edge)
                                  4.650000    4.650000   clock network delay (propagated)
                                  0.790000    5.440000 ^ input external delay
     2    0.004557    0.070000    0.000000    5.440000 ^ wbs_adr_i[18] (in)
                                                         wbs_adr_i[18] (net)
                      0.070211    0.000103    5.440103 ^ input88/A (sky130_fd_sc_hd__clkbuf_1)
     1    0.004487    0.046311    0.065510    5.505613 ^ input88/X (sky130_fd_sc_hd__clkbuf_1)
                                                         net88 (net)
                      0.046313    0.000310    5.505923 ^ _045_/D (sky130_fd_sc_hd__or4_2)
     3    0.023421    0.091609    0.118471    5.624394 ^ _045_/X (sky130_fd_sc_hd__or4_2)
                                                         _036_ (net)
                      0.091810    0.003392    5.627786 ^ _048_/B (sky130_fd_sc_hd__nor4_1)
     1    0.008044    0.032053    0.053339    5.681126 v _048_/Y (sky130_fd_sc_hd__nor4_1)
                                                         _039_ (net)
                      0.032076    0.000659    5.681785 v hold4/A (sky130_fd_sc_hd__dlygate4sd3_1)
     1    0.007895    0.056107    0.374196    6.055981 v hold4/X (sky130_fd_sc_hd__dlygate4sd3_1)
                                                         net278 (net)
                      0.056107    0.000629    6.056610 v wire262/A (sky130_fd_sc_hd__buf_2)
     1    0.011724    0.030932    0.095125    6.151734 v wire262/X (sky130_fd_sc_hd__buf_2)
                                                         net262 (net)
                      0.030983    0.001085    6.152820 v hold5/A (sky130_fd_sc_hd__dlygate4sd3_1)
     7    0.057971    0.203643    0.506365    6.659184 v hold5/X (sky130_fd_sc_hd__dlygate4sd3_1)
                                                         net279 (net)
                      0.203734    0.004049    6.663233 v fanout260/A (sky130_fd_sc_hd__buf_4)
    33    0.121458    0.112460    0.220576    6.883809 v fanout260/X (sky130_fd_sc_hd__buf_4)
                                                         net260 (net)
                      0.112686    0.004352    6.888161 v _111_/C (sky130_fd_sc_hd__and3_1)
     1    0.003373    0.028141    0.142369    7.030529 v _111_/X (sky130_fd_sc_hd__and3_1)
                                                         _007_ (net)
                      0.028141    0.000216    7.030746 v _144_/D (sky130_fd_sc_hd__dfrtp_2)
                                              7.030746   data arrival time

                                  0.000000    0.000000   clock clk (rise edge)
                                  5.570000    5.570000   clock source latency
     2    0.032446    0.610000    0.000000    5.570000 ^ clk (in)
                                                         clk (net)
                      0.618574    0.004394    5.574394 ^ wire3/A (sky130_fd_sc_hd__buf_4)
     3    0.045969    0.105597    0.157226    5.731621 ^ wire3/X (sky130_fd_sc_hd__buf_4)
                                                         net274 (net)
                      0.106918    0.009571    5.741192 ^ wire2/A (sky130_fd_sc_hd__buf_6)
     3    0.079048    0.121446    0.138992    5.880185 ^ wire2/X (sky130_fd_sc_hd__buf_6)
                                                         net273 (net)
                      0.128002    0.022355    5.902540 ^ wire1/A (sky130_fd_sc_hd__buf_6)
     3    0.081406    0.124044    0.143454    6.045994 ^ wire1/X (sky130_fd_sc_hd__buf_6)
                                                         net272 (net)
                      0.131193    0.023534    6.069527 ^ clkbuf_0_clk/A (sky130_fd_sc_hd__clkbuf_16)
     9    0.100903    0.091017    0.155330    6.224857 ^ clkbuf_0_clk/X (sky130_fd_sc_hd__clkbuf_16)
                                                         clknet_0_clk (net)
                      0.092845    0.010417    6.235274 ^ clkbuf_2_2__f_clk/A (sky130_fd_sc_hd__clkbuf_16)
    17    0.096271    0.087449    0.141795    6.377069 ^ clkbuf_2_2__f_clk/X (sky130_fd_sc_hd__clkbuf_16)
                                                         clknet_2_2__leaf_clk (net)
                      0.089486    0.010724    6.387794 ^ _144_/CLK (sky130_fd_sc_hd__dfrtp_2)
                                  0.087500    6.475293   clock uncertainty
                                  0.000000    6.475293   clock reconvergence pessimism
                                 -0.022651    6.452642   library hold time
                                              6.452642   data required time
---------------------------------------------------------------------------------------------
                                              6.452642   data required time
                                             -7.030746   data arrival time
---------------------------------------------------------------------------------------------
                                              0.578103   slack (MET)


Startpoint: wbs_adr_i[18] (input port clocked by clk)
Endpoint: _145_ (rising edge-triggered flip-flop clocked by clk)
Path Group: clk
Path Type: min

Fanout         Cap        Slew       Delay        Time   Description
---------------------------------------------------------------------------------------------
                                  0.000000    0.000000   clock clk (rise edge)
                                  4.650000    4.650000   clock network delay (propagated)
                                  0.790000    5.440000 ^ input external delay
     2    0.004557    0.070000    0.000000    5.440000 ^ wbs_adr_i[18] (in)
                                                         wbs_adr_i[18] (net)
                      0.070211    0.000103    5.440103 ^ input88/A (sky130_fd_sc_hd__clkbuf_1)
     1    0.004487    0.046311    0.065510    5.505613 ^ input88/X (sky130_fd_sc_hd__clkbuf_1)
                                                         net88 (net)
                      0.046313    0.000310    5.505923 ^ _045_/D (sky130_fd_sc_hd__or4_2)
     3    0.023421    0.091609    0.118471    5.624394 ^ _045_/X (sky130_fd_sc_hd__or4_2)
                                                         _036_ (net)
                      0.091810    0.003392    5.627786 ^ _048_/B (sky130_fd_sc_hd__nor4_1)
     1    0.008044    0.032053    0.053339    5.681126 v _048_/Y (sky130_fd_sc_hd__nor4_1)
                                                         _039_ (net)
                      0.032076    0.000659    5.681785 v hold4/A (sky130_fd_sc_hd__dlygate4sd3_1)
     1    0.007895    0.056107    0.374196    6.055981 v hold4/X (sky130_fd_sc_hd__dlygate4sd3_1)
                                                         net278 (net)
                      0.056107    0.000629    6.056610 v wire262/A (sky130_fd_sc_hd__buf_2)
     1    0.011724    0.030932    0.095125    6.151734 v wire262/X (sky130_fd_sc_hd__buf_2)
                                                         net262 (net)
                      0.030983    0.001085    6.152820 v hold5/A (sky130_fd_sc_hd__dlygate4sd3_1)
     7    0.057971    0.203643    0.506365    6.659184 v hold5/X (sky130_fd_sc_hd__dlygate4sd3_1)
                                                         net279 (net)
                      0.203734    0.004049    6.663233 v fanout260/A (sky130_fd_sc_hd__buf_4)
    33    0.121458    0.112460    0.220576    6.883809 v fanout260/X (sky130_fd_sc_hd__buf_4)
                                                         net260 (net)
                      0.112748    0.004893    6.888701 v _112_/C (sky130_fd_sc_hd__and3_1)
     1    0.003037    0.026388    0.140858    7.029560 v _112_/X (sky130_fd_sc_hd__and3_1)
                                                         _008_ (net)
                      0.026388    0.000197    7.029757 v _145_/D (sky130_fd_sc_hd__dfrtp_2)
                                              7.029757   data arrival time

                                  0.000000    0.000000   clock clk (rise edge)
                                  5.570000    5.570000   clock source latency
     2    0.032446    0.610000    0.000000    5.570000 ^ clk (in)
                                                         clk (net)
                      0.618574    0.004394    5.574394 ^ wire3/A (sky130_fd_sc_hd__buf_4)
     3    0.045969    0.105597    0.157226    5.731621 ^ wire3/X (sky130_fd_sc_hd__buf_4)
                                                         net274 (net)
                      0.106918    0.009571    5.741192 ^ wire2/A (sky130_fd_sc_hd__buf_6)
     3    0.079048    0.121446    0.138992    5.880185 ^ wire2/X (sky130_fd_sc_hd__buf_6)
                                                         net273 (net)
                      0.128002    0.022355    5.902540 ^ wire1/A (sky130_fd_sc_hd__buf_6)
     3    0.081406    0.124044    0.143454    6.045994 ^ wire1/X (sky130_fd_sc_hd__buf_6)
                                                         net272 (net)
                      0.131193    0.023534    6.069527 ^ clkbuf_0_clk/A (sky130_fd_sc_hd__clkbuf_16)
     9    0.100903    0.091017    0.155330    6.224857 ^ clkbuf_0_clk/X (sky130_fd_sc_hd__clkbuf_16)
                                                         clknet_0_clk (net)
                      0.092845    0.010417    6.235274 ^ clkbuf_2_2__f_clk/A (sky130_fd_sc_hd__clkbuf_16)
    17    0.096271    0.087449    0.141795    6.377069 ^ clkbuf_2_2__f_clk/X (sky130_fd_sc_hd__clkbuf_16)
                                                         clknet_2_2__leaf_clk (net)
                      0.088897    0.009099    6.386168 ^ _145_/CLK (sky130_fd_sc_hd__dfrtp_2)
                                  0.087500    6.473668   clock uncertainty
                                  0.000000    6.473668   clock reconvergence pessimism
                                 -0.022149    6.451519   library hold time
                                              6.451519   data required time
---------------------------------------------------------------------------------------------
                                              6.451519   data required time
                                             -7.029757   data arrival time
---------------------------------------------------------------------------------------------
                                              0.578238   slack (MET)


Startpoint: wbs_adr_i[18] (input port clocked by clk)
Endpoint: _142_ (rising edge-triggered flip-flop clocked by clk)
Path Group: clk
Path Type: min

Fanout         Cap        Slew       Delay        Time   Description
---------------------------------------------------------------------------------------------
                                  0.000000    0.000000   clock clk (rise edge)
                                  4.650000    4.650000   clock network delay (propagated)
                                  0.790000    5.440000 ^ input external delay
     2    0.004557    0.070000    0.000000    5.440000 ^ wbs_adr_i[18] (in)
                                                         wbs_adr_i[18] (net)
                      0.070211    0.000103    5.440103 ^ input88/A (sky130_fd_sc_hd__clkbuf_1)
     1    0.004487    0.046311    0.065510    5.505613 ^ input88/X (sky130_fd_sc_hd__clkbuf_1)
                                                         net88 (net)
                      0.046313    0.000310    5.505923 ^ _045_/D (sky130_fd_sc_hd__or4_2)
     3    0.023421    0.091609    0.118471    5.624394 ^ _045_/X (sky130_fd_sc_hd__or4_2)
                                                         _036_ (net)
                      0.091810    0.003392    5.627786 ^ _048_/B (sky130_fd_sc_hd__nor4_1)
     1    0.008044    0.032053    0.053339    5.681126 v _048_/Y (sky130_fd_sc_hd__nor4_1)
                                                         _039_ (net)
                      0.032076    0.000659    5.681785 v hold4/A (sky130_fd_sc_hd__dlygate4sd3_1)
     1    0.007895    0.056107    0.374196    6.055981 v hold4/X (sky130_fd_sc_hd__dlygate4sd3_1)
                                                         net278 (net)
                      0.056107    0.000629    6.056610 v wire262/A (sky130_fd_sc_hd__buf_2)
     1    0.011724    0.030932    0.095125    6.151734 v wire262/X (sky130_fd_sc_hd__buf_2)
                                                         net262 (net)
                      0.030983    0.001085    6.152820 v hold5/A (sky130_fd_sc_hd__dlygate4sd3_1)
     7    0.057971    0.203643    0.506365    6.659184 v hold5/X (sky130_fd_sc_hd__dlygate4sd3_1)
                                                         net279 (net)
                      0.204114    0.008400    6.667584 v fanout261/A (sky130_fd_sc_hd__buf_4)
    33    0.126751    0.116063    0.218011    6.885595 v fanout261/X (sky130_fd_sc_hd__buf_4)
                                                         net261 (net)
                      0.117815    0.011590    6.897186 v _109_/C (sky130_fd_sc_hd__and3_1)
     1    0.003443    0.027572    0.144789    7.041975 v _109_/X (sky130_fd_sc_hd__and3_1)
                                                         _005_ (net)
                      0.027572    0.000219    7.042194 v _142_/D (sky130_fd_sc_hd__dfrtp_2)
                                              7.042194   data arrival time

                                  0.000000    0.000000   clock clk (rise edge)
                                  5.570000    5.570000   clock source latency
     2    0.032446    0.610000    0.000000    5.570000 ^ clk (in)
                                                         clk (net)
                      0.618574    0.004394    5.574394 ^ wire3/A (sky130_fd_sc_hd__buf_4)
     3    0.045969    0.105597    0.157226    5.731621 ^ wire3/X (sky130_fd_sc_hd__buf_4)
                                                         net274 (net)
                      0.106918    0.009571    5.741192 ^ wire2/A (sky130_fd_sc_hd__buf_6)
     3    0.079048    0.121446    0.138992    5.880185 ^ wire2/X (sky130_fd_sc_hd__buf_6)
                                                         net273 (net)
                      0.128002    0.022355    5.902540 ^ wire1/A (sky130_fd_sc_hd__buf_6)
     3    0.081406    0.124044    0.143454    6.045994 ^ wire1/X (sky130_fd_sc_hd__buf_6)
                                                         net272 (net)
                      0.131193    0.023534    6.069527 ^ clkbuf_0_clk/A (sky130_fd_sc_hd__clkbuf_16)
     9    0.100903    0.091017    0.155330    6.224857 ^ clkbuf_0_clk/X (sky130_fd_sc_hd__clkbuf_16)
                                                         clknet_0_clk (net)
                      0.093550    0.012253    6.237110 ^ clkbuf_2_0__f_clk/A (sky130_fd_sc_hd__clkbuf_16)
    17    0.098861    0.089437    0.143108    6.380219 ^ clkbuf_2_0__f_clk/X (sky130_fd_sc_hd__clkbuf_16)
                                                         clknet_2_0__leaf_clk (net)
                      0.091221    0.010189    6.390408 ^ _142_/CLK (sky130_fd_sc_hd__dfrtp_2)
                                  0.087500    6.477907   clock uncertainty
                                  0.000000    6.477907   clock reconvergence pessimism
                                 -0.022294    6.455613   library hold time
                                              6.455613   data required time
---------------------------------------------------------------------------------------------
                                              6.455613   data required time
                                             -7.042194   data arrival time
---------------------------------------------------------------------------------------------
                                              0.586581   slack (MET)


Startpoint: wbs_adr_i[18] (input port clocked by clk)
Endpoint: _147_ (rising edge-triggered flip-flop clocked by clk)
Path Group: clk
Path Type: min

Fanout         Cap        Slew       Delay        Time   Description
---------------------------------------------------------------------------------------------
                                  0.000000    0.000000   clock clk (rise edge)
                                  4.650000    4.650000   clock network delay (propagated)
                                  0.790000    5.440000 ^ input external delay
     2    0.004557    0.070000    0.000000    5.440000 ^ wbs_adr_i[18] (in)
                                                         wbs_adr_i[18] (net)
                      0.070211    0.000103    5.440103 ^ input88/A (sky130_fd_sc_hd__clkbuf_1)
     1    0.004487    0.046311    0.065510    5.505613 ^ input88/X (sky130_fd_sc_hd__clkbuf_1)
                                                         net88 (net)
                      0.046313    0.000310    5.505923 ^ _045_/D (sky130_fd_sc_hd__or4_2)
     3    0.023421    0.091609    0.118471    5.624394 ^ _045_/X (sky130_fd_sc_hd__or4_2)
                                                         _036_ (net)
                      0.091810    0.003392    5.627786 ^ _048_/B (sky130_fd_sc_hd__nor4_1)
     1    0.008044    0.032053    0.053339    5.681126 v _048_/Y (sky130_fd_sc_hd__nor4_1)
                                                         _039_ (net)
                      0.032076    0.000659    5.681785 v hold4/A (sky130_fd_sc_hd__dlygate4sd3_1)
     1    0.007895    0.056107    0.374196    6.055981 v hold4/X (sky130_fd_sc_hd__dlygate4sd3_1)
                                                         net278 (net)
                      0.056107    0.000629    6.056610 v wire262/A (sky130_fd_sc_hd__buf_2)
     1    0.011724    0.030932    0.095125    6.151734 v wire262/X (sky130_fd_sc_hd__buf_2)
                                                         net262 (net)
                      0.030983    0.001085    6.152820 v hold5/A (sky130_fd_sc_hd__dlygate4sd3_1)
     7    0.057971    0.203643    0.506365    6.659184 v hold5/X (sky130_fd_sc_hd__dlygate4sd3_1)
                                                         net279 (net)
                      0.203734    0.004049    6.663233 v fanout260/A (sky130_fd_sc_hd__buf_4)
    33    0.121458    0.112460    0.220576    6.883809 v fanout260/X (sky130_fd_sc_hd__buf_4)
                                                         net260 (net)
                      0.117134    0.017393    6.901202 v _114_/C (sky130_fd_sc_hd__and3_1)
     1    0.003753    0.028590    0.145903    7.047104 v _114_/X (sky130_fd_sc_hd__and3_1)
                                                         _010_ (net)
                      0.028590    0.000248    7.047352 v _147_/D (sky130_fd_sc_hd__dfrtp_2)
                                              7.047352   data arrival time

                                  0.000000    0.000000   clock clk (rise edge)
                                  5.570000    5.570000   clock source latency
     2    0.032446    0.610000    0.000000    5.570000 ^ clk (in)
                                                         clk (net)
                      0.618574    0.004394    5.574394 ^ wire3/A (sky130_fd_sc_hd__buf_4)
     3    0.045969    0.105597    0.157226    5.731621 ^ wire3/X (sky130_fd_sc_hd__buf_4)
                                                         net274 (net)
                      0.106918    0.009571    5.741192 ^ wire2/A (sky130_fd_sc_hd__buf_6)
     3    0.079048    0.121446    0.138992    5.880185 ^ wire2/X (sky130_fd_sc_hd__buf_6)
                                                         net273 (net)
                      0.128002    0.022355    5.902540 ^ wire1/A (sky130_fd_sc_hd__buf_6)
     3    0.081406    0.124044    0.143454    6.045994 ^ wire1/X (sky130_fd_sc_hd__buf_6)
                                                         net272 (net)
                      0.131193    0.023534    6.069527 ^ clkbuf_0_clk/A (sky130_fd_sc_hd__clkbuf_16)
     9    0.100903    0.091017    0.155330    6.224857 ^ clkbuf_0_clk/X (sky130_fd_sc_hd__clkbuf_16)
                                                         clknet_0_clk (net)
                      0.092845    0.010417    6.235274 ^ clkbuf_2_2__f_clk/A (sky130_fd_sc_hd__clkbuf_16)
    17    0.096271    0.087449    0.141795    6.377069 ^ clkbuf_2_2__f_clk/X (sky130_fd_sc_hd__clkbuf_16)
                                                         clknet_2_2__leaf_clk (net)
                      0.090530    0.013149    6.390218 ^ _147_/CLK (sky130_fd_sc_hd__dfrtp_2)
                                  0.087500    6.477718   clock uncertainty
                                  0.000000    6.477718   clock reconvergence pessimism
                                 -0.022690    6.455028   library hold time
                                              6.455028   data required time
---------------------------------------------------------------------------------------------
                                              6.455028   data required time
                                             -7.047352   data arrival time
---------------------------------------------------------------------------------------------
                                              0.592324   slack (MET)


Startpoint: wbs_adr_i[18] (input port clocked by clk)
Endpoint: _148_ (rising edge-triggered flip-flop clocked by clk)
Path Group: clk
Path Type: min

Fanout         Cap        Slew       Delay        Time   Description
---------------------------------------------------------------------------------------------
                                  0.000000    0.000000   clock clk (rise edge)
                                  4.650000    4.650000   clock network delay (propagated)
                                  0.790000    5.440000 ^ input external delay
     2    0.004557    0.070000    0.000000    5.440000 ^ wbs_adr_i[18] (in)
                                                         wbs_adr_i[18] (net)
                      0.070211    0.000103    5.440103 ^ input88/A (sky130_fd_sc_hd__clkbuf_1)
     1    0.004487    0.046311    0.065510    5.505613 ^ input88/X (sky130_fd_sc_hd__clkbuf_1)
                                                         net88 (net)
                      0.046313    0.000310    5.505923 ^ _045_/D (sky130_fd_sc_hd__or4_2)
     3    0.023421    0.091609    0.118471    5.624394 ^ _045_/X (sky130_fd_sc_hd__or4_2)
                                                         _036_ (net)
                      0.091810    0.003392    5.627786 ^ _048_/B (sky130_fd_sc_hd__nor4_1)
     1    0.008044    0.032053    0.053339    5.681126 v _048_/Y (sky130_fd_sc_hd__nor4_1)
                                                         _039_ (net)
                      0.032076    0.000659    5.681785 v hold4/A (sky130_fd_sc_hd__dlygate4sd3_1)
     1    0.007895    0.056107    0.374196    6.055981 v hold4/X (sky130_fd_sc_hd__dlygate4sd3_1)
                                                         net278 (net)
                      0.056107    0.000629    6.056610 v wire262/A (sky130_fd_sc_hd__buf_2)
     1    0.011724    0.030932    0.095125    6.151734 v wire262/X (sky130_fd_sc_hd__buf_2)
                                                         net262 (net)
                      0.030983    0.001085    6.152820 v hold5/A (sky130_fd_sc_hd__dlygate4sd3_1)
     7    0.057971    0.203643    0.506365    6.659184 v hold5/X (sky130_fd_sc_hd__dlygate4sd3_1)
                                                         net279 (net)
                      0.203734    0.004049    6.663233 v fanout260/A (sky130_fd_sc_hd__buf_4)
    33    0.121458    0.112460    0.220576    6.883809 v fanout260/X (sky130_fd_sc_hd__buf_4)
                                                         net260 (net)
                      0.120045    0.021934    6.905743 v _115_/C (sky130_fd_sc_hd__and3_1)
     1    0.003738    0.029096    0.147058    7.052802 v _115_/X (sky130_fd_sc_hd__and3_1)
                                                         _011_ (net)
                      0.029096    0.000221    7.053023 v _148_/D (sky130_fd_sc_hd__dfrtp_4)
                                              7.053023   data arrival time

                                  0.000000    0.000000   clock clk (rise edge)
                                  5.570000    5.570000   clock source latency
     2    0.032446    0.610000    0.000000    5.570000 ^ clk (in)
                                                         clk (net)
                      0.618574    0.004394    5.574394 ^ wire3/A (sky130_fd_sc_hd__buf_4)
     3    0.045969    0.105597    0.157226    5.731621 ^ wire3/X (sky130_fd_sc_hd__buf_4)
                                                         net274 (net)
                      0.106918    0.009571    5.741192 ^ wire2/A (sky130_fd_sc_hd__buf_6)
     3    0.079048    0.121446    0.138992    5.880185 ^ wire2/X (sky130_fd_sc_hd__buf_6)
                                                         net273 (net)
                      0.128002    0.022355    5.902540 ^ wire1/A (sky130_fd_sc_hd__buf_6)
     3    0.081406    0.124044    0.143454    6.045994 ^ wire1/X (sky130_fd_sc_hd__buf_6)
                                                         net272 (net)
                      0.131193    0.023534    6.069527 ^ clkbuf_0_clk/A (sky130_fd_sc_hd__clkbuf_16)
     9    0.100903    0.091017    0.155330    6.224857 ^ clkbuf_0_clk/X (sky130_fd_sc_hd__clkbuf_16)
                                                         clknet_0_clk (net)
                      0.092845    0.010417    6.235274 ^ clkbuf_2_2__f_clk/A (sky130_fd_sc_hd__clkbuf_16)
    17    0.096271    0.087449    0.141795    6.377069 ^ clkbuf_2_2__f_clk/X (sky130_fd_sc_hd__clkbuf_16)
                                                         clknet_2_2__leaf_clk (net)
                      0.091157    0.014424    6.391494 ^ _148_/CLK (sky130_fd_sc_hd__dfrtp_4)
                                  0.087500    6.478993   clock uncertainty
                                  0.000000    6.478993   clock reconvergence pessimism
                                 -0.021810    6.457183   library hold time
                                              6.457183   data required time
---------------------------------------------------------------------------------------------
                                              6.457183   data required time
                                             -7.053023   data arrival time
---------------------------------------------------------------------------------------------
                                              0.595840   slack (MET)


Startpoint: wbs_adr_i[18] (input port clocked by clk)
Endpoint: _149_ (rising edge-triggered flip-flop clocked by clk)
Path Group: clk
Path Type: min

Fanout         Cap        Slew       Delay        Time   Description
---------------------------------------------------------------------------------------------
                                  0.000000    0.000000   clock clk (rise edge)
                                  4.650000    4.650000   clock network delay (propagated)
                                  0.790000    5.440000 ^ input external delay
     2    0.004557    0.070000    0.000000    5.440000 ^ wbs_adr_i[18] (in)
                                                         wbs_adr_i[18] (net)
                      0.070211    0.000103    5.440103 ^ input88/A (sky130_fd_sc_hd__clkbuf_1)
     1    0.004487    0.046311    0.065510    5.505613 ^ input88/X (sky130_fd_sc_hd__clkbuf_1)
                                                         net88 (net)
                      0.046313    0.000310    5.505923 ^ _045_/D (sky130_fd_sc_hd__or4_2)
     3    0.023421    0.091609    0.118471    5.624394 ^ _045_/X (sky130_fd_sc_hd__or4_2)
                                                         _036_ (net)
                      0.091810    0.003392    5.627786 ^ _048_/B (sky130_fd_sc_hd__nor4_1)
     1    0.008044    0.032053    0.053339    5.681126 v _048_/Y (sky130_fd_sc_hd__nor4_1)
                                                         _039_ (net)
                      0.032076    0.000659    5.681785 v hold4/A (sky130_fd_sc_hd__dlygate4sd3_1)
     1    0.007895    0.056107    0.374196    6.055981 v hold4/X (sky130_fd_sc_hd__dlygate4sd3_1)
                                                         net278 (net)
                      0.056107    0.000629    6.056610 v wire262/A (sky130_fd_sc_hd__buf_2)
     1    0.011724    0.030932    0.095125    6.151734 v wire262/X (sky130_fd_sc_hd__buf_2)
                                                         net262 (net)
                      0.030983    0.001085    6.152820 v hold5/A (sky130_fd_sc_hd__dlygate4sd3_1)
     7    0.057971    0.203643    0.506365    6.659184 v hold5/X (sky130_fd_sc_hd__dlygate4sd3_1)
                                                         net279 (net)
                      0.203734    0.004049    6.663233 v fanout260/A (sky130_fd_sc_hd__buf_4)
    33    0.121458    0.112460    0.220576    6.883809 v fanout260/X (sky130_fd_sc_hd__buf_4)
                                                         net260 (net)
                      0.121275    0.023615    6.907424 v _116_/C (sky130_fd_sc_hd__and3_1)
     1    0.003703    0.027177    0.147386    7.054810 v _116_/X (sky130_fd_sc_hd__and3_1)
                                                         _013_ (net)
                      0.027177    0.000234    7.055044 v _149_/D (sky130_fd_sc_hd__dfrtp_4)
                                              7.055044   data arrival time

                                  0.000000    0.000000   clock clk (rise edge)
                                  5.570000    5.570000   clock source latency
     2    0.032446    0.610000    0.000000    5.570000 ^ clk (in)
                                                         clk (net)
                      0.618574    0.004394    5.574394 ^ wire3/A (sky130_fd_sc_hd__buf_4)
     3    0.045969    0.105597    0.157226    5.731621 ^ wire3/X (sky130_fd_sc_hd__buf_4)
                                                         net274 (net)
                      0.106918    0.009571    5.741192 ^ wire2/A (sky130_fd_sc_hd__buf_6)
     3    0.079048    0.121446    0.138992    5.880185 ^ wire2/X (sky130_fd_sc_hd__buf_6)
                                                         net273 (net)
                      0.128002    0.022355    5.902540 ^ wire1/A (sky130_fd_sc_hd__buf_6)
     3    0.081406    0.124044    0.143454    6.045994 ^ wire1/X (sky130_fd_sc_hd__buf_6)
                                                         net272 (net)
                      0.131193    0.023534    6.069527 ^ clkbuf_0_clk/A (sky130_fd_sc_hd__clkbuf_16)
     9    0.100903    0.091017    0.155330    6.224857 ^ clkbuf_0_clk/X (sky130_fd_sc_hd__clkbuf_16)
                                                         clknet_0_clk (net)
                      0.092845    0.010417    6.235274 ^ clkbuf_2_2__f_clk/A (sky130_fd_sc_hd__clkbuf_16)
    17    0.096271    0.087449    0.141795    6.377069 ^ clkbuf_2_2__f_clk/X (sky130_fd_sc_hd__clkbuf_16)
                                                         clknet_2_2__leaf_clk (net)
                      0.091511    0.015103    6.392173 ^ _149_/CLK (sky130_fd_sc_hd__dfrtp_4)
                                  0.087500    6.479672   clock uncertainty
                                  0.000000    6.479672   clock reconvergence pessimism
                                 -0.021156    6.458516   library hold time
                                              6.458516   data required time
---------------------------------------------------------------------------------------------
                                              6.458516   data required time
                                             -7.055044   data arrival time
---------------------------------------------------------------------------------------------
                                              0.596528   slack (MET)


Startpoint: wbs_adr_i[18] (input port clocked by clk)
Endpoint: _141_ (rising edge-triggered flip-flop clocked by clk)
Path Group: clk
Path Type: min

Fanout         Cap        Slew       Delay        Time   Description
---------------------------------------------------------------------------------------------
                                  0.000000    0.000000   clock clk (rise edge)
                                  4.650000    4.650000   clock network delay (propagated)
                                  0.790000    5.440000 ^ input external delay
     2    0.004557    0.070000    0.000000    5.440000 ^ wbs_adr_i[18] (in)
                                                         wbs_adr_i[18] (net)
                      0.070211    0.000103    5.440103 ^ input88/A (sky130_fd_sc_hd__clkbuf_1)
     1    0.004487    0.046311    0.065510    5.505613 ^ input88/X (sky130_fd_sc_hd__clkbuf_1)
                                                         net88 (net)
                      0.046313    0.000310    5.505923 ^ _045_/D (sky130_fd_sc_hd__or4_2)
     3    0.023421    0.091609    0.118471    5.624394 ^ _045_/X (sky130_fd_sc_hd__or4_2)
                                                         _036_ (net)
                      0.091810    0.003392    5.627786 ^ _048_/B (sky130_fd_sc_hd__nor4_1)
     1    0.008044    0.032053    0.053339    5.681126 v _048_/Y (sky130_fd_sc_hd__nor4_1)
                                                         _039_ (net)
                      0.032076    0.000659    5.681785 v hold4/A (sky130_fd_sc_hd__dlygate4sd3_1)
     1    0.007895    0.056107    0.374196    6.055981 v hold4/X (sky130_fd_sc_hd__dlygate4sd3_1)
                                                         net278 (net)
                      0.056107    0.000629    6.056610 v wire262/A (sky130_fd_sc_hd__buf_2)
     1    0.011724    0.030932    0.095125    6.151734 v wire262/X (sky130_fd_sc_hd__buf_2)
                                                         net262 (net)
                      0.030983    0.001085    6.152820 v hold5/A (sky130_fd_sc_hd__dlygate4sd3_1)
     7    0.057971    0.203643    0.506365    6.659184 v hold5/X (sky130_fd_sc_hd__dlygate4sd3_1)
                                                         net279 (net)
                      0.204114    0.008400    6.667584 v fanout261/A (sky130_fd_sc_hd__buf_4)
    33    0.126751    0.116063    0.218011    6.885595 v fanout261/X (sky130_fd_sc_hd__buf_4)
                                                         net261 (net)
                      0.121311    0.018597    6.904192 v _108_/C (sky130_fd_sc_hd__and3_1)
     1    0.003417    0.027654    0.146096    7.050288 v _108_/X (sky130_fd_sc_hd__and3_1)
                                                         _004_ (net)
                      0.027654    0.000216    7.050504 v _141_/D (sky130_fd_sc_hd__dfrtp_2)
                                              7.050504   data arrival time

                                  0.000000    0.000000   clock clk (rise edge)
                                  5.570000    5.570000   clock source latency
     2    0.032446    0.610000    0.000000    5.570000 ^ clk (in)
                                                         clk (net)
                      0.618574    0.004394    5.574394 ^ wire3/A (sky130_fd_sc_hd__buf_4)
     3    0.045969    0.105597    0.157226    5.731621 ^ wire3/X (sky130_fd_sc_hd__buf_4)
                                                         net274 (net)
                      0.106918    0.009571    5.741192 ^ wire2/A (sky130_fd_sc_hd__buf_6)
     3    0.079048    0.121446    0.138992    5.880185 ^ wire2/X (sky130_fd_sc_hd__buf_6)
                                                         net273 (net)
                      0.128002    0.022355    5.902540 ^ wire1/A (sky130_fd_sc_hd__buf_6)
     3    0.081406    0.124044    0.143454    6.045994 ^ wire1/X (sky130_fd_sc_hd__buf_6)
                                                         net272 (net)
                      0.131193    0.023534    6.069527 ^ clkbuf_0_clk/A (sky130_fd_sc_hd__clkbuf_16)
     9    0.100903    0.091017    0.155330    6.224857 ^ clkbuf_0_clk/X (sky130_fd_sc_hd__clkbuf_16)
                                                         clknet_0_clk (net)
                      0.093550    0.012253    6.237110 ^ clkbuf_2_0__f_clk/A (sky130_fd_sc_hd__clkbuf_16)
    17    0.098861    0.089437    0.143108    6.380219 ^ clkbuf_2_0__f_clk/X (sky130_fd_sc_hd__clkbuf_16)
                                                         clknet_2_0__leaf_clk (net)
                      0.090565    0.008199    6.388417 ^ _141_/CLK (sky130_fd_sc_hd__dfrtp_2)
                                  0.087500    6.475917   clock uncertainty
                                  0.000000    6.475917   clock reconvergence pessimism
                                 -0.022386    6.453530   library hold time
                                              6.453530   data required time
---------------------------------------------------------------------------------------------
                                              6.453530   data required time
                                             -7.050504   data arrival time
---------------------------------------------------------------------------------------------
                                              0.596974   slack (MET)


Startpoint: wbs_adr_i[18] (input port clocked by clk)
Endpoint: _150_ (rising edge-triggered flip-flop clocked by clk)
Path Group: clk
Path Type: min

Fanout         Cap        Slew       Delay        Time   Description
---------------------------------------------------------------------------------------------
                                  0.000000    0.000000   clock clk (rise edge)
                                  4.650000    4.650000   clock network delay (propagated)
                                  0.790000    5.440000 ^ input external delay
     2    0.004557    0.070000    0.000000    5.440000 ^ wbs_adr_i[18] (in)
                                                         wbs_adr_i[18] (net)
                      0.070211    0.000103    5.440103 ^ input88/A (sky130_fd_sc_hd__clkbuf_1)
     1    0.004487    0.046311    0.065510    5.505613 ^ input88/X (sky130_fd_sc_hd__clkbuf_1)
                                                         net88 (net)
                      0.046313    0.000310    5.505923 ^ _045_/D (sky130_fd_sc_hd__or4_2)
     3    0.023421    0.091609    0.118471    5.624394 ^ _045_/X (sky130_fd_sc_hd__or4_2)
                                                         _036_ (net)
                      0.091810    0.003392    5.627786 ^ _048_/B (sky130_fd_sc_hd__nor4_1)
     1    0.008044    0.032053    0.053339    5.681126 v _048_/Y (sky130_fd_sc_hd__nor4_1)
                                                         _039_ (net)
                      0.032076    0.000659    5.681785 v hold4/A (sky130_fd_sc_hd__dlygate4sd3_1)
     1    0.007895    0.056107    0.374196    6.055981 v hold4/X (sky130_fd_sc_hd__dlygate4sd3_1)
                                                         net278 (net)
                      0.056107    0.000629    6.056610 v wire262/A (sky130_fd_sc_hd__buf_2)
     1    0.011724    0.030932    0.095125    6.151734 v wire262/X (sky130_fd_sc_hd__buf_2)
                                                         net262 (net)
                      0.030983    0.001085    6.152820 v hold5/A (sky130_fd_sc_hd__dlygate4sd3_1)
     7    0.057971    0.203643    0.506365    6.659184 v hold5/X (sky130_fd_sc_hd__dlygate4sd3_1)
                                                         net279 (net)
                      0.203734    0.004049    6.663233 v fanout260/A (sky130_fd_sc_hd__buf_4)
    33    0.121458    0.112460    0.220576    6.883809 v fanout260/X (sky130_fd_sc_hd__buf_4)
                                                         net260 (net)
                      0.121964    0.024512    6.908320 v _117_/C (sky130_fd_sc_hd__and3_1)
     1    0.003764    0.027246    0.147905    7.056225 v _117_/X (sky130_fd_sc_hd__and3_1)
                                                         _014_ (net)
                      0.027246    0.000266    7.056491 v _150_/D (sky130_fd_sc_hd__dfrtp_4)
                                              7.056491   data arrival time

                                  0.000000    0.000000   clock clk (rise edge)
                                  5.570000    5.570000   clock source latency
     2    0.032446    0.610000    0.000000    5.570000 ^ clk (in)
                                                         clk (net)
                      0.618574    0.004394    5.574394 ^ wire3/A (sky130_fd_sc_hd__buf_4)
     3    0.045969    0.105597    0.157226    5.731621 ^ wire3/X (sky130_fd_sc_hd__buf_4)
                                                         net274 (net)
                      0.106918    0.009571    5.741192 ^ wire2/A (sky130_fd_sc_hd__buf_6)
     3    0.079048    0.121446    0.138992    5.880185 ^ wire2/X (sky130_fd_sc_hd__buf_6)
                                                         net273 (net)
                      0.128002    0.022355    5.902540 ^ wire1/A (sky130_fd_sc_hd__buf_6)
     3    0.081406    0.124044    0.143454    6.045994 ^ wire1/X (sky130_fd_sc_hd__buf_6)
                                                         net272 (net)
                      0.131193    0.023534    6.069527 ^ clkbuf_0_clk/A (sky130_fd_sc_hd__clkbuf_16)
     9    0.100903    0.091017    0.155330    6.224857 ^ clkbuf_0_clk/X (sky130_fd_sc_hd__clkbuf_16)
                                                         clknet_0_clk (net)
                      0.092845    0.010417    6.235274 ^ clkbuf_2_2__f_clk/A (sky130_fd_sc_hd__clkbuf_16)
    17    0.096271    0.087449    0.141795    6.377069 ^ clkbuf_2_2__f_clk/X (sky130_fd_sc_hd__clkbuf_16)
                                                         clknet_2_2__leaf_clk (net)
                      0.091825    0.015684    6.392753 ^ _150_/CLK (sky130_fd_sc_hd__dfrtp_4)
                                  0.087500    6.480253   clock uncertainty
                                  0.000000    6.480253   clock reconvergence pessimism
                                 -0.021148    6.459105   library hold time
                                              6.459105   data required time
---------------------------------------------------------------------------------------------
                                              6.459105   data required time
                                             -7.056491   data arrival time
---------------------------------------------------------------------------------------------
                                              0.597387   slack (MET)


Startpoint: wbs_adr_i[18] (input port clocked by clk)
Endpoint: _159_ (rising edge-triggered flip-flop clocked by clk)
Path Group: clk
Path Type: min

Fanout         Cap        Slew       Delay        Time   Description
---------------------------------------------------------------------------------------------
                                  0.000000    0.000000   clock clk (rise edge)
                                  4.650000    4.650000   clock network delay (propagated)
                                  0.790000    5.440000 ^ input external delay
     2    0.004557    0.070000    0.000000    5.440000 ^ wbs_adr_i[18] (in)
                                                         wbs_adr_i[18] (net)
                      0.070211    0.000103    5.440103 ^ input88/A (sky130_fd_sc_hd__clkbuf_1)
     1    0.004487    0.046311    0.065510    5.505613 ^ input88/X (sky130_fd_sc_hd__clkbuf_1)
                                                         net88 (net)
                      0.046313    0.000310    5.505923 ^ _045_/D (sky130_fd_sc_hd__or4_2)
     3    0.023421    0.091609    0.118471    5.624394 ^ _045_/X (sky130_fd_sc_hd__or4_2)
                                                         _036_ (net)
                      0.091810    0.003392    5.627786 ^ _048_/B (sky130_fd_sc_hd__nor4_1)
     1    0.008044    0.032053    0.053339    5.681126 v _048_/Y (sky130_fd_sc_hd__nor4_1)
                                                         _039_ (net)
                      0.032076    0.000659    5.681785 v hold4/A (sky130_fd_sc_hd__dlygate4sd3_1)
     1    0.007895    0.056107    0.374196    6.055981 v hold4/X (sky130_fd_sc_hd__dlygate4sd3_1)
                                                         net278 (net)
                      0.056107    0.000629    6.056610 v wire262/A (sky130_fd_sc_hd__buf_2)
     1    0.011724    0.030932    0.095125    6.151734 v wire262/X (sky130_fd_sc_hd__buf_2)
                                                         net262 (net)
                      0.030983    0.001085    6.152820 v hold5/A (sky130_fd_sc_hd__dlygate4sd3_1)
     7    0.057971    0.203643    0.506365    6.659184 v hold5/X (sky130_fd_sc_hd__dlygate4sd3_1)
                                                         net279 (net)
                      0.203734    0.004049    6.663233 v fanout260/A (sky130_fd_sc_hd__buf_4)
    33    0.121458    0.112460    0.220576    6.883809 v fanout260/X (sky130_fd_sc_hd__buf_4)
                                                         net260 (net)
                      0.122994    0.025803    6.909612 v _126_/C (sky130_fd_sc_hd__and3_1)
     1    0.004213    0.028438    0.149791    7.059403 v _126_/X (sky130_fd_sc_hd__and3_1)
                                                         _024_ (net)
                      0.028457    0.000257    7.059660 v _159_/D (sky130_fd_sc_hd__dfrtp_4)
                                              7.059660   data arrival time

                                  0.000000    0.000000   clock clk (rise edge)
                                  5.570000    5.570000   clock source latency
     2    0.032446    0.610000    0.000000    5.570000 ^ clk (in)
                                                         clk (net)
                      0.618574    0.004394    5.574394 ^ wire3/A (sky130_fd_sc_hd__buf_4)
     3    0.045969    0.105597    0.157226    5.731621 ^ wire3/X (sky130_fd_sc_hd__buf_4)
                                                         net274 (net)
                      0.106918    0.009571    5.741192 ^ wire2/A (sky130_fd_sc_hd__buf_6)
     3    0.079048    0.121446    0.138992    5.880185 ^ wire2/X (sky130_fd_sc_hd__buf_6)
                                                         net273 (net)
                      0.128002    0.022355    5.902540 ^ wire1/A (sky130_fd_sc_hd__buf_6)
     3    0.081406    0.124044    0.143454    6.045994 ^ wire1/X (sky130_fd_sc_hd__buf_6)
                                                         net272 (net)
                      0.131193    0.023534    6.069527 ^ clkbuf_0_clk/A (sky130_fd_sc_hd__clkbuf_16)
     9    0.100903    0.091017    0.155330    6.224857 ^ clkbuf_0_clk/X (sky130_fd_sc_hd__clkbuf_16)
                                                         clknet_0_clk (net)
                      0.092845    0.010417    6.235274 ^ clkbuf_2_2__f_clk/A (sky130_fd_sc_hd__clkbuf_16)
    17    0.096271    0.087449    0.141795    6.377069 ^ clkbuf_2_2__f_clk/X (sky130_fd_sc_hd__clkbuf_16)
                                                         clknet_2_2__leaf_clk (net)
                      0.091989    0.015981    6.393051 ^ _159_/CLK (sky130_fd_sc_hd__dfrtp_4)
                                  0.087500    6.480550   clock uncertainty
                                  0.000000    6.480550   clock reconvergence pessimism
                                 -0.021522    6.459028   library hold time
                                              6.459028   data required time
---------------------------------------------------------------------------------------------
                                              6.459028   data required time
                                             -7.059660   data arrival time
---------------------------------------------------------------------------------------------
                                              0.600632   slack (MET)


Startpoint: wbs_adr_i[18] (input port clocked by clk)
Endpoint: _151_ (rising edge-triggered flip-flop clocked by clk)
Path Group: clk
Path Type: min

Fanout         Cap        Slew       Delay        Time   Description
---------------------------------------------------------------------------------------------
                                  0.000000    0.000000   clock clk (rise edge)
                                  4.650000    4.650000   clock network delay (propagated)
                                  0.790000    5.440000 ^ input external delay
     2    0.004557    0.070000    0.000000    5.440000 ^ wbs_adr_i[18] (in)
                                                         wbs_adr_i[18] (net)
                      0.070211    0.000103    5.440103 ^ input88/A (sky130_fd_sc_hd__clkbuf_1)
     1    0.004487    0.046311    0.065510    5.505613 ^ input88/X (sky130_fd_sc_hd__clkbuf_1)
                                                         net88 (net)
                      0.046313    0.000310    5.505923 ^ _045_/D (sky130_fd_sc_hd__or4_2)
     3    0.023421    0.091609    0.118471    5.624394 ^ _045_/X (sky130_fd_sc_hd__or4_2)
                                                         _036_ (net)
                      0.091810    0.003392    5.627786 ^ _048_/B (sky130_fd_sc_hd__nor4_1)
     1    0.008044    0.032053    0.053339    5.681126 v _048_/Y (sky130_fd_sc_hd__nor4_1)
                                                         _039_ (net)
                      0.032076    0.000659    5.681785 v hold4/A (sky130_fd_sc_hd__dlygate4sd3_1)
     1    0.007895    0.056107    0.374196    6.055981 v hold4/X (sky130_fd_sc_hd__dlygate4sd3_1)
                                                         net278 (net)
                      0.056107    0.000629    6.056610 v wire262/A (sky130_fd_sc_hd__buf_2)
     1    0.011724    0.030932    0.095125    6.151734 v wire262/X (sky130_fd_sc_hd__buf_2)
                                                         net262 (net)
                      0.030983    0.001085    6.152820 v hold5/A (sky130_fd_sc_hd__dlygate4sd3_1)
     7    0.057971    0.203643    0.506365    6.659184 v hold5/X (sky130_fd_sc_hd__dlygate4sd3_1)
                                                         net279 (net)
                      0.203734    0.004049    6.663233 v fanout260/A (sky130_fd_sc_hd__buf_4)
    33    0.121458    0.112460    0.220576    6.883809 v fanout260/X (sky130_fd_sc_hd__buf_4)
                                                         net260 (net)
                      0.122191    0.024802    6.908611 v _118_/C (sky130_fd_sc_hd__and3_1)
     1    0.002909    0.025095    0.144129    7.052740 v _118_/X (sky130_fd_sc_hd__and3_1)
                                                         _015_ (net)
                      0.025095    0.000186    7.052926 v _151_/D (sky130_fd_sc_hd__dfrtp_4)
                                              7.052926   data arrival time

                                  0.000000    0.000000   clock clk (rise edge)
                                  5.570000    5.570000   clock source latency
     2    0.032446    0.610000    0.000000    5.570000 ^ clk (in)
                                                         clk (net)
                      0.618574    0.004394    5.574394 ^ wire3/A (sky130_fd_sc_hd__buf_4)
     3    0.045969    0.105597    0.157226    5.731621 ^ wire3/X (sky130_fd_sc_hd__buf_4)
                                                         net274 (net)
                      0.106918    0.009571    5.741192 ^ wire2/A (sky130_fd_sc_hd__buf_6)
     3    0.079048    0.121446    0.138992    5.880185 ^ wire2/X (sky130_fd_sc_hd__buf_6)
                                                         net273 (net)
                      0.128002    0.022355    5.902540 ^ wire1/A (sky130_fd_sc_hd__buf_6)
     3    0.081406    0.124044    0.143454    6.045994 ^ wire1/X (sky130_fd_sc_hd__buf_6)
                                                         net272 (net)
                      0.131193    0.023534    6.069527 ^ clkbuf_0_clk/A (sky130_fd_sc_hd__clkbuf_16)
     9    0.100903    0.091017    0.155330    6.224857 ^ clkbuf_0_clk/X (sky130_fd_sc_hd__clkbuf_16)
                                                         clknet_0_clk (net)
                      0.092843    0.010413    6.235270 ^ clkbuf_2_3__f_clk/A (sky130_fd_sc_hd__clkbuf_16)
    21    0.073640    0.070173    0.127728    6.362998 ^ clkbuf_2_3__f_clk/X (sky130_fd_sc_hd__clkbuf_16)
                                                         clknet_2_3__leaf_clk (net)
                      0.077152    0.017386    6.380384 ^ _151_/CLK (sky130_fd_sc_hd__dfrtp_4)
                                  0.087500    6.467884   clock uncertainty
                                  0.000000    6.467884   clock reconvergence pessimism
                                 -0.021897    6.445986   library hold time
                                              6.445986   data required time
---------------------------------------------------------------------------------------------
                                              6.445986   data required time
                                             -7.052926   data arrival time
---------------------------------------------------------------------------------------------
                                              0.606939   slack (MET)


Startpoint: wbs_adr_i[18] (input port clocked by clk)
Endpoint: _135_ (rising edge-triggered flip-flop clocked by clk)
Path Group: clk
Path Type: min

Fanout         Cap        Slew       Delay        Time   Description
---------------------------------------------------------------------------------------------
                                  0.000000    0.000000   clock clk (rise edge)
                                  4.650000    4.650000   clock network delay (propagated)
                                  0.790000    5.440000 ^ input external delay
     2    0.004557    0.070000    0.000000    5.440000 ^ wbs_adr_i[18] (in)
                                                         wbs_adr_i[18] (net)
                      0.070211    0.000103    5.440103 ^ input88/A (sky130_fd_sc_hd__clkbuf_1)
     1    0.004487    0.046311    0.065510    5.505613 ^ input88/X (sky130_fd_sc_hd__clkbuf_1)
                                                         net88 (net)
                      0.046313    0.000310    5.505923 ^ _045_/D (sky130_fd_sc_hd__or4_2)
     3    0.023421    0.091609    0.118471    5.624394 ^ _045_/X (sky130_fd_sc_hd__or4_2)
                                                         _036_ (net)
                      0.091810    0.003392    5.627786 ^ _048_/B (sky130_fd_sc_hd__nor4_1)
     1    0.008044    0.032053    0.053339    5.681126 v _048_/Y (sky130_fd_sc_hd__nor4_1)
                                                         _039_ (net)
                      0.032076    0.000659    5.681785 v hold4/A (sky130_fd_sc_hd__dlygate4sd3_1)
     1    0.007895    0.056107    0.374196    6.055981 v hold4/X (sky130_fd_sc_hd__dlygate4sd3_1)
                                                         net278 (net)
                      0.056107    0.000629    6.056610 v wire262/A (sky130_fd_sc_hd__buf_2)
     1    0.011724    0.030932    0.095125    6.151734 v wire262/X (sky130_fd_sc_hd__buf_2)
                                                         net262 (net)
                      0.030983    0.001085    6.152820 v hold5/A (sky130_fd_sc_hd__dlygate4sd3_1)
     7    0.057971    0.203643    0.506365    6.659184 v hold5/X (sky130_fd_sc_hd__dlygate4sd3_1)
                                                         net279 (net)
                      0.204114    0.008400    6.667584 v fanout261/A (sky130_fd_sc_hd__buf_4)
    33    0.126751    0.116063    0.218011    6.885595 v fanout261/X (sky130_fd_sc_hd__buf_4)
                                                         net261 (net)
                      0.134361    0.034050    6.919645 v _102_/C (sky130_fd_sc_hd__and3_1)
     1    0.003047    0.026681    0.149440    7.069085 v _102_/X (sky130_fd_sc_hd__and3_1)
                                                         _029_ (net)
                      0.026681    0.000193    7.069278 v _135_/D (sky130_fd_sc_hd__dfrtp_4)
                                              7.069278   data arrival time

                                  0.000000    0.000000   clock clk (rise edge)
                                  5.570000    5.570000   clock source latency
     2    0.032446    0.610000    0.000000    5.570000 ^ clk (in)
                                                         clk (net)
                      0.618574    0.004394    5.574394 ^ wire3/A (sky130_fd_sc_hd__buf_4)
     3    0.045969    0.105597    0.157226    5.731621 ^ wire3/X (sky130_fd_sc_hd__buf_4)
                                                         net274 (net)
                      0.106918    0.009571    5.741192 ^ wire2/A (sky130_fd_sc_hd__buf_6)
     3    0.079048    0.121446    0.138992    5.880185 ^ wire2/X (sky130_fd_sc_hd__buf_6)
                                                         net273 (net)
                      0.128002    0.022355    5.902540 ^ wire1/A (sky130_fd_sc_hd__buf_6)
     3    0.081406    0.124044    0.143454    6.045994 ^ wire1/X (sky130_fd_sc_hd__buf_6)
                                                         net272 (net)
                      0.131193    0.023534    6.069527 ^ clkbuf_0_clk/A (sky130_fd_sc_hd__clkbuf_16)
     9    0.100903    0.091017    0.155330    6.224857 ^ clkbuf_0_clk/X (sky130_fd_sc_hd__clkbuf_16)
                                                         clknet_0_clk (net)
                      0.093550    0.012253    6.237110 ^ clkbuf_2_0__f_clk/A (sky130_fd_sc_hd__clkbuf_16)
    17    0.098861    0.089437    0.143108    6.380219 ^ clkbuf_2_0__f_clk/X (sky130_fd_sc_hd__clkbuf_16)
                                                         clknet_2_0__leaf_clk (net)
                      0.093422    0.015119    6.395337 ^ _135_/CLK (sky130_fd_sc_hd__dfrtp_4)
                                  0.087500    6.482837   clock uncertainty
                                  0.000000    6.482837   clock reconvergence pessimism
                                 -0.020808    6.462029   library hold time
                                              6.462029   data required time
---------------------------------------------------------------------------------------------
                                              6.462029   data required time
                                             -7.069278   data arrival time
---------------------------------------------------------------------------------------------
                                              0.607249   slack (MET)


Startpoint: wbs_adr_i[18] (input port clocked by clk)
Endpoint: _136_ (rising edge-triggered flip-flop clocked by clk)
Path Group: clk
Path Type: min

Fanout         Cap        Slew       Delay        Time   Description
---------------------------------------------------------------------------------------------
                                  0.000000    0.000000   clock clk (rise edge)
                                  4.650000    4.650000   clock network delay (propagated)
                                  0.790000    5.440000 ^ input external delay
     2    0.004557    0.070000    0.000000    5.440000 ^ wbs_adr_i[18] (in)
                                                         wbs_adr_i[18] (net)
                      0.070211    0.000103    5.440103 ^ input88/A (sky130_fd_sc_hd__clkbuf_1)
     1    0.004487    0.046311    0.065510    5.505613 ^ input88/X (sky130_fd_sc_hd__clkbuf_1)
                                                         net88 (net)
                      0.046313    0.000310    5.505923 ^ _045_/D (sky130_fd_sc_hd__or4_2)
     3    0.023421    0.091609    0.118471    5.624394 ^ _045_/X (sky130_fd_sc_hd__or4_2)
                                                         _036_ (net)
                      0.091810    0.003392    5.627786 ^ _048_/B (sky130_fd_sc_hd__nor4_1)
     1    0.008044    0.032053    0.053339    5.681126 v _048_/Y (sky130_fd_sc_hd__nor4_1)
                                                         _039_ (net)
                      0.032076    0.000659    5.681785 v hold4/A (sky130_fd_sc_hd__dlygate4sd3_1)
     1    0.007895    0.056107    0.374196    6.055981 v hold4/X (sky130_fd_sc_hd__dlygate4sd3_1)
                                                         net278 (net)
                      0.056107    0.000629    6.056610 v wire262/A (sky130_fd_sc_hd__buf_2)
     1    0.011724    0.030932    0.095125    6.151734 v wire262/X (sky130_fd_sc_hd__buf_2)
                                                         net262 (net)
                      0.030983    0.001085    6.152820 v hold5/A (sky130_fd_sc_hd__dlygate4sd3_1)
     7    0.057971    0.203643    0.506365    6.659184 v hold5/X (sky130_fd_sc_hd__dlygate4sd3_1)
                                                         net279 (net)
                      0.204114    0.008400    6.667584 v fanout261/A (sky130_fd_sc_hd__buf_4)
    33    0.126751    0.116063    0.218011    6.885595 v fanout261/X (sky130_fd_sc_hd__buf_4)
                                                         net261 (net)
                      0.135931    0.035616    6.921212 v _103_/C (sky130_fd_sc_hd__and3_1)
     1    0.002941    0.026374    0.149551    7.070763 v _103_/X (sky130_fd_sc_hd__and3_1)
                                                         _030_ (net)
                      0.026374    0.000188    7.070951 v _136_/D (sky130_fd_sc_hd__dfrtp_4)
                                              7.070951   data arrival time

                                  0.000000    0.000000   clock clk (rise edge)
                                  5.570000    5.570000   clock source latency
     2    0.032446    0.610000    0.000000    5.570000 ^ clk (in)
                                                         clk (net)
                      0.618574    0.004394    5.574394 ^ wire3/A (sky130_fd_sc_hd__buf_4)
     3    0.045969    0.105597    0.157226    5.731621 ^ wire3/X (sky130_fd_sc_hd__buf_4)
                                                         net274 (net)
                      0.106918    0.009571    5.741192 ^ wire2/A (sky130_fd_sc_hd__buf_6)
     3    0.079048    0.121446    0.138992    5.880185 ^ wire2/X (sky130_fd_sc_hd__buf_6)
                                                         net273 (net)
                      0.128002    0.022355    5.902540 ^ wire1/A (sky130_fd_sc_hd__buf_6)
     3    0.081406    0.124044    0.143454    6.045994 ^ wire1/X (sky130_fd_sc_hd__buf_6)
                                                         net272 (net)
                      0.131193    0.023534    6.069527 ^ clkbuf_0_clk/A (sky130_fd_sc_hd__clkbuf_16)
     9    0.100903    0.091017    0.155330    6.224857 ^ clkbuf_0_clk/X (sky130_fd_sc_hd__clkbuf_16)
                                                         clknet_0_clk (net)
                      0.093550    0.012253    6.237110 ^ clkbuf_2_0__f_clk/A (sky130_fd_sc_hd__clkbuf_16)
    17    0.098861    0.089437    0.143108    6.380219 ^ clkbuf_2_0__f_clk/X (sky130_fd_sc_hd__clkbuf_16)
                                                         clknet_2_0__leaf_clk (net)
                      0.094044    0.016269    6.396488 ^ _136_/CLK (sky130_fd_sc_hd__dfrtp_4)
                                  0.087500    6.483987   clock uncertainty
                                  0.000000    6.483987   clock reconvergence pessimism
                                 -0.020648    6.463339   library hold time
                                              6.463339   data required time
---------------------------------------------------------------------------------------------
                                              6.463339   data required time
                                             -7.070951   data arrival time
---------------------------------------------------------------------------------------------
                                              0.607613   slack (MET)


Startpoint: wbs_adr_i[18] (input port clocked by clk)
Endpoint: _140_ (rising edge-triggered flip-flop clocked by clk)
Path Group: clk
Path Type: min

Fanout         Cap        Slew       Delay        Time   Description
---------------------------------------------------------------------------------------------
                                  0.000000    0.000000   clock clk (rise edge)
                                  4.650000    4.650000   clock network delay (propagated)
                                  0.790000    5.440000 ^ input external delay
     2    0.004557    0.070000    0.000000    5.440000 ^ wbs_adr_i[18] (in)
                                                         wbs_adr_i[18] (net)
                      0.070211    0.000103    5.440103 ^ input88/A (sky130_fd_sc_hd__clkbuf_1)
     1    0.004487    0.046311    0.065510    5.505613 ^ input88/X (sky130_fd_sc_hd__clkbuf_1)
                                                         net88 (net)
                      0.046313    0.000310    5.505923 ^ _045_/D (sky130_fd_sc_hd__or4_2)
     3    0.023421    0.091609    0.118471    5.624394 ^ _045_/X (sky130_fd_sc_hd__or4_2)
                                                         _036_ (net)
                      0.091810    0.003392    5.627786 ^ _048_/B (sky130_fd_sc_hd__nor4_1)
     1    0.008044    0.032053    0.053339    5.681126 v _048_/Y (sky130_fd_sc_hd__nor4_1)
                                                         _039_ (net)
                      0.032076    0.000659    5.681785 v hold4/A (sky130_fd_sc_hd__dlygate4sd3_1)
     1    0.007895    0.056107    0.374196    6.055981 v hold4/X (sky130_fd_sc_hd__dlygate4sd3_1)
                                                         net278 (net)
                      0.056107    0.000629    6.056610 v wire262/A (sky130_fd_sc_hd__buf_2)
     1    0.011724    0.030932    0.095125    6.151734 v wire262/X (sky130_fd_sc_hd__buf_2)
                                                         net262 (net)
                      0.030983    0.001085    6.152820 v hold5/A (sky130_fd_sc_hd__dlygate4sd3_1)
     7    0.057971    0.203643    0.506365    6.659184 v hold5/X (sky130_fd_sc_hd__dlygate4sd3_1)
                                                         net279 (net)
                      0.204114    0.008400    6.667584 v fanout261/A (sky130_fd_sc_hd__buf_4)
    33    0.126751    0.116063    0.218011    6.885595 v fanout261/X (sky130_fd_sc_hd__buf_4)
                                                         net261 (net)
                      0.129178    0.028618    6.914213 v _107_/C (sky130_fd_sc_hd__and3_1)
     1    0.002413    0.024506    0.144528    7.058742 v _107_/X (sky130_fd_sc_hd__and3_1)
                                                         _003_ (net)
                      0.024506    0.000171    7.058912 v _140_/D (sky130_fd_sc_hd__dfrtp_2)
                                              7.058912   data arrival time

                                  0.000000    0.000000   clock clk (rise edge)
                                  5.570000    5.570000   clock source latency
     2    0.032446    0.610000    0.000000    5.570000 ^ clk (in)
                                                         clk (net)
                      0.618574    0.004394    5.574394 ^ wire3/A (sky130_fd_sc_hd__buf_4)
     3    0.045969    0.105597    0.157226    5.731621 ^ wire3/X (sky130_fd_sc_hd__buf_4)
                                                         net274 (net)
                      0.106918    0.009571    5.741192 ^ wire2/A (sky130_fd_sc_hd__buf_6)
     3    0.079048    0.121446    0.138992    5.880185 ^ wire2/X (sky130_fd_sc_hd__buf_6)
                                                         net273 (net)
                      0.128002    0.022355    5.902540 ^ wire1/A (sky130_fd_sc_hd__buf_6)
     3    0.081406    0.124044    0.143454    6.045994 ^ wire1/X (sky130_fd_sc_hd__buf_6)
                                                         net272 (net)
                      0.131193    0.023534    6.069527 ^ clkbuf_0_clk/A (sky130_fd_sc_hd__clkbuf_16)
     9    0.100903    0.091017    0.155330    6.224857 ^ clkbuf_0_clk/X (sky130_fd_sc_hd__clkbuf_16)
                                                         clknet_0_clk (net)
                      0.093416    0.011925    6.236782 ^ clkbuf_2_1__f_clk/A (sky130_fd_sc_hd__clkbuf_16)
    21    0.087351    0.080642    0.134370    6.371152 ^ clkbuf_2_1__f_clk/X (sky130_fd_sc_hd__clkbuf_16)
                                                         clknet_2_1__leaf_clk (net)
                      0.084884    0.014505    6.385657 ^ _140_/CLK (sky130_fd_sc_hd__dfrtp_2)
                                  0.087500    6.473157   clock uncertainty
                                  0.000000    6.473157   clock reconvergence pessimism
                                 -0.021950    6.451207   library hold time
                                              6.451207   data required time
---------------------------------------------------------------------------------------------
                                              6.451207   data required time
                                             -7.058912   data arrival time
---------------------------------------------------------------------------------------------
                                              0.607705   slack (MET)


Startpoint: wbs_adr_i[18] (input port clocked by clk)
Endpoint: _137_ (rising edge-triggered flip-flop clocked by clk)
Path Group: clk
Path Type: min

Fanout         Cap        Slew       Delay        Time   Description
---------------------------------------------------------------------------------------------
                                  0.000000    0.000000   clock clk (rise edge)
                                  4.650000    4.650000   clock network delay (propagated)
                                  0.790000    5.440000 ^ input external delay
     2    0.004557    0.070000    0.000000    5.440000 ^ wbs_adr_i[18] (in)
                                                         wbs_adr_i[18] (net)
                      0.070211    0.000103    5.440103 ^ input88/A (sky130_fd_sc_hd__clkbuf_1)
     1    0.004487    0.046311    0.065510    5.505613 ^ input88/X (sky130_fd_sc_hd__clkbuf_1)
                                                         net88 (net)
                      0.046313    0.000310    5.505923 ^ _045_/D (sky130_fd_sc_hd__or4_2)
     3    0.023421    0.091609    0.118471    5.624394 ^ _045_/X (sky130_fd_sc_hd__or4_2)
                                                         _036_ (net)
                      0.091810    0.003392    5.627786 ^ _048_/B (sky130_fd_sc_hd__nor4_1)
     1    0.008044    0.032053    0.053339    5.681126 v _048_/Y (sky130_fd_sc_hd__nor4_1)
                                                         _039_ (net)
                      0.032076    0.000659    5.681785 v hold4/A (sky130_fd_sc_hd__dlygate4sd3_1)
     1    0.007895    0.056107    0.374196    6.055981 v hold4/X (sky130_fd_sc_hd__dlygate4sd3_1)
                                                         net278 (net)
                      0.056107    0.000629    6.056610 v wire262/A (sky130_fd_sc_hd__buf_2)
     1    0.011724    0.030932    0.095125    6.151734 v wire262/X (sky130_fd_sc_hd__buf_2)
                                                         net262 (net)
                      0.030983    0.001085    6.152820 v hold5/A (sky130_fd_sc_hd__dlygate4sd3_1)
     7    0.057971    0.203643    0.506365    6.659184 v hold5/X (sky130_fd_sc_hd__dlygate4sd3_1)
                                                         net279 (net)
                      0.204114    0.008400    6.667584 v fanout261/A (sky130_fd_sc_hd__buf_4)
    33    0.126751    0.116063    0.218011    6.885595 v fanout261/X (sky130_fd_sc_hd__buf_4)
                                                         net261 (net)
                      0.135539    0.035228    6.920823 v _104_/C (sky130_fd_sc_hd__and3_1)
     1    0.003259    0.026746    0.150878    7.071701 v _104_/X (sky130_fd_sc_hd__and3_1)
                                                         _031_ (net)
                      0.026746    0.000199    7.071900 v _137_/D (sky130_fd_sc_hd__dfrtp_4)
                                              7.071900   data arrival time

                                  0.000000    0.000000   clock clk (rise edge)
                                  5.570000    5.570000   clock source latency
     2    0.032446    0.610000    0.000000    5.570000 ^ clk (in)
                                                         clk (net)
                      0.618574    0.004394    5.574394 ^ wire3/A (sky130_fd_sc_hd__buf_4)
     3    0.045969    0.105597    0.157226    5.731621 ^ wire3/X (sky130_fd_sc_hd__buf_4)
                                                         net274 (net)
                      0.106918    0.009571    5.741192 ^ wire2/A (sky130_fd_sc_hd__buf_6)
     3    0.079048    0.121446    0.138992    5.880185 ^ wire2/X (sky130_fd_sc_hd__buf_6)
                                                         net273 (net)
                      0.128002    0.022355    5.902540 ^ wire1/A (sky130_fd_sc_hd__buf_6)
     3    0.081406    0.124044    0.143454    6.045994 ^ wire1/X (sky130_fd_sc_hd__buf_6)
                                                         net272 (net)
                      0.131193    0.023534    6.069527 ^ clkbuf_0_clk/A (sky130_fd_sc_hd__clkbuf_16)
     9    0.100903    0.091017    0.155330    6.224857 ^ clkbuf_0_clk/X (sky130_fd_sc_hd__clkbuf_16)
                                                         clknet_0_clk (net)
                      0.093550    0.012253    6.237110 ^ clkbuf_2_0__f_clk/A (sky130_fd_sc_hd__clkbuf_16)
    17    0.098861    0.089437    0.143108    6.380219 ^ clkbuf_2_0__f_clk/X (sky130_fd_sc_hd__clkbuf_16)
                                                         clknet_2_0__leaf_clk (net)
                      0.093859    0.015935    6.396153 ^ _137_/CLK (sky130_fd_sc_hd__dfrtp_4)
                                  0.087500    6.483653   clock uncertainty
                                  0.000000    6.483653   clock reconvergence pessimism
                                 -0.020786    6.462866   library hold time
                                              6.462866   data required time
---------------------------------------------------------------------------------------------
                                              6.462866   data required time
                                             -7.071900   data arrival time
---------------------------------------------------------------------------------------------
                                              0.609033   slack (MET)


Startpoint: wbs_adr_i[18] (input port clocked by clk)
Endpoint: _157_ (rising edge-triggered flip-flop clocked by clk)
Path Group: clk
Path Type: min

Fanout         Cap        Slew       Delay        Time   Description
---------------------------------------------------------------------------------------------
                                  0.000000    0.000000   clock clk (rise edge)
                                  4.650000    4.650000   clock network delay (propagated)
                                  0.790000    5.440000 ^ input external delay
     2    0.004557    0.070000    0.000000    5.440000 ^ wbs_adr_i[18] (in)
                                                         wbs_adr_i[18] (net)
                      0.070211    0.000103    5.440103 ^ input88/A (sky130_fd_sc_hd__clkbuf_1)
     1    0.004487    0.046311    0.065510    5.505613 ^ input88/X (sky130_fd_sc_hd__clkbuf_1)
                                                         net88 (net)
                      0.046313    0.000310    5.505923 ^ _045_/D (sky130_fd_sc_hd__or4_2)
     3    0.023421    0.091609    0.118471    5.624394 ^ _045_/X (sky130_fd_sc_hd__or4_2)
                                                         _036_ (net)
                      0.091810    0.003392    5.627786 ^ _048_/B (sky130_fd_sc_hd__nor4_1)
     1    0.008044    0.032053    0.053339    5.681126 v _048_/Y (sky130_fd_sc_hd__nor4_1)
                                                         _039_ (net)
                      0.032076    0.000659    5.681785 v hold4/A (sky130_fd_sc_hd__dlygate4sd3_1)
     1    0.007895    0.056107    0.374196    6.055981 v hold4/X (sky130_fd_sc_hd__dlygate4sd3_1)
                                                         net278 (net)
                      0.056107    0.000629    6.056610 v wire262/A (sky130_fd_sc_hd__buf_2)
     1    0.011724    0.030932    0.095125    6.151734 v wire262/X (sky130_fd_sc_hd__buf_2)
                                                         net262 (net)
                      0.030983    0.001085    6.152820 v hold5/A (sky130_fd_sc_hd__dlygate4sd3_1)
     7    0.057971    0.203643    0.506365    6.659184 v hold5/X (sky130_fd_sc_hd__dlygate4sd3_1)
                                                         net279 (net)
                      0.203734    0.004049    6.663233 v fanout260/A (sky130_fd_sc_hd__buf_4)
    33    0.121458    0.112460    0.220576    6.883809 v fanout260/X (sky130_fd_sc_hd__buf_4)
                                                         net260 (net)
                      0.120363    0.022380    6.906188 v _124_/C (sky130_fd_sc_hd__and3_1)
     1    0.003584    0.026699    0.146462    7.052650 v _124_/X (sky130_fd_sc_hd__and3_1)
                                                         _021_ (net)
                      0.026699    0.000246    7.052896 v _157_/D (sky130_fd_sc_hd__dfrtp_4)
                                              7.052896   data arrival time

                                  0.000000    0.000000   clock clk (rise edge)
                                  5.570000    5.570000   clock source latency
     2    0.032446    0.610000    0.000000    5.570000 ^ clk (in)
                                                         clk (net)
                      0.618574    0.004394    5.574394 ^ wire3/A (sky130_fd_sc_hd__buf_4)
     3    0.045969    0.105597    0.157226    5.731621 ^ wire3/X (sky130_fd_sc_hd__buf_4)
                                                         net274 (net)
                      0.106918    0.009571    5.741192 ^ wire2/A (sky130_fd_sc_hd__buf_6)
     3    0.079048    0.121446    0.138992    5.880185 ^ wire2/X (sky130_fd_sc_hd__buf_6)
                                                         net273 (net)
                      0.128002    0.022355    5.902540 ^ wire1/A (sky130_fd_sc_hd__buf_6)
     3    0.081406    0.124044    0.143454    6.045994 ^ wire1/X (sky130_fd_sc_hd__buf_6)
                                                         net272 (net)
                      0.131193    0.023534    6.069527 ^ clkbuf_0_clk/A (sky130_fd_sc_hd__clkbuf_16)
     9    0.100903    0.091017    0.155330    6.224857 ^ clkbuf_0_clk/X (sky130_fd_sc_hd__clkbuf_16)
                                                         clknet_0_clk (net)
                      0.092843    0.010413    6.235270 ^ clkbuf_2_3__f_clk/A (sky130_fd_sc_hd__clkbuf_16)
    21    0.073640    0.070173    0.127728    6.362998 ^ clkbuf_2_3__f_clk/X (sky130_fd_sc_hd__clkbuf_16)
                                                         clknet_2_3__leaf_clk (net)
                      0.075112    0.014502    6.377500 ^ _157_/CLK (sky130_fd_sc_hd__dfrtp_4)
                                  0.087500    6.465000   clock uncertainty
                                  0.000000    6.465000   clock reconvergence pessimism
                                 -0.022616    6.442384   library hold time
                                              6.442384   data required time
---------------------------------------------------------------------------------------------
                                              6.442384   data required time
                                             -7.052896   data arrival time
---------------------------------------------------------------------------------------------
                                              0.610512   slack (MET)


Startpoint: wbs_adr_i[18] (input port clocked by clk)
Endpoint: _154_ (rising edge-triggered flip-flop clocked by clk)
Path Group: clk
Path Type: min

Fanout         Cap        Slew       Delay        Time   Description
---------------------------------------------------------------------------------------------
                                  0.000000    0.000000   clock clk (rise edge)
                                  4.650000    4.650000   clock network delay (propagated)
                                  0.790000    5.440000 ^ input external delay
     2    0.004557    0.070000    0.000000    5.440000 ^ wbs_adr_i[18] (in)
                                                         wbs_adr_i[18] (net)
                      0.070211    0.000103    5.440103 ^ input88/A (sky130_fd_sc_hd__clkbuf_1)
     1    0.004487    0.046311    0.065510    5.505613 ^ input88/X (sky130_fd_sc_hd__clkbuf_1)
                                                         net88 (net)
                      0.046313    0.000310    5.505923 ^ _045_/D (sky130_fd_sc_hd__or4_2)
     3    0.023421    0.091609    0.118471    5.624394 ^ _045_/X (sky130_fd_sc_hd__or4_2)
                                                         _036_ (net)
                      0.091810    0.003392    5.627786 ^ _048_/B (sky130_fd_sc_hd__nor4_1)
     1    0.008044    0.032053    0.053339    5.681126 v _048_/Y (sky130_fd_sc_hd__nor4_1)
                                                         _039_ (net)
                      0.032076    0.000659    5.681785 v hold4/A (sky130_fd_sc_hd__dlygate4sd3_1)
     1    0.007895    0.056107    0.374196    6.055981 v hold4/X (sky130_fd_sc_hd__dlygate4sd3_1)
                                                         net278 (net)
                      0.056107    0.000629    6.056610 v wire262/A (sky130_fd_sc_hd__buf_2)
     1    0.011724    0.030932    0.095125    6.151734 v wire262/X (sky130_fd_sc_hd__buf_2)
                                                         net262 (net)
                      0.030983    0.001085    6.152820 v hold5/A (sky130_fd_sc_hd__dlygate4sd3_1)
     7    0.057971    0.203643    0.506365    6.659184 v hold5/X (sky130_fd_sc_hd__dlygate4sd3_1)
                                                         net279 (net)
                      0.203734    0.004049    6.663233 v fanout260/A (sky130_fd_sc_hd__buf_4)
    33    0.121458    0.112460    0.220576    6.883809 v fanout260/X (sky130_fd_sc_hd__buf_4)
                                                         net260 (net)
                      0.123119    0.025957    6.909765 v _121_/C (sky130_fd_sc_hd__and3_1)
     1    0.003493    0.026492    0.147169    7.056934 v _121_/X (sky130_fd_sc_hd__and3_1)
                                                         _018_ (net)
                      0.026492    0.000214    7.057148 v _154_/D (sky130_fd_sc_hd__dfrtp_4)
                                              7.057148   data arrival time

                                  0.000000    0.000000   clock clk (rise edge)
                                  5.570000    5.570000   clock source latency
     2    0.032446    0.610000    0.000000    5.570000 ^ clk (in)
                                                         clk (net)
                      0.618574    0.004394    5.574394 ^ wire3/A (sky130_fd_sc_hd__buf_4)
     3    0.045969    0.105597    0.157226    5.731621 ^ wire3/X (sky130_fd_sc_hd__buf_4)
                                                         net274 (net)
                      0.106918    0.009571    5.741192 ^ wire2/A (sky130_fd_sc_hd__buf_6)
     3    0.079048    0.121446    0.138992    5.880185 ^ wire2/X (sky130_fd_sc_hd__buf_6)
                                                         net273 (net)
                      0.128002    0.022355    5.902540 ^ wire1/A (sky130_fd_sc_hd__buf_6)
     3    0.081406    0.124044    0.143454    6.045994 ^ wire1/X (sky130_fd_sc_hd__buf_6)
                                                         net272 (net)
                      0.131193    0.023534    6.069527 ^ clkbuf_0_clk/A (sky130_fd_sc_hd__clkbuf_16)
     9    0.100903    0.091017    0.155330    6.224857 ^ clkbuf_0_clk/X (sky130_fd_sc_hd__clkbuf_16)
                                                         clknet_0_clk (net)
                      0.092843    0.010413    6.235270 ^ clkbuf_2_3__f_clk/A (sky130_fd_sc_hd__clkbuf_16)
    21    0.073640    0.070173    0.127728    6.362998 ^ clkbuf_2_3__f_clk/X (sky130_fd_sc_hd__clkbuf_16)
                                                         clknet_2_3__leaf_clk (net)
                      0.077034    0.017229    6.380227 ^ _154_/CLK (sky130_fd_sc_hd__dfrtp_4)
                                  0.087500    6.467727   clock uncertainty
                                  0.000000    6.467727   clock reconvergence pessimism
                                 -0.022360    6.445367   library hold time
                                              6.445367   data required time
---------------------------------------------------------------------------------------------
                                              6.445367   data required time
                                             -7.057148   data arrival time
---------------------------------------------------------------------------------------------
                                              0.611781   slack (MET)


Startpoint: wbs_adr_i[18] (input port clocked by clk)
Endpoint: _160_ (rising edge-triggered flip-flop clocked by clk)
Path Group: clk
Path Type: min

Fanout         Cap        Slew       Delay        Time   Description
---------------------------------------------------------------------------------------------
                                  0.000000    0.000000   clock clk (rise edge)
                                  4.650000    4.650000   clock network delay (propagated)
                                  0.790000    5.440000 ^ input external delay
     2    0.004557    0.070000    0.000000    5.440000 ^ wbs_adr_i[18] (in)
                                                         wbs_adr_i[18] (net)
                      0.070211    0.000103    5.440103 ^ input88/A (sky130_fd_sc_hd__clkbuf_1)
     1    0.004487    0.046311    0.065510    5.505613 ^ input88/X (sky130_fd_sc_hd__clkbuf_1)
                                                         net88 (net)
                      0.046313    0.000310    5.505923 ^ _045_/D (sky130_fd_sc_hd__or4_2)
     3    0.023421    0.091609    0.118471    5.624394 ^ _045_/X (sky130_fd_sc_hd__or4_2)
                                                         _036_ (net)
                      0.091810    0.003392    5.627786 ^ _048_/B (sky130_fd_sc_hd__nor4_1)
     1    0.008044    0.032053    0.053339    5.681126 v _048_/Y (sky130_fd_sc_hd__nor4_1)
                                                         _039_ (net)
                      0.032076    0.000659    5.681785 v hold4/A (sky130_fd_sc_hd__dlygate4sd3_1)
     1    0.007895    0.056107    0.374196    6.055981 v hold4/X (sky130_fd_sc_hd__dlygate4sd3_1)
                                                         net278 (net)
                      0.056107    0.000629    6.056610 v wire262/A (sky130_fd_sc_hd__buf_2)
     1    0.011724    0.030932    0.095125    6.151734 v wire262/X (sky130_fd_sc_hd__buf_2)
                                                         net262 (net)
                      0.030983    0.001085    6.152820 v hold5/A (sky130_fd_sc_hd__dlygate4sd3_1)
     7    0.057971    0.203643    0.506365    6.659184 v hold5/X (sky130_fd_sc_hd__dlygate4sd3_1)
                                                         net279 (net)
                      0.203734    0.004049    6.663233 v fanout260/A (sky130_fd_sc_hd__buf_4)
    33    0.121458    0.112460    0.220576    6.883809 v fanout260/X (sky130_fd_sc_hd__buf_4)
                                                         net260 (net)
                      0.121775    0.024269    6.908078 v _127_/C (sky130_fd_sc_hd__and3_1)
     1    0.003566    0.026565    0.146974    7.055052 v _127_/X (sky130_fd_sc_hd__and3_1)
                                                         _025_ (net)
                      0.026565    0.000220    7.055272 v _160_/D (sky130_fd_sc_hd__dfrtp_4)
                                              7.055272   data arrival time

                                  0.000000    0.000000   clock clk (rise edge)
                                  5.570000    5.570000   clock source latency
     2    0.032446    0.610000    0.000000    5.570000 ^ clk (in)
                                                         clk (net)
                      0.618574    0.004394    5.574394 ^ wire3/A (sky130_fd_sc_hd__buf_4)
     3    0.045969    0.105597    0.157226    5.731621 ^ wire3/X (sky130_fd_sc_hd__buf_4)
                                                         net274 (net)
                      0.106918    0.009571    5.741192 ^ wire2/A (sky130_fd_sc_hd__buf_6)
     3    0.079048    0.121446    0.138992    5.880185 ^ wire2/X (sky130_fd_sc_hd__buf_6)
                                                         net273 (net)
                      0.128002    0.022355    5.902540 ^ wire1/A (sky130_fd_sc_hd__buf_6)
     3    0.081406    0.124044    0.143454    6.045994 ^ wire1/X (sky130_fd_sc_hd__buf_6)
                                                         net272 (net)
                      0.131193    0.023534    6.069527 ^ clkbuf_0_clk/A (sky130_fd_sc_hd__clkbuf_16)
     9    0.100903    0.091017    0.155330    6.224857 ^ clkbuf_0_clk/X (sky130_fd_sc_hd__clkbuf_16)
                                                         clknet_0_clk (net)
                      0.092843    0.010413    6.235270 ^ clkbuf_2_3__f_clk/A (sky130_fd_sc_hd__clkbuf_16)
    21    0.073640    0.070173    0.127728    6.362998 ^ clkbuf_2_3__f_clk/X (sky130_fd_sc_hd__clkbuf_16)
                                                         clknet_2_3__leaf_clk (net)
                      0.075454    0.015016    6.378014 ^ _160_/CLK (sky130_fd_sc_hd__dfrtp_4)
                                  0.087500    6.465513   clock uncertainty
                                  0.000000    6.465513   clock reconvergence pessimism
                                 -0.022539    6.442975   library hold time
                                              6.442975   data required time
---------------------------------------------------------------------------------------------
                                              6.442975   data required time
                                             -7.055272   data arrival time
---------------------------------------------------------------------------------------------
                                              0.612298   slack (MET)


Startpoint: wbs_adr_i[18] (input port clocked by clk)
Endpoint: _134_ (rising edge-triggered flip-flop clocked by clk)
Path Group: clk
Path Type: min

Fanout         Cap        Slew       Delay        Time   Description
---------------------------------------------------------------------------------------------
                                  0.000000    0.000000   clock clk (rise edge)
                                  4.650000    4.650000   clock network delay (propagated)
                                  0.790000    5.440000 ^ input external delay
     2    0.004557    0.070000    0.000000    5.440000 ^ wbs_adr_i[18] (in)
                                                         wbs_adr_i[18] (net)
                      0.070211    0.000103    5.440103 ^ input88/A (sky130_fd_sc_hd__clkbuf_1)
     1    0.004487    0.046311    0.065510    5.505613 ^ input88/X (sky130_fd_sc_hd__clkbuf_1)
                                                         net88 (net)
                      0.046313    0.000310    5.505923 ^ _045_/D (sky130_fd_sc_hd__or4_2)
     3    0.023421    0.091609    0.118471    5.624394 ^ _045_/X (sky130_fd_sc_hd__or4_2)
                                                         _036_ (net)
                      0.091810    0.003392    5.627786 ^ _048_/B (sky130_fd_sc_hd__nor4_1)
     1    0.008044    0.032053    0.053339    5.681126 v _048_/Y (sky130_fd_sc_hd__nor4_1)
                                                         _039_ (net)
                      0.032076    0.000659    5.681785 v hold4/A (sky130_fd_sc_hd__dlygate4sd3_1)
     1    0.007895    0.056107    0.374196    6.055981 v hold4/X (sky130_fd_sc_hd__dlygate4sd3_1)
                                                         net278 (net)
                      0.056107    0.000629    6.056610 v wire262/A (sky130_fd_sc_hd__buf_2)
     1    0.011724    0.030932    0.095125    6.151734 v wire262/X (sky130_fd_sc_hd__buf_2)
                                                         net262 (net)
                      0.030983    0.001085    6.152820 v hold5/A (sky130_fd_sc_hd__dlygate4sd3_1)
     7    0.057971    0.203643    0.506365    6.659184 v hold5/X (sky130_fd_sc_hd__dlygate4sd3_1)
                                                         net279 (net)
                      0.204114    0.008400    6.667584 v fanout261/A (sky130_fd_sc_hd__buf_4)
    33    0.126751    0.116063    0.218011    6.885595 v fanout261/X (sky130_fd_sc_hd__buf_4)
                                                         net261 (net)
                      0.136122    0.035805    6.921401 v _101_/C (sky130_fd_sc_hd__and3_1)
     1    0.003869    0.028080    0.153711    7.075111 v _101_/X (sky130_fd_sc_hd__and3_1)
                                                         _028_ (net)
                      0.028080    0.000285    7.075397 v _134_/D (sky130_fd_sc_hd__dfrtp_4)
                                              7.075397   data arrival time

                                  0.000000    0.000000   clock clk (rise edge)
                                  5.570000    5.570000   clock source latency
     2    0.032446    0.610000    0.000000    5.570000 ^ clk (in)
                                                         clk (net)
                      0.618574    0.004394    5.574394 ^ wire3/A (sky130_fd_sc_hd__buf_4)
     3    0.045969    0.105597    0.157226    5.731621 ^ wire3/X (sky130_fd_sc_hd__buf_4)
                                                         net274 (net)
                      0.106918    0.009571    5.741192 ^ wire2/A (sky130_fd_sc_hd__buf_6)
     3    0.079048    0.121446    0.138992    5.880185 ^ wire2/X (sky130_fd_sc_hd__buf_6)
                                                         net273 (net)
                      0.128002    0.022355    5.902540 ^ wire1/A (sky130_fd_sc_hd__buf_6)
     3    0.081406    0.124044    0.143454    6.045994 ^ wire1/X (sky130_fd_sc_hd__buf_6)
                                                         net272 (net)
                      0.131193    0.023534    6.069527 ^ clkbuf_0_clk/A (sky130_fd_sc_hd__clkbuf_16)
     9    0.100903    0.091017    0.155330    6.224857 ^ clkbuf_0_clk/X (sky130_fd_sc_hd__clkbuf_16)
                                                         clknet_0_clk (net)
                      0.093550    0.012253    6.237110 ^ clkbuf_2_0__f_clk/A (sky130_fd_sc_hd__clkbuf_16)
    17    0.098861    0.089437    0.143108    6.380219 ^ clkbuf_2_0__f_clk/X (sky130_fd_sc_hd__clkbuf_16)
                                                         clknet_2_0__leaf_clk (net)
                      0.094115    0.016396    6.396614 ^ _134_/CLK (sky130_fd_sc_hd__dfrtp_4)
                                  0.087500    6.484114   clock uncertainty
                                  0.000000    6.484114   clock reconvergence pessimism
                                 -0.021192    6.462923   library hold time
                                              6.462923   data required time
---------------------------------------------------------------------------------------------
                                              6.462923   data required time
                                             -7.075397   data arrival time
---------------------------------------------------------------------------------------------
                                              0.612474   slack (MET)


Startpoint: wbs_adr_i[18] (input port clocked by clk)
Endpoint: _158_ (rising edge-triggered flip-flop clocked by clk)
Path Group: clk
Path Type: min

Fanout         Cap        Slew       Delay        Time   Description
---------------------------------------------------------------------------------------------
                                  0.000000    0.000000   clock clk (rise edge)
                                  4.650000    4.650000   clock network delay (propagated)
                                  0.790000    5.440000 ^ input external delay
     2    0.004557    0.070000    0.000000    5.440000 ^ wbs_adr_i[18] (in)
                                                         wbs_adr_i[18] (net)
                      0.070211    0.000103    5.440103 ^ input88/A (sky130_fd_sc_hd__clkbuf_1)
     1    0.004487    0.046311    0.065510    5.505613 ^ input88/X (sky130_fd_sc_hd__clkbuf_1)
                                                         net88 (net)
                      0.046313    0.000310    5.505923 ^ _045_/D (sky130_fd_sc_hd__or4_2)
     3    0.023421    0.091609    0.118471    5.624394 ^ _045_/X (sky130_fd_sc_hd__or4_2)
                                                         _036_ (net)
                      0.091810    0.003392    5.627786 ^ _048_/B (sky130_fd_sc_hd__nor4_1)
     1    0.008044    0.032053    0.053339    5.681126 v _048_/Y (sky130_fd_sc_hd__nor4_1)
                                                         _039_ (net)
                      0.032076    0.000659    5.681785 v hold4/A (sky130_fd_sc_hd__dlygate4sd3_1)
     1    0.007895    0.056107    0.374196    6.055981 v hold4/X (sky130_fd_sc_hd__dlygate4sd3_1)
                                                         net278 (net)
                      0.056107    0.000629    6.056610 v wire262/A (sky130_fd_sc_hd__buf_2)
     1    0.011724    0.030932    0.095125    6.151734 v wire262/X (sky130_fd_sc_hd__buf_2)
                                                         net262 (net)
                      0.030983    0.001085    6.152820 v hold5/A (sky130_fd_sc_hd__dlygate4sd3_1)
     7    0.057971    0.203643    0.506365    6.659184 v hold5/X (sky130_fd_sc_hd__dlygate4sd3_1)
                                                         net279 (net)
                      0.203734    0.004049    6.663233 v fanout260/A (sky130_fd_sc_hd__buf_4)
    33    0.121458    0.112460    0.220576    6.883809 v fanout260/X (sky130_fd_sc_hd__buf_4)
                                                         net260 (net)
                      0.122085    0.024667    6.908476 v _125_/C (sky130_fd_sc_hd__and3_1)
     1    0.003578    0.026665    0.147135    7.055611 v _125_/X (sky130_fd_sc_hd__and3_1)
                                                         _022_ (net)
                      0.026665    0.000242    7.055852 v _158_/D (sky130_fd_sc_hd__dfrtp_4)
                                              7.055852   data arrival time

                                  0.000000    0.000000   clock clk (rise edge)
                                  5.570000    5.570000   clock source latency
     2    0.032446    0.610000    0.000000    5.570000 ^ clk (in)
                                                         clk (net)
                      0.618574    0.004394    5.574394 ^ wire3/A (sky130_fd_sc_hd__buf_4)
     3    0.045969    0.105597    0.157226    5.731621 ^ wire3/X (sky130_fd_sc_hd__buf_4)
                                                         net274 (net)
                      0.106918    0.009571    5.741192 ^ wire2/A (sky130_fd_sc_hd__buf_6)
     3    0.079048    0.121446    0.138992    5.880185 ^ wire2/X (sky130_fd_sc_hd__buf_6)
                                                         net273 (net)
                      0.128002    0.022355    5.902540 ^ wire1/A (sky130_fd_sc_hd__buf_6)
     3    0.081406    0.124044    0.143454    6.045994 ^ wire1/X (sky130_fd_sc_hd__buf_6)
                                                         net272 (net)
                      0.131193    0.023534    6.069527 ^ clkbuf_0_clk/A (sky130_fd_sc_hd__clkbuf_16)
     9    0.100903    0.091017    0.155330    6.224857 ^ clkbuf_0_clk/X (sky130_fd_sc_hd__clkbuf_16)
                                                         clknet_0_clk (net)
                      0.092843    0.010413    6.235270 ^ clkbuf_2_3__f_clk/A (sky130_fd_sc_hd__clkbuf_16)
    21    0.073640    0.070173    0.127728    6.362998 ^ clkbuf_2_3__f_clk/X (sky130_fd_sc_hd__clkbuf_16)
                                                         clknet_2_3__leaf_clk (net)
                      0.075656    0.015313    6.378311 ^ _158_/CLK (sky130_fd_sc_hd__dfrtp_4)
                                  0.087500    6.465811   clock uncertainty
                                  0.000000    6.465811   clock reconvergence pessimism
                                 -0.022551    6.443259   library hold time
                                              6.443259   data required time
---------------------------------------------------------------------------------------------
                                              6.443259   data required time
                                             -7.055852   data arrival time
---------------------------------------------------------------------------------------------
                                              0.612593   slack (MET)


Startpoint: wbs_adr_i[18] (input port clocked by clk)
Endpoint: _155_ (rising edge-triggered flip-flop clocked by clk)
Path Group: clk
Path Type: min

Fanout         Cap        Slew       Delay        Time   Description
---------------------------------------------------------------------------------------------
                                  0.000000    0.000000   clock clk (rise edge)
                                  4.650000    4.650000   clock network delay (propagated)
                                  0.790000    5.440000 ^ input external delay
     2    0.004557    0.070000    0.000000    5.440000 ^ wbs_adr_i[18] (in)
                                                         wbs_adr_i[18] (net)
                      0.070211    0.000103    5.440103 ^ input88/A (sky130_fd_sc_hd__clkbuf_1)
     1    0.004487    0.046311    0.065510    5.505613 ^ input88/X (sky130_fd_sc_hd__clkbuf_1)
                                                         net88 (net)
                      0.046313    0.000310    5.505923 ^ _045_/D (sky130_fd_sc_hd__or4_2)
     3    0.023421    0.091609    0.118471    5.624394 ^ _045_/X (sky130_fd_sc_hd__or4_2)
                                                         _036_ (net)
                      0.091810    0.003392    5.627786 ^ _048_/B (sky130_fd_sc_hd__nor4_1)
     1    0.008044    0.032053    0.053339    5.681126 v _048_/Y (sky130_fd_sc_hd__nor4_1)
                                                         _039_ (net)
                      0.032076    0.000659    5.681785 v hold4/A (sky130_fd_sc_hd__dlygate4sd3_1)
     1    0.007895    0.056107    0.374196    6.055981 v hold4/X (sky130_fd_sc_hd__dlygate4sd3_1)
                                                         net278 (net)
                      0.056107    0.000629    6.056610 v wire262/A (sky130_fd_sc_hd__buf_2)
     1    0.011724    0.030932    0.095125    6.151734 v wire262/X (sky130_fd_sc_hd__buf_2)
                                                         net262 (net)
                      0.030983    0.001085    6.152820 v hold5/A (sky130_fd_sc_hd__dlygate4sd3_1)
     7    0.057971    0.203643    0.506365    6.659184 v hold5/X (sky130_fd_sc_hd__dlygate4sd3_1)
                                                         net279 (net)
                      0.203734    0.004049    6.663233 v fanout260/A (sky130_fd_sc_hd__buf_4)
    33    0.121458    0.112460    0.220576    6.883809 v fanout260/X (sky130_fd_sc_hd__buf_4)
                                                         net260 (net)
                      0.122296    0.024935    6.908744 v _122_/C (sky130_fd_sc_hd__and3_1)
     1    0.003951    0.027667    0.148642    7.057386 v _122_/X (sky130_fd_sc_hd__and3_1)
                                                         _019_ (net)
                      0.027667    0.000290    7.057675 v _155_/D (sky130_fd_sc_hd__dfrtp_4)
                                              7.057675   data arrival time

                                  0.000000    0.000000   clock clk (rise edge)
                                  5.570000    5.570000   clock source latency
     2    0.032446    0.610000    0.000000    5.570000 ^ clk (in)
                                                         clk (net)
                      0.618574    0.004394    5.574394 ^ wire3/A (sky130_fd_sc_hd__buf_4)
     3    0.045969    0.105597    0.157226    5.731621 ^ wire3/X (sky130_fd_sc_hd__buf_4)
                                                         net274 (net)
                      0.106918    0.009571    5.741192 ^ wire2/A (sky130_fd_sc_hd__buf_6)
     3    0.079048    0.121446    0.138992    5.880185 ^ wire2/X (sky130_fd_sc_hd__buf_6)
                                                         net273 (net)
                      0.128002    0.022355    5.902540 ^ wire1/A (sky130_fd_sc_hd__buf_6)
     3    0.081406    0.124044    0.143454    6.045994 ^ wire1/X (sky130_fd_sc_hd__buf_6)
                                                         net272 (net)
                      0.131193    0.023534    6.069527 ^ clkbuf_0_clk/A (sky130_fd_sc_hd__clkbuf_16)
     9    0.100903    0.091017    0.155330    6.224857 ^ clkbuf_0_clk/X (sky130_fd_sc_hd__clkbuf_16)
                                                         clknet_0_clk (net)
                      0.092843    0.010413    6.235270 ^ clkbuf_2_3__f_clk/A (sky130_fd_sc_hd__clkbuf_16)
    21    0.073640    0.070173    0.127728    6.362998 ^ clkbuf_2_3__f_clk/X (sky130_fd_sc_hd__clkbuf_16)
                                                         clknet_2_3__leaf_clk (net)
                      0.077092    0.017307    6.380304 ^ _155_/CLK (sky130_fd_sc_hd__dfrtp_4)
                                  0.087500    6.467804   clock uncertainty
                                  0.000000    6.467804   clock reconvergence pessimism
                                 -0.022733    6.445071   library hold time
                                              6.445071   data required time
---------------------------------------------------------------------------------------------
                                              6.445071   data required time
                                             -7.057675   data arrival time
---------------------------------------------------------------------------------------------
                                              0.612605   slack (MET)


Startpoint: wbs_adr_i[18] (input port clocked by clk)
Endpoint: _156_ (rising edge-triggered flip-flop clocked by clk)
Path Group: clk
Path Type: min

Fanout         Cap        Slew       Delay        Time   Description
---------------------------------------------------------------------------------------------
                                  0.000000    0.000000   clock clk (rise edge)
                                  4.650000    4.650000   clock network delay (propagated)
                                  0.790000    5.440000 ^ input external delay
     2    0.004557    0.070000    0.000000    5.440000 ^ wbs_adr_i[18] (in)
                                                         wbs_adr_i[18] (net)
                      0.070211    0.000103    5.440103 ^ input88/A (sky130_fd_sc_hd__clkbuf_1)
     1    0.004487    0.046311    0.065510    5.505613 ^ input88/X (sky130_fd_sc_hd__clkbuf_1)
                                                         net88 (net)
                      0.046313    0.000310    5.505923 ^ _045_/D (sky130_fd_sc_hd__or4_2)
     3    0.023421    0.091609    0.118471    5.624394 ^ _045_/X (sky130_fd_sc_hd__or4_2)
                                                         _036_ (net)
                      0.091810    0.003392    5.627786 ^ _048_/B (sky130_fd_sc_hd__nor4_1)
     1    0.008044    0.032053    0.053339    5.681126 v _048_/Y (sky130_fd_sc_hd__nor4_1)
                                                         _039_ (net)
                      0.032076    0.000659    5.681785 v hold4/A (sky130_fd_sc_hd__dlygate4sd3_1)
     1    0.007895    0.056107    0.374196    6.055981 v hold4/X (sky130_fd_sc_hd__dlygate4sd3_1)
                                                         net278 (net)
                      0.056107    0.000629    6.056610 v wire262/A (sky130_fd_sc_hd__buf_2)
     1    0.011724    0.030932    0.095125    6.151734 v wire262/X (sky130_fd_sc_hd__buf_2)
                                                         net262 (net)
                      0.030983    0.001085    6.152820 v hold5/A (sky130_fd_sc_hd__dlygate4sd3_1)
     7    0.057971    0.203643    0.506365    6.659184 v hold5/X (sky130_fd_sc_hd__dlygate4sd3_1)
                                                         net279 (net)
                      0.203734    0.004049    6.663233 v fanout260/A (sky130_fd_sc_hd__buf_4)
    33    0.121458    0.112460    0.220576    6.883809 v fanout260/X (sky130_fd_sc_hd__buf_4)
                                                         net260 (net)
                      0.121585    0.024022    6.907831 v _123_/C (sky130_fd_sc_hd__and3_1)
     1    0.003583    0.029325    0.146952    7.054783 v _123_/X (sky130_fd_sc_hd__and3_1)
                                                         _020_ (net)
                      0.029325    0.000252    7.055035 v _156_/D (sky130_fd_sc_hd__dfrtp_4)
                                              7.055035   data arrival time

                                  0.000000    0.000000   clock clk (rise edge)
                                  5.570000    5.570000   clock source latency
     2    0.032446    0.610000    0.000000    5.570000 ^ clk (in)
                                                         clk (net)
                      0.618574    0.004394    5.574394 ^ wire3/A (sky130_fd_sc_hd__buf_4)
     3    0.045969    0.105597    0.157226    5.731621 ^ wire3/X (sky130_fd_sc_hd__buf_4)
                                                         net274 (net)
                      0.106918    0.009571    5.741192 ^ wire2/A (sky130_fd_sc_hd__buf_6)
     3    0.079048    0.121446    0.138992    5.880185 ^ wire2/X (sky130_fd_sc_hd__buf_6)
                                                         net273 (net)
                      0.128002    0.022355    5.902540 ^ wire1/A (sky130_fd_sc_hd__buf_6)
     3    0.081406    0.124044    0.143454    6.045994 ^ wire1/X (sky130_fd_sc_hd__buf_6)
                                                         net272 (net)
                      0.131193    0.023534    6.069527 ^ clkbuf_0_clk/A (sky130_fd_sc_hd__clkbuf_16)
     9    0.100903    0.091017    0.155330    6.224857 ^ clkbuf_0_clk/X (sky130_fd_sc_hd__clkbuf_16)
                                                         clknet_0_clk (net)
                      0.092843    0.010413    6.235270 ^ clkbuf_2_3__f_clk/A (sky130_fd_sc_hd__clkbuf_16)
    21    0.073640    0.070173    0.127728    6.362998 ^ clkbuf_2_3__f_clk/X (sky130_fd_sc_hd__clkbuf_16)
                                                         clknet_2_3__leaf_clk (net)
                      0.075453    0.015015    6.378013 ^ _156_/CLK (sky130_fd_sc_hd__dfrtp_4)
                                  0.087500    6.465512   clock uncertainty
                                  0.000000    6.465512   clock reconvergence pessimism
                                 -0.023429    6.442083   library hold time
                                              6.442083   data required time
---------------------------------------------------------------------------------------------
                                              6.442083   data required time
                                             -7.055035   data arrival time
---------------------------------------------------------------------------------------------
                                              0.612952   slack (MET)


Startpoint: wbs_adr_i[18] (input port clocked by clk)
Endpoint: _131_ (rising edge-triggered flip-flop clocked by clk)
Path Group: clk
Path Type: min

Fanout         Cap        Slew       Delay        Time   Description
---------------------------------------------------------------------------------------------
                                  0.000000    0.000000   clock clk (rise edge)
                                  4.650000    4.650000   clock network delay (propagated)
                                  0.790000    5.440000 ^ input external delay
     2    0.004557    0.070000    0.000000    5.440000 ^ wbs_adr_i[18] (in)
                                                         wbs_adr_i[18] (net)
                      0.070211    0.000103    5.440103 ^ input88/A (sky130_fd_sc_hd__clkbuf_1)
     1    0.004487    0.046311    0.065510    5.505613 ^ input88/X (sky130_fd_sc_hd__clkbuf_1)
                                                         net88 (net)
                      0.046313    0.000310    5.505923 ^ _045_/D (sky130_fd_sc_hd__or4_2)
     3    0.023421    0.091609    0.118471    5.624394 ^ _045_/X (sky130_fd_sc_hd__or4_2)
                                                         _036_ (net)
                      0.091810    0.003392    5.627786 ^ _048_/B (sky130_fd_sc_hd__nor4_1)
     1    0.008044    0.032053    0.053339    5.681126 v _048_/Y (sky130_fd_sc_hd__nor4_1)
                                                         _039_ (net)
                      0.032076    0.000659    5.681785 v hold4/A (sky130_fd_sc_hd__dlygate4sd3_1)
     1    0.007895    0.056107    0.374196    6.055981 v hold4/X (sky130_fd_sc_hd__dlygate4sd3_1)
                                                         net278 (net)
                      0.056107    0.000629    6.056610 v wire262/A (sky130_fd_sc_hd__buf_2)
     1    0.011724    0.030932    0.095125    6.151734 v wire262/X (sky130_fd_sc_hd__buf_2)
                                                         net262 (net)
                      0.030983    0.001085    6.152820 v hold5/A (sky130_fd_sc_hd__dlygate4sd3_1)
     7    0.057971    0.203643    0.506365    6.659184 v hold5/X (sky130_fd_sc_hd__dlygate4sd3_1)
                                                         net279 (net)
                      0.204114    0.008400    6.667584 v fanout261/A (sky130_fd_sc_hd__buf_4)
    33    0.126751    0.116063    0.218011    6.885595 v fanout261/X (sky130_fd_sc_hd__buf_4)
                                                         net261 (net)
                      0.136106    0.035790    6.921385 v _098_/C (sky130_fd_sc_hd__and3_1)
     1    0.002867    0.025025    0.149276    7.070661 v _098_/X (sky130_fd_sc_hd__and3_1)
                                                         _023_ (net)
                      0.025025    0.000188    7.070849 v _131_/D (sky130_fd_sc_hd__dfrtp_4)
                                              7.070849   data arrival time

                                  0.000000    0.000000   clock clk (rise edge)
                                  5.570000    5.570000   clock source latency
     2    0.032446    0.610000    0.000000    5.570000 ^ clk (in)
                                                         clk (net)
                      0.618574    0.004394    5.574394 ^ wire3/A (sky130_fd_sc_hd__buf_4)
     3    0.045969    0.105597    0.157226    5.731621 ^ wire3/X (sky130_fd_sc_hd__buf_4)
                                                         net274 (net)
                      0.106918    0.009571    5.741192 ^ wire2/A (sky130_fd_sc_hd__buf_6)
     3    0.079048    0.121446    0.138992    5.880185 ^ wire2/X (sky130_fd_sc_hd__buf_6)
                                                         net273 (net)
                      0.128002    0.022355    5.902540 ^ wire1/A (sky130_fd_sc_hd__buf_6)
     3    0.081406    0.124044    0.143454    6.045994 ^ wire1/X (sky130_fd_sc_hd__buf_6)
                                                         net272 (net)
                      0.131193    0.023534    6.069527 ^ clkbuf_0_clk/A (sky130_fd_sc_hd__clkbuf_16)
     9    0.100903    0.091017    0.155330    6.224857 ^ clkbuf_0_clk/X (sky130_fd_sc_hd__clkbuf_16)
                                                         clknet_0_clk (net)
                      0.093416    0.011925    6.236782 ^ clkbuf_2_1__f_clk/A (sky130_fd_sc_hd__clkbuf_16)
    21    0.087351    0.080642    0.134370    6.371152 ^ clkbuf_2_1__f_clk/X (sky130_fd_sc_hd__clkbuf_16)
                                                         clknet_2_1__leaf_clk (net)
                      0.088572    0.019955    6.391107 ^ _131_/CLK (sky130_fd_sc_hd__dfrtp_4)
                                  0.087500    6.478607   clock uncertainty
                                  0.000000    6.478607   clock reconvergence pessimism
                                 -0.020751    6.457855   library hold time
                                              6.457855   data required time
---------------------------------------------------------------------------------------------
                                              6.457855   data required time
                                             -7.070849   data arrival time
---------------------------------------------------------------------------------------------
                                              0.612994   slack (MET)


Startpoint: wbs_adr_i[18] (input port clocked by clk)
Endpoint: _152_ (rising edge-triggered flip-flop clocked by clk)
Path Group: clk
Path Type: min

Fanout         Cap        Slew       Delay        Time   Description
---------------------------------------------------------------------------------------------
                                  0.000000    0.000000   clock clk (rise edge)
                                  4.650000    4.650000   clock network delay (propagated)
                                  0.790000    5.440000 ^ input external delay
     2    0.004557    0.070000    0.000000    5.440000 ^ wbs_adr_i[18] (in)
                                                         wbs_adr_i[18] (net)
                      0.070211    0.000103    5.440103 ^ input88/A (sky130_fd_sc_hd__clkbuf_1)
     1    0.004487    0.046311    0.065510    5.505613 ^ input88/X (sky130_fd_sc_hd__clkbuf_1)
                                                         net88 (net)
                      0.046313    0.000310    5.505923 ^ _045_/D (sky130_fd_sc_hd__or4_2)
     3    0.023421    0.091609    0.118471    5.624394 ^ _045_/X (sky130_fd_sc_hd__or4_2)
                                                         _036_ (net)
                      0.091810    0.003392    5.627786 ^ _048_/B (sky130_fd_sc_hd__nor4_1)
     1    0.008044    0.032053    0.053339    5.681126 v _048_/Y (sky130_fd_sc_hd__nor4_1)
                                                         _039_ (net)
                      0.032076    0.000659    5.681785 v hold4/A (sky130_fd_sc_hd__dlygate4sd3_1)
     1    0.007895    0.056107    0.374196    6.055981 v hold4/X (sky130_fd_sc_hd__dlygate4sd3_1)
                                                         net278 (net)
                      0.056107    0.000629    6.056610 v wire262/A (sky130_fd_sc_hd__buf_2)
     1    0.011724    0.030932    0.095125    6.151734 v wire262/X (sky130_fd_sc_hd__buf_2)
                                                         net262 (net)
                      0.030983    0.001085    6.152820 v hold5/A (sky130_fd_sc_hd__dlygate4sd3_1)
     7    0.057971    0.203643    0.506365    6.659184 v hold5/X (sky130_fd_sc_hd__dlygate4sd3_1)
                                                         net279 (net)
                      0.203734    0.004049    6.663233 v fanout260/A (sky130_fd_sc_hd__buf_4)
    33    0.121458    0.112460    0.220576    6.883809 v fanout260/X (sky130_fd_sc_hd__buf_4)
                                                         net260 (net)
                      0.122646    0.025373    6.909182 v _119_/C (sky130_fd_sc_hd__and3_1)
     1    0.003934    0.029758    0.148743    7.057925 v _119_/X (sky130_fd_sc_hd__and3_1)
                                                         _016_ (net)
                      0.029758    0.000244    7.058168 v _152_/D (sky130_fd_sc_hd__dfrtp_4)
                                              7.058168   data arrival time

                                  0.000000    0.000000   clock clk (rise edge)
                                  5.570000    5.570000   clock source latency
     2    0.032446    0.610000    0.000000    5.570000 ^ clk (in)
                                                         clk (net)
                      0.618574    0.004394    5.574394 ^ wire3/A (sky130_fd_sc_hd__buf_4)
     3    0.045969    0.105597    0.157226    5.731621 ^ wire3/X (sky130_fd_sc_hd__buf_4)
                                                         net274 (net)
                      0.106918    0.009571    5.741192 ^ wire2/A (sky130_fd_sc_hd__buf_6)
     3    0.079048    0.121446    0.138992    5.880185 ^ wire2/X (sky130_fd_sc_hd__buf_6)
                                                         net273 (net)
                      0.128002    0.022355    5.902540 ^ wire1/A (sky130_fd_sc_hd__buf_6)
     3    0.081406    0.124044    0.143454    6.045994 ^ wire1/X (sky130_fd_sc_hd__buf_6)
                                                         net272 (net)
                      0.131193    0.023534    6.069527 ^ clkbuf_0_clk/A (sky130_fd_sc_hd__clkbuf_16)
     9    0.100903    0.091017    0.155330    6.224857 ^ clkbuf_0_clk/X (sky130_fd_sc_hd__clkbuf_16)
                                                         clknet_0_clk (net)
                      0.092843    0.010413    6.235270 ^ clkbuf_2_3__f_clk/A (sky130_fd_sc_hd__clkbuf_16)
    21    0.073640    0.070173    0.127728    6.362998 ^ clkbuf_2_3__f_clk/X (sky130_fd_sc_hd__clkbuf_16)
                                                         clknet_2_3__leaf_clk (net)
                      0.077086    0.017298    6.380296 ^ _152_/CLK (sky130_fd_sc_hd__dfrtp_4)
                                  0.087500    6.467796   clock uncertainty
                                  0.000000    6.467796   clock reconvergence pessimism
                                 -0.023408    6.444387   library hold time
                                              6.444387   data required time
---------------------------------------------------------------------------------------------
                                              6.444387   data required time
                                             -7.058168   data arrival time
---------------------------------------------------------------------------------------------
                                              0.613781   slack (MET)


Startpoint: wbs_adr_i[18] (input port clocked by clk)
Endpoint: _138_ (rising edge-triggered flip-flop clocked by clk)
Path Group: clk
Path Type: min

Fanout         Cap        Slew       Delay        Time   Description
---------------------------------------------------------------------------------------------
                                  0.000000    0.000000   clock clk (rise edge)
                                  4.650000    4.650000   clock network delay (propagated)
                                  0.790000    5.440000 ^ input external delay
     2    0.004557    0.070000    0.000000    5.440000 ^ wbs_adr_i[18] (in)
                                                         wbs_adr_i[18] (net)
                      0.070211    0.000103    5.440103 ^ input88/A (sky130_fd_sc_hd__clkbuf_1)
     1    0.004487    0.046311    0.065510    5.505613 ^ input88/X (sky130_fd_sc_hd__clkbuf_1)
                                                         net88 (net)
                      0.046313    0.000310    5.505923 ^ _045_/D (sky130_fd_sc_hd__or4_2)
     3    0.023421    0.091609    0.118471    5.624394 ^ _045_/X (sky130_fd_sc_hd__or4_2)
                                                         _036_ (net)
                      0.091810    0.003392    5.627786 ^ _048_/B (sky130_fd_sc_hd__nor4_1)
     1    0.008044    0.032053    0.053339    5.681126 v _048_/Y (sky130_fd_sc_hd__nor4_1)
                                                         _039_ (net)
                      0.032076    0.000659    5.681785 v hold4/A (sky130_fd_sc_hd__dlygate4sd3_1)
     1    0.007895    0.056107    0.374196    6.055981 v hold4/X (sky130_fd_sc_hd__dlygate4sd3_1)
                                                         net278 (net)
                      0.056107    0.000629    6.056610 v wire262/A (sky130_fd_sc_hd__buf_2)
     1    0.011724    0.030932    0.095125    6.151734 v wire262/X (sky130_fd_sc_hd__buf_2)
                                                         net262 (net)
                      0.030983    0.001085    6.152820 v hold5/A (sky130_fd_sc_hd__dlygate4sd3_1)
     7    0.057971    0.203643    0.506365    6.659184 v hold5/X (sky130_fd_sc_hd__dlygate4sd3_1)
                                                         net279 (net)
                      0.204114    0.008400    6.667584 v fanout261/A (sky130_fd_sc_hd__buf_4)
    33    0.126751    0.116063    0.218011    6.885595 v fanout261/X (sky130_fd_sc_hd__buf_4)
                                                         net261 (net)
                      0.135006    0.034697    6.920292 v _105_/C (sky130_fd_sc_hd__and3_1)
     1    0.003112    0.025837    0.149991    7.070283 v _105_/X (sky130_fd_sc_hd__and3_1)
                                                         _032_ (net)
                      0.025837    0.000195    7.070478 v _138_/D (sky130_fd_sc_hd__dfrtp_4)
                                              7.070478   data arrival time

                                  0.000000    0.000000   clock clk (rise edge)
                                  5.570000    5.570000   clock source latency
     2    0.032446    0.610000    0.000000    5.570000 ^ clk (in)
                                                         clk (net)
                      0.618574    0.004394    5.574394 ^ wire3/A (sky130_fd_sc_hd__buf_4)
     3    0.045969    0.105597    0.157226    5.731621 ^ wire3/X (sky130_fd_sc_hd__buf_4)
                                                         net274 (net)
                      0.106918    0.009571    5.741192 ^ wire2/A (sky130_fd_sc_hd__buf_6)
     3    0.079048    0.121446    0.138992    5.880185 ^ wire2/X (sky130_fd_sc_hd__buf_6)
                                                         net273 (net)
                      0.128002    0.022355    5.902540 ^ wire1/A (sky130_fd_sc_hd__buf_6)
     3    0.081406    0.124044    0.143454    6.045994 ^ wire1/X (sky130_fd_sc_hd__buf_6)
                                                         net272 (net)
                      0.131193    0.023534    6.069527 ^ clkbuf_0_clk/A (sky130_fd_sc_hd__clkbuf_16)
     9    0.100903    0.091017    0.155330    6.224857 ^ clkbuf_0_clk/X (sky130_fd_sc_hd__clkbuf_16)
                                                         clknet_0_clk (net)
                      0.093416    0.011925    6.236782 ^ clkbuf_2_1__f_clk/A (sky130_fd_sc_hd__clkbuf_16)
    21    0.087351    0.080642    0.134370    6.371152 ^ clkbuf_2_1__f_clk/X (sky130_fd_sc_hd__clkbuf_16)
                                                         clknet_2_1__leaf_clk (net)
                      0.087635    0.018695    6.389847 ^ _138_/CLK (sky130_fd_sc_hd__dfrtp_4)
                                  0.087500    6.477347   clock uncertainty
                                  0.000000    6.477347   clock reconvergence pessimism
                                 -0.021106    6.456241   library hold time
                                              6.456241   data required time
---------------------------------------------------------------------------------------------
                                              6.456241   data required time
                                             -7.070478   data arrival time
---------------------------------------------------------------------------------------------
                                              0.614237   slack (MET)


Startpoint: wbs_adr_i[18] (input port clocked by clk)
Endpoint: _139_ (rising edge-triggered flip-flop clocked by clk)
Path Group: clk
Path Type: min

Fanout         Cap        Slew       Delay        Time   Description
---------------------------------------------------------------------------------------------
                                  0.000000    0.000000   clock clk (rise edge)
                                  4.650000    4.650000   clock network delay (propagated)
                                  0.790000    5.440000 ^ input external delay
     2    0.004557    0.070000    0.000000    5.440000 ^ wbs_adr_i[18] (in)
                                                         wbs_adr_i[18] (net)
                      0.070211    0.000103    5.440103 ^ input88/A (sky130_fd_sc_hd__clkbuf_1)
     1    0.004487    0.046311    0.065510    5.505613 ^ input88/X (sky130_fd_sc_hd__clkbuf_1)
                                                         net88 (net)
                      0.046313    0.000310    5.505923 ^ _045_/D (sky130_fd_sc_hd__or4_2)
     3    0.023421    0.091609    0.118471    5.624394 ^ _045_/X (sky130_fd_sc_hd__or4_2)
                                                         _036_ (net)
                      0.091810    0.003392    5.627786 ^ _048_/B (sky130_fd_sc_hd__nor4_1)
     1    0.008044    0.032053    0.053339    5.681126 v _048_/Y (sky130_fd_sc_hd__nor4_1)
                                                         _039_ (net)
                      0.032076    0.000659    5.681785 v hold4/A (sky130_fd_sc_hd__dlygate4sd3_1)
     1    0.007895    0.056107    0.374196    6.055981 v hold4/X (sky130_fd_sc_hd__dlygate4sd3_1)
                                                         net278 (net)
                      0.056107    0.000629    6.056610 v wire262/A (sky130_fd_sc_hd__buf_2)
     1    0.011724    0.030932    0.095125    6.151734 v wire262/X (sky130_fd_sc_hd__buf_2)
                                                         net262 (net)
                      0.030983    0.001085    6.152820 v hold5/A (sky130_fd_sc_hd__dlygate4sd3_1)
     7    0.057971    0.203643    0.506365    6.659184 v hold5/X (sky130_fd_sc_hd__dlygate4sd3_1)
                                                         net279 (net)
                      0.204114    0.008400    6.667584 v fanout261/A (sky130_fd_sc_hd__buf_4)
    33    0.126751    0.116063    0.218011    6.885595 v fanout261/X (sky130_fd_sc_hd__buf_4)
                                                         net261 (net)
                      0.133837    0.033519    6.919115 v _106_/C (sky130_fd_sc_hd__and3_1)
     1    0.003439    0.027273    0.151045    7.070159 v _106_/X (sky130_fd_sc_hd__and3_1)
                                                         _002_ (net)
                      0.027273    0.000220    7.070379 v _139_/D (sky130_fd_sc_hd__dfrtp_4)
                                              7.070379   data arrival time

                                  0.000000    0.000000   clock clk (rise edge)
                                  5.570000    5.570000   clock source latency
     2    0.032446    0.610000    0.000000    5.570000 ^ clk (in)
                                                         clk (net)
                      0.618574    0.004394    5.574394 ^ wire3/A (sky130_fd_sc_hd__buf_4)
     3    0.045969    0.105597    0.157226    5.731621 ^ wire3/X (sky130_fd_sc_hd__buf_4)
                                                         net274 (net)
                      0.106918    0.009571    5.741192 ^ wire2/A (sky130_fd_sc_hd__buf_6)
     3    0.079048    0.121446    0.138992    5.880185 ^ wire2/X (sky130_fd_sc_hd__buf_6)
                                                         net273 (net)
                      0.128002    0.022355    5.902540 ^ wire1/A (sky130_fd_sc_hd__buf_6)
     3    0.081406    0.124044    0.143454    6.045994 ^ wire1/X (sky130_fd_sc_hd__buf_6)
                                                         net272 (net)
                      0.131193    0.023534    6.069527 ^ clkbuf_0_clk/A (sky130_fd_sc_hd__clkbuf_16)
     9    0.100903    0.091017    0.155330    6.224857 ^ clkbuf_0_clk/X (sky130_fd_sc_hd__clkbuf_16)
                                                         clknet_0_clk (net)
                      0.093416    0.011925    6.236782 ^ clkbuf_2_1__f_clk/A (sky130_fd_sc_hd__clkbuf_16)
    21    0.087351    0.080642    0.134370    6.371152 ^ clkbuf_2_1__f_clk/X (sky130_fd_sc_hd__clkbuf_16)
                                                         clknet_2_1__leaf_clk (net)
                      0.086569    0.017172    6.388324 ^ _139_/CLK (sky130_fd_sc_hd__dfrtp_4)
                                  0.087500    6.475824   clock uncertainty
                                  0.000000    6.475824   clock reconvergence pessimism
                                 -0.021674    6.454150   library hold time
                                              6.454150   data required time
---------------------------------------------------------------------------------------------
                                              6.454150   data required time
                                             -7.070379   data arrival time
---------------------------------------------------------------------------------------------
                                              0.616229   slack (MET)


Startpoint: wbs_adr_i[18] (input port clocked by clk)
Endpoint: _130_ (rising edge-triggered flip-flop clocked by clk)
Path Group: clk
Path Type: min

Fanout         Cap        Slew       Delay        Time   Description
---------------------------------------------------------------------------------------------
                                  0.000000    0.000000   clock clk (rise edge)
                                  4.650000    4.650000   clock network delay (propagated)
                                  0.790000    5.440000 ^ input external delay
     2    0.004557    0.070000    0.000000    5.440000 ^ wbs_adr_i[18] (in)
                                                         wbs_adr_i[18] (net)
                      0.070211    0.000103    5.440103 ^ input88/A (sky130_fd_sc_hd__clkbuf_1)
     1    0.004487    0.046311    0.065510    5.505613 ^ input88/X (sky130_fd_sc_hd__clkbuf_1)
                                                         net88 (net)
                      0.046313    0.000310    5.505923 ^ _045_/D (sky130_fd_sc_hd__or4_2)
     3    0.023421    0.091609    0.118471    5.624394 ^ _045_/X (sky130_fd_sc_hd__or4_2)
                                                         _036_ (net)
                      0.091810    0.003392    5.627786 ^ _048_/B (sky130_fd_sc_hd__nor4_1)
     1    0.008044    0.032053    0.053339    5.681126 v _048_/Y (sky130_fd_sc_hd__nor4_1)
                                                         _039_ (net)
                      0.032076    0.000659    5.681785 v hold4/A (sky130_fd_sc_hd__dlygate4sd3_1)
     1    0.007895    0.056107    0.374196    6.055981 v hold4/X (sky130_fd_sc_hd__dlygate4sd3_1)
                                                         net278 (net)
                      0.056107    0.000629    6.056610 v wire262/A (sky130_fd_sc_hd__buf_2)
     1    0.011724    0.030932    0.095125    6.151734 v wire262/X (sky130_fd_sc_hd__buf_2)
                                                         net262 (net)
                      0.030983    0.001085    6.152820 v hold5/A (sky130_fd_sc_hd__dlygate4sd3_1)
     7    0.057971    0.203643    0.506365    6.659184 v hold5/X (sky130_fd_sc_hd__dlygate4sd3_1)
                                                         net279 (net)
                      0.204114    0.008400    6.667584 v fanout261/A (sky130_fd_sc_hd__buf_4)
    33    0.126751    0.116063    0.218011    6.885595 v fanout261/X (sky130_fd_sc_hd__buf_4)
                                                         net261 (net)
                      0.136064    0.035748    6.921344 v _097_/C (sky130_fd_sc_hd__and3_1)
     1    0.003578    0.027590    0.152546    7.073889 v _097_/X (sky130_fd_sc_hd__and3_1)
                                                         _012_ (net)
                      0.027590    0.000221    7.074110 v _130_/D (sky130_fd_sc_hd__dfrtp_4)
                                              7.074110   data arrival time

                                  0.000000    0.000000   clock clk (rise edge)
                                  5.570000    5.570000   clock source latency
     2    0.032446    0.610000    0.000000    5.570000 ^ clk (in)
                                                         clk (net)
                      0.618574    0.004394    5.574394 ^ wire3/A (sky130_fd_sc_hd__buf_4)
     3    0.045969    0.105597    0.157226    5.731621 ^ wire3/X (sky130_fd_sc_hd__buf_4)
                                                         net274 (net)
                      0.106918    0.009571    5.741192 ^ wire2/A (sky130_fd_sc_hd__buf_6)
     3    0.079048    0.121446    0.138992    5.880185 ^ wire2/X (sky130_fd_sc_hd__buf_6)
                                                         net273 (net)
                      0.128002    0.022355    5.902540 ^ wire1/A (sky130_fd_sc_hd__buf_6)
     3    0.081406    0.124044    0.143454    6.045994 ^ wire1/X (sky130_fd_sc_hd__buf_6)
                                                         net272 (net)
                      0.131193    0.023534    6.069527 ^ clkbuf_0_clk/A (sky130_fd_sc_hd__clkbuf_16)
     9    0.100903    0.091017    0.155330    6.224857 ^ clkbuf_0_clk/X (sky130_fd_sc_hd__clkbuf_16)
                                                         clknet_0_clk (net)
                      0.093416    0.011925    6.236782 ^ clkbuf_2_1__f_clk/A (sky130_fd_sc_hd__clkbuf_16)
    21    0.087351    0.080642    0.134370    6.371152 ^ clkbuf_2_1__f_clk/X (sky130_fd_sc_hd__clkbuf_16)
                                                         clknet_2_1__leaf_clk (net)
                      0.088581    0.019966    6.391118 ^ _130_/CLK (sky130_fd_sc_hd__dfrtp_4)
                                  0.087500    6.478618   clock uncertainty
                                  0.000000    6.478618   clock reconvergence pessimism
                                 -0.021578    6.457040   library hold time
                                              6.457040   data required time
---------------------------------------------------------------------------------------------
                                              6.457040   data required time
                                             -7.074110   data arrival time
---------------------------------------------------------------------------------------------
                                              0.617070   slack (MET)


Startpoint: wbs_adr_i[18] (input port clocked by clk)
Endpoint: _129_ (rising edge-triggered flip-flop clocked by clk)
Path Group: clk
Path Type: min

Fanout         Cap        Slew       Delay        Time   Description
---------------------------------------------------------------------------------------------
                                  0.000000    0.000000   clock clk (rise edge)
                                  4.650000    4.650000   clock network delay (propagated)
                                  0.790000    5.440000 ^ input external delay
     2    0.004557    0.070000    0.000000    5.440000 ^ wbs_adr_i[18] (in)
                                                         wbs_adr_i[18] (net)
                      0.070211    0.000103    5.440103 ^ input88/A (sky130_fd_sc_hd__clkbuf_1)
     1    0.004487    0.046311    0.065510    5.505613 ^ input88/X (sky130_fd_sc_hd__clkbuf_1)
                                                         net88 (net)
                      0.046313    0.000310    5.505923 ^ _045_/D (sky130_fd_sc_hd__or4_2)
     3    0.023421    0.091609    0.118471    5.624394 ^ _045_/X (sky130_fd_sc_hd__or4_2)
                                                         _036_ (net)
                      0.091810    0.003392    5.627786 ^ _048_/B (sky130_fd_sc_hd__nor4_1)
     1    0.008044    0.032053    0.053339    5.681126 v _048_/Y (sky130_fd_sc_hd__nor4_1)
                                                         _039_ (net)
                      0.032076    0.000659    5.681785 v hold4/A (sky130_fd_sc_hd__dlygate4sd3_1)
     1    0.007895    0.056107    0.374196    6.055981 v hold4/X (sky130_fd_sc_hd__dlygate4sd3_1)
                                                         net278 (net)
                      0.056107    0.000629    6.056610 v wire262/A (sky130_fd_sc_hd__buf_2)
     1    0.011724    0.030932    0.095125    6.151734 v wire262/X (sky130_fd_sc_hd__buf_2)
                                                         net262 (net)
                      0.030983    0.001085    6.152820 v hold5/A (sky130_fd_sc_hd__dlygate4sd3_1)
     7    0.057971    0.203643    0.506365    6.659184 v hold5/X (sky130_fd_sc_hd__dlygate4sd3_1)
                                                         net279 (net)
                      0.204114    0.008400    6.667584 v fanout261/A (sky130_fd_sc_hd__buf_4)
    33    0.126751    0.116063    0.218011    6.885595 v fanout261/X (sky130_fd_sc_hd__buf_4)
                                                         net261 (net)
                      0.134531    0.034221    6.919816 v _096_/C (sky130_fd_sc_hd__and3_1)
     1    0.003658    0.026867    0.152319    7.072135 v _096_/X (sky130_fd_sc_hd__and3_1)
                                                         _001_ (net)
                      0.026867    0.000242    7.072377 v _129_/D (sky130_fd_sc_hd__dfrtp_4)
                                              7.072377   data arrival time

                                  0.000000    0.000000   clock clk (rise edge)
                                  5.570000    5.570000   clock source latency
     2    0.032446    0.610000    0.000000    5.570000 ^ clk (in)
                                                         clk (net)
                      0.618574    0.004394    5.574394 ^ wire3/A (sky130_fd_sc_hd__buf_4)
     3    0.045969    0.105597    0.157226    5.731621 ^ wire3/X (sky130_fd_sc_hd__buf_4)
                                                         net274 (net)
                      0.106918    0.009571    5.741192 ^ wire2/A (sky130_fd_sc_hd__buf_6)
     3    0.079048    0.121446    0.138992    5.880185 ^ wire2/X (sky130_fd_sc_hd__buf_6)
                                                         net273 (net)
                      0.128002    0.022355    5.902540 ^ wire1/A (sky130_fd_sc_hd__buf_6)
     3    0.081406    0.124044    0.143454    6.045994 ^ wire1/X (sky130_fd_sc_hd__buf_6)
                                                         net272 (net)
                      0.131193    0.023534    6.069527 ^ clkbuf_0_clk/A (sky130_fd_sc_hd__clkbuf_16)
     9    0.100903    0.091017    0.155330    6.224857 ^ clkbuf_0_clk/X (sky130_fd_sc_hd__clkbuf_16)
                                                         clknet_0_clk (net)
                      0.093416    0.011925    6.236782 ^ clkbuf_2_1__f_clk/A (sky130_fd_sc_hd__clkbuf_16)
    21    0.087351    0.080642    0.134370    6.371152 ^ clkbuf_2_1__f_clk/X (sky130_fd_sc_hd__clkbuf_16)
                                                         clknet_2_1__leaf_clk (net)
                      0.086705    0.017373    6.388525 ^ _129_/CLK (sky130_fd_sc_hd__dfrtp_4)
                                  0.087500    6.476025   clock uncertainty
                                  0.000000    6.476025   clock reconvergence pessimism
                                 -0.021529    6.454496   library hold time
                                              6.454496   data required time
---------------------------------------------------------------------------------------------
                                              6.454496   data required time
                                             -7.072377   data arrival time
---------------------------------------------------------------------------------------------
                                              0.617881   slack (MET)


Startpoint: wbs_adr_i[18] (input port clocked by clk)
Endpoint: _132_ (rising edge-triggered flip-flop clocked by clk)
Path Group: clk
Path Type: min

Fanout         Cap        Slew       Delay        Time   Description
---------------------------------------------------------------------------------------------
                                  0.000000    0.000000   clock clk (rise edge)
                                  4.650000    4.650000   clock network delay (propagated)
                                  0.790000    5.440000 ^ input external delay
     2    0.004557    0.070000    0.000000    5.440000 ^ wbs_adr_i[18] (in)
                                                         wbs_adr_i[18] (net)
                      0.070211    0.000103    5.440103 ^ input88/A (sky130_fd_sc_hd__clkbuf_1)
     1    0.004487    0.046311    0.065510    5.505613 ^ input88/X (sky130_fd_sc_hd__clkbuf_1)
                                                         net88 (net)
                      0.046313    0.000310    5.505923 ^ _045_/D (sky130_fd_sc_hd__or4_2)
     3    0.023421    0.091609    0.118471    5.624394 ^ _045_/X (sky130_fd_sc_hd__or4_2)
                                                         _036_ (net)
                      0.091810    0.003392    5.627786 ^ _048_/B (sky130_fd_sc_hd__nor4_1)
     1    0.008044    0.032053    0.053339    5.681126 v _048_/Y (sky130_fd_sc_hd__nor4_1)
                                                         _039_ (net)
                      0.032076    0.000659    5.681785 v hold4/A (sky130_fd_sc_hd__dlygate4sd3_1)
     1    0.007895    0.056107    0.374196    6.055981 v hold4/X (sky130_fd_sc_hd__dlygate4sd3_1)
                                                         net278 (net)
                      0.056107    0.000629    6.056610 v wire262/A (sky130_fd_sc_hd__buf_2)
     1    0.011724    0.030932    0.095125    6.151734 v wire262/X (sky130_fd_sc_hd__buf_2)
                                                         net262 (net)
                      0.030983    0.001085    6.152820 v hold5/A (sky130_fd_sc_hd__dlygate4sd3_1)
     7    0.057971    0.203643    0.506365    6.659184 v hold5/X (sky130_fd_sc_hd__dlygate4sd3_1)
                                                         net279 (net)
                      0.204114    0.008400    6.667584 v fanout261/A (sky130_fd_sc_hd__buf_4)
    33    0.126751    0.116063    0.218011    6.885595 v fanout261/X (sky130_fd_sc_hd__buf_4)
                                                         net261 (net)
                      0.136625    0.036300    6.921896 v _099_/C (sky130_fd_sc_hd__and3_1)
     1    0.004250    0.028538    0.155155    7.077051 v _099_/X (sky130_fd_sc_hd__and3_1)
                                                         _026_ (net)
                      0.028555    0.000295    7.077346 v _132_/D (sky130_fd_sc_hd__dfrtp_4)
                                              7.077346   data arrival time

                                  0.000000    0.000000   clock clk (rise edge)
                                  5.570000    5.570000   clock source latency
     2    0.032446    0.610000    0.000000    5.570000 ^ clk (in)
                                                         clk (net)
                      0.618574    0.004394    5.574394 ^ wire3/A (sky130_fd_sc_hd__buf_4)
     3    0.045969    0.105597    0.157226    5.731621 ^ wire3/X (sky130_fd_sc_hd__buf_4)
                                                         net274 (net)
                      0.106918    0.009571    5.741192 ^ wire2/A (sky130_fd_sc_hd__buf_6)
     3    0.079048    0.121446    0.138992    5.880185 ^ wire2/X (sky130_fd_sc_hd__buf_6)
                                                         net273 (net)
                      0.128002    0.022355    5.902540 ^ wire1/A (sky130_fd_sc_hd__buf_6)
     3    0.081406    0.124044    0.143454    6.045994 ^ wire1/X (sky130_fd_sc_hd__buf_6)
                                                         net272 (net)
                      0.131193    0.023534    6.069527 ^ clkbuf_0_clk/A (sky130_fd_sc_hd__clkbuf_16)
     9    0.100903    0.091017    0.155330    6.224857 ^ clkbuf_0_clk/X (sky130_fd_sc_hd__clkbuf_16)
                                                         clknet_0_clk (net)
                      0.093416    0.011925    6.236782 ^ clkbuf_2_1__f_clk/A (sky130_fd_sc_hd__clkbuf_16)
    21    0.087351    0.080642    0.134370    6.371152 ^ clkbuf_2_1__f_clk/X (sky130_fd_sc_hd__clkbuf_16)
                                                         clknet_2_1__leaf_clk (net)
                      0.088611    0.020005    6.391158 ^ _132_/CLK (sky130_fd_sc_hd__dfrtp_4)
                                  0.087500    6.478657   clock uncertainty
                                  0.000000    6.478657   clock reconvergence pessimism
                                 -0.021886    6.456771   library hold time
                                              6.456771   data required time
---------------------------------------------------------------------------------------------
                                              6.456771   data required time
                                             -7.077346   data arrival time
---------------------------------------------------------------------------------------------
                                              0.620575   slack (MET)


Startpoint: wbs_adr_i[18] (input port clocked by clk)
Endpoint: _153_ (rising edge-triggered flip-flop clocked by clk)
Path Group: clk
Path Type: min

Fanout         Cap        Slew       Delay        Time   Description
---------------------------------------------------------------------------------------------
                                  0.000000    0.000000   clock clk (rise edge)
                                  4.650000    4.650000   clock network delay (propagated)
                                  0.790000    5.440000 ^ input external delay
     2    0.004557    0.070000    0.000000    5.440000 ^ wbs_adr_i[18] (in)
                                                         wbs_adr_i[18] (net)
                      0.070211    0.000103    5.440103 ^ input88/A (sky130_fd_sc_hd__clkbuf_1)
     1    0.004487    0.046311    0.065510    5.505613 ^ input88/X (sky130_fd_sc_hd__clkbuf_1)
                                                         net88 (net)
                      0.046313    0.000310    5.505923 ^ _045_/D (sky130_fd_sc_hd__or4_2)
     3    0.023421    0.091609    0.118471    5.624394 ^ _045_/X (sky130_fd_sc_hd__or4_2)
                                                         _036_ (net)
                      0.091810    0.003392    5.627786 ^ _048_/B (sky130_fd_sc_hd__nor4_1)
     1    0.008044    0.032053    0.053339    5.681126 v _048_/Y (sky130_fd_sc_hd__nor4_1)
                                                         _039_ (net)
                      0.032076    0.000659    5.681785 v hold4/A (sky130_fd_sc_hd__dlygate4sd3_1)
     1    0.007895    0.056107    0.374196    6.055981 v hold4/X (sky130_fd_sc_hd__dlygate4sd3_1)
                                                         net278 (net)
                      0.056107    0.000629    6.056610 v wire262/A (sky130_fd_sc_hd__buf_2)
     1    0.011724    0.030932    0.095125    6.151734 v wire262/X (sky130_fd_sc_hd__buf_2)
                                                         net262 (net)
                      0.030983    0.001085    6.152820 v hold5/A (sky130_fd_sc_hd__dlygate4sd3_1)
     7    0.057971    0.203643    0.506365    6.659184 v hold5/X (sky130_fd_sc_hd__dlygate4sd3_1)
                                                         net279 (net)
                      0.203734    0.004049    6.663233 v fanout260/A (sky130_fd_sc_hd__buf_4)
    33    0.121458    0.112460    0.220576    6.883809 v fanout260/X (sky130_fd_sc_hd__buf_4)
                                                         net260 (net)
                      0.122913    0.025704    6.909513 v _120_/C (sky130_fd_sc_hd__and3_1)
     1    0.005692    0.033846    0.154503    7.064016 v _120_/X (sky130_fd_sc_hd__and3_1)
                                                         _017_ (net)
                      0.033851    0.000425    7.064441 v _153_/D (sky130_fd_sc_hd__dfrtp_4)
                                              7.064441   data arrival time

                                  0.000000    0.000000   clock clk (rise edge)
                                  5.570000    5.570000   clock source latency
     2    0.032446    0.610000    0.000000    5.570000 ^ clk (in)
                                                         clk (net)
                      0.618574    0.004394    5.574394 ^ wire3/A (sky130_fd_sc_hd__buf_4)
     3    0.045969    0.105597    0.157226    5.731621 ^ wire3/X (sky130_fd_sc_hd__buf_4)
                                                         net274 (net)
                      0.106918    0.009571    5.741192 ^ wire2/A (sky130_fd_sc_hd__buf_6)
     3    0.079048    0.121446    0.138992    5.880185 ^ wire2/X (sky130_fd_sc_hd__buf_6)
                                                         net273 (net)
                      0.128002    0.022355    5.902540 ^ wire1/A (sky130_fd_sc_hd__buf_6)
     3    0.081406    0.124044    0.143454    6.045994 ^ wire1/X (sky130_fd_sc_hd__buf_6)
                                                         net272 (net)
                      0.131193    0.023534    6.069527 ^ clkbuf_0_clk/A (sky130_fd_sc_hd__clkbuf_16)
     9    0.100903    0.091017    0.155330    6.224857 ^ clkbuf_0_clk/X (sky130_fd_sc_hd__clkbuf_16)
                                                         clknet_0_clk (net)
                      0.092843    0.010413    6.235270 ^ clkbuf_2_3__f_clk/A (sky130_fd_sc_hd__clkbuf_16)
    21    0.073640    0.070173    0.127728    6.362998 ^ clkbuf_2_3__f_clk/X (sky130_fd_sc_hd__clkbuf_16)
                                                         clknet_2_3__leaf_clk (net)
                      0.076809    0.016928    6.379926 ^ _153_/CLK (sky130_fd_sc_hd__dfrtp_4)
                                  0.087500    6.467426   clock uncertainty
                                  0.000000    6.467426   clock reconvergence pessimism
                                 -0.024756    6.442670   library hold time
                                              6.442670   data required time
---------------------------------------------------------------------------------------------
                                              6.442670   data required time
                                             -7.064441   data arrival time
---------------------------------------------------------------------------------------------
                                              0.621772   slack (MET)


Startpoint: wbs_adr_i[18] (input port clocked by clk)
Endpoint: _133_ (rising edge-triggered flip-flop clocked by clk)
Path Group: clk
Path Type: min

Fanout         Cap        Slew       Delay        Time   Description
---------------------------------------------------------------------------------------------
                                  0.000000    0.000000   clock clk (rise edge)
                                  4.650000    4.650000   clock network delay (propagated)
                                  0.790000    5.440000 ^ input external delay
     2    0.004557    0.070000    0.000000    5.440000 ^ wbs_adr_i[18] (in)
                                                         wbs_adr_i[18] (net)
                      0.070211    0.000103    5.440103 ^ input88/A (sky130_fd_sc_hd__clkbuf_1)
     1    0.004487    0.046311    0.065510    5.505613 ^ input88/X (sky130_fd_sc_hd__clkbuf_1)
                                                         net88 (net)
                      0.046313    0.000310    5.505923 ^ _045_/D (sky130_fd_sc_hd__or4_2)
     3    0.023421    0.091609    0.118471    5.624394 ^ _045_/X (sky130_fd_sc_hd__or4_2)
                                                         _036_ (net)
                      0.091810    0.003392    5.627786 ^ _048_/B (sky130_fd_sc_hd__nor4_1)
     1    0.008044    0.032053    0.053339    5.681126 v _048_/Y (sky130_fd_sc_hd__nor4_1)
                                                         _039_ (net)
                      0.032076    0.000659    5.681785 v hold4/A (sky130_fd_sc_hd__dlygate4sd3_1)
     1    0.007895    0.056107    0.374196    6.055981 v hold4/X (sky130_fd_sc_hd__dlygate4sd3_1)
                                                         net278 (net)
                      0.056107    0.000629    6.056610 v wire262/A (sky130_fd_sc_hd__buf_2)
     1    0.011724    0.030932    0.095125    6.151734 v wire262/X (sky130_fd_sc_hd__buf_2)
                                                         net262 (net)
                      0.030983    0.001085    6.152820 v hold5/A (sky130_fd_sc_hd__dlygate4sd3_1)
     7    0.057971    0.203643    0.506365    6.659184 v hold5/X (sky130_fd_sc_hd__dlygate4sd3_1)
                                                         net279 (net)
                      0.204114    0.008400    6.667584 v fanout261/A (sky130_fd_sc_hd__buf_4)
    33    0.126751    0.116063    0.218011    6.885595 v fanout261/X (sky130_fd_sc_hd__buf_4)
                                                         net261 (net)
                      0.136641    0.036316    6.921911 v _100_/C (sky130_fd_sc_hd__and3_1)
     1    0.004690    0.031653    0.156594    7.078506 v _100_/X (sky130_fd_sc_hd__and3_1)
                                                         _027_ (net)
                      0.031672    0.000329    7.078834 v _133_/D (sky130_fd_sc_hd__dfrtp_4)
                                              7.078834   data arrival time

                                  0.000000    0.000000   clock clk (rise edge)
                                  5.570000    5.570000   clock source latency
     2    0.032446    0.610000    0.000000    5.570000 ^ clk (in)
                                                         clk (net)
                      0.618574    0.004394    5.574394 ^ wire3/A (sky130_fd_sc_hd__buf_4)
     3    0.045969    0.105597    0.157226    5.731621 ^ wire3/X (sky130_fd_sc_hd__buf_4)
                                                         net274 (net)
                      0.106918    0.009571    5.741192 ^ wire2/A (sky130_fd_sc_hd__buf_6)
     3    0.079048    0.121446    0.138992    5.880185 ^ wire2/X (sky130_fd_sc_hd__buf_6)
                                                         net273 (net)
                      0.128002    0.022355    5.902540 ^ wire1/A (sky130_fd_sc_hd__buf_6)
     3    0.081406    0.124044    0.143454    6.045994 ^ wire1/X (sky130_fd_sc_hd__buf_6)
                                                         net272 (net)
                      0.131193    0.023534    6.069527 ^ clkbuf_0_clk/A (sky130_fd_sc_hd__clkbuf_16)
     9    0.100903    0.091017    0.155330    6.224857 ^ clkbuf_0_clk/X (sky130_fd_sc_hd__clkbuf_16)
                                                         clknet_0_clk (net)
                      0.093416    0.011925    6.236782 ^ clkbuf_2_1__f_clk/A (sky130_fd_sc_hd__clkbuf_16)
    21    0.087351    0.080642    0.134370    6.371152 ^ clkbuf_2_1__f_clk/X (sky130_fd_sc_hd__clkbuf_16)
                                                         clknet_2_1__leaf_clk (net)
                      0.088677    0.020092    6.391244 ^ _133_/CLK (sky130_fd_sc_hd__dfrtp_4)
                                  0.087500    6.478744   clock uncertainty
                                  0.000000    6.478744   clock reconvergence pessimism
                                 -0.022885    6.455859   library hold time
                                              6.455859   data required time
---------------------------------------------------------------------------------------------
                                              6.455859   data required time
                                             -7.078834   data arrival time
---------------------------------------------------------------------------------------------
                                              0.622975   slack (MET)


Startpoint: wbs_adr_i[18] (input port clocked by clk)
Endpoint: _146_ (rising edge-triggered flip-flop clocked by clk)
Path Group: clk
Path Type: min

Fanout         Cap        Slew       Delay        Time   Description
---------------------------------------------------------------------------------------------
                                  0.000000    0.000000   clock clk (rise edge)
                                  4.650000    4.650000   clock network delay (propagated)
                                  0.790000    5.440000 ^ input external delay
     2    0.004557    0.070000    0.000000    5.440000 ^ wbs_adr_i[18] (in)
                                                         wbs_adr_i[18] (net)
                      0.070211    0.000103    5.440103 ^ input88/A (sky130_fd_sc_hd__clkbuf_1)
     1    0.004487    0.046311    0.065510    5.505613 ^ input88/X (sky130_fd_sc_hd__clkbuf_1)
                                                         net88 (net)
                      0.046313    0.000310    5.505923 ^ _045_/D (sky130_fd_sc_hd__or4_2)
     3    0.023421    0.091609    0.118471    5.624394 ^ _045_/X (sky130_fd_sc_hd__or4_2)
                                                         _036_ (net)
                      0.091810    0.003392    5.627786 ^ _048_/B (sky130_fd_sc_hd__nor4_1)
     1    0.008044    0.032053    0.053339    5.681126 v _048_/Y (sky130_fd_sc_hd__nor4_1)
                                                         _039_ (net)
                      0.032076    0.000659    5.681785 v hold4/A (sky130_fd_sc_hd__dlygate4sd3_1)
     1    0.007895    0.056107    0.374196    6.055981 v hold4/X (sky130_fd_sc_hd__dlygate4sd3_1)
                                                         net278 (net)
                      0.056107    0.000629    6.056610 v wire262/A (sky130_fd_sc_hd__buf_2)
     1    0.011724    0.030932    0.095125    6.151734 v wire262/X (sky130_fd_sc_hd__buf_2)
                                                         net262 (net)
                      0.030983    0.001085    6.152820 v hold5/A (sky130_fd_sc_hd__dlygate4sd3_1)
     7    0.057971    0.203643    0.506365    6.659184 v hold5/X (sky130_fd_sc_hd__dlygate4sd3_1)
                                                         net279 (net)
                      0.203665    0.002272    6.661456 v _113_/C (sky130_fd_sc_hd__and3_1)
     1    0.002510    0.024503    0.173453    6.834909 v _113_/X (sky130_fd_sc_hd__and3_1)
                                                         _009_ (net)
                      0.024504    0.000178    6.835087 v hold6/A (sky130_fd_sc_hd__dlygate4sd3_1)
     1    0.002444    0.036850    0.346374    7.181461 v hold6/X (sky130_fd_sc_hd__dlygate4sd3_1)
                                                         net280 (net)
                      0.036850    0.000166    7.181627 v _146_/D (sky130_fd_sc_hd__dfrtp_2)
                                              7.181627   data arrival time

                                  0.000000    0.000000   clock clk (rise edge)
                                  5.570000    5.570000   clock source latency
     2    0.032446    0.610000    0.000000    5.570000 ^ clk (in)
                                                         clk (net)
                      0.618574    0.004394    5.574394 ^ wire3/A (sky130_fd_sc_hd__buf_4)
     3    0.045969    0.105597    0.157226    5.731621 ^ wire3/X (sky130_fd_sc_hd__buf_4)
                                                         net274 (net)
                      0.106918    0.009571    5.741192 ^ wire2/A (sky130_fd_sc_hd__buf_6)
     3    0.079048    0.121446    0.138992    5.880185 ^ wire2/X (sky130_fd_sc_hd__buf_6)
                                                         net273 (net)
                      0.128002    0.022355    5.902540 ^ wire1/A (sky130_fd_sc_hd__buf_6)
     3    0.081406    0.124044    0.143454    6.045994 ^ wire1/X (sky130_fd_sc_hd__buf_6)
                                                         net272 (net)
                      0.131193    0.023534    6.069527 ^ clkbuf_0_clk/A (sky130_fd_sc_hd__clkbuf_16)
     9    0.100903    0.091017    0.155330    6.224857 ^ clkbuf_0_clk/X (sky130_fd_sc_hd__clkbuf_16)
                                                         clknet_0_clk (net)
                      0.092843    0.010413    6.235270 ^ clkbuf_2_3__f_clk/A (sky130_fd_sc_hd__clkbuf_16)
    21    0.073640    0.070173    0.127728    6.362998 ^ clkbuf_2_3__f_clk/X (sky130_fd_sc_hd__clkbuf_16)
                                                         clknet_2_3__leaf_clk (net)
                      0.071020    0.006166    6.369164 ^ _146_/CLK (sky130_fd_sc_hd__dfrtp_2)
                                  0.087500    6.456664   clock uncertainty
                                  0.000000    6.456664   clock reconvergence pessimism
                                 -0.027303    6.429361   library hold time
                                              6.429361   data required time
---------------------------------------------------------------------------------------------
                                              6.429361   data required time
                                             -7.181627   data arrival time
---------------------------------------------------------------------------------------------
                                              0.752266   slack (MET)


Startpoint: wbs_stb_i (input port clocked by clk)
Endpoint: _128_ (rising edge-triggered flip-flop clocked by clk)
Path Group: clk
Path Type: min

Fanout         Cap        Slew       Delay        Time   Description
---------------------------------------------------------------------------------------------
                                  0.000000    0.000000   clock clk (rise edge)
                                  4.650000    4.650000   clock network delay (propagated)
                                  1.860000    6.510000 ^ input external delay
     2    0.006982    0.150000    0.000000    6.510000 ^ wbs_stb_i (in)
                                                         wbs_stb_i (net)
                      0.150351    0.000171    6.510171 ^ input147/A (sky130_fd_sc_hd__buf_6)
     3    0.175564    0.230264    0.153343    6.663514 ^ input147/X (sky130_fd_sc_hd__buf_6)
                                                         net147 (net)
                      0.370511    0.141247    6.804760 ^ _041_/B (sky130_fd_sc_hd__and2_4)
     5    0.088165    0.192460    0.220365    7.025125 ^ _041_/X (sky130_fd_sc_hd__and2_4)
                                                         _000_ (net)
                      0.192702    0.005950    7.031075 ^ hold194/A (sky130_fd_sc_hd__dlygate4sd3_1)
     1    0.002921    0.037977    0.382134    7.413210 ^ hold194/X (sky130_fd_sc_hd__dlygate4sd3_1)
                                                         net468 (net)
                      0.037977    0.000188    7.413398 ^ _128_/D (sky130_fd_sc_hd__dfrtp_4)
                                              7.413398   data arrival time

                                  0.000000    0.000000   clock clk (rise edge)
                                  5.570000    5.570000   clock source latency
     2    0.032446    0.610000    0.000000    5.570000 ^ clk (in)
                                                         clk (net)
                      0.618574    0.004394    5.574394 ^ wire3/A (sky130_fd_sc_hd__buf_4)
     3    0.045969    0.105597    0.157226    5.731621 ^ wire3/X (sky130_fd_sc_hd__buf_4)
                                                         net274 (net)
                      0.106918    0.009571    5.741192 ^ wire2/A (sky130_fd_sc_hd__buf_6)
     3    0.079048    0.121446    0.138992    5.880185 ^ wire2/X (sky130_fd_sc_hd__buf_6)
                                                         net273 (net)
                      0.128002    0.022355    5.902540 ^ wire1/A (sky130_fd_sc_hd__buf_6)
     3    0.081406    0.124044    0.143454    6.045994 ^ wire1/X (sky130_fd_sc_hd__buf_6)
                                                         net272 (net)
                      0.131193    0.023534    6.069527 ^ clkbuf_0_clk/A (sky130_fd_sc_hd__clkbuf_16)
     9    0.100903    0.091017    0.155330    6.224857 ^ clkbuf_0_clk/X (sky130_fd_sc_hd__clkbuf_16)
                                                         clknet_0_clk (net)
                      0.093416    0.011925    6.236782 ^ clkbuf_2_1__f_clk/A (sky130_fd_sc_hd__clkbuf_16)
    21    0.087351    0.080642    0.134370    6.371152 ^ clkbuf_2_1__f_clk/X (sky130_fd_sc_hd__clkbuf_16)
                                                         clknet_2_1__leaf_clk (net)
                      0.084273    0.013428    6.384580 ^ _128_/CLK (sky130_fd_sc_hd__dfrtp_4)
                                  0.087500    6.472080   clock uncertainty
                                  0.000000    6.472080   clock reconvergence pessimism
                                 -0.018904    6.453176   library hold time
                                              6.453176   data required time
---------------------------------------------------------------------------------------------
                                              6.453176   data required time
                                             -7.413398   data arrival time
---------------------------------------------------------------------------------------------
                                              0.960222   slack (MET)


Startpoint: _146_ (rising edge-triggered flip-flop clocked by clk)
Endpoint: wbs_dat_o[17] (output port clocked by clk)
Path Group: clk
Path Type: min

Fanout         Cap        Slew       Delay        Time   Description
---------------------------------------------------------------------------------------------
                                  0.000000    0.000000   clock clk (rise edge)
                                  4.650000    4.650000   clock source latency
     2    0.032446    0.610000    0.000000    4.650000 ^ clk (in)
                                                         clk (net)
                      0.618574    0.004180    4.654180 ^ wire3/A (sky130_fd_sc_hd__buf_4)
     3    0.045969    0.105597    0.149557    4.803737 ^ wire3/X (sky130_fd_sc_hd__buf_4)
                                                         net274 (net)
                      0.106918    0.009104    4.812841 ^ wire2/A (sky130_fd_sc_hd__buf_6)
     3    0.079048    0.121446    0.132212    4.945054 ^ wire2/X (sky130_fd_sc_hd__buf_6)
                                                         net273 (net)
                      0.128002    0.021264    4.966318 ^ wire1/A (sky130_fd_sc_hd__buf_6)
     3    0.081406    0.124044    0.136457    5.102774 ^ wire1/X (sky130_fd_sc_hd__buf_6)
                                                         net272 (net)
                      0.131193    0.022386    5.125160 ^ clkbuf_0_clk/A (sky130_fd_sc_hd__clkbuf_16)
     9    0.100903    0.091017    0.147752    5.272913 ^ clkbuf_0_clk/X (sky130_fd_sc_hd__clkbuf_16)
                                                         clknet_0_clk (net)
                      0.092843    0.009905    5.282818 ^ clkbuf_2_3__f_clk/A (sky130_fd_sc_hd__clkbuf_16)
    21    0.073640    0.070173    0.121497    5.404315 ^ clkbuf_2_3__f_clk/X (sky130_fd_sc_hd__clkbuf_16)
                                                         clknet_2_3__leaf_clk (net)
                      0.071020    0.005865    5.410180 ^ _146_/CLK (sky130_fd_sc_hd__dfrtp_2)
     3    0.028696    0.071445    0.290878    5.701057 v _146_/Q (sky130_fd_sc_hd__dfrtp_2)
                                                         net236 (net)
                      0.071823    0.004376    5.705433 v output236/A (sky130_fd_sc_hd__buf_12)
     1    0.191017    0.078486    0.141291    5.846724 v output236/X (sky130_fd_sc_hd__buf_12)
                                                         wbs_dat_o[17] (net)
                      0.080066    0.008721    5.855445 v wbs_dat_o[17] (out)
                                              5.855445   data arrival time

                                  0.000000    0.000000   clock clk (rise edge)
                                  5.570000    5.570000   clock network delay (propagated)
                                  0.087500    5.657500   clock uncertainty
                                  0.000000    5.657500   clock reconvergence pessimism
                                 -1.130000    4.527500   output external delay
                                              4.527500   data required time
---------------------------------------------------------------------------------------------
                                              4.527500   data required time
                                             -5.855445   data arrival time
---------------------------------------------------------------------------------------------
                                              1.327945   slack (MET)


Startpoint: _141_ (rising edge-triggered flip-flop clocked by clk)
Endpoint: wbs_dat_o[12] (output port clocked by clk)
Path Group: clk
Path Type: min

Fanout         Cap        Slew       Delay        Time   Description
---------------------------------------------------------------------------------------------
                                  0.000000    0.000000   clock clk (rise edge)
                                  4.650000    4.650000   clock source latency
     2    0.032446    0.610000    0.000000    4.650000 ^ clk (in)
                                                         clk (net)
                      0.618574    0.004180    4.654180 ^ wire3/A (sky130_fd_sc_hd__buf_4)
     3    0.045969    0.105597    0.149557    4.803737 ^ wire3/X (sky130_fd_sc_hd__buf_4)
                                                         net274 (net)
                      0.106918    0.009104    4.812841 ^ wire2/A (sky130_fd_sc_hd__buf_6)
     3    0.079048    0.121446    0.132212    4.945054 ^ wire2/X (sky130_fd_sc_hd__buf_6)
                                                         net273 (net)
                      0.128002    0.021264    4.966318 ^ wire1/A (sky130_fd_sc_hd__buf_6)
     3    0.081406    0.124044    0.136457    5.102774 ^ wire1/X (sky130_fd_sc_hd__buf_6)
                                                         net272 (net)
                      0.131193    0.022386    5.125160 ^ clkbuf_0_clk/A (sky130_fd_sc_hd__clkbuf_16)
     9    0.100903    0.091017    0.147752    5.272913 ^ clkbuf_0_clk/X (sky130_fd_sc_hd__clkbuf_16)
                                                         clknet_0_clk (net)
                      0.093550    0.011656    5.284568 ^ clkbuf_2_0__f_clk/A (sky130_fd_sc_hd__clkbuf_16)
    17    0.098861    0.089437    0.136128    5.420696 ^ clkbuf_2_0__f_clk/X (sky130_fd_sc_hd__clkbuf_16)
                                                         clknet_2_0__leaf_clk (net)
                      0.090565    0.007799    5.428495 ^ _141_/CLK (sky130_fd_sc_hd__dfrtp_2)
     3    0.026759    0.068189    0.293010    5.721505 v _141_/Q (sky130_fd_sc_hd__dfrtp_2)
                                                         net231 (net)
                      0.068511    0.003949    5.725454 v output231/A (sky130_fd_sc_hd__buf_12)
     1    0.191535    0.078887    0.139465    5.864919 v output231/X (sky130_fd_sc_hd__buf_12)
                                                         wbs_dat_o[12] (net)
                      0.080737    0.009423    5.874342 v wbs_dat_o[12] (out)
                                              5.874342   data arrival time

                                  0.000000    0.000000   clock clk (rise edge)
                                  5.570000    5.570000   clock network delay (propagated)
                                  0.087500    5.657500   clock uncertainty
                                  0.000000    5.657500   clock reconvergence pessimism
                                 -1.130000    4.527500   output external delay
                                              4.527500   data required time
---------------------------------------------------------------------------------------------
                                              4.527500   data required time
                                             -5.874342   data arrival time
---------------------------------------------------------------------------------------------
                                              1.346842   slack (MET)


Startpoint: _140_ (rising edge-triggered flip-flop clocked by clk)
Endpoint: wbs_dat_o[11] (output port clocked by clk)
Path Group: clk
Path Type: min

Fanout         Cap        Slew       Delay        Time   Description
---------------------------------------------------------------------------------------------
                                  0.000000    0.000000   clock clk (rise edge)
                                  4.650000    4.650000   clock source latency
     2    0.032446    0.610000    0.000000    4.650000 ^ clk (in)
                                                         clk (net)
                      0.618574    0.004180    4.654180 ^ wire3/A (sky130_fd_sc_hd__buf_4)
     3    0.045969    0.105597    0.149557    4.803737 ^ wire3/X (sky130_fd_sc_hd__buf_4)
                                                         net274 (net)
                      0.106918    0.009104    4.812841 ^ wire2/A (sky130_fd_sc_hd__buf_6)
     3    0.079048    0.121446    0.132212    4.945054 ^ wire2/X (sky130_fd_sc_hd__buf_6)
                                                         net273 (net)
                      0.128002    0.021264    4.966318 ^ wire1/A (sky130_fd_sc_hd__buf_6)
     3    0.081406    0.124044    0.136457    5.102774 ^ wire1/X (sky130_fd_sc_hd__buf_6)
                                                         net272 (net)
                      0.131193    0.022386    5.125160 ^ clkbuf_0_clk/A (sky130_fd_sc_hd__clkbuf_16)
     9    0.100903    0.091017    0.147752    5.272913 ^ clkbuf_0_clk/X (sky130_fd_sc_hd__clkbuf_16)
                                                         clknet_0_clk (net)
                      0.093416    0.011344    5.284256 ^ clkbuf_2_1__f_clk/A (sky130_fd_sc_hd__clkbuf_16)
    21    0.087351    0.080642    0.127816    5.412072 ^ clkbuf_2_1__f_clk/X (sky130_fd_sc_hd__clkbuf_16)
                                                         clknet_2_1__leaf_clk (net)
                      0.084884    0.013798    5.425869 ^ _140_/CLK (sky130_fd_sc_hd__dfrtp_2)
     3    0.028585    0.071517    0.293728    5.719598 v _140_/Q (sky130_fd_sc_hd__dfrtp_2)
                                                         net230 (net)
                      0.072044    0.005090    5.724688 v output230/A (sky130_fd_sc_hd__buf_12)
     1    0.190990    0.078478    0.141378    5.866066 v output230/X (sky130_fd_sc_hd__buf_12)
                                                         wbs_dat_o[11] (net)
                      0.080058    0.008720    5.874786 v wbs_dat_o[11] (out)
                                              5.874786   data arrival time

                                  0.000000    0.000000   clock clk (rise edge)
                                  5.570000    5.570000   clock network delay (propagated)
                                  0.087500    5.657500   clock uncertainty
                                  0.000000    5.657500   clock reconvergence pessimism
                                 -1.130000    4.527500   output external delay
                                              4.527500   data required time
---------------------------------------------------------------------------------------------
                                              4.527500   data required time
                                             -5.874786   data arrival time
---------------------------------------------------------------------------------------------
                                              1.347286   slack (MET)


Startpoint: _144_ (rising edge-triggered flip-flop clocked by clk)
Endpoint: wbs_dat_o[15] (output port clocked by clk)
Path Group: clk
Path Type: min

Fanout         Cap        Slew       Delay        Time   Description
---------------------------------------------------------------------------------------------
                                  0.000000    0.000000   clock clk (rise edge)
                                  4.650000    4.650000   clock source latency
     2    0.032446    0.610000    0.000000    4.650000 ^ clk (in)
                                                         clk (net)
                      0.618574    0.004180    4.654180 ^ wire3/A (sky130_fd_sc_hd__buf_4)
     3    0.045969    0.105597    0.149557    4.803737 ^ wire3/X (sky130_fd_sc_hd__buf_4)
                                                         net274 (net)
                      0.106918    0.009104    4.812841 ^ wire2/A (sky130_fd_sc_hd__buf_6)
     3    0.079048    0.121446    0.132212    4.945054 ^ wire2/X (sky130_fd_sc_hd__buf_6)
                                                         net273 (net)
                      0.128002    0.021264    4.966318 ^ wire1/A (sky130_fd_sc_hd__buf_6)
     3    0.081406    0.124044    0.136457    5.102774 ^ wire1/X (sky130_fd_sc_hd__buf_6)
                                                         net272 (net)
                      0.131193    0.022386    5.125160 ^ clkbuf_0_clk/A (sky130_fd_sc_hd__clkbuf_16)
     9    0.100903    0.091017    0.147752    5.272913 ^ clkbuf_0_clk/X (sky130_fd_sc_hd__clkbuf_16)
                                                         clknet_0_clk (net)
                      0.092845    0.009909    5.282821 ^ clkbuf_2_2__f_clk/A (sky130_fd_sc_hd__clkbuf_16)
    17    0.096271    0.087449    0.134878    5.417699 ^ clkbuf_2_2__f_clk/X (sky130_fd_sc_hd__clkbuf_16)
                                                         clknet_2_2__leaf_clk (net)
                      0.089486    0.010201    5.427900 ^ _144_/CLK (sky130_fd_sc_hd__dfrtp_2)
     3    0.028155    0.070517    0.294815    5.722716 v _144_/Q (sky130_fd_sc_hd__dfrtp_2)
                                                         net234 (net)
                      0.070866    0.004183    5.726899 v output234/A (sky130_fd_sc_hd__buf_12)
     1    0.191017    0.078484    0.140888    5.867786 v output234/X (sky130_fd_sc_hd__buf_12)
                                                         wbs_dat_o[15] (net)
                      0.080064    0.008721    5.876507 v wbs_dat_o[15] (out)
                                              5.876507   data arrival time

                                  0.000000    0.000000   clock clk (rise edge)
                                  5.570000    5.570000   clock network delay (propagated)
                                  0.087500    5.657500   clock uncertainty
                                  0.000000    5.657500   clock reconvergence pessimism
                                 -1.130000    4.527500   output external delay
                                              4.527500   data required time
---------------------------------------------------------------------------------------------
                                              4.527500   data required time
                                             -5.876507   data arrival time
---------------------------------------------------------------------------------------------
                                              1.349008   slack (MET)


Startpoint: _145_ (rising edge-triggered flip-flop clocked by clk)
Endpoint: wbs_dat_o[16] (output port clocked by clk)
Path Group: clk
Path Type: min

Fanout         Cap        Slew       Delay        Time   Description
---------------------------------------------------------------------------------------------
                                  0.000000    0.000000   clock clk (rise edge)
                                  4.650000    4.650000   clock source latency
     2    0.032446    0.610000    0.000000    4.650000 ^ clk (in)
                                                         clk (net)
                      0.618574    0.004180    4.654180 ^ wire3/A (sky130_fd_sc_hd__buf_4)
     3    0.045969    0.105597    0.149557    4.803737 ^ wire3/X (sky130_fd_sc_hd__buf_4)
                                                         net274 (net)
                      0.106918    0.009104    4.812841 ^ wire2/A (sky130_fd_sc_hd__buf_6)
     3    0.079048    0.121446    0.132212    4.945054 ^ wire2/X (sky130_fd_sc_hd__buf_6)
                                                         net273 (net)
                      0.128002    0.021264    4.966318 ^ wire1/A (sky130_fd_sc_hd__buf_6)
     3    0.081406    0.124044    0.136457    5.102774 ^ wire1/X (sky130_fd_sc_hd__buf_6)
                                                         net272 (net)
                      0.131193    0.022386    5.125160 ^ clkbuf_0_clk/A (sky130_fd_sc_hd__clkbuf_16)
     9    0.100903    0.091017    0.147752    5.272913 ^ clkbuf_0_clk/X (sky130_fd_sc_hd__clkbuf_16)
                                                         clknet_0_clk (net)
                      0.092845    0.009909    5.282821 ^ clkbuf_2_2__f_clk/A (sky130_fd_sc_hd__clkbuf_16)
    17    0.096271    0.087449    0.134878    5.417699 ^ clkbuf_2_2__f_clk/X (sky130_fd_sc_hd__clkbuf_16)
                                                         clknet_2_2__leaf_clk (net)
                      0.088897    0.008655    5.426354 ^ _145_/CLK (sky130_fd_sc_hd__dfrtp_2)
     3    0.027111    0.068736    0.293179    5.719533 v _145_/Q (sky130_fd_sc_hd__dfrtp_2)
                                                         net235 (net)
                      0.069049    0.003926    5.723459 v output235/A (sky130_fd_sc_hd__buf_12)
     1    0.191447    0.082377    0.144707    5.868166 v output235/X (sky130_fd_sc_hd__buf_12)
                                                         wbs_dat_o[16] (net)
                      0.084057    0.009159    5.877326 v wbs_dat_o[16] (out)
                                              5.877326   data arrival time

                                  0.000000    0.000000   clock clk (rise edge)
                                  5.570000    5.570000   clock network delay (propagated)
                                  0.087500    5.657500   clock uncertainty
                                  0.000000    5.657500   clock reconvergence pessimism
                                 -1.130000    4.527500   output external delay
                                              4.527500   data required time
---------------------------------------------------------------------------------------------
                                              4.527500   data required time
                                             -5.877326   data arrival time
---------------------------------------------------------------------------------------------
                                              1.349826   slack (MET)


Startpoint: _147_ (rising edge-triggered flip-flop clocked by clk)
Endpoint: wbs_dat_o[18] (output port clocked by clk)
Path Group: clk
Path Type: min

Fanout         Cap        Slew       Delay        Time   Description
---------------------------------------------------------------------------------------------
                                  0.000000    0.000000   clock clk (rise edge)
                                  4.650000    4.650000   clock source latency
     2    0.032446    0.610000    0.000000    4.650000 ^ clk (in)
                                                         clk (net)
                      0.618574    0.004180    4.654180 ^ wire3/A (sky130_fd_sc_hd__buf_4)
     3    0.045969    0.105597    0.149557    4.803737 ^ wire3/X (sky130_fd_sc_hd__buf_4)
                                                         net274 (net)
                      0.106918    0.009104    4.812841 ^ wire2/A (sky130_fd_sc_hd__buf_6)
     3    0.079048    0.121446    0.132212    4.945054 ^ wire2/X (sky130_fd_sc_hd__buf_6)
                                                         net273 (net)
                      0.128002    0.021264    4.966318 ^ wire1/A (sky130_fd_sc_hd__buf_6)
     3    0.081406    0.124044    0.136457    5.102774 ^ wire1/X (sky130_fd_sc_hd__buf_6)
                                                         net272 (net)
                      0.131193    0.022386    5.125160 ^ clkbuf_0_clk/A (sky130_fd_sc_hd__clkbuf_16)
     9    0.100903    0.091017    0.147752    5.272913 ^ clkbuf_0_clk/X (sky130_fd_sc_hd__clkbuf_16)
                                                         clknet_0_clk (net)
                      0.092845    0.009909    5.282821 ^ clkbuf_2_2__f_clk/A (sky130_fd_sc_hd__clkbuf_16)
    17    0.096271    0.087449    0.134878    5.417699 ^ clkbuf_2_2__f_clk/X (sky130_fd_sc_hd__clkbuf_16)
                                                         clknet_2_2__leaf_clk (net)
                      0.090530    0.012508    5.430207 ^ _147_/CLK (sky130_fd_sc_hd__dfrtp_2)
     3    0.027412    0.069268    0.293980    5.724187 v _147_/Q (sky130_fd_sc_hd__dfrtp_2)
                                                         net237 (net)
                      0.069609    0.004098    5.728285 v output237/A (sky130_fd_sc_hd__buf_12)
     1    0.191555    0.078896    0.139932    5.868217 v output237/X (sky130_fd_sc_hd__buf_12)
                                                         wbs_dat_o[18] (net)
                      0.080746    0.009424    5.877640 v wbs_dat_o[18] (out)
                                              5.877640   data arrival time

                                  0.000000    0.000000   clock clk (rise edge)
                                  5.570000    5.570000   clock network delay (propagated)
                                  0.087500    5.657500   clock uncertainty
                                  0.000000    5.657500   clock reconvergence pessimism
                                 -1.130000    4.527500   output external delay
                                              4.527500   data required time
---------------------------------------------------------------------------------------------
                                              4.527500   data required time
                                             -5.877640   data arrival time
---------------------------------------------------------------------------------------------
                                              1.350140   slack (MET)


Startpoint: _143_ (rising edge-triggered flip-flop clocked by clk)
Endpoint: wbs_dat_o[14] (output port clocked by clk)
Path Group: clk
Path Type: min

Fanout         Cap        Slew       Delay        Time   Description
---------------------------------------------------------------------------------------------
                                  0.000000    0.000000   clock clk (rise edge)
                                  4.650000    4.650000   clock source latency
     2    0.032446    0.610000    0.000000    4.650000 ^ clk (in)
                                                         clk (net)
                      0.618574    0.004180    4.654180 ^ wire3/A (sky130_fd_sc_hd__buf_4)
     3    0.045969    0.105597    0.149557    4.803737 ^ wire3/X (sky130_fd_sc_hd__buf_4)
                                                         net274 (net)
                      0.106918    0.009104    4.812841 ^ wire2/A (sky130_fd_sc_hd__buf_6)
     3    0.079048    0.121446    0.132212    4.945054 ^ wire2/X (sky130_fd_sc_hd__buf_6)
                                                         net273 (net)
                      0.128002    0.021264    4.966318 ^ wire1/A (sky130_fd_sc_hd__buf_6)
     3    0.081406    0.124044    0.136457    5.102774 ^ wire1/X (sky130_fd_sc_hd__buf_6)
                                                         net272 (net)
                      0.131193    0.022386    5.125160 ^ clkbuf_0_clk/A (sky130_fd_sc_hd__clkbuf_16)
     9    0.100903    0.091017    0.147752    5.272913 ^ clkbuf_0_clk/X (sky130_fd_sc_hd__clkbuf_16)
                                                         clknet_0_clk (net)
                      0.093550    0.011656    5.284568 ^ clkbuf_2_0__f_clk/A (sky130_fd_sc_hd__clkbuf_16)
    17    0.098861    0.089437    0.136128    5.420696 ^ clkbuf_2_0__f_clk/X (sky130_fd_sc_hd__clkbuf_16)
                                                         clknet_2_0__leaf_clk (net)
                      0.091820    0.011150    5.431845 ^ _143_/CLK (sky130_fd_sc_hd__dfrtp_2)
     3    0.027769    0.069863    0.294845    5.726690 v _143_/Q (sky130_fd_sc_hd__dfrtp_2)
                                                         net233 (net)
                      0.070204    0.004118    5.730808 v output233/A (sky130_fd_sc_hd__buf_12)
     1    0.191000    0.078478    0.140605    5.871414 v output233/X (sky130_fd_sc_hd__buf_12)
                                                         wbs_dat_o[14] (net)
                      0.080057    0.008720    5.880134 v wbs_dat_o[14] (out)
                                              5.880134   data arrival time

                                  0.000000    0.000000   clock clk (rise edge)
                                  5.570000    5.570000   clock network delay (propagated)
                                  0.087500    5.657500   clock uncertainty
                                  0.000000    5.657500   clock reconvergence pessimism
                                 -1.130000    4.527500   output external delay
                                              4.527500   data required time
---------------------------------------------------------------------------------------------
                                              4.527500   data required time
                                             -5.880134   data arrival time
---------------------------------------------------------------------------------------------
                                              1.352634   slack (MET)


Startpoint: _142_ (rising edge-triggered flip-flop clocked by clk)
Endpoint: wbs_dat_o[13] (output port clocked by clk)
Path Group: clk
Path Type: min

Fanout         Cap        Slew       Delay        Time   Description
---------------------------------------------------------------------------------------------
                                  0.000000    0.000000   clock clk (rise edge)
                                  4.650000    4.650000   clock source latency
     2    0.032446    0.610000    0.000000    4.650000 ^ clk (in)
                                                         clk (net)
                      0.618574    0.004180    4.654180 ^ wire3/A (sky130_fd_sc_hd__buf_4)
     3    0.045969    0.105597    0.149557    4.803737 ^ wire3/X (sky130_fd_sc_hd__buf_4)
                                                         net274 (net)
                      0.106918    0.009104    4.812841 ^ wire2/A (sky130_fd_sc_hd__buf_6)
     3    0.079048    0.121446    0.132212    4.945054 ^ wire2/X (sky130_fd_sc_hd__buf_6)
                                                         net273 (net)
                      0.128002    0.021264    4.966318 ^ wire1/A (sky130_fd_sc_hd__buf_6)
     3    0.081406    0.124044    0.136457    5.102774 ^ wire1/X (sky130_fd_sc_hd__buf_6)
                                                         net272 (net)
                      0.131193    0.022386    5.125160 ^ clkbuf_0_clk/A (sky130_fd_sc_hd__clkbuf_16)
     9    0.100903    0.091017    0.147752    5.272913 ^ clkbuf_0_clk/X (sky130_fd_sc_hd__clkbuf_16)
                                                         clknet_0_clk (net)
                      0.093550    0.011656    5.284568 ^ clkbuf_2_0__f_clk/A (sky130_fd_sc_hd__clkbuf_16)
    17    0.098861    0.089437    0.136128    5.420696 ^ clkbuf_2_0__f_clk/X (sky130_fd_sc_hd__clkbuf_16)
                                                         clknet_2_0__leaf_clk (net)
                      0.091221    0.009692    5.430388 ^ _142_/CLK (sky130_fd_sc_hd__dfrtp_2)
     3    0.026829    0.068266    0.293350    5.723738 v _142_/Q (sky130_fd_sc_hd__dfrtp_2)
                                                         net232 (net)
                      0.068577    0.003898    5.727635 v output232/A (sky130_fd_sc_hd__buf_12)
     1    0.191251    0.082269    0.144432    5.872067 v output232/X (sky130_fd_sc_hd__buf_12)
                                                         wbs_dat_o[13] (net)
                      0.083947    0.009147    5.881214 v wbs_dat_o[13] (out)
                                              5.881214   data arrival time

                                  0.000000    0.000000   clock clk (rise edge)
                                  5.570000    5.570000   clock network delay (propagated)
                                  0.087500    5.657500   clock uncertainty
                                  0.000000    5.657500   clock reconvergence pessimism
                                 -1.130000    4.527500   output external delay
                                              4.527500   data required time
---------------------------------------------------------------------------------------------
                                              4.527500   data required time
                                             -5.881214   data arrival time
---------------------------------------------------------------------------------------------
                                              1.353714   slack (MET)


Startpoint: _139_ (rising edge-triggered flip-flop clocked by clk)
Endpoint: wbs_dat_o[10] (output port clocked by clk)
Path Group: clk
Path Type: min

Fanout         Cap        Slew       Delay        Time   Description
---------------------------------------------------------------------------------------------
                                  0.000000    0.000000   clock clk (rise edge)
                                  4.650000    4.650000   clock source latency
     2    0.032446    0.610000    0.000000    4.650000 ^ clk (in)
                                                         clk (net)
                      0.618574    0.004180    4.654180 ^ wire3/A (sky130_fd_sc_hd__buf_4)
     3    0.045969    0.105597    0.149557    4.803737 ^ wire3/X (sky130_fd_sc_hd__buf_4)
                                                         net274 (net)
                      0.106918    0.009104    4.812841 ^ wire2/A (sky130_fd_sc_hd__buf_6)
     3    0.079048    0.121446    0.132212    4.945054 ^ wire2/X (sky130_fd_sc_hd__buf_6)
                                                         net273 (net)
                      0.128002    0.021264    4.966318 ^ wire1/A (sky130_fd_sc_hd__buf_6)
     3    0.081406    0.124044    0.136457    5.102774 ^ wire1/X (sky130_fd_sc_hd__buf_6)
                                                         net272 (net)
                      0.131193    0.022386    5.125160 ^ clkbuf_0_clk/A (sky130_fd_sc_hd__clkbuf_16)
     9    0.100903    0.091017    0.147752    5.272913 ^ clkbuf_0_clk/X (sky130_fd_sc_hd__clkbuf_16)
                                                         clknet_0_clk (net)
                      0.093416    0.011344    5.284256 ^ clkbuf_2_1__f_clk/A (sky130_fd_sc_hd__clkbuf_16)
    21    0.087351    0.080642    0.127816    5.412072 ^ clkbuf_2_1__f_clk/X (sky130_fd_sc_hd__clkbuf_16)
                                                         clknet_2_1__leaf_clk (net)
                      0.086569    0.016334    5.428406 ^ _139_/CLK (sky130_fd_sc_hd__dfrtp_4)
     3    0.029817    0.080555    0.294716    5.723122 ^ _139_/Q (sky130_fd_sc_hd__dfrtp_4)
                                                         net229 (net)
                      0.080952    0.004730    5.727852 ^ output229/A (sky130_fd_sc_hd__buf_12)
     1    0.191027    0.167388    0.166401    5.894253 ^ output229/X (sky130_fd_sc_hd__buf_12)
                                                         wbs_dat_o[10] (net)
                      0.168123    0.008839    5.903092 ^ wbs_dat_o[10] (out)
                                              5.903092   data arrival time

                                  0.000000    0.000000   clock clk (rise edge)
                                  5.570000    5.570000   clock network delay (propagated)
                                  0.087500    5.657500   clock uncertainty
                                  0.000000    5.657500   clock reconvergence pessimism
                                 -1.130000    4.527500   output external delay
                                              4.527500   data required time
---------------------------------------------------------------------------------------------
                                              4.527500   data required time
                                             -5.903092   data arrival time
---------------------------------------------------------------------------------------------
                                              1.375593   slack (MET)


Startpoint: _148_ (rising edge-triggered flip-flop clocked by clk)
Endpoint: wbs_dat_o[19] (output port clocked by clk)
Path Group: clk
Path Type: min

Fanout         Cap        Slew       Delay        Time   Description
---------------------------------------------------------------------------------------------
                                  0.000000    0.000000   clock clk (rise edge)
                                  4.650000    4.650000   clock source latency
     2    0.032446    0.610000    0.000000    4.650000 ^ clk (in)
                                                         clk (net)
                      0.618574    0.004180    4.654180 ^ wire3/A (sky130_fd_sc_hd__buf_4)
     3    0.045969    0.105597    0.149557    4.803737 ^ wire3/X (sky130_fd_sc_hd__buf_4)
                                                         net274 (net)
                      0.106918    0.009104    4.812841 ^ wire2/A (sky130_fd_sc_hd__buf_6)
     3    0.079048    0.121446    0.132212    4.945054 ^ wire2/X (sky130_fd_sc_hd__buf_6)
                                                         net273 (net)
                      0.128002    0.021264    4.966318 ^ wire1/A (sky130_fd_sc_hd__buf_6)
     3    0.081406    0.124044    0.136457    5.102774 ^ wire1/X (sky130_fd_sc_hd__buf_6)
                                                         net272 (net)
                      0.131193    0.022386    5.125160 ^ clkbuf_0_clk/A (sky130_fd_sc_hd__clkbuf_16)
     9    0.100903    0.091017    0.147752    5.272913 ^ clkbuf_0_clk/X (sky130_fd_sc_hd__clkbuf_16)
                                                         clknet_0_clk (net)
                      0.092845    0.009909    5.282821 ^ clkbuf_2_2__f_clk/A (sky130_fd_sc_hd__clkbuf_16)
    17    0.096271    0.087449    0.134878    5.417699 ^ clkbuf_2_2__f_clk/X (sky130_fd_sc_hd__clkbuf_16)
                                                         clknet_2_2__leaf_clk (net)
                      0.091157    0.013721    5.431420 ^ _148_/CLK (sky130_fd_sc_hd__dfrtp_4)
     3    0.033532    0.087713    0.300814    5.732234 ^ _148_/Q (sky130_fd_sc_hd__dfrtp_4)
                                                         net238 (net)
                      0.088562    0.006191    5.738425 ^ output238/A (sky130_fd_sc_hd__buf_12)
     1    0.191555    0.167951    0.166659    5.905084 ^ output238/X (sky130_fd_sc_hd__buf_12)
                                                         wbs_dat_o[19] (net)
                      0.168812    0.009568    5.914652 ^ wbs_dat_o[19] (out)
                                              5.914652   data arrival time

                                  0.000000    0.000000   clock clk (rise edge)
                                  5.570000    5.570000   clock network delay (propagated)
                                  0.087500    5.657500   clock uncertainty
                                  0.000000    5.657500   clock reconvergence pessimism
                                 -1.130000    4.527500   output external delay
                                              4.527500   data required time
---------------------------------------------------------------------------------------------
                                              4.527500   data required time
                                             -5.914652   data arrival time
---------------------------------------------------------------------------------------------
                                              1.387152   slack (MET)


Startpoint: _138_ (rising edge-triggered flip-flop clocked by clk)
Endpoint: wbs_dat_o[9] (output port clocked by clk)
Path Group: clk
Path Type: min

Fanout         Cap        Slew       Delay        Time   Description
---------------------------------------------------------------------------------------------
                                  0.000000    0.000000   clock clk (rise edge)
                                  4.650000    4.650000   clock source latency
     2    0.032446    0.610000    0.000000    4.650000 ^ clk (in)
                                                         clk (net)
                      0.618574    0.004180    4.654180 ^ wire3/A (sky130_fd_sc_hd__buf_4)
     3    0.045969    0.105597    0.149557    4.803737 ^ wire3/X (sky130_fd_sc_hd__buf_4)
                                                         net274 (net)
                      0.106918    0.009104    4.812841 ^ wire2/A (sky130_fd_sc_hd__buf_6)
     3    0.079048    0.121446    0.132212    4.945054 ^ wire2/X (sky130_fd_sc_hd__buf_6)
                                                         net273 (net)
                      0.128002    0.021264    4.966318 ^ wire1/A (sky130_fd_sc_hd__buf_6)
     3    0.081406    0.124044    0.136457    5.102774 ^ wire1/X (sky130_fd_sc_hd__buf_6)
                                                         net272 (net)
                      0.131193    0.022386    5.125160 ^ clkbuf_0_clk/A (sky130_fd_sc_hd__clkbuf_16)
     9    0.100903    0.091017    0.147752    5.272913 ^ clkbuf_0_clk/X (sky130_fd_sc_hd__clkbuf_16)
                                                         clknet_0_clk (net)
                      0.093416    0.011344    5.284256 ^ clkbuf_2_1__f_clk/A (sky130_fd_sc_hd__clkbuf_16)
    21    0.087351    0.080642    0.127816    5.412072 ^ clkbuf_2_1__f_clk/X (sky130_fd_sc_hd__clkbuf_16)
                                                         clknet_2_1__leaf_clk (net)
                      0.087635    0.017783    5.429854 ^ _138_/CLK (sky130_fd_sc_hd__dfrtp_4)
     3    0.037033    0.094473    0.305012    5.734867 ^ _138_/Q (sky130_fd_sc_hd__dfrtp_4)
                                                         net259 (net)
                      0.095333    0.006480    5.741347 ^ output259/A (sky130_fd_sc_hd__buf_12)
     1    0.191077    0.167471    0.167391    5.908738 ^ output259/X (sky130_fd_sc_hd__buf_12)
                                                         wbs_dat_o[9] (net)
                      0.168207    0.008842    5.917581 ^ wbs_dat_o[9] (out)
                                              5.917581   data arrival time

                                  0.000000    0.000000   clock clk (rise edge)
                                  5.570000    5.570000   clock network delay (propagated)
                                  0.087500    5.657500   clock uncertainty
                                  0.000000    5.657500   clock reconvergence pessimism
                                 -1.130000    4.527500   output external delay
                                              4.527500   data required time
---------------------------------------------------------------------------------------------
                                              4.527500   data required time
                                             -5.917581   data arrival time
---------------------------------------------------------------------------------------------
                                              1.390081   slack (MET)


Startpoint: _149_ (rising edge-triggered flip-flop clocked by clk)
Endpoint: wbs_dat_o[20] (output port clocked by clk)
Path Group: clk
Path Type: min

Fanout         Cap        Slew       Delay        Time   Description
---------------------------------------------------------------------------------------------
                                  0.000000    0.000000   clock clk (rise edge)
                                  4.650000    4.650000   clock source latency
     2    0.032446    0.610000    0.000000    4.650000 ^ clk (in)
                                                         clk (net)
                      0.618574    0.004180    4.654180 ^ wire3/A (sky130_fd_sc_hd__buf_4)
     3    0.045969    0.105597    0.149557    4.803737 ^ wire3/X (sky130_fd_sc_hd__buf_4)
                                                         net274 (net)
                      0.106918    0.009104    4.812841 ^ wire2/A (sky130_fd_sc_hd__buf_6)
     3    0.079048    0.121446    0.132212    4.945054 ^ wire2/X (sky130_fd_sc_hd__buf_6)
                                                         net273 (net)
                      0.128002    0.021264    4.966318 ^ wire1/A (sky130_fd_sc_hd__buf_6)
     3    0.081406    0.124044    0.136457    5.102774 ^ wire1/X (sky130_fd_sc_hd__buf_6)
                                                         net272 (net)
                      0.131193    0.022386    5.125160 ^ clkbuf_0_clk/A (sky130_fd_sc_hd__clkbuf_16)
     9    0.100903    0.091017    0.147752    5.272913 ^ clkbuf_0_clk/X (sky130_fd_sc_hd__clkbuf_16)
                                                         clknet_0_clk (net)
                      0.092845    0.009909    5.282821 ^ clkbuf_2_2__f_clk/A (sky130_fd_sc_hd__clkbuf_16)
    17    0.096271    0.087449    0.134878    5.417699 ^ clkbuf_2_2__f_clk/X (sky130_fd_sc_hd__clkbuf_16)
                                                         clknet_2_2__leaf_clk (net)
                      0.091511    0.014367    5.432066 ^ _149_/CLK (sky130_fd_sc_hd__dfrtp_4)
     3    0.044472    0.109115    0.315352    5.747418 ^ _149_/Q (sky130_fd_sc_hd__dfrtp_4)
                                                         net240 (net)
                      0.110661    0.009697    5.757115 ^ output240/A (sky130_fd_sc_hd__buf_12)
     1    0.191555    0.168016    0.168141    5.925256 ^ output240/X (sky130_fd_sc_hd__buf_12)
                                                         wbs_dat_o[20] (net)
                      0.168878    0.009568    5.934825 ^ wbs_dat_o[20] (out)
                                              5.934825   data arrival time

                                  0.000000    0.000000   clock clk (rise edge)
                                  5.570000    5.570000   clock network delay (propagated)
                                  0.087500    5.657500   clock uncertainty
                                  0.000000    5.657500   clock reconvergence pessimism
                                 -1.130000    4.527500   output external delay
                                              4.527500   data required time
---------------------------------------------------------------------------------------------
                                              4.527500   data required time
                                             -5.934825   data arrival time
---------------------------------------------------------------------------------------------
                                              1.407325   slack (MET)


Startpoint: _137_ (rising edge-triggered flip-flop clocked by clk)
Endpoint: wbs_dat_o[8] (output port clocked by clk)
Path Group: clk
Path Type: min

Fanout         Cap        Slew       Delay        Time   Description
---------------------------------------------------------------------------------------------
                                  0.000000    0.000000   clock clk (rise edge)
                                  4.650000    4.650000   clock source latency
     2    0.032446    0.610000    0.000000    4.650000 ^ clk (in)
                                                         clk (net)
                      0.618574    0.004180    4.654180 ^ wire3/A (sky130_fd_sc_hd__buf_4)
     3    0.045969    0.105597    0.149557    4.803737 ^ wire3/X (sky130_fd_sc_hd__buf_4)
                                                         net274 (net)
                      0.106918    0.009104    4.812841 ^ wire2/A (sky130_fd_sc_hd__buf_6)
     3    0.079048    0.121446    0.132212    4.945054 ^ wire2/X (sky130_fd_sc_hd__buf_6)
                                                         net273 (net)
                      0.128002    0.021264    4.966318 ^ wire1/A (sky130_fd_sc_hd__buf_6)
     3    0.081406    0.124044    0.136457    5.102774 ^ wire1/X (sky130_fd_sc_hd__buf_6)
                                                         net272 (net)
                      0.131193    0.022386    5.125160 ^ clkbuf_0_clk/A (sky130_fd_sc_hd__clkbuf_16)
     9    0.100903    0.091017    0.147752    5.272913 ^ clkbuf_0_clk/X (sky130_fd_sc_hd__clkbuf_16)
                                                         clknet_0_clk (net)
                      0.093550    0.011656    5.284568 ^ clkbuf_2_0__f_clk/A (sky130_fd_sc_hd__clkbuf_16)
    17    0.098861    0.089437    0.136128    5.420696 ^ clkbuf_2_0__f_clk/X (sky130_fd_sc_hd__clkbuf_16)
                                                         clknet_2_0__leaf_clk (net)
                      0.093859    0.015158    5.435853 ^ _137_/CLK (sky130_fd_sc_hd__dfrtp_4)
     3    0.048696    0.117496    0.321665    5.757518 ^ _137_/Q (sky130_fd_sc_hd__dfrtp_4)
                                                         net258 (net)
                      0.119130    0.010767    5.768286 ^ output258/A (sky130_fd_sc_hd__buf_12)
     1    0.191077    0.167543    0.168987    5.937273 ^ output258/X (sky130_fd_sc_hd__buf_12)
                                                         wbs_dat_o[8] (net)
                      0.168278    0.008842    5.946115 ^ wbs_dat_o[8] (out)
                                              5.946115   data arrival time

                                  0.000000    0.000000   clock clk (rise edge)
                                  5.570000    5.570000   clock network delay (propagated)
                                  0.087500    5.657500   clock uncertainty
                                  0.000000    5.657500   clock reconvergence pessimism
                                 -1.130000    4.527500   output external delay
                                              4.527500   data required time
---------------------------------------------------------------------------------------------
                                              4.527500   data required time
                                             -5.946115   data arrival time
---------------------------------------------------------------------------------------------
                                              1.418615   slack (MET)


Startpoint: _150_ (rising edge-triggered flip-flop clocked by clk)
Endpoint: wbs_dat_o[21] (output port clocked by clk)
Path Group: clk
Path Type: min

Fanout         Cap        Slew       Delay        Time   Description
---------------------------------------------------------------------------------------------
                                  0.000000    0.000000   clock clk (rise edge)
                                  4.650000    4.650000   clock source latency
     2    0.032446    0.610000    0.000000    4.650000 ^ clk (in)
                                                         clk (net)
                      0.618574    0.004180    4.654180 ^ wire3/A (sky130_fd_sc_hd__buf_4)
     3    0.045969    0.105597    0.149557    4.803737 ^ wire3/X (sky130_fd_sc_hd__buf_4)
                                                         net274 (net)
                      0.106918    0.009104    4.812841 ^ wire2/A (sky130_fd_sc_hd__buf_6)
     3    0.079048    0.121446    0.132212    4.945054 ^ wire2/X (sky130_fd_sc_hd__buf_6)
                                                         net273 (net)
                      0.128002    0.021264    4.966318 ^ wire1/A (sky130_fd_sc_hd__buf_6)
     3    0.081406    0.124044    0.136457    5.102774 ^ wire1/X (sky130_fd_sc_hd__buf_6)
                                                         net272 (net)
                      0.131193    0.022386    5.125160 ^ clkbuf_0_clk/A (sky130_fd_sc_hd__clkbuf_16)
     9    0.100903    0.091017    0.147752    5.272913 ^ clkbuf_0_clk/X (sky130_fd_sc_hd__clkbuf_16)
                                                         clknet_0_clk (net)
                      0.092845    0.009909    5.282821 ^ clkbuf_2_2__f_clk/A (sky130_fd_sc_hd__clkbuf_16)
    17    0.096271    0.087449    0.134878    5.417699 ^ clkbuf_2_2__f_clk/X (sky130_fd_sc_hd__clkbuf_16)
                                                         clknet_2_2__leaf_clk (net)
                      0.091825    0.014919    5.432618 ^ _150_/CLK (sky130_fd_sc_hd__dfrtp_4)
     3    0.051099    0.123290    0.322938    5.755556 ^ _150_/Q (sky130_fd_sc_hd__dfrtp_4)
                                                         net241 (net)
                      0.125876    0.013819    5.769375 ^ output241/A (sky130_fd_sc_hd__buf_12)
     1    0.191575    0.168079    0.169173    5.938548 ^ output241/X (sky130_fd_sc_hd__buf_12)
                                                         wbs_dat_o[21] (net)
                      0.168940    0.009569    5.948117 ^ wbs_dat_o[21] (out)
                                              5.948117   data arrival time

                                  0.000000    0.000000   clock clk (rise edge)
                                  5.570000    5.570000   clock network delay (propagated)
                                  0.087500    5.657500   clock uncertainty
                                  0.000000    5.657500   clock reconvergence pessimism
                                 -1.130000    4.527500   output external delay
                                              4.527500   data required time
---------------------------------------------------------------------------------------------
                                              4.527500   data required time
                                             -5.948117   data arrival time
---------------------------------------------------------------------------------------------
                                              1.420617   slack (MET)


Startpoint: _136_ (rising edge-triggered flip-flop clocked by clk)
Endpoint: wbs_dat_o[7] (output port clocked by clk)
Path Group: clk
Path Type: min

Fanout         Cap        Slew       Delay        Time   Description
---------------------------------------------------------------------------------------------
                                  0.000000    0.000000   clock clk (rise edge)
                                  4.650000    4.650000   clock source latency
     2    0.032446    0.610000    0.000000    4.650000 ^ clk (in)
                                                         clk (net)
                      0.618574    0.004180    4.654180 ^ wire3/A (sky130_fd_sc_hd__buf_4)
     3    0.045969    0.105597    0.149557    4.803737 ^ wire3/X (sky130_fd_sc_hd__buf_4)
                                                         net274 (net)
                      0.106918    0.009104    4.812841 ^ wire2/A (sky130_fd_sc_hd__buf_6)
     3    0.079048    0.121446    0.132212    4.945054 ^ wire2/X (sky130_fd_sc_hd__buf_6)
                                                         net273 (net)
                      0.128002    0.021264    4.966318 ^ wire1/A (sky130_fd_sc_hd__buf_6)
     3    0.081406    0.124044    0.136457    5.102774 ^ wire1/X (sky130_fd_sc_hd__buf_6)
                                                         net272 (net)
                      0.131193    0.022386    5.125160 ^ clkbuf_0_clk/A (sky130_fd_sc_hd__clkbuf_16)
     9    0.100903    0.091017    0.147752    5.272913 ^ clkbuf_0_clk/X (sky130_fd_sc_hd__clkbuf_16)
                                                         clknet_0_clk (net)
                      0.093550    0.011656    5.284568 ^ clkbuf_2_0__f_clk/A (sky130_fd_sc_hd__clkbuf_16)
    17    0.098861    0.089437    0.136128    5.420696 ^ clkbuf_2_0__f_clk/X (sky130_fd_sc_hd__clkbuf_16)
                                                         clknet_2_0__leaf_clk (net)
                      0.094044    0.015476    5.436171 ^ _136_/CLK (sky130_fd_sc_hd__dfrtp_4)
     3    0.049654    0.120136    0.322284    5.758455 ^ _136_/Q (sky130_fd_sc_hd__dfrtp_4)
                                                         net257 (net)
                      0.122432    0.012851    5.771306 ^ output257/A (sky130_fd_sc_hd__buf_12)
     1    0.191077    0.167553    0.169208    5.940514 ^ output257/X (sky130_fd_sc_hd__buf_12)
                                                         wbs_dat_o[7] (net)
                      0.168288    0.008842    5.949356 ^ wbs_dat_o[7] (out)
                                              5.949356   data arrival time

                                  0.000000    0.000000   clock clk (rise edge)
                                  5.570000    5.570000   clock network delay (propagated)
                                  0.087500    5.657500   clock uncertainty
                                  0.000000    5.657500   clock reconvergence pessimism
                                 -1.130000    4.527500   output external delay
                                              4.527500   data required time
---------------------------------------------------------------------------------------------
                                              4.527500   data required time
                                             -5.949356   data arrival time
---------------------------------------------------------------------------------------------
                                              1.421856   slack (MET)


Startpoint: _151_ (rising edge-triggered flip-flop clocked by clk)
Endpoint: wbs_dat_o[22] (output port clocked by clk)
Path Group: clk
Path Type: min

Fanout         Cap        Slew       Delay        Time   Description
---------------------------------------------------------------------------------------------
                                  0.000000    0.000000   clock clk (rise edge)
                                  4.650000    4.650000   clock source latency
     2    0.032446    0.610000    0.000000    4.650000 ^ clk (in)
                                                         clk (net)
                      0.618574    0.004180    4.654180 ^ wire3/A (sky130_fd_sc_hd__buf_4)
     3    0.045969    0.105597    0.149557    4.803737 ^ wire3/X (sky130_fd_sc_hd__buf_4)
                                                         net274 (net)
                      0.106918    0.009104    4.812841 ^ wire2/A (sky130_fd_sc_hd__buf_6)
     3    0.079048    0.121446    0.132212    4.945054 ^ wire2/X (sky130_fd_sc_hd__buf_6)
                                                         net273 (net)
                      0.128002    0.021264    4.966318 ^ wire1/A (sky130_fd_sc_hd__buf_6)
     3    0.081406    0.124044    0.136457    5.102774 ^ wire1/X (sky130_fd_sc_hd__buf_6)
                                                         net272 (net)
                      0.131193    0.022386    5.125160 ^ clkbuf_0_clk/A (sky130_fd_sc_hd__clkbuf_16)
     9    0.100903    0.091017    0.147752    5.272913 ^ clkbuf_0_clk/X (sky130_fd_sc_hd__clkbuf_16)
                                                         clknet_0_clk (net)
                      0.092843    0.009905    5.282818 ^ clkbuf_2_3__f_clk/A (sky130_fd_sc_hd__clkbuf_16)
    21    0.073640    0.070173    0.121497    5.404315 ^ clkbuf_2_3__f_clk/X (sky130_fd_sc_hd__clkbuf_16)
                                                         clknet_2_3__leaf_clk (net)
                      0.077152    0.016538    5.420853 ^ _151_/CLK (sky130_fd_sc_hd__dfrtp_4)
     3    0.071755    0.161300    0.345368    5.766221 ^ _151_/Q (sky130_fd_sc_hd__dfrtp_4)
                                                         net242 (net)
                      0.166257    0.021688    5.787909 ^ output242/A (sky130_fd_sc_hd__buf_12)
     1    0.191576    0.168085    0.171889    5.959798 ^ output242/X (sky130_fd_sc_hd__buf_12)
                                                         wbs_dat_o[22] (net)
                      0.168947    0.009569    5.969367 ^ wbs_dat_o[22] (out)
                                              5.969367   data arrival time

                                  0.000000    0.000000   clock clk (rise edge)
                                  5.570000    5.570000   clock network delay (propagated)
                                  0.087500    5.657500   clock uncertainty
                                  0.000000    5.657500   clock reconvergence pessimism
                                 -1.130000    4.527500   output external delay
                                              4.527500   data required time
---------------------------------------------------------------------------------------------
                                              4.527500   data required time
                                             -5.969367   data arrival time
---------------------------------------------------------------------------------------------
                                              1.441867   slack (MET)


Startpoint: _153_ (rising edge-triggered flip-flop clocked by clk)
Endpoint: wbs_dat_o[24] (output port clocked by clk)
Path Group: clk
Path Type: min

Fanout         Cap        Slew       Delay        Time   Description
---------------------------------------------------------------------------------------------
                                  0.000000    0.000000   clock clk (rise edge)
                                  4.650000    4.650000   clock source latency
     2    0.032446    0.610000    0.000000    4.650000 ^ clk (in)
                                                         clk (net)
                      0.618574    0.004180    4.654180 ^ wire3/A (sky130_fd_sc_hd__buf_4)
     3    0.045969    0.105597    0.149557    4.803737 ^ wire3/X (sky130_fd_sc_hd__buf_4)
                                                         net274 (net)
                      0.106918    0.009104    4.812841 ^ wire2/A (sky130_fd_sc_hd__buf_6)
     3    0.079048    0.121446    0.132212    4.945054 ^ wire2/X (sky130_fd_sc_hd__buf_6)
                                                         net273 (net)
                      0.128002    0.021264    4.966318 ^ wire1/A (sky130_fd_sc_hd__buf_6)
     3    0.081406    0.124044    0.136457    5.102774 ^ wire1/X (sky130_fd_sc_hd__buf_6)
                                                         net272 (net)
                      0.131193    0.022386    5.125160 ^ clkbuf_0_clk/A (sky130_fd_sc_hd__clkbuf_16)
     9    0.100903    0.091017    0.147752    5.272913 ^ clkbuf_0_clk/X (sky130_fd_sc_hd__clkbuf_16)
                                                         clknet_0_clk (net)
                      0.092843    0.009905    5.282818 ^ clkbuf_2_3__f_clk/A (sky130_fd_sc_hd__clkbuf_16)
    21    0.073640    0.070173    0.121497    5.404315 ^ clkbuf_2_3__f_clk/X (sky130_fd_sc_hd__clkbuf_16)
                                                         clknet_2_3__leaf_clk (net)
                      0.076809    0.016102    5.420417 ^ _153_/CLK (sky130_fd_sc_hd__dfrtp_4)
     3    0.072052    0.161795    0.343970    5.764387 ^ _153_/Q (sky130_fd_sc_hd__dfrtp_4)
                                                         net244 (net)
                      0.169090    0.026127    5.790514 ^ output244/A (sky130_fd_sc_hd__buf_12)
     1    0.191426    0.173436    0.176628    5.967142 ^ output244/X (sky130_fd_sc_hd__buf_12)
                                                         wbs_dat_o[24] (net)
                      0.174230    0.009268    5.976410 ^ wbs_dat_o[24] (out)
                                              5.976410   data arrival time

                                  0.000000    0.000000   clock clk (rise edge)
                                  5.570000    5.570000   clock network delay (propagated)
                                  0.087500    5.657500   clock uncertainty
                                  0.000000    5.657500   clock reconvergence pessimism
                                 -1.130000    4.527500   output external delay
                                              4.527500   data required time
---------------------------------------------------------------------------------------------
                                              4.527500   data required time
                                             -5.976410   data arrival time
---------------------------------------------------------------------------------------------
                                              1.448910   slack (MET)


Startpoint: _134_ (rising edge-triggered flip-flop clocked by clk)
Endpoint: wbs_dat_o[5] (output port clocked by clk)
Path Group: clk
Path Type: min

Fanout         Cap        Slew       Delay        Time   Description
---------------------------------------------------------------------------------------------
                                  0.000000    0.000000   clock clk (rise edge)
                                  4.650000    4.650000   clock source latency
     2    0.032446    0.610000    0.000000    4.650000 ^ clk (in)
                                                         clk (net)
                      0.618574    0.004180    4.654180 ^ wire3/A (sky130_fd_sc_hd__buf_4)
     3    0.045969    0.105597    0.149557    4.803737 ^ wire3/X (sky130_fd_sc_hd__buf_4)
                                                         net274 (net)
                      0.106918    0.009104    4.812841 ^ wire2/A (sky130_fd_sc_hd__buf_6)
     3    0.079048    0.121446    0.132212    4.945054 ^ wire2/X (sky130_fd_sc_hd__buf_6)
                                                         net273 (net)
                      0.128002    0.021264    4.966318 ^ wire1/A (sky130_fd_sc_hd__buf_6)
     3    0.081406    0.124044    0.136457    5.102774 ^ wire1/X (sky130_fd_sc_hd__buf_6)
                                                         net272 (net)
                      0.131193    0.022386    5.125160 ^ clkbuf_0_clk/A (sky130_fd_sc_hd__clkbuf_16)
     9    0.100903    0.091017    0.147752    5.272913 ^ clkbuf_0_clk/X (sky130_fd_sc_hd__clkbuf_16)
                                                         clknet_0_clk (net)
                      0.093550    0.011656    5.284568 ^ clkbuf_2_0__f_clk/A (sky130_fd_sc_hd__clkbuf_16)
    17    0.098861    0.089437    0.136128    5.420696 ^ clkbuf_2_0__f_clk/X (sky130_fd_sc_hd__clkbuf_16)
                                                         clknet_2_0__leaf_clk (net)
                      0.094115    0.015596    5.436292 ^ _134_/CLK (sky130_fd_sc_hd__dfrtp_4)
     3    0.066372    0.150515    0.343447    5.779738 ^ _134_/Q (sky130_fd_sc_hd__dfrtp_4)
                                                         net255 (net)
                      0.155523    0.021030    5.800769 ^ output255/A (sky130_fd_sc_hd__buf_12)
     1    0.191057    0.167548    0.171417    5.972186 ^ output255/X (sky130_fd_sc_hd__buf_12)
                                                         wbs_dat_o[5] (net)
                      0.168283    0.008842    5.981028 ^ wbs_dat_o[5] (out)
                                              5.981028   data arrival time

                                  0.000000    0.000000   clock clk (rise edge)
                                  5.570000    5.570000   clock network delay (propagated)
                                  0.087500    5.657500   clock uncertainty
                                  0.000000    5.657500   clock reconvergence pessimism
                                 -1.130000    4.527500   output external delay
                                              4.527500   data required time
---------------------------------------------------------------------------------------------
                                              4.527500   data required time
                                             -5.981028   data arrival time
---------------------------------------------------------------------------------------------
                                              1.453528   slack (MET)


Startpoint: _152_ (rising edge-triggered flip-flop clocked by clk)
Endpoint: wbs_dat_o[23] (output port clocked by clk)
Path Group: clk
Path Type: min

Fanout         Cap        Slew       Delay        Time   Description
---------------------------------------------------------------------------------------------
                                  0.000000    0.000000   clock clk (rise edge)
                                  4.650000    4.650000   clock source latency
     2    0.032446    0.610000    0.000000    4.650000 ^ clk (in)
                                                         clk (net)
                      0.618574    0.004180    4.654180 ^ wire3/A (sky130_fd_sc_hd__buf_4)
     3    0.045969    0.105597    0.149557    4.803737 ^ wire3/X (sky130_fd_sc_hd__buf_4)
                                                         net274 (net)
                      0.106918    0.009104    4.812841 ^ wire2/A (sky130_fd_sc_hd__buf_6)
     3    0.079048    0.121446    0.132212    4.945054 ^ wire2/X (sky130_fd_sc_hd__buf_6)
                                                         net273 (net)
                      0.128002    0.021264    4.966318 ^ wire1/A (sky130_fd_sc_hd__buf_6)
     3    0.081406    0.124044    0.136457    5.102774 ^ wire1/X (sky130_fd_sc_hd__buf_6)
                                                         net272 (net)
                      0.131193    0.022386    5.125160 ^ clkbuf_0_clk/A (sky130_fd_sc_hd__clkbuf_16)
     9    0.100903    0.091017    0.147752    5.272913 ^ clkbuf_0_clk/X (sky130_fd_sc_hd__clkbuf_16)
                                                         clknet_0_clk (net)
                      0.092843    0.009905    5.282818 ^ clkbuf_2_3__f_clk/A (sky130_fd_sc_hd__clkbuf_16)
    21    0.073640    0.070173    0.121497    5.404315 ^ clkbuf_2_3__f_clk/X (sky130_fd_sc_hd__clkbuf_16)
                                                         clknet_2_3__leaf_clk (net)
                      0.077086    0.016454    5.420769 ^ _152_/CLK (sky130_fd_sc_hd__dfrtp_4)
     3    0.077900    0.107569    0.368739    5.789509 v _152_/Q (sky130_fd_sc_hd__dfrtp_4)
                                                         net243 (net)
                      0.116610    0.023127    5.812635 v output243/A (sky130_fd_sc_hd__buf_12)
     1    0.191426    0.082864    0.164037    5.976673 v output243/X (sky130_fd_sc_hd__buf_12)
                                                         wbs_dat_o[23] (net)
                      0.084534    0.009158    5.985831 v wbs_dat_o[23] (out)
                                              5.985831   data arrival time

                                  0.000000    0.000000   clock clk (rise edge)
                                  5.570000    5.570000   clock network delay (propagated)
                                  0.087500    5.657500   clock uncertainty
                                  0.000000    5.657500   clock reconvergence pessimism
                                 -1.130000    4.527500   output external delay
                                              4.527500   data required time
---------------------------------------------------------------------------------------------
                                              4.527500   data required time
                                             -5.985831   data arrival time
---------------------------------------------------------------------------------------------
                                              1.458331   slack (MET)


Startpoint: _154_ (rising edge-triggered flip-flop clocked by clk)
Endpoint: wbs_dat_o[25] (output port clocked by clk)
Path Group: clk
Path Type: min

Fanout         Cap        Slew       Delay        Time   Description
---------------------------------------------------------------------------------------------
                                  0.000000    0.000000   clock clk (rise edge)
                                  4.650000    4.650000   clock source latency
     2    0.032446    0.610000    0.000000    4.650000 ^ clk (in)
                                                         clk (net)
                      0.618574    0.004180    4.654180 ^ wire3/A (sky130_fd_sc_hd__buf_4)
     3    0.045969    0.105597    0.149557    4.803737 ^ wire3/X (sky130_fd_sc_hd__buf_4)
                                                         net274 (net)
                      0.106918    0.009104    4.812841 ^ wire2/A (sky130_fd_sc_hd__buf_6)
     3    0.079048    0.121446    0.132212    4.945054 ^ wire2/X (sky130_fd_sc_hd__buf_6)
                                                         net273 (net)
                      0.128002    0.021264    4.966318 ^ wire1/A (sky130_fd_sc_hd__buf_6)
     3    0.081406    0.124044    0.136457    5.102774 ^ wire1/X (sky130_fd_sc_hd__buf_6)
                                                         net272 (net)
                      0.131193    0.022386    5.125160 ^ clkbuf_0_clk/A (sky130_fd_sc_hd__clkbuf_16)
     9    0.100903    0.091017    0.147752    5.272913 ^ clkbuf_0_clk/X (sky130_fd_sc_hd__clkbuf_16)
                                                         clknet_0_clk (net)
                      0.092843    0.009905    5.282818 ^ clkbuf_2_3__f_clk/A (sky130_fd_sc_hd__clkbuf_16)
    21    0.073640    0.070173    0.121497    5.404315 ^ clkbuf_2_3__f_clk/X (sky130_fd_sc_hd__clkbuf_16)
                                                         clknet_2_3__leaf_clk (net)
                      0.077034    0.016389    5.420704 ^ _154_/CLK (sky130_fd_sc_hd__dfrtp_4)
     3    0.082209    0.181923    0.355017    5.775722 ^ _154_/Q (sky130_fd_sc_hd__dfrtp_4)
                                                         net245 (net)
                      0.192139    0.032645    5.808366 ^ output245/A (sky130_fd_sc_hd__buf_12)
     1    0.191426    0.173489    0.178173    5.986539 ^ output245/X (sky130_fd_sc_hd__buf_12)
                                                         wbs_dat_o[25] (net)
                      0.174282    0.009268    5.995807 ^ wbs_dat_o[25] (out)
                                              5.995807   data arrival time

                                  0.000000    0.000000   clock clk (rise edge)
                                  5.570000    5.570000   clock network delay (propagated)
                                  0.087500    5.657500   clock uncertainty
                                  0.000000    5.657500   clock reconvergence pessimism
                                 -1.130000    4.527500   output external delay
                                              4.527500   data required time
---------------------------------------------------------------------------------------------
                                              4.527500   data required time
                                             -5.995807   data arrival time
---------------------------------------------------------------------------------------------
                                              1.468307   slack (MET)


Startpoint: _133_ (rising edge-triggered flip-flop clocked by clk)
Endpoint: wbs_dat_o[4] (output port clocked by clk)
Path Group: clk
Path Type: min

Fanout         Cap        Slew       Delay        Time   Description
---------------------------------------------------------------------------------------------
                                  0.000000    0.000000   clock clk (rise edge)
                                  4.650000    4.650000   clock source latency
     2    0.032446    0.610000    0.000000    4.650000 ^ clk (in)
                                                         clk (net)
                      0.618574    0.004180    4.654180 ^ wire3/A (sky130_fd_sc_hd__buf_4)
     3    0.045969    0.105597    0.149557    4.803737 ^ wire3/X (sky130_fd_sc_hd__buf_4)
                                                         net274 (net)
                      0.106918    0.009104    4.812841 ^ wire2/A (sky130_fd_sc_hd__buf_6)
     3    0.079048    0.121446    0.132212    4.945054 ^ wire2/X (sky130_fd_sc_hd__buf_6)
                                                         net273 (net)
                      0.128002    0.021264    4.966318 ^ wire1/A (sky130_fd_sc_hd__buf_6)
     3    0.081406    0.124044    0.136457    5.102774 ^ wire1/X (sky130_fd_sc_hd__buf_6)
                                                         net272 (net)
                      0.131193    0.022386    5.125160 ^ clkbuf_0_clk/A (sky130_fd_sc_hd__clkbuf_16)
     9    0.100903    0.091017    0.147752    5.272913 ^ clkbuf_0_clk/X (sky130_fd_sc_hd__clkbuf_16)
                                                         clknet_0_clk (net)
                      0.093416    0.011344    5.284256 ^ clkbuf_2_1__f_clk/A (sky130_fd_sc_hd__clkbuf_16)
    21    0.087351    0.080642    0.127816    5.412072 ^ clkbuf_2_1__f_clk/X (sky130_fd_sc_hd__clkbuf_16)
                                                         clknet_2_1__leaf_clk (net)
                      0.088677    0.019112    5.431184 ^ _133_/CLK (sky130_fd_sc_hd__dfrtp_4)
     3    0.080195    0.178422    0.356263    5.787446 ^ _133_/Q (sky130_fd_sc_hd__dfrtp_4)
                                                         net254 (net)
                      0.186685    0.029299    5.816745 ^ output254/A (sky130_fd_sc_hd__buf_12)
     1    0.191040    0.167626    0.173507    5.990252 ^ output254/X (sky130_fd_sc_hd__buf_12)
                                                         wbs_dat_o[4] (net)
                      0.168362    0.008841    5.999093 ^ wbs_dat_o[4] (out)
                                              5.999093   data arrival time

                                  0.000000    0.000000   clock clk (rise edge)
                                  5.570000    5.570000   clock network delay (propagated)
                                  0.087500    5.657500   clock uncertainty
                                  0.000000    5.657500   clock reconvergence pessimism
                                 -1.130000    4.527500   output external delay
                                              4.527500   data required time
---------------------------------------------------------------------------------------------
                                              4.527500   data required time
                                             -5.999093   data arrival time
---------------------------------------------------------------------------------------------
                                              1.471593   slack (MET)


Startpoint: _135_ (rising edge-triggered flip-flop clocked by clk)
Endpoint: wbs_dat_o[6] (output port clocked by clk)
Path Group: clk
Path Type: min

Fanout         Cap        Slew       Delay        Time   Description
---------------------------------------------------------------------------------------------
                                  0.000000    0.000000   clock clk (rise edge)
                                  4.650000    4.650000   clock source latency
     2    0.032446    0.610000    0.000000    4.650000 ^ clk (in)
                                                         clk (net)
                      0.618574    0.004180    4.654180 ^ wire3/A (sky130_fd_sc_hd__buf_4)
     3    0.045969    0.105597    0.149557    4.803737 ^ wire3/X (sky130_fd_sc_hd__buf_4)
                                                         net274 (net)
                      0.106918    0.009104    4.812841 ^ wire2/A (sky130_fd_sc_hd__buf_6)
     3    0.079048    0.121446    0.132212    4.945054 ^ wire2/X (sky130_fd_sc_hd__buf_6)
                                                         net273 (net)
                      0.128002    0.021264    4.966318 ^ wire1/A (sky130_fd_sc_hd__buf_6)
     3    0.081406    0.124044    0.136457    5.102774 ^ wire1/X (sky130_fd_sc_hd__buf_6)
                                                         net272 (net)
                      0.131193    0.022386    5.125160 ^ clkbuf_0_clk/A (sky130_fd_sc_hd__clkbuf_16)
     9    0.100903    0.091017    0.147752    5.272913 ^ clkbuf_0_clk/X (sky130_fd_sc_hd__clkbuf_16)
                                                         clknet_0_clk (net)
                      0.093550    0.011656    5.284568 ^ clkbuf_2_0__f_clk/A (sky130_fd_sc_hd__clkbuf_16)
    17    0.098861    0.089437    0.136128    5.420696 ^ clkbuf_2_0__f_clk/X (sky130_fd_sc_hd__clkbuf_16)
                                                         clknet_2_0__leaf_clk (net)
                      0.093422    0.014381    5.435077 ^ _135_/CLK (sky130_fd_sc_hd__dfrtp_4)
     3    0.090595    0.118887    0.373653    5.808729 v _135_/Q (sky130_fd_sc_hd__dfrtp_4)
                                                         net256 (net)
                      0.138922    0.035796    5.844525 v output256/A (sky130_fd_sc_hd__buf_12)
     1    0.191057    0.079376    0.168505    6.013030 v output256/X (sky130_fd_sc_hd__buf_12)
                                                         wbs_dat_o[6] (net)
                      0.080984    0.008726    6.021756 v wbs_dat_o[6] (out)
                                              6.021756   data arrival time

                                  0.000000    0.000000   clock clk (rise edge)
                                  5.570000    5.570000   clock network delay (propagated)
                                  0.087500    5.657500   clock uncertainty
                                  0.000000    5.657500   clock reconvergence pessimism
                                 -1.130000    4.527500   output external delay
                                              4.527500   data required time
---------------------------------------------------------------------------------------------
                                              4.527500   data required time
                                             -6.021756   data arrival time
---------------------------------------------------------------------------------------------
                                              1.494256   slack (MET)


Startpoint: _155_ (rising edge-triggered flip-flop clocked by clk)
Endpoint: wbs_dat_o[26] (output port clocked by clk)
Path Group: clk
Path Type: min

Fanout         Cap        Slew       Delay        Time   Description
---------------------------------------------------------------------------------------------
                                  0.000000    0.000000   clock clk (rise edge)
                                  4.650000    4.650000   clock source latency
     2    0.032446    0.610000    0.000000    4.650000 ^ clk (in)
                                                         clk (net)
                      0.618574    0.004180    4.654180 ^ wire3/A (sky130_fd_sc_hd__buf_4)
     3    0.045969    0.105597    0.149557    4.803737 ^ wire3/X (sky130_fd_sc_hd__buf_4)
                                                         net274 (net)
                      0.106918    0.009104    4.812841 ^ wire2/A (sky130_fd_sc_hd__buf_6)
     3    0.079048    0.121446    0.132212    4.945054 ^ wire2/X (sky130_fd_sc_hd__buf_6)
                                                         net273 (net)
                      0.128002    0.021264    4.966318 ^ wire1/A (sky130_fd_sc_hd__buf_6)
     3    0.081406    0.124044    0.136457    5.102774 ^ wire1/X (sky130_fd_sc_hd__buf_6)
                                                         net272 (net)
                      0.131193    0.022386    5.125160 ^ clkbuf_0_clk/A (sky130_fd_sc_hd__clkbuf_16)
     9    0.100903    0.091017    0.147752    5.272913 ^ clkbuf_0_clk/X (sky130_fd_sc_hd__clkbuf_16)
                                                         clknet_0_clk (net)
                      0.092843    0.009905    5.282818 ^ clkbuf_2_3__f_clk/A (sky130_fd_sc_hd__clkbuf_16)
    21    0.073640    0.070173    0.121497    5.404315 ^ clkbuf_2_3__f_clk/X (sky130_fd_sc_hd__clkbuf_16)
                                                         clknet_2_3__leaf_clk (net)
                      0.077092    0.016462    5.420777 ^ _155_/CLK (sky130_fd_sc_hd__dfrtp_4)
     3    0.099754    0.124950    0.375253    5.796030 v _155_/Q (sky130_fd_sc_hd__dfrtp_4)
                                                         net246 (net)
                      0.150584    0.041383    5.837413 v output246/A (sky130_fd_sc_hd__buf_12)
     1    0.191426    0.083310    0.177717    6.015130 v output246/X (sky130_fd_sc_hd__buf_12)
                                                         wbs_dat_o[26] (net)
                      0.084972    0.009160    6.024290 v wbs_dat_o[26] (out)
                                              6.024290   data arrival time

                                  0.000000    0.000000   clock clk (rise edge)
                                  5.570000    5.570000   clock network delay (propagated)
                                  0.087500    5.657500   clock uncertainty
                                  0.000000    5.657500   clock reconvergence pessimism
                                 -1.130000    4.527500   output external delay
                                              4.527500   data required time
---------------------------------------------------------------------------------------------
                                              4.527500   data required time
                                             -6.024290   data arrival time
---------------------------------------------------------------------------------------------
                                              1.496790   slack (MET)


Startpoint: _132_ (rising edge-triggered flip-flop clocked by clk)
Endpoint: wbs_dat_o[3] (output port clocked by clk)
Path Group: clk
Path Type: min

Fanout         Cap        Slew       Delay        Time   Description
---------------------------------------------------------------------------------------------
                                  0.000000    0.000000   clock clk (rise edge)
                                  4.650000    4.650000   clock source latency
     2    0.032446    0.610000    0.000000    4.650000 ^ clk (in)
                                                         clk (net)
                      0.618574    0.004180    4.654180 ^ wire3/A (sky130_fd_sc_hd__buf_4)
     3    0.045969    0.105597    0.149557    4.803737 ^ wire3/X (sky130_fd_sc_hd__buf_4)
                                                         net274 (net)
                      0.106918    0.009104    4.812841 ^ wire2/A (sky130_fd_sc_hd__buf_6)
     3    0.079048    0.121446    0.132212    4.945054 ^ wire2/X (sky130_fd_sc_hd__buf_6)
                                                         net273 (net)
                      0.128002    0.021264    4.966318 ^ wire1/A (sky130_fd_sc_hd__buf_6)
     3    0.081406    0.124044    0.136457    5.102774 ^ wire1/X (sky130_fd_sc_hd__buf_6)
                                                         net272 (net)
                      0.131193    0.022386    5.125160 ^ clkbuf_0_clk/A (sky130_fd_sc_hd__clkbuf_16)
     9    0.100903    0.091017    0.147752    5.272913 ^ clkbuf_0_clk/X (sky130_fd_sc_hd__clkbuf_16)
                                                         clknet_0_clk (net)
                      0.093416    0.011344    5.284256 ^ clkbuf_2_1__f_clk/A (sky130_fd_sc_hd__clkbuf_16)
    21    0.087351    0.080642    0.127816    5.412072 ^ clkbuf_2_1__f_clk/X (sky130_fd_sc_hd__clkbuf_16)
                                                         clknet_2_1__leaf_clk (net)
                      0.088611    0.019029    5.431101 ^ _132_/CLK (sky130_fd_sc_hd__dfrtp_4)
     3    0.098815    0.124224    0.375797    5.806898 v _132_/Q (sky130_fd_sc_hd__dfrtp_4)
                                                         net253 (net)
                      0.153786    0.044395    5.851293 v output253/A (sky130_fd_sc_hd__buf_12)
     1    0.191020    0.079588    0.174492    6.025785 v output253/X (sky130_fd_sc_hd__buf_12)
                                                         wbs_dat_o[3] (net)
                      0.081192    0.008726    6.034511 v wbs_dat_o[3] (out)
                                              6.034511   data arrival time

                                  0.000000    0.000000   clock clk (rise edge)
                                  5.570000    5.570000   clock network delay (propagated)
                                  0.087500    5.657500   clock uncertainty
                                  0.000000    5.657500   clock reconvergence pessimism
                                 -1.130000    4.527500   output external delay
                                              4.527500   data required time
---------------------------------------------------------------------------------------------
                                              4.527500   data required time
                                             -6.034511   data arrival time
---------------------------------------------------------------------------------------------
                                              1.507011   slack (MET)


Startpoint: _131_ (rising edge-triggered flip-flop clocked by clk)
Endpoint: wbs_dat_o[2] (output port clocked by clk)
Path Group: clk
Path Type: min

Fanout         Cap        Slew       Delay        Time   Description
---------------------------------------------------------------------------------------------
                                  0.000000    0.000000   clock clk (rise edge)
                                  4.650000    4.650000   clock source latency
     2    0.032446    0.610000    0.000000    4.650000 ^ clk (in)
                                                         clk (net)
                      0.618574    0.004180    4.654180 ^ wire3/A (sky130_fd_sc_hd__buf_4)
     3    0.045969    0.105597    0.149557    4.803737 ^ wire3/X (sky130_fd_sc_hd__buf_4)
                                                         net274 (net)
                      0.106918    0.009104    4.812841 ^ wire2/A (sky130_fd_sc_hd__buf_6)
     3    0.079048    0.121446    0.132212    4.945054 ^ wire2/X (sky130_fd_sc_hd__buf_6)
                                                         net273 (net)
                      0.128002    0.021264    4.966318 ^ wire1/A (sky130_fd_sc_hd__buf_6)
     3    0.081406    0.124044    0.136457    5.102774 ^ wire1/X (sky130_fd_sc_hd__buf_6)
                                                         net272 (net)
                      0.131193    0.022386    5.125160 ^ clkbuf_0_clk/A (sky130_fd_sc_hd__clkbuf_16)
     9    0.100903    0.091017    0.147752    5.272913 ^ clkbuf_0_clk/X (sky130_fd_sc_hd__clkbuf_16)
                                                         clknet_0_clk (net)
                      0.093416    0.011344    5.284256 ^ clkbuf_2_1__f_clk/A (sky130_fd_sc_hd__clkbuf_16)
    21    0.087351    0.080642    0.127816    5.412072 ^ clkbuf_2_1__f_clk/X (sky130_fd_sc_hd__clkbuf_16)
                                                         clknet_2_1__leaf_clk (net)
                      0.088572    0.018981    5.431053 ^ _131_/CLK (sky130_fd_sc_hd__dfrtp_4)
     3    0.100710    0.125029    0.379041    5.810094 v _131_/Q (sky130_fd_sc_hd__dfrtp_4)
                                                         net250 (net)
                      0.153548    0.043869    5.853964 v output250/A (sky130_fd_sc_hd__buf_12)
     1    0.191020    0.079584    0.174396    6.028360 v output250/X (sky130_fd_sc_hd__buf_12)
                                                         wbs_dat_o[2] (net)
                      0.081188    0.008726    6.037086 v wbs_dat_o[2] (out)
                                              6.037086   data arrival time

                                  0.000000    0.000000   clock clk (rise edge)
                                  5.570000    5.570000   clock network delay (propagated)
                                  0.087500    5.657500   clock uncertainty
                                  0.000000    5.657500   clock reconvergence pessimism
                                 -1.130000    4.527500   output external delay
                                              4.527500   data required time
---------------------------------------------------------------------------------------------
                                              4.527500   data required time
                                             -6.037086   data arrival time
---------------------------------------------------------------------------------------------
                                              1.509586   slack (MET)


Startpoint: _156_ (rising edge-triggered flip-flop clocked by clk)
Endpoint: wbs_dat_o[27] (output port clocked by clk)
Path Group: clk
Path Type: min

Fanout         Cap        Slew       Delay        Time   Description
---------------------------------------------------------------------------------------------
                                  0.000000    0.000000   clock clk (rise edge)
                                  4.650000    4.650000   clock source latency
     2    0.032446    0.610000    0.000000    4.650000 ^ clk (in)
                                                         clk (net)
                      0.618574    0.004180    4.654180 ^ wire3/A (sky130_fd_sc_hd__buf_4)
     3    0.045969    0.105597    0.149557    4.803737 ^ wire3/X (sky130_fd_sc_hd__buf_4)
                                                         net274 (net)
                      0.106918    0.009104    4.812841 ^ wire2/A (sky130_fd_sc_hd__buf_6)
     3    0.079048    0.121446    0.132212    4.945054 ^ wire2/X (sky130_fd_sc_hd__buf_6)
                                                         net273 (net)
                      0.128002    0.021264    4.966318 ^ wire1/A (sky130_fd_sc_hd__buf_6)
     3    0.081406    0.124044    0.136457    5.102774 ^ wire1/X (sky130_fd_sc_hd__buf_6)
                                                         net272 (net)
                      0.131193    0.022386    5.125160 ^ clkbuf_0_clk/A (sky130_fd_sc_hd__clkbuf_16)
     9    0.100903    0.091017    0.147752    5.272913 ^ clkbuf_0_clk/X (sky130_fd_sc_hd__clkbuf_16)
                                                         clknet_0_clk (net)
                      0.092843    0.009905    5.282818 ^ clkbuf_2_3__f_clk/A (sky130_fd_sc_hd__clkbuf_16)
    21    0.073640    0.070173    0.121497    5.404315 ^ clkbuf_2_3__f_clk/X (sky130_fd_sc_hd__clkbuf_16)
                                                         clknet_2_3__leaf_clk (net)
                      0.075453    0.014282    5.418597 ^ _156_/CLK (sky130_fd_sc_hd__dfrtp_4)
     3    0.108377    0.235085    0.376543    5.795141 ^ _156_/Q (sky130_fd_sc_hd__dfrtp_4)
                                                         net247 (net)
                      0.260505    0.057569    5.852710 ^ output247/A (sky130_fd_sc_hd__buf_12)
     1    0.191295    0.173596    0.179069    6.031779 ^ output247/X (sky130_fd_sc_hd__buf_12)
                                                         wbs_dat_o[27] (net)
                      0.174387    0.009261    6.041040 ^ wbs_dat_o[27] (out)
                                              6.041040   data arrival time

                                  0.000000    0.000000   clock clk (rise edge)
                                  5.570000    5.570000   clock network delay (propagated)
                                  0.087500    5.657500   clock uncertainty
                                  0.000000    5.657500   clock reconvergence pessimism
                                 -1.130000    4.527500   output external delay
                                              4.527500   data required time
---------------------------------------------------------------------------------------------
                                              4.527500   data required time
                                             -6.041040   data arrival time
---------------------------------------------------------------------------------------------
                                              1.513541   slack (MET)


Startpoint: _157_ (rising edge-triggered flip-flop clocked by clk)
Endpoint: wbs_dat_o[28] (output port clocked by clk)
Path Group: clk
Path Type: min

Fanout         Cap        Slew       Delay        Time   Description
---------------------------------------------------------------------------------------------
                                  0.000000    0.000000   clock clk (rise edge)
                                  4.650000    4.650000   clock source latency
     2    0.032446    0.610000    0.000000    4.650000 ^ clk (in)
                                                         clk (net)
                      0.618574    0.004180    4.654180 ^ wire3/A (sky130_fd_sc_hd__buf_4)
     3    0.045969    0.105597    0.149557    4.803737 ^ wire3/X (sky130_fd_sc_hd__buf_4)
                                                         net274 (net)
                      0.106918    0.009104    4.812841 ^ wire2/A (sky130_fd_sc_hd__buf_6)
     3    0.079048    0.121446    0.132212    4.945054 ^ wire2/X (sky130_fd_sc_hd__buf_6)
                                                         net273 (net)
                      0.128002    0.021264    4.966318 ^ wire1/A (sky130_fd_sc_hd__buf_6)
     3    0.081406    0.124044    0.136457    5.102774 ^ wire1/X (sky130_fd_sc_hd__buf_6)
                                                         net272 (net)
                      0.131193    0.022386    5.125160 ^ clkbuf_0_clk/A (sky130_fd_sc_hd__clkbuf_16)
     9    0.100903    0.091017    0.147752    5.272913 ^ clkbuf_0_clk/X (sky130_fd_sc_hd__clkbuf_16)
                                                         clknet_0_clk (net)
                      0.092843    0.009905    5.282818 ^ clkbuf_2_3__f_clk/A (sky130_fd_sc_hd__clkbuf_16)
    21    0.073640    0.070173    0.121497    5.404315 ^ clkbuf_2_3__f_clk/X (sky130_fd_sc_hd__clkbuf_16)
                                                         clknet_2_3__leaf_clk (net)
                      0.075112    0.013795    5.418110 ^ _157_/CLK (sky130_fd_sc_hd__dfrtp_4)
     3    0.119101    0.254202    0.386364    5.804474 ^ _157_/Q (sky130_fd_sc_hd__dfrtp_4)
                                                         net248 (net)
                      0.285818    0.066355    5.870829 ^ output248/A (sky130_fd_sc_hd__buf_12)
     1    0.191305    0.173735    0.178313    6.049143 ^ output248/X (sky130_fd_sc_hd__buf_12)
                                                         wbs_dat_o[28] (net)
                      0.174527    0.009263    6.058405 ^ wbs_dat_o[28] (out)
                                              6.058405   data arrival time

                                  0.000000    0.000000   clock clk (rise edge)
                                  5.570000    5.570000   clock network delay (propagated)
                                  0.087500    5.657500   clock uncertainty
                                  0.000000    5.657500   clock reconvergence pessimism
                                 -1.130000    4.527500   output external delay
                                              4.527500   data required time
---------------------------------------------------------------------------------------------
                                              4.527500   data required time
                                             -6.058405   data arrival time
---------------------------------------------------------------------------------------------
                                              1.530906   slack (MET)


Startpoint: _130_ (rising edge-triggered flip-flop clocked by clk)
Endpoint: wbs_dat_o[1] (output port clocked by clk)
Path Group: clk
Path Type: min

Fanout         Cap        Slew       Delay        Time   Description
---------------------------------------------------------------------------------------------
                                  0.000000    0.000000   clock clk (rise edge)
                                  4.650000    4.650000   clock source latency
     2    0.032446    0.610000    0.000000    4.650000 ^ clk (in)
                                                         clk (net)
                      0.618574    0.004180    4.654180 ^ wire3/A (sky130_fd_sc_hd__buf_4)
     3    0.045969    0.105597    0.149557    4.803737 ^ wire3/X (sky130_fd_sc_hd__buf_4)
                                                         net274 (net)
                      0.106918    0.009104    4.812841 ^ wire2/A (sky130_fd_sc_hd__buf_6)
     3    0.079048    0.121446    0.132212    4.945054 ^ wire2/X (sky130_fd_sc_hd__buf_6)
                                                         net273 (net)
                      0.128002    0.021264    4.966318 ^ wire1/A (sky130_fd_sc_hd__buf_6)
     3    0.081406    0.124044    0.136457    5.102774 ^ wire1/X (sky130_fd_sc_hd__buf_6)
                                                         net272 (net)
                      0.131193    0.022386    5.125160 ^ clkbuf_0_clk/A (sky130_fd_sc_hd__clkbuf_16)
     9    0.100903    0.091017    0.147752    5.272913 ^ clkbuf_0_clk/X (sky130_fd_sc_hd__clkbuf_16)
                                                         clknet_0_clk (net)
                      0.093416    0.011344    5.284256 ^ clkbuf_2_1__f_clk/A (sky130_fd_sc_hd__clkbuf_16)
    21    0.087351    0.080642    0.127816    5.412072 ^ clkbuf_2_1__f_clk/X (sky130_fd_sc_hd__clkbuf_16)
                                                         clknet_2_1__leaf_clk (net)
                      0.088581    0.018992    5.431064 ^ _130_/CLK (sky130_fd_sc_hd__dfrtp_4)
     3    0.115139    0.136021    0.385480    5.816544 v _130_/Q (sky130_fd_sc_hd__dfrtp_4)
                                                         net239 (net)
                      0.175433    0.053977    5.870521 v output239/A (sky130_fd_sc_hd__buf_12)
     1    0.191020    0.079916    0.183224    6.053745 v output239/X (sky130_fd_sc_hd__buf_12)
                                                         wbs_dat_o[1] (net)
                      0.081514    0.008734    6.062479 v wbs_dat_o[1] (out)
                                              6.062479   data arrival time

                                  0.000000    0.000000   clock clk (rise edge)
                                  5.570000    5.570000   clock network delay (propagated)
                                  0.087500    5.657500   clock uncertainty
                                  0.000000    5.657500   clock reconvergence pessimism
                                 -1.130000    4.527500   output external delay
                                              4.527500   data required time
---------------------------------------------------------------------------------------------
                                              4.527500   data required time
                                             -6.062479   data arrival time
---------------------------------------------------------------------------------------------
                                              1.534979   slack (MET)


Startpoint: _158_ (rising edge-triggered flip-flop clocked by clk)
Endpoint: wbs_dat_o[29] (output port clocked by clk)
Path Group: clk
Path Type: min

Fanout         Cap        Slew       Delay        Time   Description
---------------------------------------------------------------------------------------------
                                  0.000000    0.000000   clock clk (rise edge)
                                  4.650000    4.650000   clock source latency
     2    0.032446    0.610000    0.000000    4.650000 ^ clk (in)
                                                         clk (net)
                      0.618574    0.004180    4.654180 ^ wire3/A (sky130_fd_sc_hd__buf_4)
     3    0.045969    0.105597    0.149557    4.803737 ^ wire3/X (sky130_fd_sc_hd__buf_4)
                                                         net274 (net)
                      0.106918    0.009104    4.812841 ^ wire2/A (sky130_fd_sc_hd__buf_6)
     3    0.079048    0.121446    0.132212    4.945054 ^ wire2/X (sky130_fd_sc_hd__buf_6)
                                                         net273 (net)
                      0.128002    0.021264    4.966318 ^ wire1/A (sky130_fd_sc_hd__buf_6)
     3    0.081406    0.124044    0.136457    5.102774 ^ wire1/X (sky130_fd_sc_hd__buf_6)
                                                         net272 (net)
                      0.131193    0.022386    5.125160 ^ clkbuf_0_clk/A (sky130_fd_sc_hd__clkbuf_16)
     9    0.100903    0.091017    0.147752    5.272913 ^ clkbuf_0_clk/X (sky130_fd_sc_hd__clkbuf_16)
                                                         clknet_0_clk (net)
                      0.092843    0.009905    5.282818 ^ clkbuf_2_3__f_clk/A (sky130_fd_sc_hd__clkbuf_16)
    21    0.073640    0.070173    0.121497    5.404315 ^ clkbuf_2_3__f_clk/X (sky130_fd_sc_hd__clkbuf_16)
                                                         clknet_2_3__leaf_clk (net)
                      0.075656    0.014566    5.418881 ^ _158_/CLK (sky130_fd_sc_hd__dfrtp_4)
     3    0.125853    0.266959    0.391997    5.810878 ^ _158_/Q (sky130_fd_sc_hd__dfrtp_4)
                                                         net249 (net)
                      0.303896    0.073276    5.884154 ^ output249/A (sky130_fd_sc_hd__buf_12)
     1    0.191405    0.173905    0.177821    6.061975 ^ output249/X (sky130_fd_sc_hd__buf_12)
                                                         wbs_dat_o[29] (net)
                      0.174697    0.009267    6.071242 ^ wbs_dat_o[29] (out)
                                              6.071242   data arrival time

                                  0.000000    0.000000   clock clk (rise edge)
                                  5.570000    5.570000   clock network delay (propagated)
                                  0.087500    5.657500   clock uncertainty
                                  0.000000    5.657500   clock reconvergence pessimism
                                 -1.130000    4.527500   output external delay
                                              4.527500   data required time
---------------------------------------------------------------------------------------------
                                              4.527500   data required time
                                             -6.071242   data arrival time
---------------------------------------------------------------------------------------------
                                              1.543742   slack (MET)


Startpoint: _129_ (rising edge-triggered flip-flop clocked by clk)
Endpoint: wbs_dat_o[0] (output port clocked by clk)
Path Group: clk
Path Type: min

Fanout         Cap        Slew       Delay        Time   Description
---------------------------------------------------------------------------------------------
                                  0.000000    0.000000   clock clk (rise edge)
                                  4.650000    4.650000   clock source latency
     2    0.032446    0.610000    0.000000    4.650000 ^ clk (in)
                                                         clk (net)
                      0.618574    0.004180    4.654180 ^ wire3/A (sky130_fd_sc_hd__buf_4)
     3    0.045969    0.105597    0.149557    4.803737 ^ wire3/X (sky130_fd_sc_hd__buf_4)
                                                         net274 (net)
                      0.106918    0.009104    4.812841 ^ wire2/A (sky130_fd_sc_hd__buf_6)
     3    0.079048    0.121446    0.132212    4.945054 ^ wire2/X (sky130_fd_sc_hd__buf_6)
                                                         net273 (net)
                      0.128002    0.021264    4.966318 ^ wire1/A (sky130_fd_sc_hd__buf_6)
     3    0.081406    0.124044    0.136457    5.102774 ^ wire1/X (sky130_fd_sc_hd__buf_6)
                                                         net272 (net)
                      0.131193    0.022386    5.125160 ^ clkbuf_0_clk/A (sky130_fd_sc_hd__clkbuf_16)
     9    0.100903    0.091017    0.147752    5.272913 ^ clkbuf_0_clk/X (sky130_fd_sc_hd__clkbuf_16)
                                                         clknet_0_clk (net)
                      0.093416    0.011344    5.284256 ^ clkbuf_2_1__f_clk/A (sky130_fd_sc_hd__clkbuf_16)
    21    0.087351    0.080642    0.127816    5.412072 ^ clkbuf_2_1__f_clk/X (sky130_fd_sc_hd__clkbuf_16)
                                                         clknet_2_1__leaf_clk (net)
                      0.086705    0.016525    5.428597 ^ _129_/CLK (sky130_fd_sc_hd__dfrtp_4)
     3    0.126848    0.144490    0.388273    5.816870 v _129_/Q (sky130_fd_sc_hd__dfrtp_4)
                                                         net228 (net)
                      0.199826    0.066805    5.883675 v output228/A (sky130_fd_sc_hd__buf_12)
     1    0.191020    0.080283    0.193064    6.076739 v output228/X (sky130_fd_sc_hd__buf_12)
                                                         wbs_dat_o[0] (net)
                      0.081875    0.008735    6.085474 v wbs_dat_o[0] (out)
                                              6.085474   data arrival time

                                  0.000000    0.000000   clock clk (rise edge)
                                  5.570000    5.570000   clock network delay (propagated)
                                  0.087500    5.657500   clock uncertainty
                                  0.000000    5.657500   clock reconvergence pessimism
                                 -1.130000    4.527500   output external delay
                                              4.527500   data required time
---------------------------------------------------------------------------------------------
                                              4.527500   data required time
                                             -6.085474   data arrival time
---------------------------------------------------------------------------------------------
                                              1.557974   slack (MET)


Startpoint: _159_ (rising edge-triggered flip-flop clocked by clk)
Endpoint: wbs_dat_o[30] (output port clocked by clk)
Path Group: clk
Path Type: min

Fanout         Cap        Slew       Delay        Time   Description
---------------------------------------------------------------------------------------------
                                  0.000000    0.000000   clock clk (rise edge)
                                  4.650000    4.650000   clock source latency
     2    0.032446    0.610000    0.000000    4.650000 ^ clk (in)
                                                         clk (net)
                      0.618574    0.004180    4.654180 ^ wire3/A (sky130_fd_sc_hd__buf_4)
     3    0.045969    0.105597    0.149557    4.803737 ^ wire3/X (sky130_fd_sc_hd__buf_4)
                                                         net274 (net)
                      0.106918    0.009104    4.812841 ^ wire2/A (sky130_fd_sc_hd__buf_6)
     3    0.079048    0.121446    0.132212    4.945054 ^ wire2/X (sky130_fd_sc_hd__buf_6)
                                                         net273 (net)
                      0.128002    0.021264    4.966318 ^ wire1/A (sky130_fd_sc_hd__buf_6)
     3    0.081406    0.124044    0.136457    5.102774 ^ wire1/X (sky130_fd_sc_hd__buf_6)
                                                         net272 (net)
                      0.131193    0.022386    5.125160 ^ clkbuf_0_clk/A (sky130_fd_sc_hd__clkbuf_16)
     9    0.100903    0.091017    0.147752    5.272913 ^ clkbuf_0_clk/X (sky130_fd_sc_hd__clkbuf_16)
                                                         clknet_0_clk (net)
                      0.092845    0.009909    5.282821 ^ clkbuf_2_2__f_clk/A (sky130_fd_sc_hd__clkbuf_16)
    17    0.096271    0.087449    0.134878    5.417699 ^ clkbuf_2_2__f_clk/X (sky130_fd_sc_hd__clkbuf_16)
                                                         clknet_2_2__leaf_clk (net)
                      0.091989    0.015202    5.432901 ^ _159_/CLK (sky130_fd_sc_hd__dfrtp_4)
     3    0.155831    0.167179    0.406204    5.839105 v _159_/Q (sky130_fd_sc_hd__dfrtp_4)
                                                         net251 (net)
                      0.228949    0.075466    5.914572 v output251/A (sky130_fd_sc_hd__buf_12)
     1    0.191251    0.084263    0.208609    6.123180 v output251/X (sky130_fd_sc_hd__buf_12)
                                                         wbs_dat_o[30] (net)
                      0.085970    0.009154    6.132334 v wbs_dat_o[30] (out)
                                              6.132334   data arrival time

                                  0.000000    0.000000   clock clk (rise edge)
                                  5.570000    5.570000   clock network delay (propagated)
                                  0.087500    5.657500   clock uncertainty
                                  0.000000    5.657500   clock reconvergence pessimism
                                 -1.130000    4.527500   output external delay
                                              4.527500   data required time
---------------------------------------------------------------------------------------------
                                              4.527500   data required time
                                             -6.132334   data arrival time
---------------------------------------------------------------------------------------------
                                              1.604834   slack (MET)


Startpoint: _160_ (rising edge-triggered flip-flop clocked by clk)
Endpoint: wbs_dat_o[31] (output port clocked by clk)
Path Group: clk
Path Type: min

Fanout         Cap        Slew       Delay        Time   Description
---------------------------------------------------------------------------------------------
                                  0.000000    0.000000   clock clk (rise edge)
                                  4.650000    4.650000   clock source latency
     2    0.032446    0.610000    0.000000    4.650000 ^ clk (in)
                                                         clk (net)
                      0.618574    0.004180    4.654180 ^ wire3/A (sky130_fd_sc_hd__buf_4)
     3    0.045969    0.105597    0.149557    4.803737 ^ wire3/X (sky130_fd_sc_hd__buf_4)
                                                         net274 (net)
                      0.106918    0.009104    4.812841 ^ wire2/A (sky130_fd_sc_hd__buf_6)
     3    0.079048    0.121446    0.132212    4.945054 ^ wire2/X (sky130_fd_sc_hd__buf_6)
                                                         net273 (net)
                      0.128002    0.021264    4.966318 ^ wire1/A (sky130_fd_sc_hd__buf_6)
     3    0.081406    0.124044    0.136457    5.102774 ^ wire1/X (sky130_fd_sc_hd__buf_6)
                                                         net272 (net)
                      0.131193    0.022386    5.125160 ^ clkbuf_0_clk/A (sky130_fd_sc_hd__clkbuf_16)
     9    0.100903    0.091017    0.147752    5.272913 ^ clkbuf_0_clk/X (sky130_fd_sc_hd__clkbuf_16)
                                                         clknet_0_clk (net)
                      0.092843    0.009905    5.282818 ^ clkbuf_2_3__f_clk/A (sky130_fd_sc_hd__clkbuf_16)
    21    0.073640    0.070173    0.121497    5.404315 ^ clkbuf_2_3__f_clk/X (sky130_fd_sc_hd__clkbuf_16)
                                                         clknet_2_3__leaf_clk (net)
                      0.075454    0.014283    5.418598 ^ _160_/CLK (sky130_fd_sc_hd__dfrtp_4)
     3    0.173261    0.178684    0.408302    5.826900 v _160_/Q (sky130_fd_sc_hd__dfrtp_4)
                                                         net252 (net)
                      0.260436    0.091185    5.918085 v output252/A (sky130_fd_sc_hd__buf_12)
     1    0.191251    0.085125    0.217762    6.135848 v output252/X (sky130_fd_sc_hd__buf_12)
                                                         wbs_dat_o[31] (net)
                      0.086813    0.009156    6.145003 v wbs_dat_o[31] (out)
                                              6.145003   data arrival time

                                  0.000000    0.000000   clock clk (rise edge)
                                  5.570000    5.570000   clock network delay (propagated)
                                  0.087500    5.657500   clock uncertainty
                                  0.000000    5.657500   clock reconvergence pessimism
                                 -1.130000    4.527500   output external delay
                                              4.527500   data required time
---------------------------------------------------------------------------------------------
                                              4.527500   data required time
                                             -6.145003   data arrival time
---------------------------------------------------------------------------------------------
                                              1.617504   slack (MET)


Startpoint: _128_ (rising edge-triggered flip-flop clocked by clk)
Endpoint: wbs_ack_o (output port clocked by clk)
Path Group: clk
Path Type: min

Fanout         Cap        Slew       Delay        Time   Description
---------------------------------------------------------------------------------------------
                                  0.000000    0.000000   clock clk (rise edge)
                                  4.650000    4.650000   clock source latency
     2    0.032446    0.610000    0.000000    4.650000 ^ clk (in)
                                                         clk (net)
                      0.618574    0.004180    4.654180 ^ wire3/A (sky130_fd_sc_hd__buf_4)
     3    0.045969    0.105597    0.149557    4.803737 ^ wire3/X (sky130_fd_sc_hd__buf_4)
                                                         net274 (net)
                      0.106918    0.009104    4.812841 ^ wire2/A (sky130_fd_sc_hd__buf_6)
     3    0.079048    0.121446    0.132212    4.945054 ^ wire2/X (sky130_fd_sc_hd__buf_6)
                                                         net273 (net)
                      0.128002    0.021264    4.966318 ^ wire1/A (sky130_fd_sc_hd__buf_6)
     3    0.081406    0.124044    0.136457    5.102774 ^ wire1/X (sky130_fd_sc_hd__buf_6)
                                                         net272 (net)
                      0.131193    0.022386    5.125160 ^ clkbuf_0_clk/A (sky130_fd_sc_hd__clkbuf_16)
     9    0.100903    0.091017    0.147752    5.272913 ^ clkbuf_0_clk/X (sky130_fd_sc_hd__clkbuf_16)
                                                         clknet_0_clk (net)
                      0.093416    0.011344    5.284256 ^ clkbuf_2_1__f_clk/A (sky130_fd_sc_hd__clkbuf_16)
    21    0.087351    0.080642    0.127816    5.412072 ^ clkbuf_2_1__f_clk/X (sky130_fd_sc_hd__clkbuf_16)
                                                         clknet_2_1__leaf_clk (net)
                      0.084273    0.012773    5.424845 ^ _128_/CLK (sky130_fd_sc_hd__dfrtp_4)
     3    0.176582    0.191866    0.401439    5.826284 v _128_/Q (sky130_fd_sc_hd__dfrtp_4)
                                                         net227 (net)
                      0.277412    0.098877    5.925161 v output227/A (sky130_fd_sc_hd__buf_12)
     1    0.191007    0.082235    0.218301    6.143462 v output227/X (sky130_fd_sc_hd__buf_12)
                                                         wbs_ack_o (net)
                      0.083791    0.008739    6.152201 v wbs_ack_o (out)
                                              6.152201   data arrival time

                                  0.000000    0.000000   clock clk (rise edge)
                                  5.570000    5.570000   clock network delay (propagated)
                                  0.087500    5.657500   clock uncertainty
                                  0.000000    5.657500   clock reconvergence pessimism
                                 -1.370000    4.287500   output external delay
                                              4.287500   data required time
---------------------------------------------------------------------------------------------
                                              4.287500   data required time
                                             -6.152201   data arrival time
---------------------------------------------------------------------------------------------
                                              1.864701   slack (MET)



