
===========================================================================
report_checks -path_delay max (Setup)
============================================================================
======================= min_ff_n40C_1v95 Corner ===================================

Startpoint: rst_n (input port clocked by clk)
Endpoint: _152_ (recovery check against rising-edge clock clk)
Path Group: asynchronous
Path Type: max

Fanout         Cap        Slew       Delay        Time   Description
---------------------------------------------------------------------------------------------
                                  0.000000    0.000000   clock clk (rise edge)
                                  5.570000    5.570000   clock network delay (propagated)
                                 12.500000   18.070000 ^ input external delay
     2    0.011467    0.000000    0.000000   18.070000 ^ rst_n (in)
                                                         rst_n (net)
                      0.000151    0.000076   18.070076 ^ input79/A (sky130_fd_sc_hd__buf_12)
     7    0.263073    0.157149    0.083180   18.153255 ^ input79/X (sky130_fd_sc_hd__buf_12)
                                                         net79 (net)
                      0.459967    0.216724   18.369980 ^ fanout267/A (sky130_fd_sc_hd__buf_6)
    33    0.140813    0.211978    0.193428   18.563408 ^ fanout267/X (sky130_fd_sc_hd__buf_6)
                                                         net267 (net)
                      0.218116    0.028543   18.591949 ^ _152_/RESET_B (sky130_fd_sc_hd__dfrtp_4)
                                             18.591949   data arrival time

                                 25.000000   25.000000   clock clk (rise edge)
                                  4.650000   29.650000   clock source latency
     2    0.029055    0.610000    0.000000   29.650000 ^ clk (in)
                                                         clk (net)
                      0.615113    0.002556   29.652555 ^ wire3/A (sky130_fd_sc_hd__buf_4)
     3    0.032428    0.081164    0.137073   29.789627 ^ wire3/X (sky130_fd_sc_hd__buf_4)
                                                         net274 (net)
                      0.081463    0.003830   29.793457 ^ wire2/A (sky130_fd_sc_hd__buf_6)
     3    0.070014    0.108553    0.126645   29.920103 ^ wire2/X (sky130_fd_sc_hd__buf_6)
                                                         net273 (net)
                      0.111101    0.013081   29.933184 ^ wire1/A (sky130_fd_sc_hd__buf_6)
     3    0.072443    0.112079    0.133127   30.066311 ^ wire1/X (sky130_fd_sc_hd__buf_6)
                                                         net272 (net)
                      0.114846    0.013845   30.080156 ^ clkbuf_0_clk/A (sky130_fd_sc_hd__clkbuf_16)
     9    0.092224    0.083717    0.146578   30.226734 ^ clkbuf_0_clk/X (sky130_fd_sc_hd__clkbuf_16)
                                                         clknet_0_clk (net)
                      0.084218    0.005148   30.231882 ^ clkbuf_2_3__f_clk/A (sky130_fd_sc_hd__clkbuf_16)
    21    0.067906    0.065840    0.123777   30.355658 ^ clkbuf_2_3__f_clk/X (sky130_fd_sc_hd__clkbuf_16)
                                                         clknet_2_3__leaf_clk (net)
                      0.067502    0.008146   30.363804 ^ _152_/CLK (sky130_fd_sc_hd__dfrtp_4)
                                 -0.250000   30.113804   clock uncertainty
                                  0.000000   30.113804   clock reconvergence pessimism
                                  0.077953   30.191757   library recovery time
                                             30.191757   data required time
---------------------------------------------------------------------------------------------
                                             30.191757   data required time
                                            -18.591949   data arrival time
---------------------------------------------------------------------------------------------
                                             11.599808   slack (MET)


Startpoint: rst_n (input port clocked by clk)
Endpoint: _155_ (recovery check against rising-edge clock clk)
Path Group: asynchronous
Path Type: max

Fanout         Cap        Slew       Delay        Time   Description
---------------------------------------------------------------------------------------------
                                  0.000000    0.000000   clock clk (rise edge)
                                  5.570000    5.570000   clock network delay (propagated)
                                 12.500000   18.070000 ^ input external delay
     2    0.011467    0.000000    0.000000   18.070000 ^ rst_n (in)
                                                         rst_n (net)
                      0.000151    0.000076   18.070076 ^ input79/A (sky130_fd_sc_hd__buf_12)
     7    0.263073    0.157149    0.083180   18.153255 ^ input79/X (sky130_fd_sc_hd__buf_12)
                                                         net79 (net)
                      0.459967    0.216724   18.369980 ^ fanout267/A (sky130_fd_sc_hd__buf_6)
    33    0.140813    0.211978    0.193428   18.563408 ^ fanout267/X (sky130_fd_sc_hd__buf_6)
                                                         net267 (net)
                      0.218093    0.028489   18.591896 ^ _155_/RESET_B (sky130_fd_sc_hd__dfrtp_4)
                                             18.591896   data arrival time

                                 25.000000   25.000000   clock clk (rise edge)
                                  4.650000   29.650000   clock source latency
     2    0.029055    0.610000    0.000000   29.650000 ^ clk (in)
                                                         clk (net)
                      0.615113    0.002556   29.652555 ^ wire3/A (sky130_fd_sc_hd__buf_4)
     3    0.032428    0.081164    0.137073   29.789627 ^ wire3/X (sky130_fd_sc_hd__buf_4)
                                                         net274 (net)
                      0.081463    0.003830   29.793457 ^ wire2/A (sky130_fd_sc_hd__buf_6)
     3    0.070014    0.108553    0.126645   29.920103 ^ wire2/X (sky130_fd_sc_hd__buf_6)
                                                         net273 (net)
                      0.111101    0.013081   29.933184 ^ wire1/A (sky130_fd_sc_hd__buf_6)
     3    0.072443    0.112079    0.133127   30.066311 ^ wire1/X (sky130_fd_sc_hd__buf_6)
                                                         net272 (net)
                      0.114846    0.013845   30.080156 ^ clkbuf_0_clk/A (sky130_fd_sc_hd__clkbuf_16)
     9    0.092224    0.083717    0.146578   30.226734 ^ clkbuf_0_clk/X (sky130_fd_sc_hd__clkbuf_16)
                                                         clknet_0_clk (net)
                      0.084218    0.005148   30.231882 ^ clkbuf_2_3__f_clk/A (sky130_fd_sc_hd__clkbuf_16)
    21    0.067906    0.065840    0.123777   30.355658 ^ clkbuf_2_3__f_clk/X (sky130_fd_sc_hd__clkbuf_16)
                                                         clknet_2_3__leaf_clk (net)
                      0.067496    0.008129   30.363787 ^ _155_/CLK (sky130_fd_sc_hd__dfrtp_4)
                                 -0.250000   30.113787   clock uncertainty
                                  0.000000   30.113787   clock reconvergence pessimism
                                  0.077959   30.191748   library recovery time
                                             30.191748   data required time
---------------------------------------------------------------------------------------------
                                             30.191748   data required time
                                            -18.591896   data arrival time
---------------------------------------------------------------------------------------------
                                             11.599851   slack (MET)


Startpoint: rst_n (input port clocked by clk)
Endpoint: _154_ (recovery check against rising-edge clock clk)
Path Group: asynchronous
Path Type: max

Fanout         Cap        Slew       Delay        Time   Description
---------------------------------------------------------------------------------------------
                                  0.000000    0.000000   clock clk (rise edge)
                                  5.570000    5.570000   clock network delay (propagated)
                                 12.500000   18.070000 ^ input external delay
     2    0.011467    0.000000    0.000000   18.070000 ^ rst_n (in)
                                                         rst_n (net)
                      0.000151    0.000076   18.070076 ^ input79/A (sky130_fd_sc_hd__buf_12)
     7    0.263073    0.157149    0.083180   18.153255 ^ input79/X (sky130_fd_sc_hd__buf_12)
                                                         net79 (net)
                      0.459967    0.216724   18.369980 ^ fanout267/A (sky130_fd_sc_hd__buf_6)
    33    0.140813    0.211978    0.193428   18.563408 ^ fanout267/X (sky130_fd_sc_hd__buf_6)
                                                         net267 (net)
                      0.218041    0.028372   18.591780 ^ _154_/RESET_B (sky130_fd_sc_hd__dfrtp_4)
                                             18.591780   data arrival time

                                 25.000000   25.000000   clock clk (rise edge)
                                  4.650000   29.650000   clock source latency
     2    0.029055    0.610000    0.000000   29.650000 ^ clk (in)
                                                         clk (net)
                      0.615113    0.002556   29.652555 ^ wire3/A (sky130_fd_sc_hd__buf_4)
     3    0.032428    0.081164    0.137073   29.789627 ^ wire3/X (sky130_fd_sc_hd__buf_4)
                                                         net274 (net)
                      0.081463    0.003830   29.793457 ^ wire2/A (sky130_fd_sc_hd__buf_6)
     3    0.070014    0.108553    0.126645   29.920103 ^ wire2/X (sky130_fd_sc_hd__buf_6)
                                                         net273 (net)
                      0.111101    0.013081   29.933184 ^ wire1/A (sky130_fd_sc_hd__buf_6)
     3    0.072443    0.112079    0.133127   30.066311 ^ wire1/X (sky130_fd_sc_hd__buf_6)
                                                         net272 (net)
                      0.114846    0.013845   30.080156 ^ clkbuf_0_clk/A (sky130_fd_sc_hd__clkbuf_16)
     9    0.092224    0.083717    0.146578   30.226734 ^ clkbuf_0_clk/X (sky130_fd_sc_hd__clkbuf_16)
                                                         clknet_0_clk (net)
                      0.084218    0.005148   30.231882 ^ clkbuf_2_3__f_clk/A (sky130_fd_sc_hd__clkbuf_16)
    21    0.067906    0.065840    0.123777   30.355658 ^ clkbuf_2_3__f_clk/X (sky130_fd_sc_hd__clkbuf_16)
                                                         clknet_2_3__leaf_clk (net)
                      0.067484    0.008100   30.363758 ^ _154_/CLK (sky130_fd_sc_hd__dfrtp_4)
                                 -0.250000   30.113758   clock uncertainty
                                  0.000000   30.113758   clock reconvergence pessimism
                                  0.077974   30.191732   library recovery time
                                             30.191732   data required time
---------------------------------------------------------------------------------------------
                                             30.191732   data required time
                                            -18.591780   data arrival time
---------------------------------------------------------------------------------------------
                                             11.599954   slack (MET)


Startpoint: rst_n (input port clocked by clk)
Endpoint: _153_ (recovery check against rising-edge clock clk)
Path Group: asynchronous
Path Type: max

Fanout         Cap        Slew       Delay        Time   Description
---------------------------------------------------------------------------------------------
                                  0.000000    0.000000   clock clk (rise edge)
                                  5.570000    5.570000   clock network delay (propagated)
                                 12.500000   18.070000 ^ input external delay
     2    0.011467    0.000000    0.000000   18.070000 ^ rst_n (in)
                                                         rst_n (net)
                      0.000151    0.000076   18.070076 ^ input79/A (sky130_fd_sc_hd__buf_12)
     7    0.263073    0.157149    0.083180   18.153255 ^ input79/X (sky130_fd_sc_hd__buf_12)
                                                         net79 (net)
                      0.459967    0.216724   18.369980 ^ fanout267/A (sky130_fd_sc_hd__buf_6)
    33    0.140813    0.211978    0.193428   18.563408 ^ fanout267/X (sky130_fd_sc_hd__buf_6)
                                                         net267 (net)
                      0.217954    0.028177   18.591583 ^ _153_/RESET_B (sky130_fd_sc_hd__dfrtp_4)
                                             18.591583   data arrival time

                                 25.000000   25.000000   clock clk (rise edge)
                                  4.650000   29.650000   clock source latency
     2    0.029055    0.610000    0.000000   29.650000 ^ clk (in)
                                                         clk (net)
                      0.615113    0.002556   29.652555 ^ wire3/A (sky130_fd_sc_hd__buf_4)
     3    0.032428    0.081164    0.137073   29.789627 ^ wire3/X (sky130_fd_sc_hd__buf_4)
                                                         net274 (net)
                      0.081463    0.003830   29.793457 ^ wire2/A (sky130_fd_sc_hd__buf_6)
     3    0.070014    0.108553    0.126645   29.920103 ^ wire2/X (sky130_fd_sc_hd__buf_6)
                                                         net273 (net)
                      0.111101    0.013081   29.933184 ^ wire1/A (sky130_fd_sc_hd__buf_6)
     3    0.072443    0.112079    0.133127   30.066311 ^ wire1/X (sky130_fd_sc_hd__buf_6)
                                                         net272 (net)
                      0.114846    0.013845   30.080156 ^ clkbuf_0_clk/A (sky130_fd_sc_hd__clkbuf_16)
     9    0.092224    0.083717    0.146578   30.226734 ^ clkbuf_0_clk/X (sky130_fd_sc_hd__clkbuf_16)
                                                         clknet_0_clk (net)
                      0.084218    0.005148   30.231882 ^ clkbuf_2_3__f_clk/A (sky130_fd_sc_hd__clkbuf_16)
    21    0.067906    0.065840    0.123777   30.355658 ^ clkbuf_2_3__f_clk/X (sky130_fd_sc_hd__clkbuf_16)
                                                         clknet_2_3__leaf_clk (net)
                      0.067460    0.008040   30.363699 ^ _153_/CLK (sky130_fd_sc_hd__dfrtp_4)
                                 -0.250000   30.113697   clock uncertainty
                                  0.000000   30.113697   clock reconvergence pessimism
                                  0.077997   30.191694   library recovery time
                                             30.191694   data required time
---------------------------------------------------------------------------------------------
                                             30.191694   data required time
                                            -18.591583   data arrival time
---------------------------------------------------------------------------------------------
                                             11.600110   slack (MET)


Startpoint: rst_n (input port clocked by clk)
Endpoint: _158_ (recovery check against rising-edge clock clk)
Path Group: asynchronous
Path Type: max

Fanout         Cap        Slew       Delay        Time   Description
---------------------------------------------------------------------------------------------
                                  0.000000    0.000000   clock clk (rise edge)
                                  5.570000    5.570000   clock network delay (propagated)
                                 12.500000   18.070000 ^ input external delay
     2    0.011467    0.000000    0.000000   18.070000 ^ rst_n (in)
                                                         rst_n (net)
                      0.000151    0.000076   18.070076 ^ input79/A (sky130_fd_sc_hd__buf_12)
     7    0.263073    0.157149    0.083180   18.153255 ^ input79/X (sky130_fd_sc_hd__buf_12)
                                                         net79 (net)
                      0.459967    0.216724   18.369980 ^ fanout267/A (sky130_fd_sc_hd__buf_6)
    33    0.140813    0.211978    0.193428   18.563408 ^ fanout267/X (sky130_fd_sc_hd__buf_6)
                                                         net267 (net)
                      0.217532    0.027200   18.590607 ^ _158_/RESET_B (sky130_fd_sc_hd__dfrtp_4)
                                             18.590607   data arrival time

                                 25.000000   25.000000   clock clk (rise edge)
                                  4.650000   29.650000   clock source latency
     2    0.029055    0.610000    0.000000   29.650000 ^ clk (in)
                                                         clk (net)
                      0.615113    0.002556   29.652555 ^ wire3/A (sky130_fd_sc_hd__buf_4)
     3    0.032428    0.081164    0.137073   29.789627 ^ wire3/X (sky130_fd_sc_hd__buf_4)
                                                         net274 (net)
                      0.081463    0.003830   29.793457 ^ wire2/A (sky130_fd_sc_hd__buf_6)
     3    0.070014    0.108553    0.126645   29.920103 ^ wire2/X (sky130_fd_sc_hd__buf_6)
                                                         net273 (net)
                      0.111101    0.013081   29.933184 ^ wire1/A (sky130_fd_sc_hd__buf_6)
     3    0.072443    0.112079    0.133127   30.066311 ^ wire1/X (sky130_fd_sc_hd__buf_6)
                                                         net272 (net)
                      0.114846    0.013845   30.080156 ^ clkbuf_0_clk/A (sky130_fd_sc_hd__clkbuf_16)
     9    0.092224    0.083717    0.146578   30.226734 ^ clkbuf_0_clk/X (sky130_fd_sc_hd__clkbuf_16)
                                                         clknet_0_clk (net)
                      0.084218    0.005148   30.231882 ^ clkbuf_2_3__f_clk/A (sky130_fd_sc_hd__clkbuf_16)
    21    0.067906    0.065840    0.123777   30.355658 ^ clkbuf_2_3__f_clk/X (sky130_fd_sc_hd__clkbuf_16)
                                                         clknet_2_3__leaf_clk (net)
                      0.067330    0.007695   30.363354 ^ _158_/CLK (sky130_fd_sc_hd__dfrtp_4)
                                 -0.250000   30.113352   clock uncertainty
                                  0.000000   30.113352   clock reconvergence pessimism
                                  0.078109   30.191463   library recovery time
                                             30.191463   data required time
---------------------------------------------------------------------------------------------
                                             30.191463   data required time
                                            -18.590607   data arrival time
---------------------------------------------------------------------------------------------
                                             11.600856   slack (MET)


Startpoint: rst_n (input port clocked by clk)
Endpoint: _156_ (recovery check against rising-edge clock clk)
Path Group: asynchronous
Path Type: max

Fanout         Cap        Slew       Delay        Time   Description
---------------------------------------------------------------------------------------------
                                  0.000000    0.000000   clock clk (rise edge)
                                  5.570000    5.570000   clock network delay (propagated)
                                 12.500000   18.070000 ^ input external delay
     2    0.011467    0.000000    0.000000   18.070000 ^ rst_n (in)
                                                         rst_n (net)
                      0.000151    0.000076   18.070076 ^ input79/A (sky130_fd_sc_hd__buf_12)
     7    0.263073    0.157149    0.083180   18.153255 ^ input79/X (sky130_fd_sc_hd__buf_12)
                                                         net79 (net)
                      0.459967    0.216724   18.369980 ^ fanout267/A (sky130_fd_sc_hd__buf_6)
    33    0.140813    0.211978    0.193428   18.563408 ^ fanout267/X (sky130_fd_sc_hd__buf_6)
                                                         net267 (net)
                      0.217265    0.026565   18.589973 ^ _156_/RESET_B (sky130_fd_sc_hd__dfrtp_4)
                                             18.589973   data arrival time

                                 25.000000   25.000000   clock clk (rise edge)
                                  4.650000   29.650000   clock source latency
     2    0.029055    0.610000    0.000000   29.650000 ^ clk (in)
                                                         clk (net)
                      0.615113    0.002556   29.652555 ^ wire3/A (sky130_fd_sc_hd__buf_4)
     3    0.032428    0.081164    0.137073   29.789627 ^ wire3/X (sky130_fd_sc_hd__buf_4)
                                                         net274 (net)
                      0.081463    0.003830   29.793457 ^ wire2/A (sky130_fd_sc_hd__buf_6)
     3    0.070014    0.108553    0.126645   29.920103 ^ wire2/X (sky130_fd_sc_hd__buf_6)
                                                         net273 (net)
                      0.111101    0.013081   29.933184 ^ wire1/A (sky130_fd_sc_hd__buf_6)
     3    0.072443    0.112079    0.133127   30.066311 ^ wire1/X (sky130_fd_sc_hd__buf_6)
                                                         net272 (net)
                      0.114846    0.013845   30.080156 ^ clkbuf_0_clk/A (sky130_fd_sc_hd__clkbuf_16)
     9    0.092224    0.083717    0.146578   30.226734 ^ clkbuf_0_clk/X (sky130_fd_sc_hd__clkbuf_16)
                                                         clknet_0_clk (net)
                      0.084218    0.005148   30.231882 ^ clkbuf_2_3__f_clk/A (sky130_fd_sc_hd__clkbuf_16)
    21    0.067906    0.065840    0.123777   30.355658 ^ clkbuf_2_3__f_clk/X (sky130_fd_sc_hd__clkbuf_16)
                                                         clknet_2_3__leaf_clk (net)
                      0.067218    0.007386   30.363045 ^ _156_/CLK (sky130_fd_sc_hd__dfrtp_4)
                                 -0.250000   30.113043   clock uncertainty
                                  0.000000   30.113043   clock reconvergence pessimism
                                  0.078174   30.191217   library recovery time
                                             30.191217   data required time
---------------------------------------------------------------------------------------------
                                             30.191217   data required time
                                            -18.589973   data arrival time
---------------------------------------------------------------------------------------------
                                             11.601245   slack (MET)


Startpoint: rst_n (input port clocked by clk)
Endpoint: _151_ (recovery check against rising-edge clock clk)
Path Group: asynchronous
Path Type: max

Fanout         Cap        Slew       Delay        Time   Description
---------------------------------------------------------------------------------------------
                                  0.000000    0.000000   clock clk (rise edge)
                                  5.570000    5.570000   clock network delay (propagated)
                                 12.500000   18.070000 ^ input external delay
     2    0.011467    0.000000    0.000000   18.070000 ^ rst_n (in)
                                                         rst_n (net)
                      0.000151    0.000076   18.070076 ^ input79/A (sky130_fd_sc_hd__buf_12)
     7    0.263073    0.157149    0.083180   18.153255 ^ input79/X (sky130_fd_sc_hd__buf_12)
                                                         net79 (net)
                      0.459967    0.216724   18.369980 ^ fanout267/A (sky130_fd_sc_hd__buf_6)
    33    0.140813    0.211978    0.193428   18.563408 ^ fanout267/X (sky130_fd_sc_hd__buf_6)
                                                         net267 (net)
                      0.217516    0.027162   18.590570 ^ _151_/RESET_B (sky130_fd_sc_hd__dfrtp_4)
                                             18.590570   data arrival time

                                 25.000000   25.000000   clock clk (rise edge)
                                  4.650000   29.650000   clock source latency
     2    0.029055    0.610000    0.000000   29.650000 ^ clk (in)
                                                         clk (net)
                      0.615113    0.002556   29.652555 ^ wire3/A (sky130_fd_sc_hd__buf_4)
     3    0.032428    0.081164    0.137073   29.789627 ^ wire3/X (sky130_fd_sc_hd__buf_4)
                                                         net274 (net)
                      0.081463    0.003830   29.793457 ^ wire2/A (sky130_fd_sc_hd__buf_6)
     3    0.070014    0.108553    0.126645   29.920103 ^ wire2/X (sky130_fd_sc_hd__buf_6)
                                                         net273 (net)
                      0.111101    0.013081   29.933184 ^ wire1/A (sky130_fd_sc_hd__buf_6)
     3    0.072443    0.112079    0.133127   30.066311 ^ wire1/X (sky130_fd_sc_hd__buf_6)
                                                         net272 (net)
                      0.114846    0.013845   30.080156 ^ clkbuf_0_clk/A (sky130_fd_sc_hd__clkbuf_16)
     9    0.092224    0.083717    0.146578   30.226734 ^ clkbuf_0_clk/X (sky130_fd_sc_hd__clkbuf_16)
                                                         clknet_0_clk (net)
                      0.084218    0.005148   30.231882 ^ clkbuf_2_3__f_clk/A (sky130_fd_sc_hd__clkbuf_16)
    21    0.067906    0.065840    0.123777   30.355658 ^ clkbuf_2_3__f_clk/X (sky130_fd_sc_hd__clkbuf_16)
                                                         clknet_2_3__leaf_clk (net)
                      0.067508    0.008164   30.363823 ^ _151_/CLK (sky130_fd_sc_hd__dfrtp_4)
                                 -0.250000   30.113821   clock uncertainty
                                  0.000000   30.113821   clock reconvergence pessimism
                                  0.078143   30.191963   library recovery time
                                             30.191963   data required time
---------------------------------------------------------------------------------------------
                                             30.191963   data required time
                                            -18.590570   data arrival time
---------------------------------------------------------------------------------------------
                                             11.601394   slack (MET)


Startpoint: rst_n (input port clocked by clk)
Endpoint: _157_ (recovery check against rising-edge clock clk)
Path Group: asynchronous
Path Type: max

Fanout         Cap        Slew       Delay        Time   Description
---------------------------------------------------------------------------------------------
                                  0.000000    0.000000   clock clk (rise edge)
                                  5.570000    5.570000   clock network delay (propagated)
                                 12.500000   18.070000 ^ input external delay
     2    0.011467    0.000000    0.000000   18.070000 ^ rst_n (in)
                                                         rst_n (net)
                      0.000151    0.000076   18.070076 ^ input79/A (sky130_fd_sc_hd__buf_12)
     7    0.263073    0.157149    0.083180   18.153255 ^ input79/X (sky130_fd_sc_hd__buf_12)
                                                         net79 (net)
                      0.459967    0.216724   18.369980 ^ fanout267/A (sky130_fd_sc_hd__buf_6)
    33    0.140813    0.211978    0.193428   18.563408 ^ fanout267/X (sky130_fd_sc_hd__buf_6)
                                                         net267 (net)
                      0.216936    0.025761   18.589169 ^ _157_/RESET_B (sky130_fd_sc_hd__dfrtp_4)
                                             18.589169   data arrival time

                                 25.000000   25.000000   clock clk (rise edge)
                                  4.650000   29.650000   clock source latency
     2    0.029055    0.610000    0.000000   29.650000 ^ clk (in)
                                                         clk (net)
                      0.615113    0.002556   29.652555 ^ wire3/A (sky130_fd_sc_hd__buf_4)
     3    0.032428    0.081164    0.137073   29.789627 ^ wire3/X (sky130_fd_sc_hd__buf_4)
                                                         net274 (net)
                      0.081463    0.003830   29.793457 ^ wire2/A (sky130_fd_sc_hd__buf_6)
     3    0.070014    0.108553    0.126645   29.920103 ^ wire2/X (sky130_fd_sc_hd__buf_6)
                                                         net273 (net)
                      0.111101    0.013081   29.933184 ^ wire1/A (sky130_fd_sc_hd__buf_6)
     3    0.072443    0.112079    0.133127   30.066311 ^ wire1/X (sky130_fd_sc_hd__buf_6)
                                                         net272 (net)
                      0.114846    0.013845   30.080156 ^ clkbuf_0_clk/A (sky130_fd_sc_hd__clkbuf_16)
     9    0.092224    0.083717    0.146578   30.226734 ^ clkbuf_0_clk/X (sky130_fd_sc_hd__clkbuf_16)
                                                         clknet_0_clk (net)
                      0.084218    0.005148   30.231882 ^ clkbuf_2_3__f_clk/A (sky130_fd_sc_hd__clkbuf_16)
    21    0.067906    0.065840    0.123777   30.355658 ^ clkbuf_2_3__f_clk/X (sky130_fd_sc_hd__clkbuf_16)
                                                         clknet_2_3__leaf_clk (net)
                      0.067125    0.007123   30.362782 ^ _157_/CLK (sky130_fd_sc_hd__dfrtp_4)
                                 -0.250000   30.112782   clock uncertainty
                                  0.000000   30.112782   clock reconvergence pessimism
                                  0.078263   30.191044   library recovery time
                                             30.191044   data required time
---------------------------------------------------------------------------------------------
                                             30.191044   data required time
                                            -18.589169   data arrival time
---------------------------------------------------------------------------------------------
                                             11.601875   slack (MET)


Startpoint: rst_n (input port clocked by clk)
Endpoint: _159_ (recovery check against rising-edge clock clk)
Path Group: asynchronous
Path Type: max

Fanout         Cap        Slew       Delay        Time   Description
---------------------------------------------------------------------------------------------
                                  0.000000    0.000000   clock clk (rise edge)
                                  5.570000    5.570000   clock network delay (propagated)
                                 12.500000   18.070000 ^ input external delay
     2    0.011467    0.000000    0.000000   18.070000 ^ rst_n (in)
                                                         rst_n (net)
                      0.000151    0.000076   18.070076 ^ input79/A (sky130_fd_sc_hd__buf_12)
     7    0.263073    0.157149    0.083180   18.153255 ^ input79/X (sky130_fd_sc_hd__buf_12)
                                                         net79 (net)
                      0.459967    0.216724   18.369980 ^ fanout267/A (sky130_fd_sc_hd__buf_6)
    33    0.140813    0.211978    0.193428   18.563408 ^ fanout267/X (sky130_fd_sc_hd__buf_6)
                                                         net267 (net)
                      0.218096    0.028496   18.591904 ^ _159_/RESET_B (sky130_fd_sc_hd__dfrtp_4)
                                             18.591904   data arrival time

                                 25.000000   25.000000   clock clk (rise edge)
                                  4.650000   29.650000   clock source latency
     2    0.029055    0.610000    0.000000   29.650000 ^ clk (in)
                                                         clk (net)
                      0.615113    0.002556   29.652555 ^ wire3/A (sky130_fd_sc_hd__buf_4)
     3    0.032428    0.081164    0.137073   29.789627 ^ wire3/X (sky130_fd_sc_hd__buf_4)
                                                         net274 (net)
                      0.081463    0.003830   29.793457 ^ wire2/A (sky130_fd_sc_hd__buf_6)
     3    0.070014    0.108553    0.126645   29.920103 ^ wire2/X (sky130_fd_sc_hd__buf_6)
                                                         net273 (net)
                      0.111101    0.013081   29.933184 ^ wire1/A (sky130_fd_sc_hd__buf_6)
     3    0.072443    0.112079    0.133127   30.066311 ^ wire1/X (sky130_fd_sc_hd__buf_6)
                                                         net272 (net)
                      0.114846    0.013845   30.080156 ^ clkbuf_0_clk/A (sky130_fd_sc_hd__clkbuf_16)
     9    0.092224    0.083717    0.146578   30.226734 ^ clkbuf_0_clk/X (sky130_fd_sc_hd__clkbuf_16)
                                                         clknet_0_clk (net)
                      0.084219    0.005151   30.231886 ^ clkbuf_2_2__f_clk/A (sky130_fd_sc_hd__clkbuf_16)
    17    0.084814    0.077996    0.134285   30.366171 ^ clkbuf_2_2__f_clk/X (sky130_fd_sc_hd__clkbuf_16)
                                                         clknet_2_2__leaf_clk (net)
                      0.078884    0.006583   30.372753 ^ _159_/CLK (sky130_fd_sc_hd__dfrtp_4)
                                 -0.250000   30.122753   clock uncertainty
                                  0.000000   30.122753   clock reconvergence pessimism
                                  0.079807   30.202560   library recovery time
                                             30.202560   data required time
---------------------------------------------------------------------------------------------
                                             30.202560   data required time
                                            -18.591904   data arrival time
---------------------------------------------------------------------------------------------
                                             11.610658   slack (MET)


Startpoint: rst_n (input port clocked by clk)
Endpoint: _150_ (recovery check against rising-edge clock clk)
Path Group: asynchronous
Path Type: max

Fanout         Cap        Slew       Delay        Time   Description
---------------------------------------------------------------------------------------------
                                  0.000000    0.000000   clock clk (rise edge)
                                  5.570000    5.570000   clock network delay (propagated)
                                 12.500000   18.070000 ^ input external delay
     2    0.011467    0.000000    0.000000   18.070000 ^ rst_n (in)
                                                         rst_n (net)
                      0.000151    0.000076   18.070076 ^ input79/A (sky130_fd_sc_hd__buf_12)
     7    0.263073    0.157149    0.083180   18.153255 ^ input79/X (sky130_fd_sc_hd__buf_12)
                                                         net79 (net)
                      0.459967    0.216724   18.369980 ^ fanout267/A (sky130_fd_sc_hd__buf_6)
    33    0.140813    0.211978    0.193428   18.563408 ^ fanout267/X (sky130_fd_sc_hd__buf_6)
                                                         net267 (net)
                      0.217457    0.027022   18.590429 ^ _150_/RESET_B (sky130_fd_sc_hd__dfrtp_4)
                                             18.590429   data arrival time

                                 25.000000   25.000000   clock clk (rise edge)
                                  4.650000   29.650000   clock source latency
     2    0.029055    0.610000    0.000000   29.650000 ^ clk (in)
                                                         clk (net)
                      0.615113    0.002556   29.652555 ^ wire3/A (sky130_fd_sc_hd__buf_4)
     3    0.032428    0.081164    0.137073   29.789627 ^ wire3/X (sky130_fd_sc_hd__buf_4)
                                                         net274 (net)
                      0.081463    0.003830   29.793457 ^ wire2/A (sky130_fd_sc_hd__buf_6)
     3    0.070014    0.108553    0.126645   29.920103 ^ wire2/X (sky130_fd_sc_hd__buf_6)
                                                         net273 (net)
                      0.111101    0.013081   29.933184 ^ wire1/A (sky130_fd_sc_hd__buf_6)
     3    0.072443    0.112079    0.133127   30.066311 ^ wire1/X (sky130_fd_sc_hd__buf_6)
                                                         net272 (net)
                      0.114846    0.013845   30.080156 ^ clkbuf_0_clk/A (sky130_fd_sc_hd__clkbuf_16)
     9    0.092224    0.083717    0.146578   30.226734 ^ clkbuf_0_clk/X (sky130_fd_sc_hd__clkbuf_16)
                                                         clknet_0_clk (net)
                      0.084219    0.005151   30.231886 ^ clkbuf_2_2__f_clk/A (sky130_fd_sc_hd__clkbuf_16)
    17    0.084814    0.077996    0.134285   30.366171 ^ clkbuf_2_2__f_clk/X (sky130_fd_sc_hd__clkbuf_16)
                                                         clknet_2_2__leaf_clk (net)
                      0.078843    0.006430   30.372601 ^ _150_/CLK (sky130_fd_sc_hd__dfrtp_4)
                                 -0.250000   30.122601   clock uncertainty
                                  0.000000   30.122601   clock reconvergence pessimism
                                  0.080001   30.202600   library recovery time
                                             30.202600   data required time
---------------------------------------------------------------------------------------------
                                             30.202600   data required time
                                            -18.590429   data arrival time
---------------------------------------------------------------------------------------------
                                             11.612171   slack (MET)


Startpoint: rst_n (input port clocked by clk)
Endpoint: _149_ (recovery check against rising-edge clock clk)
Path Group: asynchronous
Path Type: max

Fanout         Cap        Slew       Delay        Time   Description
---------------------------------------------------------------------------------------------
                                  0.000000    0.000000   clock clk (rise edge)
                                  5.570000    5.570000   clock network delay (propagated)
                                 12.500000   18.070000 ^ input external delay
     2    0.011467    0.000000    0.000000   18.070000 ^ rst_n (in)
                                                         rst_n (net)
                      0.000151    0.000076   18.070076 ^ input79/A (sky130_fd_sc_hd__buf_12)
     7    0.263073    0.157149    0.083180   18.153255 ^ input79/X (sky130_fd_sc_hd__buf_12)
                                                         net79 (net)
                      0.459967    0.216724   18.369980 ^ fanout267/A (sky130_fd_sc_hd__buf_6)
    33    0.140813    0.211978    0.193428   18.563408 ^ fanout267/X (sky130_fd_sc_hd__buf_6)
                                                         net267 (net)
                      0.217191    0.026386   18.589794 ^ _149_/RESET_B (sky130_fd_sc_hd__dfrtp_4)
                                             18.589794   data arrival time

                                 25.000000   25.000000   clock clk (rise edge)
                                  4.650000   29.650000   clock source latency
     2    0.029055    0.610000    0.000000   29.650000 ^ clk (in)
                                                         clk (net)
                      0.615113    0.002556   29.652555 ^ wire3/A (sky130_fd_sc_hd__buf_4)
     3    0.032428    0.081164    0.137073   29.789627 ^ wire3/X (sky130_fd_sc_hd__buf_4)
                                                         net274 (net)
                      0.081463    0.003830   29.793457 ^ wire2/A (sky130_fd_sc_hd__buf_6)
     3    0.070014    0.108553    0.126645   29.920103 ^ wire2/X (sky130_fd_sc_hd__buf_6)
                                                         net273 (net)
                      0.111101    0.013081   29.933184 ^ wire1/A (sky130_fd_sc_hd__buf_6)
     3    0.072443    0.112079    0.133127   30.066311 ^ wire1/X (sky130_fd_sc_hd__buf_6)
                                                         net272 (net)
                      0.114846    0.013845   30.080156 ^ clkbuf_0_clk/A (sky130_fd_sc_hd__clkbuf_16)
     9    0.092224    0.083717    0.146578   30.226734 ^ clkbuf_0_clk/X (sky130_fd_sc_hd__clkbuf_16)
                                                         clknet_0_clk (net)
                      0.084219    0.005151   30.231886 ^ clkbuf_2_2__f_clk/A (sky130_fd_sc_hd__clkbuf_16)
    17    0.084814    0.077996    0.134285   30.366171 ^ clkbuf_2_2__f_clk/X (sky130_fd_sc_hd__clkbuf_16)
                                                         clknet_2_2__leaf_clk (net)
                      0.078794    0.006242   30.372414 ^ _149_/CLK (sky130_fd_sc_hd__dfrtp_4)
                                 -0.250000   30.122412   clock uncertainty
                                  0.000000   30.122412   clock reconvergence pessimism
                                  0.080076   30.202486   library recovery time
                                             30.202486   data required time
---------------------------------------------------------------------------------------------
                                             30.202486   data required time
                                            -18.589794   data arrival time
---------------------------------------------------------------------------------------------
                                             11.612694   slack (MET)


Startpoint: rst_n (input port clocked by clk)
Endpoint: _148_ (recovery check against rising-edge clock clk)
Path Group: asynchronous
Path Type: max

Fanout         Cap        Slew       Delay        Time   Description
---------------------------------------------------------------------------------------------
                                  0.000000    0.000000   clock clk (rise edge)
                                  5.570000    5.570000   clock network delay (propagated)
                                 12.500000   18.070000 ^ input external delay
     2    0.011467    0.000000    0.000000   18.070000 ^ rst_n (in)
                                                         rst_n (net)
                      0.000151    0.000076   18.070076 ^ input79/A (sky130_fd_sc_hd__buf_12)
     7    0.263073    0.157149    0.083180   18.153255 ^ input79/X (sky130_fd_sc_hd__buf_12)
                                                         net79 (net)
                      0.459967    0.216724   18.369980 ^ fanout267/A (sky130_fd_sc_hd__buf_6)
    33    0.140813    0.211978    0.193428   18.563408 ^ fanout267/X (sky130_fd_sc_hd__buf_6)
                                                         net267 (net)
                      0.216857    0.025564   18.588970 ^ _148_/RESET_B (sky130_fd_sc_hd__dfrtp_4)
                                             18.588970   data arrival time

                                 25.000000   25.000000   clock clk (rise edge)
                                  4.650000   29.650000   clock source latency
     2    0.029055    0.610000    0.000000   29.650000 ^ clk (in)
                                                         clk (net)
                      0.615113    0.002556   29.652555 ^ wire3/A (sky130_fd_sc_hd__buf_4)
     3    0.032428    0.081164    0.137073   29.789627 ^ wire3/X (sky130_fd_sc_hd__buf_4)
                                                         net274 (net)
                      0.081463    0.003830   29.793457 ^ wire2/A (sky130_fd_sc_hd__buf_6)
     3    0.070014    0.108553    0.126645   29.920103 ^ wire2/X (sky130_fd_sc_hd__buf_6)
                                                         net273 (net)
                      0.111101    0.013081   29.933184 ^ wire1/A (sky130_fd_sc_hd__buf_6)
     3    0.072443    0.112079    0.133127   30.066311 ^ wire1/X (sky130_fd_sc_hd__buf_6)
                                                         net272 (net)
                      0.114846    0.013845   30.080156 ^ clkbuf_0_clk/A (sky130_fd_sc_hd__clkbuf_16)
     9    0.092224    0.083717    0.146578   30.226734 ^ clkbuf_0_clk/X (sky130_fd_sc_hd__clkbuf_16)
                                                         clknet_0_clk (net)
                      0.084219    0.005151   30.231886 ^ clkbuf_2_2__f_clk/A (sky130_fd_sc_hd__clkbuf_16)
    17    0.084814    0.077996    0.134285   30.366171 ^ clkbuf_2_2__f_clk/X (sky130_fd_sc_hd__clkbuf_16)
                                                         clknet_2_2__leaf_clk (net)
                      0.078715    0.005919   30.372089 ^ _148_/CLK (sky130_fd_sc_hd__dfrtp_4)
                                 -0.250000   30.122089   clock uncertainty
                                  0.000000   30.122089   clock reconvergence pessimism
                                  0.080168   30.202255   library recovery time
                                             30.202255   data required time
---------------------------------------------------------------------------------------------
                                             30.202255   data required time
                                            -18.588970   data arrival time
---------------------------------------------------------------------------------------------
                                             11.613285   slack (MET)


Startpoint: rst_n (input port clocked by clk)
Endpoint: _146_ (recovery check against rising-edge clock clk)
Path Group: asynchronous
Path Type: max

Fanout         Cap        Slew       Delay        Time   Description
---------------------------------------------------------------------------------------------
                                  0.000000    0.000000   clock clk (rise edge)
                                  5.570000    5.570000   clock network delay (propagated)
                                 12.500000   18.070000 ^ input external delay
     2    0.011467    0.000000    0.000000   18.070000 ^ rst_n (in)
                                                         rst_n (net)
                      0.000151    0.000076   18.070076 ^ input79/A (sky130_fd_sc_hd__buf_12)
     7    0.263073    0.157149    0.083180   18.153255 ^ input79/X (sky130_fd_sc_hd__buf_12)
                                                         net79 (net)
                      0.459967    0.216724   18.369980 ^ fanout267/A (sky130_fd_sc_hd__buf_6)
    33    0.140813    0.211978    0.193428   18.563408 ^ fanout267/X (sky130_fd_sc_hd__buf_6)
                                                         net267 (net)
                      0.214005    0.016918   18.580326 ^ _146_/RESET_B (sky130_fd_sc_hd__dfrtp_2)
                                             18.580326   data arrival time

                                 25.000000   25.000000   clock clk (rise edge)
                                  4.650000   29.650000   clock source latency
     2    0.029055    0.610000    0.000000   29.650000 ^ clk (in)
                                                         clk (net)
                      0.615113    0.002556   29.652555 ^ wire3/A (sky130_fd_sc_hd__buf_4)
     3    0.032428    0.081164    0.137073   29.789627 ^ wire3/X (sky130_fd_sc_hd__buf_4)
                                                         net274 (net)
                      0.081463    0.003830   29.793457 ^ wire2/A (sky130_fd_sc_hd__buf_6)
     3    0.070014    0.108553    0.126645   29.920103 ^ wire2/X (sky130_fd_sc_hd__buf_6)
                                                         net273 (net)
                      0.111101    0.013081   29.933184 ^ wire1/A (sky130_fd_sc_hd__buf_6)
     3    0.072443    0.112079    0.133127   30.066311 ^ wire1/X (sky130_fd_sc_hd__buf_6)
                                                         net272 (net)
                      0.114846    0.013845   30.080156 ^ clkbuf_0_clk/A (sky130_fd_sc_hd__clkbuf_16)
     9    0.092224    0.083717    0.146578   30.226734 ^ clkbuf_0_clk/X (sky130_fd_sc_hd__clkbuf_16)
                                                         clknet_0_clk (net)
                      0.084218    0.005148   30.231882 ^ clkbuf_2_3__f_clk/A (sky130_fd_sc_hd__clkbuf_16)
    21    0.067906    0.065840    0.123777   30.355658 ^ clkbuf_2_3__f_clk/X (sky130_fd_sc_hd__clkbuf_16)
                                                         clknet_2_3__leaf_clk (net)
                      0.065967    0.002331   30.357988 ^ _146_/CLK (sky130_fd_sc_hd__dfrtp_2)
                                 -0.250000   30.107988   clock uncertainty
                                  0.000000   30.107988   clock reconvergence pessimism
                                  0.092357   30.200344   library recovery time
                                             30.200344   data required time
---------------------------------------------------------------------------------------------
                                             30.200344   data required time
                                            -18.580326   data arrival time
---------------------------------------------------------------------------------------------
                                             11.620019   slack (MET)


Startpoint: rst_n (input port clocked by clk)
Endpoint: _147_ (recovery check against rising-edge clock clk)
Path Group: asynchronous
Path Type: max

Fanout         Cap        Slew       Delay        Time   Description
---------------------------------------------------------------------------------------------
                                  0.000000    0.000000   clock clk (rise edge)
                                  5.570000    5.570000   clock network delay (propagated)
                                 12.500000   18.070000 ^ input external delay
     2    0.011467    0.000000    0.000000   18.070000 ^ rst_n (in)
                                                         rst_n (net)
                      0.000151    0.000076   18.070076 ^ input79/A (sky130_fd_sc_hd__buf_12)
     7    0.263073    0.157149    0.083180   18.153255 ^ input79/X (sky130_fd_sc_hd__buf_12)
                                                         net79 (net)
                      0.459967    0.216724   18.369980 ^ fanout267/A (sky130_fd_sc_hd__buf_6)
    33    0.140813    0.211978    0.193428   18.563408 ^ fanout267/X (sky130_fd_sc_hd__buf_6)
                                                         net267 (net)
                      0.215701    0.022485   18.585892 ^ _147_/RESET_B (sky130_fd_sc_hd__dfrtp_2)
                                             18.585892   data arrival time

                                 25.000000   25.000000   clock clk (rise edge)
                                  4.650000   29.650000   clock source latency
     2    0.029055    0.610000    0.000000   29.650000 ^ clk (in)
                                                         clk (net)
                      0.615113    0.002556   29.652555 ^ wire3/A (sky130_fd_sc_hd__buf_4)
     3    0.032428    0.081164    0.137073   29.789627 ^ wire3/X (sky130_fd_sc_hd__buf_4)
                                                         net274 (net)
                      0.081463    0.003830   29.793457 ^ wire2/A (sky130_fd_sc_hd__buf_6)
     3    0.070014    0.108553    0.126645   29.920103 ^ wire2/X (sky130_fd_sc_hd__buf_6)
                                                         net273 (net)
                      0.111101    0.013081   29.933184 ^ wire1/A (sky130_fd_sc_hd__buf_6)
     3    0.072443    0.112079    0.133127   30.066311 ^ wire1/X (sky130_fd_sc_hd__buf_6)
                                                         net272 (net)
                      0.114846    0.013845   30.080156 ^ clkbuf_0_clk/A (sky130_fd_sc_hd__clkbuf_16)
     9    0.092224    0.083717    0.146578   30.226734 ^ clkbuf_0_clk/X (sky130_fd_sc_hd__clkbuf_16)
                                                         clknet_0_clk (net)
                      0.084219    0.005151   30.231886 ^ clkbuf_2_2__f_clk/A (sky130_fd_sc_hd__clkbuf_16)
    17    0.084814    0.077996    0.134285   30.366171 ^ clkbuf_2_2__f_clk/X (sky130_fd_sc_hd__clkbuf_16)
                                                         clknet_2_2__leaf_clk (net)
                      0.078534    0.005127   30.371298 ^ _147_/CLK (sky130_fd_sc_hd__dfrtp_2)
                                 -0.250000   30.121296   clock uncertainty
                                  0.000000   30.121296   clock reconvergence pessimism
                                  0.093950   30.215244   library recovery time
                                             30.215244   data required time
---------------------------------------------------------------------------------------------
                                             30.215244   data required time
                                            -18.585892   data arrival time
---------------------------------------------------------------------------------------------
                                             11.629352   slack (MET)


Startpoint: rst_n (input port clocked by clk)
Endpoint: _145_ (recovery check against rising-edge clock clk)
Path Group: asynchronous
Path Type: max

Fanout         Cap        Slew       Delay        Time   Description
---------------------------------------------------------------------------------------------
                                  0.000000    0.000000   clock clk (rise edge)
                                  5.570000    5.570000   clock network delay (propagated)
                                 12.500000   18.070000 ^ input external delay
     2    0.011467    0.000000    0.000000   18.070000 ^ rst_n (in)
                                                         rst_n (net)
                      0.000151    0.000076   18.070076 ^ input79/A (sky130_fd_sc_hd__buf_12)
     7    0.263073    0.157149    0.083180   18.153255 ^ input79/X (sky130_fd_sc_hd__buf_12)
                                                         net79 (net)
                      0.459967    0.216724   18.369980 ^ fanout267/A (sky130_fd_sc_hd__buf_6)
    33    0.140813    0.211978    0.193428   18.563408 ^ fanout267/X (sky130_fd_sc_hd__buf_6)
                                                         net267 (net)
                      0.212489    0.008864   18.572271 ^ _145_/RESET_B (sky130_fd_sc_hd__dfrtp_2)
                                             18.572271   data arrival time

                                 25.000000   25.000000   clock clk (rise edge)
                                  4.650000   29.650000   clock source latency
     2    0.029055    0.610000    0.000000   29.650000 ^ clk (in)
                                                         clk (net)
                      0.615113    0.002556   29.652555 ^ wire3/A (sky130_fd_sc_hd__buf_4)
     3    0.032428    0.081164    0.137073   29.789627 ^ wire3/X (sky130_fd_sc_hd__buf_4)
                                                         net274 (net)
                      0.081463    0.003830   29.793457 ^ wire2/A (sky130_fd_sc_hd__buf_6)
     3    0.070014    0.108553    0.126645   29.920103 ^ wire2/X (sky130_fd_sc_hd__buf_6)
                                                         net273 (net)
                      0.111101    0.013081   29.933184 ^ wire1/A (sky130_fd_sc_hd__buf_6)
     3    0.072443    0.112079    0.133127   30.066311 ^ wire1/X (sky130_fd_sc_hd__buf_6)
                                                         net272 (net)
                      0.114846    0.013845   30.080156 ^ clkbuf_0_clk/A (sky130_fd_sc_hd__clkbuf_16)
     9    0.092224    0.083717    0.146578   30.226734 ^ clkbuf_0_clk/X (sky130_fd_sc_hd__clkbuf_16)
                                                         clknet_0_clk (net)
                      0.084219    0.005151   30.231886 ^ clkbuf_2_2__f_clk/A (sky130_fd_sc_hd__clkbuf_16)
    17    0.084814    0.077996    0.134285   30.366171 ^ clkbuf_2_2__f_clk/X (sky130_fd_sc_hd__clkbuf_16)
                                                         clknet_2_2__leaf_clk (net)
                      0.078150    0.002796   30.368967 ^ _145_/CLK (sky130_fd_sc_hd__dfrtp_2)
                                 -0.250000   30.118965   clock uncertainty
                                  0.000000   30.118965   clock reconvergence pessimism
                                  0.094705   30.213671   library recovery time
                                             30.213671   data required time
---------------------------------------------------------------------------------------------
                                             30.213671   data required time
                                            -18.572271   data arrival time
---------------------------------------------------------------------------------------------
                                             11.641399   slack (MET)


Startpoint: rst_n (input port clocked by clk)
Endpoint: _144_ (recovery check against rising-edge clock clk)
Path Group: asynchronous
Path Type: max

Fanout         Cap        Slew       Delay        Time   Description
---------------------------------------------------------------------------------------------
                                  0.000000    0.000000   clock clk (rise edge)
                                  5.570000    5.570000   clock network delay (propagated)
                                 12.500000   18.070000 ^ input external delay
     2    0.011467    0.000000    0.000000   18.070000 ^ rst_n (in)
                                                         rst_n (net)
                      0.000151    0.000076   18.070076 ^ input79/A (sky130_fd_sc_hd__buf_12)
     7    0.263073    0.157149    0.083180   18.153255 ^ input79/X (sky130_fd_sc_hd__buf_12)
                                                         net79 (net)
                      0.459967    0.216724   18.369980 ^ fanout267/A (sky130_fd_sc_hd__buf_6)
    33    0.140813    0.211978    0.193428   18.563408 ^ fanout267/X (sky130_fd_sc_hd__buf_6)
                                                         net267 (net)
                      0.211988    0.001306   18.564713 ^ _144_/RESET_B (sky130_fd_sc_hd__dfrtp_2)
                                             18.564713   data arrival time

                                 25.000000   25.000000   clock clk (rise edge)
                                  4.650000   29.650000   clock source latency
     2    0.029055    0.610000    0.000000   29.650000 ^ clk (in)
                                                         clk (net)
                      0.615113    0.002556   29.652555 ^ wire3/A (sky130_fd_sc_hd__buf_4)
     3    0.032428    0.081164    0.137073   29.789627 ^ wire3/X (sky130_fd_sc_hd__buf_4)
                                                         net274 (net)
                      0.081463    0.003830   29.793457 ^ wire2/A (sky130_fd_sc_hd__buf_6)
     3    0.070014    0.108553    0.126645   29.920103 ^ wire2/X (sky130_fd_sc_hd__buf_6)
                                                         net273 (net)
                      0.111101    0.013081   29.933184 ^ wire1/A (sky130_fd_sc_hd__buf_6)
     3    0.072443    0.112079    0.133127   30.066311 ^ wire1/X (sky130_fd_sc_hd__buf_6)
                                                         net272 (net)
                      0.114846    0.013845   30.080156 ^ clkbuf_0_clk/A (sky130_fd_sc_hd__clkbuf_16)
     9    0.092224    0.083717    0.146578   30.226734 ^ clkbuf_0_clk/X (sky130_fd_sc_hd__clkbuf_16)
                                                         clknet_0_clk (net)
                      0.084219    0.005151   30.231886 ^ clkbuf_2_2__f_clk/A (sky130_fd_sc_hd__clkbuf_16)
    17    0.084814    0.077996    0.134285   30.366171 ^ clkbuf_2_2__f_clk/X (sky130_fd_sc_hd__clkbuf_16)
                                                         clknet_2_2__leaf_clk (net)
                      0.078240    0.003492   30.369663 ^ _144_/CLK (sky130_fd_sc_hd__dfrtp_2)
                                 -0.250000   30.119661   clock uncertainty
                                  0.000000   30.119661   clock reconvergence pessimism
                                  0.094847   30.214510   library recovery time
                                             30.214510   data required time
---------------------------------------------------------------------------------------------
                                             30.214510   data required time
                                            -18.564713   data arrival time
---------------------------------------------------------------------------------------------
                                             11.649796   slack (MET)


Startpoint: rst_n (input port clocked by clk)
Endpoint: _131_ (recovery check against rising-edge clock clk)
Path Group: asynchronous
Path Type: max

Fanout         Cap        Slew       Delay        Time   Description
---------------------------------------------------------------------------------------------
                                  0.000000    0.000000   clock clk (rise edge)
                                  5.570000    5.570000   clock network delay (propagated)
                                 12.500000   18.070000 ^ input external delay
     2    0.011467    0.000000    0.000000   18.070000 ^ rst_n (in)
                                                         rst_n (net)
                      0.000151    0.000076   18.070076 ^ input79/A (sky130_fd_sc_hd__buf_12)
     7    0.263073    0.157149    0.083180   18.153255 ^ input79/X (sky130_fd_sc_hd__buf_12)
                                                         net79 (net)
                      0.417217    0.189697   18.342953 ^ fanout268/A (sky130_fd_sc_hd__buf_8)
    33    0.156880    0.194496    0.178616   18.521568 ^ fanout268/X (sky130_fd_sc_hd__buf_8)
                                                         net268 (net)
                      0.199427    0.024556   18.546125 ^ _131_/RESET_B (sky130_fd_sc_hd__dfrtp_4)
                                             18.546125   data arrival time

                                 25.000000   25.000000   clock clk (rise edge)
                                  4.650000   29.650000   clock source latency
     2    0.029055    0.610000    0.000000   29.650000 ^ clk (in)
                                                         clk (net)
                      0.615113    0.002556   29.652555 ^ wire3/A (sky130_fd_sc_hd__buf_4)
     3    0.032428    0.081164    0.137073   29.789627 ^ wire3/X (sky130_fd_sc_hd__buf_4)
                                                         net274 (net)
                      0.081463    0.003830   29.793457 ^ wire2/A (sky130_fd_sc_hd__buf_6)
     3    0.070014    0.108553    0.126645   29.920103 ^ wire2/X (sky130_fd_sc_hd__buf_6)
                                                         net273 (net)
                      0.111101    0.013081   29.933184 ^ wire1/A (sky130_fd_sc_hd__buf_6)
     3    0.072443    0.112079    0.133127   30.066311 ^ wire1/X (sky130_fd_sc_hd__buf_6)
                                                         net272 (net)
                      0.114846    0.013845   30.080156 ^ clkbuf_0_clk/A (sky130_fd_sc_hd__clkbuf_16)
     9    0.092224    0.083717    0.146578   30.226734 ^ clkbuf_0_clk/X (sky130_fd_sc_hd__clkbuf_16)
                                                         clknet_0_clk (net)
                      0.084314    0.005613   30.232347 ^ clkbuf_2_1__f_clk/A (sky130_fd_sc_hd__clkbuf_16)
    21    0.076896    0.072446    0.128800   30.361147 ^ clkbuf_2_1__f_clk/X (sky130_fd_sc_hd__clkbuf_16)
                                                         clknet_2_1__leaf_clk (net)
                      0.074096    0.008576   30.369724 ^ _131_/CLK (sky130_fd_sc_hd__dfrtp_4)
                                 -0.250000   30.119722   clock uncertainty
                                  0.000000   30.119722   clock reconvergence pessimism
                                  0.084892   30.204615   library recovery time
                                             30.204615   data required time
---------------------------------------------------------------------------------------------
                                             30.204615   data required time
                                            -18.546125   data arrival time
---------------------------------------------------------------------------------------------
                                             11.658489   slack (MET)


Startpoint: rst_n (input port clocked by clk)
Endpoint: _132_ (recovery check against rising-edge clock clk)
Path Group: asynchronous
Path Type: max

Fanout         Cap        Slew       Delay        Time   Description
---------------------------------------------------------------------------------------------
                                  0.000000    0.000000   clock clk (rise edge)
                                  5.570000    5.570000   clock network delay (propagated)
                                 12.500000   18.070000 ^ input external delay
     2    0.011467    0.000000    0.000000   18.070000 ^ rst_n (in)
                                                         rst_n (net)
                      0.000151    0.000076   18.070076 ^ input79/A (sky130_fd_sc_hd__buf_12)
     7    0.263073    0.157149    0.083180   18.153255 ^ input79/X (sky130_fd_sc_hd__buf_12)
                                                         net79 (net)
                      0.417217    0.189697   18.342953 ^ fanout268/A (sky130_fd_sc_hd__buf_8)
    33    0.156880    0.194496    0.178616   18.521568 ^ fanout268/X (sky130_fd_sc_hd__buf_8)
                                                         net268 (net)
                      0.199421    0.024540   18.546108 ^ _132_/RESET_B (sky130_fd_sc_hd__dfrtp_4)
                                             18.546108   data arrival time

                                 25.000000   25.000000   clock clk (rise edge)
                                  4.650000   29.650000   clock source latency
     2    0.029055    0.610000    0.000000   29.650000 ^ clk (in)
                                                         clk (net)
                      0.615113    0.002556   29.652555 ^ wire3/A (sky130_fd_sc_hd__buf_4)
     3    0.032428    0.081164    0.137073   29.789627 ^ wire3/X (sky130_fd_sc_hd__buf_4)
                                                         net274 (net)
                      0.081463    0.003830   29.793457 ^ wire2/A (sky130_fd_sc_hd__buf_6)
     3    0.070014    0.108553    0.126645   29.920103 ^ wire2/X (sky130_fd_sc_hd__buf_6)
                                                         net273 (net)
                      0.111101    0.013081   29.933184 ^ wire1/A (sky130_fd_sc_hd__buf_6)
     3    0.072443    0.112079    0.133127   30.066311 ^ wire1/X (sky130_fd_sc_hd__buf_6)
                                                         net272 (net)
                      0.114846    0.013845   30.080156 ^ clkbuf_0_clk/A (sky130_fd_sc_hd__clkbuf_16)
     9    0.092224    0.083717    0.146578   30.226734 ^ clkbuf_0_clk/X (sky130_fd_sc_hd__clkbuf_16)
                                                         clknet_0_clk (net)
                      0.084314    0.005613   30.232347 ^ clkbuf_2_1__f_clk/A (sky130_fd_sc_hd__clkbuf_16)
    21    0.076896    0.072446    0.128800   30.361147 ^ clkbuf_2_1__f_clk/X (sky130_fd_sc_hd__clkbuf_16)
                                                         clknet_2_1__leaf_clk (net)
                      0.074117    0.008633   30.369780 ^ _132_/CLK (sky130_fd_sc_hd__dfrtp_4)
                                 -0.250000   30.119780   clock uncertainty
                                  0.000000   30.119780   clock reconvergence pessimism
                                  0.084898   30.204679   library recovery time
                                             30.204679   data required time
---------------------------------------------------------------------------------------------
                                             30.204679   data required time
                                            -18.546108   data arrival time
---------------------------------------------------------------------------------------------
                                             11.658569   slack (MET)


Startpoint: rst_n (input port clocked by clk)
Endpoint: _133_ (recovery check against rising-edge clock clk)
Path Group: asynchronous
Path Type: max

Fanout         Cap        Slew       Delay        Time   Description
---------------------------------------------------------------------------------------------
                                  0.000000    0.000000   clock clk (rise edge)
                                  5.570000    5.570000   clock network delay (propagated)
                                 12.500000   18.070000 ^ input external delay
     2    0.011467    0.000000    0.000000   18.070000 ^ rst_n (in)
                                                         rst_n (net)
                      0.000151    0.000076   18.070076 ^ input79/A (sky130_fd_sc_hd__buf_12)
     7    0.263073    0.157149    0.083180   18.153255 ^ input79/X (sky130_fd_sc_hd__buf_12)
                                                         net79 (net)
                      0.417217    0.189697   18.342953 ^ fanout268/A (sky130_fd_sc_hd__buf_8)
    33    0.156880    0.194496    0.178616   18.521568 ^ fanout268/X (sky130_fd_sc_hd__buf_8)
                                                         net268 (net)
                      0.199422    0.024542   18.546110 ^ _133_/RESET_B (sky130_fd_sc_hd__dfrtp_4)
                                             18.546110   data arrival time

                                 25.000000   25.000000   clock clk (rise edge)
                                  4.650000   29.650000   clock source latency
     2    0.029055    0.610000    0.000000   29.650000 ^ clk (in)
                                                         clk (net)
                      0.615113    0.002556   29.652555 ^ wire3/A (sky130_fd_sc_hd__buf_4)
     3    0.032428    0.081164    0.137073   29.789627 ^ wire3/X (sky130_fd_sc_hd__buf_4)
                                                         net274 (net)
                      0.081463    0.003830   29.793457 ^ wire2/A (sky130_fd_sc_hd__buf_6)
     3    0.070014    0.108553    0.126645   29.920103 ^ wire2/X (sky130_fd_sc_hd__buf_6)
                                                         net273 (net)
                      0.111101    0.013081   29.933184 ^ wire1/A (sky130_fd_sc_hd__buf_6)
     3    0.072443    0.112079    0.133127   30.066311 ^ wire1/X (sky130_fd_sc_hd__buf_6)
                                                         net272 (net)
                      0.114846    0.013845   30.080156 ^ clkbuf_0_clk/A (sky130_fd_sc_hd__clkbuf_16)
     9    0.092224    0.083717    0.146578   30.226734 ^ clkbuf_0_clk/X (sky130_fd_sc_hd__clkbuf_16)
                                                         clknet_0_clk (net)
                      0.084314    0.005613   30.232347 ^ clkbuf_2_1__f_clk/A (sky130_fd_sc_hd__clkbuf_16)
    21    0.076896    0.072446    0.128800   30.361147 ^ clkbuf_2_1__f_clk/X (sky130_fd_sc_hd__clkbuf_16)
                                                         clknet_2_1__leaf_clk (net)
                      0.074134    0.008679   30.369827 ^ _133_/CLK (sky130_fd_sc_hd__dfrtp_4)
                                 -0.250000   30.119825   clock uncertainty
                                  0.000000   30.119825   clock reconvergence pessimism
                                  0.084900   30.204725   library recovery time
                                             30.204725   data required time
---------------------------------------------------------------------------------------------
                                             30.204725   data required time
                                            -18.546110   data arrival time
---------------------------------------------------------------------------------------------
                                             11.658614   slack (MET)


Startpoint: rst_n (input port clocked by clk)
Endpoint: _130_ (recovery check against rising-edge clock clk)
Path Group: asynchronous
Path Type: max

Fanout         Cap        Slew       Delay        Time   Description
---------------------------------------------------------------------------------------------
                                  0.000000    0.000000   clock clk (rise edge)
                                  5.570000    5.570000   clock network delay (propagated)
                                 12.500000   18.070000 ^ input external delay
     2    0.011467    0.000000    0.000000   18.070000 ^ rst_n (in)
                                                         rst_n (net)
                      0.000151    0.000076   18.070076 ^ input79/A (sky130_fd_sc_hd__buf_12)
     7    0.263073    0.157149    0.083180   18.153255 ^ input79/X (sky130_fd_sc_hd__buf_12)
                                                         net79 (net)
                      0.417217    0.189697   18.342953 ^ fanout268/A (sky130_fd_sc_hd__buf_8)
    33    0.156880    0.194496    0.178616   18.521568 ^ fanout268/X (sky130_fd_sc_hd__buf_8)
                                                         net268 (net)
                      0.199325    0.024309   18.545877 ^ _130_/RESET_B (sky130_fd_sc_hd__dfrtp_4)
                                             18.545877   data arrival time

                                 25.000000   25.000000   clock clk (rise edge)
                                  4.650000   29.650000   clock source latency
     2    0.029055    0.610000    0.000000   29.650000 ^ clk (in)
                                                         clk (net)
                      0.615113    0.002556   29.652555 ^ wire3/A (sky130_fd_sc_hd__buf_4)
     3    0.032428    0.081164    0.137073   29.789627 ^ wire3/X (sky130_fd_sc_hd__buf_4)
                                                         net274 (net)
                      0.081463    0.003830   29.793457 ^ wire2/A (sky130_fd_sc_hd__buf_6)
     3    0.070014    0.108553    0.126645   29.920103 ^ wire2/X (sky130_fd_sc_hd__buf_6)
                                                         net273 (net)
                      0.111101    0.013081   29.933184 ^ wire1/A (sky130_fd_sc_hd__buf_6)
     3    0.072443    0.112079    0.133127   30.066311 ^ wire1/X (sky130_fd_sc_hd__buf_6)
                                                         net272 (net)
                      0.114846    0.013845   30.080156 ^ clkbuf_0_clk/A (sky130_fd_sc_hd__clkbuf_16)
     9    0.092224    0.083717    0.146578   30.226734 ^ clkbuf_0_clk/X (sky130_fd_sc_hd__clkbuf_16)
                                                         clknet_0_clk (net)
                      0.084314    0.005613   30.232347 ^ clkbuf_2_1__f_clk/A (sky130_fd_sc_hd__clkbuf_16)
    21    0.076896    0.072446    0.128800   30.361147 ^ clkbuf_2_1__f_clk/X (sky130_fd_sc_hd__clkbuf_16)
                                                         clknet_2_1__leaf_clk (net)
                      0.074103    0.008594   30.369741 ^ _130_/CLK (sky130_fd_sc_hd__dfrtp_4)
                                 -0.250000   30.119740   clock uncertainty
                                  0.000000   30.119740   clock reconvergence pessimism
                                  0.084925   30.204664   library recovery time
                                             30.204664   data required time
---------------------------------------------------------------------------------------------
                                             30.204664   data required time
                                            -18.545877   data arrival time
---------------------------------------------------------------------------------------------
                                             11.658786   slack (MET)


Startpoint: rst_n (input port clocked by clk)
Endpoint: _138_ (recovery check against rising-edge clock clk)
Path Group: asynchronous
Path Type: max

Fanout         Cap        Slew       Delay        Time   Description
---------------------------------------------------------------------------------------------
                                  0.000000    0.000000   clock clk (rise edge)
                                  5.570000    5.570000   clock network delay (propagated)
                                 12.500000   18.070000 ^ input external delay
     2    0.011467    0.000000    0.000000   18.070000 ^ rst_n (in)
                                                         rst_n (net)
                      0.000151    0.000076   18.070076 ^ input79/A (sky130_fd_sc_hd__buf_12)
     7    0.263073    0.157149    0.083180   18.153255 ^ input79/X (sky130_fd_sc_hd__buf_12)
                                                         net79 (net)
                      0.417217    0.189697   18.342953 ^ fanout268/A (sky130_fd_sc_hd__buf_8)
    33    0.156880    0.194496    0.178616   18.521568 ^ fanout268/X (sky130_fd_sc_hd__buf_8)
                                                         net268 (net)
                      0.198652    0.022622   18.544191 ^ _138_/RESET_B (sky130_fd_sc_hd__dfrtp_4)
                                             18.544191   data arrival time

                                 25.000000   25.000000   clock clk (rise edge)
                                  4.650000   29.650000   clock source latency
     2    0.029055    0.610000    0.000000   29.650000 ^ clk (in)
                                                         clk (net)
                      0.615113    0.002556   29.652555 ^ wire3/A (sky130_fd_sc_hd__buf_4)
     3    0.032428    0.081164    0.137073   29.789627 ^ wire3/X (sky130_fd_sc_hd__buf_4)
                                                         net274 (net)
                      0.081463    0.003830   29.793457 ^ wire2/A (sky130_fd_sc_hd__buf_6)
     3    0.070014    0.108553    0.126645   29.920103 ^ wire2/X (sky130_fd_sc_hd__buf_6)
                                                         net273 (net)
                      0.111101    0.013081   29.933184 ^ wire1/A (sky130_fd_sc_hd__buf_6)
     3    0.072443    0.112079    0.133127   30.066311 ^ wire1/X (sky130_fd_sc_hd__buf_6)
                                                         net272 (net)
                      0.114846    0.013845   30.080156 ^ clkbuf_0_clk/A (sky130_fd_sc_hd__clkbuf_16)
     9    0.092224    0.083717    0.146578   30.226734 ^ clkbuf_0_clk/X (sky130_fd_sc_hd__clkbuf_16)
                                                         clknet_0_clk (net)
                      0.084314    0.005613   30.232347 ^ clkbuf_2_1__f_clk/A (sky130_fd_sc_hd__clkbuf_16)
    21    0.076896    0.072446    0.128800   30.361147 ^ clkbuf_2_1__f_clk/X (sky130_fd_sc_hd__clkbuf_16)
                                                         clknet_2_1__leaf_clk (net)
                      0.073816    0.007795   30.368942 ^ _138_/CLK (sky130_fd_sc_hd__dfrtp_4)
                                 -0.250000   30.118940   clock uncertainty
                                  0.000000   30.118940   clock reconvergence pessimism
                                  0.085090   30.204033   library recovery time
                                             30.204033   data required time
---------------------------------------------------------------------------------------------
                                             30.204033   data required time
                                            -18.544191   data arrival time
---------------------------------------------------------------------------------------------
                                             11.659842   slack (MET)


Startpoint: rst_n (input port clocked by clk)
Endpoint: _129_ (recovery check against rising-edge clock clk)
Path Group: asynchronous
Path Type: max

Fanout         Cap        Slew       Delay        Time   Description
---------------------------------------------------------------------------------------------
                                  0.000000    0.000000   clock clk (rise edge)
                                  5.570000    5.570000   clock network delay (propagated)
                                 12.500000   18.070000 ^ input external delay
     2    0.011467    0.000000    0.000000   18.070000 ^ rst_n (in)
                                                         rst_n (net)
                      0.000151    0.000076   18.070076 ^ input79/A (sky130_fd_sc_hd__buf_12)
     7    0.263073    0.157149    0.083180   18.153255 ^ input79/X (sky130_fd_sc_hd__buf_12)
                                                         net79 (net)
                      0.417217    0.189697   18.342953 ^ fanout268/A (sky130_fd_sc_hd__buf_8)
    33    0.156880    0.194496    0.178616   18.521568 ^ fanout268/X (sky130_fd_sc_hd__buf_8)
                                                         net268 (net)
                      0.198302    0.021693   18.543262 ^ _129_/RESET_B (sky130_fd_sc_hd__dfrtp_4)
                                             18.543262   data arrival time

                                 25.000000   25.000000   clock clk (rise edge)
                                  4.650000   29.650000   clock source latency
     2    0.029055    0.610000    0.000000   29.650000 ^ clk (in)
                                                         clk (net)
                      0.615113    0.002556   29.652555 ^ wire3/A (sky130_fd_sc_hd__buf_4)
     3    0.032428    0.081164    0.137073   29.789627 ^ wire3/X (sky130_fd_sc_hd__buf_4)
                                                         net274 (net)
                      0.081463    0.003830   29.793457 ^ wire2/A (sky130_fd_sc_hd__buf_6)
     3    0.070014    0.108553    0.126645   29.920103 ^ wire2/X (sky130_fd_sc_hd__buf_6)
                                                         net273 (net)
                      0.111101    0.013081   29.933184 ^ wire1/A (sky130_fd_sc_hd__buf_6)
     3    0.072443    0.112079    0.133127   30.066311 ^ wire1/X (sky130_fd_sc_hd__buf_6)
                                                         net272 (net)
                      0.114846    0.013845   30.080156 ^ clkbuf_0_clk/A (sky130_fd_sc_hd__clkbuf_16)
     9    0.092224    0.083717    0.146578   30.226734 ^ clkbuf_0_clk/X (sky130_fd_sc_hd__clkbuf_16)
                                                         clknet_0_clk (net)
                      0.084314    0.005613   30.232347 ^ clkbuf_2_1__f_clk/A (sky130_fd_sc_hd__clkbuf_16)
    21    0.076896    0.072446    0.128800   30.361147 ^ clkbuf_2_1__f_clk/X (sky130_fd_sc_hd__clkbuf_16)
                                                         clknet_2_1__leaf_clk (net)
                      0.073660    0.007333   30.368481 ^ _129_/CLK (sky130_fd_sc_hd__dfrtp_4)
                                 -0.250000   30.118479   clock uncertainty
                                  0.000000   30.118479   clock reconvergence pessimism
                                  0.085175   30.203655   library recovery time
                                             30.203655   data required time
---------------------------------------------------------------------------------------------
                                             30.203655   data required time
                                            -18.543262   data arrival time
---------------------------------------------------------------------------------------------
                                             11.660394   slack (MET)


Startpoint: rst_n (input port clocked by clk)
Endpoint: _139_ (recovery check against rising-edge clock clk)
Path Group: asynchronous
Path Type: max

Fanout         Cap        Slew       Delay        Time   Description
---------------------------------------------------------------------------------------------
                                  0.000000    0.000000   clock clk (rise edge)
                                  5.570000    5.570000   clock network delay (propagated)
                                 12.500000   18.070000 ^ input external delay
     2    0.011467    0.000000    0.000000   18.070000 ^ rst_n (in)
                                                         rst_n (net)
                      0.000151    0.000076   18.070076 ^ input79/A (sky130_fd_sc_hd__buf_12)
     7    0.263073    0.157149    0.083180   18.153255 ^ input79/X (sky130_fd_sc_hd__buf_12)
                                                         net79 (net)
                      0.417217    0.189697   18.342953 ^ fanout268/A (sky130_fd_sc_hd__buf_8)
    33    0.156880    0.194496    0.178616   18.521568 ^ fanout268/X (sky130_fd_sc_hd__buf_8)
                                                         net268 (net)
                      0.197739    0.020107   18.541676 ^ _139_/RESET_B (sky130_fd_sc_hd__dfrtp_4)
                                             18.541676   data arrival time

                                 25.000000   25.000000   clock clk (rise edge)
                                  4.650000   29.650000   clock source latency
     2    0.029055    0.610000    0.000000   29.650000 ^ clk (in)
                                                         clk (net)
                      0.615113    0.002556   29.652555 ^ wire3/A (sky130_fd_sc_hd__buf_4)
     3    0.032428    0.081164    0.137073   29.789627 ^ wire3/X (sky130_fd_sc_hd__buf_4)
                                                         net274 (net)
                      0.081463    0.003830   29.793457 ^ wire2/A (sky130_fd_sc_hd__buf_6)
     3    0.070014    0.108553    0.126645   29.920103 ^ wire2/X (sky130_fd_sc_hd__buf_6)
                                                         net273 (net)
                      0.111101    0.013081   29.933184 ^ wire1/A (sky130_fd_sc_hd__buf_6)
     3    0.072443    0.112079    0.133127   30.066311 ^ wire1/X (sky130_fd_sc_hd__buf_6)
                                                         net272 (net)
                      0.114846    0.013845   30.080156 ^ clkbuf_0_clk/A (sky130_fd_sc_hd__clkbuf_16)
     9    0.092224    0.083717    0.146578   30.226734 ^ clkbuf_0_clk/X (sky130_fd_sc_hd__clkbuf_16)
                                                         clknet_0_clk (net)
                      0.084314    0.005613   30.232347 ^ clkbuf_2_1__f_clk/A (sky130_fd_sc_hd__clkbuf_16)
    21    0.076896    0.072446    0.128800   30.361147 ^ clkbuf_2_1__f_clk/X (sky130_fd_sc_hd__clkbuf_16)
                                                         clknet_2_1__leaf_clk (net)
                      0.073614    0.007191   30.368338 ^ _139_/CLK (sky130_fd_sc_hd__dfrtp_4)
                                 -0.250000   30.118338   clock uncertainty
                                  0.000000   30.118338   clock reconvergence pessimism
                                  0.085345   30.203680   library recovery time
                                             30.203680   data required time
---------------------------------------------------------------------------------------------
                                             30.203680   data required time
                                            -18.541676   data arrival time
---------------------------------------------------------------------------------------------
                                             11.662005   slack (MET)


Startpoint: rst_n (input port clocked by clk)
Endpoint: _134_ (recovery check against rising-edge clock clk)
Path Group: asynchronous
Path Type: max

Fanout         Cap        Slew       Delay        Time   Description
---------------------------------------------------------------------------------------------
                                  0.000000    0.000000   clock clk (rise edge)
                                  5.570000    5.570000   clock network delay (propagated)
                                 12.500000   18.070000 ^ input external delay
     2    0.011467    0.000000    0.000000   18.070000 ^ rst_n (in)
                                                         rst_n (net)
                      0.000151    0.000076   18.070076 ^ input79/A (sky130_fd_sc_hd__buf_12)
     7    0.263073    0.157149    0.083180   18.153255 ^ input79/X (sky130_fd_sc_hd__buf_12)
                                                         net79 (net)
                      0.417217    0.189697   18.342953 ^ fanout268/A (sky130_fd_sc_hd__buf_8)
    33    0.156880    0.194496    0.178616   18.521568 ^ fanout268/X (sky130_fd_sc_hd__buf_8)
                                                         net268 (net)
                      0.199444    0.024597   18.546165 ^ _134_/RESET_B (sky130_fd_sc_hd__dfrtp_4)
                                             18.546165   data arrival time

                                 25.000000   25.000000   clock clk (rise edge)
                                  4.650000   29.650000   clock source latency
     2    0.029055    0.610000    0.000000   29.650000 ^ clk (in)
                                                         clk (net)
                      0.615113    0.002556   29.652555 ^ wire3/A (sky130_fd_sc_hd__buf_4)
     3    0.032428    0.081164    0.137073   29.789627 ^ wire3/X (sky130_fd_sc_hd__buf_4)
                                                         net274 (net)
                      0.081463    0.003830   29.793457 ^ wire2/A (sky130_fd_sc_hd__buf_6)
     3    0.070014    0.108553    0.126645   29.920103 ^ wire2/X (sky130_fd_sc_hd__buf_6)
                                                         net273 (net)
                      0.111101    0.013081   29.933184 ^ wire1/A (sky130_fd_sc_hd__buf_6)
     3    0.072443    0.112079    0.133127   30.066311 ^ wire1/X (sky130_fd_sc_hd__buf_6)
                                                         net272 (net)
                      0.114846    0.013845   30.080156 ^ clkbuf_0_clk/A (sky130_fd_sc_hd__clkbuf_16)
     9    0.092224    0.083717    0.146578   30.226734 ^ clkbuf_0_clk/X (sky130_fd_sc_hd__clkbuf_16)
                                                         clknet_0_clk (net)
                      0.084330    0.005684   30.232418 ^ clkbuf_2_0__f_clk/A (sky130_fd_sc_hd__clkbuf_16)
    17    0.083648    0.077124    0.133426   30.365845 ^ clkbuf_2_0__f_clk/X (sky130_fd_sc_hd__clkbuf_16)
                                                         clknet_2_0__leaf_clk (net)
                      0.078150    0.007038   30.372883 ^ _134_/CLK (sky130_fd_sc_hd__dfrtp_4)
                                 -0.250000   30.122881   clock uncertainty
                                  0.000000   30.122881   clock reconvergence pessimism
                                  0.085541   30.208424   library recovery time
                                             30.208424   data required time
---------------------------------------------------------------------------------------------
                                             30.208424   data required time
                                            -18.546165   data arrival time
---------------------------------------------------------------------------------------------
                                             11.662257   slack (MET)


Startpoint: rst_n (input port clocked by clk)
Endpoint: _136_ (recovery check against rising-edge clock clk)
Path Group: asynchronous
Path Type: max

Fanout         Cap        Slew       Delay        Time   Description
---------------------------------------------------------------------------------------------
                                  0.000000    0.000000   clock clk (rise edge)
                                  5.570000    5.570000   clock network delay (propagated)
                                 12.500000   18.070000 ^ input external delay
     2    0.011467    0.000000    0.000000   18.070000 ^ rst_n (in)
                                                         rst_n (net)
                      0.000151    0.000076   18.070076 ^ input79/A (sky130_fd_sc_hd__buf_12)
     7    0.263073    0.157149    0.083180   18.153255 ^ input79/X (sky130_fd_sc_hd__buf_12)
                                                         net79 (net)
                      0.417217    0.189697   18.342953 ^ fanout268/A (sky130_fd_sc_hd__buf_8)
    33    0.156880    0.194496    0.178616   18.521568 ^ fanout268/X (sky130_fd_sc_hd__buf_8)
                                                         net268 (net)
                      0.199147    0.023874   18.545443 ^ _136_/RESET_B (sky130_fd_sc_hd__dfrtp_4)
                                             18.545443   data arrival time

                                 25.000000   25.000000   clock clk (rise edge)
                                  4.650000   29.650000   clock source latency
     2    0.029055    0.610000    0.000000   29.650000 ^ clk (in)
                                                         clk (net)
                      0.615113    0.002556   29.652555 ^ wire3/A (sky130_fd_sc_hd__buf_4)
     3    0.032428    0.081164    0.137073   29.789627 ^ wire3/X (sky130_fd_sc_hd__buf_4)
                                                         net274 (net)
                      0.081463    0.003830   29.793457 ^ wire2/A (sky130_fd_sc_hd__buf_6)
     3    0.070014    0.108553    0.126645   29.920103 ^ wire2/X (sky130_fd_sc_hd__buf_6)
                                                         net273 (net)
                      0.111101    0.013081   29.933184 ^ wire1/A (sky130_fd_sc_hd__buf_6)
     3    0.072443    0.112079    0.133127   30.066311 ^ wire1/X (sky130_fd_sc_hd__buf_6)
                                                         net272 (net)
                      0.114846    0.013845   30.080156 ^ clkbuf_0_clk/A (sky130_fd_sc_hd__clkbuf_16)
     9    0.092224    0.083717    0.146578   30.226734 ^ clkbuf_0_clk/X (sky130_fd_sc_hd__clkbuf_16)
                                                         clknet_0_clk (net)
                      0.084330    0.005684   30.232418 ^ clkbuf_2_0__f_clk/A (sky130_fd_sc_hd__clkbuf_16)
    17    0.083648    0.077124    0.133426   30.365845 ^ clkbuf_2_0__f_clk/X (sky130_fd_sc_hd__clkbuf_16)
                                                         clknet_2_0__leaf_clk (net)
                      0.078142    0.007006   30.372850 ^ _136_/CLK (sky130_fd_sc_hd__dfrtp_4)
                                 -0.250000   30.122849   clock uncertainty
                                  0.000000   30.122849   clock reconvergence pessimism
                                  0.085633   30.208481   library recovery time
                                             30.208481   data required time
---------------------------------------------------------------------------------------------
                                             30.208481   data required time
                                            -18.545443   data arrival time
---------------------------------------------------------------------------------------------
                                             11.663037   slack (MET)


Startpoint: rst_n (input port clocked by clk)
Endpoint: _137_ (recovery check against rising-edge clock clk)
Path Group: asynchronous
Path Type: max

Fanout         Cap        Slew       Delay        Time   Description
---------------------------------------------------------------------------------------------
                                  0.000000    0.000000   clock clk (rise edge)
                                  5.570000    5.570000   clock network delay (propagated)
                                 12.500000   18.070000 ^ input external delay
     2    0.011467    0.000000    0.000000   18.070000 ^ rst_n (in)
                                                         rst_n (net)
                      0.000151    0.000076   18.070076 ^ input79/A (sky130_fd_sc_hd__buf_12)
     7    0.263073    0.157149    0.083180   18.153255 ^ input79/X (sky130_fd_sc_hd__buf_12)
                                                         net79 (net)
                      0.417217    0.189697   18.342953 ^ fanout268/A (sky130_fd_sc_hd__buf_8)
    33    0.156880    0.194496    0.178616   18.521568 ^ fanout268/X (sky130_fd_sc_hd__buf_8)
                                                         net268 (net)
                      0.198929    0.023332   18.544901 ^ _137_/RESET_B (sky130_fd_sc_hd__dfrtp_4)
                                             18.544901   data arrival time

                                 25.000000   25.000000   clock clk (rise edge)
                                  4.650000   29.650000   clock source latency
     2    0.029055    0.610000    0.000000   29.650000 ^ clk (in)
                                                         clk (net)
                      0.615113    0.002556   29.652555 ^ wire3/A (sky130_fd_sc_hd__buf_4)
     3    0.032428    0.081164    0.137073   29.789627 ^ wire3/X (sky130_fd_sc_hd__buf_4)
                                                         net274 (net)
                      0.081463    0.003830   29.793457 ^ wire2/A (sky130_fd_sc_hd__buf_6)
     3    0.070014    0.108553    0.126645   29.920103 ^ wire2/X (sky130_fd_sc_hd__buf_6)
                                                         net273 (net)
                      0.111101    0.013081   29.933184 ^ wire1/A (sky130_fd_sc_hd__buf_6)
     3    0.072443    0.112079    0.133127   30.066311 ^ wire1/X (sky130_fd_sc_hd__buf_6)
                                                         net272 (net)
                      0.114846    0.013845   30.080156 ^ clkbuf_0_clk/A (sky130_fd_sc_hd__clkbuf_16)
     9    0.092224    0.083717    0.146578   30.226734 ^ clkbuf_0_clk/X (sky130_fd_sc_hd__clkbuf_16)
                                                         clknet_0_clk (net)
                      0.084330    0.005684   30.232418 ^ clkbuf_2_0__f_clk/A (sky130_fd_sc_hd__clkbuf_16)
    17    0.083648    0.077124    0.133426   30.365845 ^ clkbuf_2_0__f_clk/X (sky130_fd_sc_hd__clkbuf_16)
                                                         clknet_2_0__leaf_clk (net)
                      0.078095    0.006843   30.372686 ^ _137_/CLK (sky130_fd_sc_hd__dfrtp_4)
                                 -0.250000   30.122686   clock uncertainty
                                  0.000000   30.122686   clock reconvergence pessimism
                                  0.085694   30.208380   library recovery time
                                             30.208380   data required time
---------------------------------------------------------------------------------------------
                                             30.208380   data required time
                                            -18.544901   data arrival time
---------------------------------------------------------------------------------------------
                                             11.663480   slack (MET)


Startpoint: rst_n (input port clocked by clk)
Endpoint: _135_ (recovery check against rising-edge clock clk)
Path Group: asynchronous
Path Type: max

Fanout         Cap        Slew       Delay        Time   Description
---------------------------------------------------------------------------------------------
                                  0.000000    0.000000   clock clk (rise edge)
                                  5.570000    5.570000   clock network delay (propagated)
                                 12.500000   18.070000 ^ input external delay
     2    0.011467    0.000000    0.000000   18.070000 ^ rst_n (in)
                                                         rst_n (net)
                      0.000151    0.000076   18.070076 ^ input79/A (sky130_fd_sc_hd__buf_12)
     7    0.263073    0.157149    0.083180   18.153255 ^ input79/X (sky130_fd_sc_hd__buf_12)
                                                         net79 (net)
                      0.417217    0.189697   18.342953 ^ fanout268/A (sky130_fd_sc_hd__buf_8)
    33    0.156880    0.194496    0.178616   18.521568 ^ fanout268/X (sky130_fd_sc_hd__buf_8)
                                                         net268 (net)
                      0.197963    0.020753   18.542322 ^ _135_/RESET_B (sky130_fd_sc_hd__dfrtp_4)
                                             18.542322   data arrival time

                                 25.000000   25.000000   clock clk (rise edge)
                                  4.650000   29.650000   clock source latency
     2    0.029055    0.610000    0.000000   29.650000 ^ clk (in)
                                                         clk (net)
                      0.615113    0.002556   29.652555 ^ wire3/A (sky130_fd_sc_hd__buf_4)
     3    0.032428    0.081164    0.137073   29.789627 ^ wire3/X (sky130_fd_sc_hd__buf_4)
                                                         net274 (net)
                      0.081463    0.003830   29.793457 ^ wire2/A (sky130_fd_sc_hd__buf_6)
     3    0.070014    0.108553    0.126645   29.920103 ^ wire2/X (sky130_fd_sc_hd__buf_6)
                                                         net273 (net)
                      0.111101    0.013081   29.933184 ^ wire1/A (sky130_fd_sc_hd__buf_6)
     3    0.072443    0.112079    0.133127   30.066311 ^ wire1/X (sky130_fd_sc_hd__buf_6)
                                                         net272 (net)
                      0.114846    0.013845   30.080156 ^ clkbuf_0_clk/A (sky130_fd_sc_hd__clkbuf_16)
     9    0.092224    0.083717    0.146578   30.226734 ^ clkbuf_0_clk/X (sky130_fd_sc_hd__clkbuf_16)
                                                         clknet_0_clk (net)
                      0.084330    0.005684   30.232418 ^ clkbuf_2_0__f_clk/A (sky130_fd_sc_hd__clkbuf_16)
    17    0.083648    0.077124    0.133426   30.365845 ^ clkbuf_2_0__f_clk/X (sky130_fd_sc_hd__clkbuf_16)
                                                         clknet_2_0__leaf_clk (net)
                      0.077996    0.006484   30.372328 ^ _135_/CLK (sky130_fd_sc_hd__dfrtp_4)
                                 -0.250000   30.122326   clock uncertainty
                                  0.000000   30.122326   clock reconvergence pessimism
                                  0.085981   30.208305   library recovery time
                                             30.208305   data required time
---------------------------------------------------------------------------------------------
                                             30.208305   data required time
                                            -18.542322   data arrival time
---------------------------------------------------------------------------------------------
                                             11.665984   slack (MET)


Startpoint: rst_n (input port clocked by clk)
Endpoint: _143_ (recovery check against rising-edge clock clk)
Path Group: asynchronous
Path Type: max

Fanout         Cap        Slew       Delay        Time   Description
---------------------------------------------------------------------------------------------
                                  0.000000    0.000000   clock clk (rise edge)
                                  5.570000    5.570000   clock network delay (propagated)
                                 12.500000   18.070000 ^ input external delay
     2    0.011467    0.000000    0.000000   18.070000 ^ rst_n (in)
                                                         rst_n (net)
                      0.000151    0.000076   18.070076 ^ input79/A (sky130_fd_sc_hd__buf_12)
     7    0.263073    0.157149    0.083180   18.153255 ^ input79/X (sky130_fd_sc_hd__buf_12)
                                                         net79 (net)
                      0.417217    0.189697   18.342953 ^ fanout268/A (sky130_fd_sc_hd__buf_8)
    33    0.156880    0.194496    0.178616   18.521568 ^ fanout268/X (sky130_fd_sc_hd__buf_8)
                                                         net268 (net)
                      0.198753    0.022885   18.544453 ^ _143_/RESET_B (sky130_fd_sc_hd__dfrtp_2)
                                             18.544453   data arrival time

                                 25.000000   25.000000   clock clk (rise edge)
                                  4.650000   29.650000   clock source latency
     2    0.029055    0.610000    0.000000   29.650000 ^ clk (in)
                                                         clk (net)
                      0.615113    0.002556   29.652555 ^ wire3/A (sky130_fd_sc_hd__buf_4)
     3    0.032428    0.081164    0.137073   29.789627 ^ wire3/X (sky130_fd_sc_hd__buf_4)
                                                         net274 (net)
                      0.081463    0.003830   29.793457 ^ wire2/A (sky130_fd_sc_hd__buf_6)
     3    0.070014    0.108553    0.126645   29.920103 ^ wire2/X (sky130_fd_sc_hd__buf_6)
                                                         net273 (net)
                      0.111101    0.013081   29.933184 ^ wire1/A (sky130_fd_sc_hd__buf_6)
     3    0.072443    0.112079    0.133127   30.066311 ^ wire1/X (sky130_fd_sc_hd__buf_6)
                                                         net272 (net)
                      0.114846    0.013845   30.080156 ^ clkbuf_0_clk/A (sky130_fd_sc_hd__clkbuf_16)
     9    0.092224    0.083717    0.146578   30.226734 ^ clkbuf_0_clk/X (sky130_fd_sc_hd__clkbuf_16)
                                                         clknet_0_clk (net)
                      0.084330    0.005684   30.232418 ^ clkbuf_2_0__f_clk/A (sky130_fd_sc_hd__clkbuf_16)
    17    0.083648    0.077124    0.133426   30.365845 ^ clkbuf_2_0__f_clk/X (sky130_fd_sc_hd__clkbuf_16)
                                                         clknet_2_0__leaf_clk (net)
                      0.077458    0.004043   30.369886 ^ _143_/CLK (sky130_fd_sc_hd__dfrtp_2)
                                 -0.250000   30.119886   clock uncertainty
                                  0.000000   30.119886   clock reconvergence pessimism
                                  0.098087   30.217974   library recovery time
                                             30.217974   data required time
---------------------------------------------------------------------------------------------
                                             30.217974   data required time
                                            -18.544453   data arrival time
---------------------------------------------------------------------------------------------
                                             11.673519   slack (MET)


Startpoint: rst_n (input port clocked by clk)
Endpoint: _142_ (recovery check against rising-edge clock clk)
Path Group: asynchronous
Path Type: max

Fanout         Cap        Slew       Delay        Time   Description
---------------------------------------------------------------------------------------------
                                  0.000000    0.000000   clock clk (rise edge)
                                  5.570000    5.570000   clock network delay (propagated)
                                 12.500000   18.070000 ^ input external delay
     2    0.011467    0.000000    0.000000   18.070000 ^ rst_n (in)
                                                         rst_n (net)
                      0.000151    0.000076   18.070076 ^ input79/A (sky130_fd_sc_hd__buf_12)
     7    0.263073    0.157149    0.083180   18.153255 ^ input79/X (sky130_fd_sc_hd__buf_12)
                                                         net79 (net)
                      0.417217    0.189697   18.342953 ^ fanout268/A (sky130_fd_sc_hd__buf_8)
    33    0.156880    0.194496    0.178616   18.521568 ^ fanout268/X (sky130_fd_sc_hd__buf_8)
                                                         net268 (net)
                      0.198370    0.021876   18.543446 ^ _142_/RESET_B (sky130_fd_sc_hd__dfrtp_2)
                                             18.543446   data arrival time

                                 25.000000   25.000000   clock clk (rise edge)
                                  4.650000   29.650000   clock source latency
     2    0.029055    0.610000    0.000000   29.650000 ^ clk (in)
                                                         clk (net)
                      0.615113    0.002556   29.652555 ^ wire3/A (sky130_fd_sc_hd__buf_4)
     3    0.032428    0.081164    0.137073   29.789627 ^ wire3/X (sky130_fd_sc_hd__buf_4)
                                                         net274 (net)
                      0.081463    0.003830   29.793457 ^ wire2/A (sky130_fd_sc_hd__buf_6)
     3    0.070014    0.108553    0.126645   29.920103 ^ wire2/X (sky130_fd_sc_hd__buf_6)
                                                         net273 (net)
                      0.111101    0.013081   29.933184 ^ wire1/A (sky130_fd_sc_hd__buf_6)
     3    0.072443    0.112079    0.133127   30.066311 ^ wire1/X (sky130_fd_sc_hd__buf_6)
                                                         net272 (net)
                      0.114846    0.013845   30.080156 ^ clkbuf_0_clk/A (sky130_fd_sc_hd__clkbuf_16)
     9    0.092224    0.083717    0.146578   30.226734 ^ clkbuf_0_clk/X (sky130_fd_sc_hd__clkbuf_16)
                                                         clknet_0_clk (net)
                      0.084330    0.005684   30.232418 ^ clkbuf_2_0__f_clk/A (sky130_fd_sc_hd__clkbuf_16)
    17    0.083648    0.077124    0.133426   30.365845 ^ clkbuf_2_0__f_clk/X (sky130_fd_sc_hd__clkbuf_16)
                                                         clknet_2_0__leaf_clk (net)
                      0.077360    0.003425   30.369268 ^ _142_/CLK (sky130_fd_sc_hd__dfrtp_2)
                                 -0.250000   30.119268   clock uncertainty
                                  0.000000   30.119268   clock reconvergence pessimism
                                  0.098169   30.217436   library recovery time
                                             30.217436   data required time
---------------------------------------------------------------------------------------------
                                             30.217436   data required time
                                            -18.543446   data arrival time
---------------------------------------------------------------------------------------------
                                             11.673992   slack (MET)


Startpoint: rst_n (input port clocked by clk)
Endpoint: _141_ (recovery check against rising-edge clock clk)
Path Group: asynchronous
Path Type: max

Fanout         Cap        Slew       Delay        Time   Description
---------------------------------------------------------------------------------------------
                                  0.000000    0.000000   clock clk (rise edge)
                                  5.570000    5.570000   clock network delay (propagated)
                                 12.500000   18.070000 ^ input external delay
     2    0.011467    0.000000    0.000000   18.070000 ^ rst_n (in)
                                                         rst_n (net)
                      0.000151    0.000076   18.070076 ^ input79/A (sky130_fd_sc_hd__buf_12)
     7    0.263073    0.157149    0.083180   18.153255 ^ input79/X (sky130_fd_sc_hd__buf_12)
                                                         net79 (net)
                      0.417217    0.189697   18.342953 ^ fanout268/A (sky130_fd_sc_hd__buf_8)
    33    0.156880    0.194496    0.178616   18.521568 ^ fanout268/X (sky130_fd_sc_hd__buf_8)
                                                         net268 (net)
                      0.197689    0.019959   18.541529 ^ _141_/RESET_B (sky130_fd_sc_hd__dfrtp_2)
                                             18.541529   data arrival time

                                 25.000000   25.000000   clock clk (rise edge)
                                  4.650000   29.650000   clock source latency
     2    0.029055    0.610000    0.000000   29.650000 ^ clk (in)
                                                         clk (net)
                      0.615113    0.002556   29.652555 ^ wire3/A (sky130_fd_sc_hd__buf_4)
     3    0.032428    0.081164    0.137073   29.789627 ^ wire3/X (sky130_fd_sc_hd__buf_4)
                                                         net274 (net)
                      0.081463    0.003830   29.793457 ^ wire2/A (sky130_fd_sc_hd__buf_6)
     3    0.070014    0.108553    0.126645   29.920103 ^ wire2/X (sky130_fd_sc_hd__buf_6)
                                                         net273 (net)
                      0.111101    0.013081   29.933184 ^ wire1/A (sky130_fd_sc_hd__buf_6)
     3    0.072443    0.112079    0.133127   30.066311 ^ wire1/X (sky130_fd_sc_hd__buf_6)
                                                         net272 (net)
                      0.114846    0.013845   30.080156 ^ clkbuf_0_clk/A (sky130_fd_sc_hd__clkbuf_16)
     9    0.092224    0.083717    0.146578   30.226734 ^ clkbuf_0_clk/X (sky130_fd_sc_hd__clkbuf_16)
                                                         clknet_0_clk (net)
                      0.084330    0.005684   30.232418 ^ clkbuf_2_0__f_clk/A (sky130_fd_sc_hd__clkbuf_16)
    17    0.083648    0.077124    0.133426   30.365845 ^ clkbuf_2_0__f_clk/X (sky130_fd_sc_hd__clkbuf_16)
                                                         clknet_2_0__leaf_clk (net)
                      0.077255    0.002586   30.368431 ^ _141_/CLK (sky130_fd_sc_hd__dfrtp_2)
                                 -0.250000   30.118429   clock uncertainty
                                  0.000000   30.118429   clock reconvergence pessimism
                                  0.098326   30.216755   library recovery time
                                             30.216755   data required time
---------------------------------------------------------------------------------------------
                                             30.216755   data required time
                                            -18.541529   data arrival time
---------------------------------------------------------------------------------------------
                                             11.675226   slack (MET)


Startpoint: rst_n (input port clocked by clk)
Endpoint: _140_ (recovery check against rising-edge clock clk)
Path Group: asynchronous
Path Type: max

Fanout         Cap        Slew       Delay        Time   Description
---------------------------------------------------------------------------------------------
                                  0.000000    0.000000   clock clk (rise edge)
                                  5.570000    5.570000   clock network delay (propagated)
                                 12.500000   18.070000 ^ input external delay
     2    0.011467    0.000000    0.000000   18.070000 ^ rst_n (in)
                                                         rst_n (net)
                      0.000151    0.000076   18.070076 ^ input79/A (sky130_fd_sc_hd__buf_12)
     7    0.263073    0.157149    0.083180   18.153255 ^ input79/X (sky130_fd_sc_hd__buf_12)
                                                         net79 (net)
                      0.417217    0.189697   18.342953 ^ fanout268/A (sky130_fd_sc_hd__buf_8)
    33    0.156880    0.194496    0.178616   18.521568 ^ fanout268/X (sky130_fd_sc_hd__buf_8)
                                                         net268 (net)
                      0.196810    0.017153   18.538721 ^ _140_/RESET_B (sky130_fd_sc_hd__dfrtp_2)
                                             18.538721   data arrival time

                                 25.000000   25.000000   clock clk (rise edge)
                                  4.650000   29.650000   clock source latency
     2    0.029055    0.610000    0.000000   29.650000 ^ clk (in)
                                                         clk (net)
                      0.615113    0.002556   29.652555 ^ wire3/A (sky130_fd_sc_hd__buf_4)
     3    0.032428    0.081164    0.137073   29.789627 ^ wire3/X (sky130_fd_sc_hd__buf_4)
                                                         net274 (net)
                      0.081463    0.003830   29.793457 ^ wire2/A (sky130_fd_sc_hd__buf_6)
     3    0.070014    0.108553    0.126645   29.920103 ^ wire2/X (sky130_fd_sc_hd__buf_6)
                                                         net273 (net)
                      0.111101    0.013081   29.933184 ^ wire1/A (sky130_fd_sc_hd__buf_6)
     3    0.072443    0.112079    0.133127   30.066311 ^ wire1/X (sky130_fd_sc_hd__buf_6)
                                                         net272 (net)
                      0.114846    0.013845   30.080156 ^ clkbuf_0_clk/A (sky130_fd_sc_hd__clkbuf_16)
     9    0.092224    0.083717    0.146578   30.226734 ^ clkbuf_0_clk/X (sky130_fd_sc_hd__clkbuf_16)
                                                         clknet_0_clk (net)
                      0.084314    0.005613   30.232347 ^ clkbuf_2_1__f_clk/A (sky130_fd_sc_hd__clkbuf_16)
    21    0.076896    0.072446    0.128800   30.361147 ^ clkbuf_2_1__f_clk/X (sky130_fd_sc_hd__clkbuf_16)
                                                         clknet_2_1__leaf_clk (net)
                      0.073128    0.005496   30.366644 ^ _140_/CLK (sky130_fd_sc_hd__dfrtp_2)
                                 -0.250000   30.116642   clock uncertainty
                                  0.000000   30.116642   clock reconvergence pessimism
                                  0.097888   30.214531   library recovery time
                                             30.214531   data required time
---------------------------------------------------------------------------------------------
                                             30.214531   data required time
                                            -18.538721   data arrival time
---------------------------------------------------------------------------------------------
                                             11.675809   slack (MET)


Startpoint: rst_n (input port clocked by clk)
Endpoint: _128_ (recovery check against rising-edge clock clk)
Path Group: asynchronous
Path Type: max

Fanout         Cap        Slew       Delay        Time   Description
---------------------------------------------------------------------------------------------
                                  0.000000    0.000000   clock clk (rise edge)
                                  5.570000    5.570000   clock network delay (propagated)
                                 12.500000   18.070000 ^ input external delay
     2    0.011467    0.000000    0.000000   18.070000 ^ rst_n (in)
                                                         rst_n (net)
                      0.000151    0.000076   18.070076 ^ input79/A (sky130_fd_sc_hd__buf_12)
     7    0.263073    0.157149    0.083180   18.153255 ^ input79/X (sky130_fd_sc_hd__buf_12)
                                                         net79 (net)
                      0.417217    0.189697   18.342953 ^ fanout268/A (sky130_fd_sc_hd__buf_8)
    33    0.156880    0.194496    0.178616   18.521568 ^ fanout268/X (sky130_fd_sc_hd__buf_8)
                                                         net268 (net)
                      0.194510    0.001453   18.523022 ^ _128_/RESET_B (sky130_fd_sc_hd__dfrtp_4)
                                             18.523022   data arrival time

                                 25.000000   25.000000   clock clk (rise edge)
                                  4.650000   29.650000   clock source latency
     2    0.029055    0.610000    0.000000   29.650000 ^ clk (in)
                                                         clk (net)
                      0.615113    0.002556   29.652555 ^ wire3/A (sky130_fd_sc_hd__buf_4)
     3    0.032428    0.081164    0.137073   29.789627 ^ wire3/X (sky130_fd_sc_hd__buf_4)
                                                         net274 (net)
                      0.081463    0.003830   29.793457 ^ wire2/A (sky130_fd_sc_hd__buf_6)
     3    0.070014    0.108553    0.126645   29.920103 ^ wire2/X (sky130_fd_sc_hd__buf_6)
                                                         net273 (net)
                      0.111101    0.013081   29.933184 ^ wire1/A (sky130_fd_sc_hd__buf_6)
     3    0.072443    0.112079    0.133127   30.066311 ^ wire1/X (sky130_fd_sc_hd__buf_6)
                                                         net272 (net)
                      0.114846    0.013845   30.080156 ^ clkbuf_0_clk/A (sky130_fd_sc_hd__clkbuf_16)
     9    0.092224    0.083717    0.146578   30.226734 ^ clkbuf_0_clk/X (sky130_fd_sc_hd__clkbuf_16)
                                                         clknet_0_clk (net)
                      0.084314    0.005613   30.232347 ^ clkbuf_2_1__f_clk/A (sky130_fd_sc_hd__clkbuf_16)
    21    0.076896    0.072446    0.128800   30.361147 ^ clkbuf_2_1__f_clk/X (sky130_fd_sc_hd__clkbuf_16)
                                                         clknet_2_1__leaf_clk (net)
                      0.072988    0.004917   30.366064 ^ _128_/CLK (sky130_fd_sc_hd__dfrtp_4)
                                 -0.250000   30.116064   clock uncertainty
                                  0.000000   30.116064   clock reconvergence pessimism
                                  0.086258   30.202320   library recovery time
                                             30.202320   data required time
---------------------------------------------------------------------------------------------
                                             30.202320   data required time
                                            -18.523022   data arrival time
---------------------------------------------------------------------------------------------
                                             11.679297   slack (MET)


Startpoint: rst_n (input port clocked by clk)
Endpoint: _160_ (recovery check against rising-edge clock clk)
Path Group: asynchronous
Path Type: max

Fanout         Cap        Slew       Delay        Time   Description
---------------------------------------------------------------------------------------------
                                  0.000000    0.000000   clock clk (rise edge)
                                  5.570000    5.570000   clock network delay (propagated)
                                 12.500000   18.070000 ^ input external delay
     2    0.011467    0.000000    0.000000   18.070000 ^ rst_n (in)
                                                         rst_n (net)
                      0.000151    0.000076   18.070076 ^ input79/A (sky130_fd_sc_hd__buf_12)
     7    0.263073    0.157149    0.083180   18.153255 ^ input79/X (sky130_fd_sc_hd__buf_12)
                                                         net79 (net)
                      0.473143    0.225015   18.378269 ^ _160_/RESET_B (sky130_fd_sc_hd__dfrtp_4)
                                             18.378269   data arrival time

                                 25.000000   25.000000   clock clk (rise edge)
                                  4.650000   29.650000   clock source latency
     2    0.029055    0.610000    0.000000   29.650000 ^ clk (in)
                                                         clk (net)
                      0.615113    0.002556   29.652555 ^ wire3/A (sky130_fd_sc_hd__buf_4)
     3    0.032428    0.081164    0.137073   29.789627 ^ wire3/X (sky130_fd_sc_hd__buf_4)
                                                         net274 (net)
                      0.081463    0.003830   29.793457 ^ wire2/A (sky130_fd_sc_hd__buf_6)
     3    0.070014    0.108553    0.126645   29.920103 ^ wire2/X (sky130_fd_sc_hd__buf_6)
                                                         net273 (net)
                      0.111101    0.013081   29.933184 ^ wire1/A (sky130_fd_sc_hd__buf_6)
     3    0.072443    0.112079    0.133127   30.066311 ^ wire1/X (sky130_fd_sc_hd__buf_6)
                                                         net272 (net)
                      0.114846    0.013845   30.080156 ^ clkbuf_0_clk/A (sky130_fd_sc_hd__clkbuf_16)
     9    0.092224    0.083717    0.146578   30.226734 ^ clkbuf_0_clk/X (sky130_fd_sc_hd__clkbuf_16)
                                                         clknet_0_clk (net)
                      0.084218    0.005148   30.231882 ^ clkbuf_2_3__f_clk/A (sky130_fd_sc_hd__clkbuf_16)
    21    0.067906    0.065840    0.123777   30.355658 ^ clkbuf_2_3__f_clk/X (sky130_fd_sc_hd__clkbuf_16)
                                                         clknet_2_3__leaf_clk (net)
                      0.067219    0.007390   30.363049 ^ _160_/CLK (sky130_fd_sc_hd__dfrtp_4)
                                 -0.250000   30.113047   clock uncertainty
                                  0.000000   30.113047   clock reconvergence pessimism
                                 -0.002278   30.110769   library recovery time
                                             30.110769   data required time
---------------------------------------------------------------------------------------------
                                             30.110769   data required time
                                            -18.378269   data arrival time
---------------------------------------------------------------------------------------------
                                             11.732500   slack (MET)


Startpoint: wbs_adr_i[31] (input port clocked by clk)
Endpoint: _153_ (rising edge-triggered flip-flop clocked by clk)
Path Group: clk
Path Type: max

Fanout         Cap        Slew       Delay        Time   Description
---------------------------------------------------------------------------------------------
                                  0.000000    0.000000   clock clk (rise edge)
                                  5.570000    5.570000   clock network delay (propagated)
                                  3.890000    9.460000 v input external delay
     2    0.003739    0.920000    0.000000    9.460000 v wbs_adr_i[31] (in)
                                                         wbs_adr_i[31] (net)
                      0.920052    0.000026    9.460026 v hold7/A (sky130_fd_sc_hd__dlygate4sd3_1)
     1    0.004149    0.043614    0.614214   10.074240 v hold7/X (sky130_fd_sc_hd__dlygate4sd3_1)
                                                         net281 (net)
                      0.043614    0.000039   10.074279 v input102/A (sky130_fd_sc_hd__clkbuf_8)
     3    0.065853    0.061084    0.125503   10.199781 v input102/X (sky130_fd_sc_hd__clkbuf_8)
                                                         net102 (net)
                      0.065362    0.012472   10.212254 v hold8/A (sky130_fd_sc_hd__dlygate4sd3_1)
     3    0.059458    0.210191    0.533468   10.745722 v hold8/X (sky130_fd_sc_hd__dlygate4sd3_1)
                                                         net282 (net)
                      0.211509    0.012682   10.758404 v _043_/A (sky130_fd_sc_hd__nor4b_1)
     1    0.003305    0.176210    0.249201   11.007605 ^ _043_/Y (sky130_fd_sc_hd__nor4b_1)
                                                         _034_ (net)
                      0.176210    0.000051   11.007655 ^ hold9/A (sky130_fd_sc_hd__dlygate4sd3_1)
     1    0.003262    0.040228    0.393078   11.400734 ^ hold9/X (sky130_fd_sc_hd__dlygate4sd3_1)
                                                         net283 (net)
                      0.040228    0.000044   11.400779 ^ wire266/A (sky130_fd_sc_hd__buf_2)
     1    0.011932    0.049397    0.085016   11.485794 ^ wire266/X (sky130_fd_sc_hd__buf_2)
                                                         net266 (net)
                      0.049401    0.000503   11.486297 ^ hold10/A (sky130_fd_sc_hd__dlygate4sd3_1)
     5    0.036222    0.275421    0.546720   12.033017 ^ hold10/X (sky130_fd_sc_hd__dlygate4sd3_1)
                                                         net284 (net)
                      0.275434    0.002216   12.035233 ^ fanout263/A (sky130_fd_sc_hd__buf_4)
     1    0.003662    0.025869    0.092471   12.127704 ^ fanout263/X (sky130_fd_sc_hd__buf_4)
                                                         net263 (net)
                      0.025869    0.000041   12.127745 ^ hold11/A (sky130_fd_sc_hd__dlygate4sd3_1)
    33    0.109441    0.811248    0.909024   13.036769 ^ hold11/X (sky130_fd_sc_hd__dlygate4sd3_1)
                                                         net285 (net)
                      0.811250    0.000997   13.037765 ^ _120_/B (sky130_fd_sc_hd__and3_1)
     1    0.004542    0.059263    0.124547   13.162312 ^ _120_/X (sky130_fd_sc_hd__and3_1)
                                                         _017_ (net)
                      0.059263    0.000082   13.162394 ^ _153_/D (sky130_fd_sc_hd__dfrtp_4)
                                             13.162394   data arrival time

                                 25.000000   25.000000   clock clk (rise edge)
                                  4.650000   29.650000   clock source latency
     2    0.029055    0.610000    0.000000   29.650000 ^ clk (in)
                                                         clk (net)
                      0.615113    0.002556   29.652555 ^ wire3/A (sky130_fd_sc_hd__buf_4)
     3    0.032428    0.081164    0.137073   29.789627 ^ wire3/X (sky130_fd_sc_hd__buf_4)
                                                         net274 (net)
                      0.081463    0.003830   29.793457 ^ wire2/A (sky130_fd_sc_hd__buf_6)
     3    0.070014    0.108553    0.126645   29.920103 ^ wire2/X (sky130_fd_sc_hd__buf_6)
                                                         net273 (net)
                      0.111101    0.013081   29.933184 ^ wire1/A (sky130_fd_sc_hd__buf_6)
     3    0.072443    0.112079    0.133127   30.066311 ^ wire1/X (sky130_fd_sc_hd__buf_6)
                                                         net272 (net)
                      0.114846    0.013845   30.080156 ^ clkbuf_0_clk/A (sky130_fd_sc_hd__clkbuf_16)
     9    0.092224    0.083717    0.146578   30.226734 ^ clkbuf_0_clk/X (sky130_fd_sc_hd__clkbuf_16)
                                                         clknet_0_clk (net)
                      0.084218    0.005148   30.231882 ^ clkbuf_2_3__f_clk/A (sky130_fd_sc_hd__clkbuf_16)
    21    0.067906    0.065840    0.123777   30.355658 ^ clkbuf_2_3__f_clk/X (sky130_fd_sc_hd__clkbuf_16)
                                                         clknet_2_3__leaf_clk (net)
                      0.067460    0.008040   30.363699 ^ _153_/CLK (sky130_fd_sc_hd__dfrtp_4)
                                 -0.250000   30.113697   clock uncertainty
                                  0.000000   30.113697   clock reconvergence pessimism
                                 -0.038931   30.074766   library setup time
                                             30.074766   data required time
---------------------------------------------------------------------------------------------
                                             30.074766   data required time
                                            -13.162394   data arrival time
---------------------------------------------------------------------------------------------
                                             16.912374   slack (MET)


Startpoint: wbs_adr_i[31] (input port clocked by clk)
Endpoint: _160_ (rising edge-triggered flip-flop clocked by clk)
Path Group: clk
Path Type: max

Fanout         Cap        Slew       Delay        Time   Description
---------------------------------------------------------------------------------------------
                                  0.000000    0.000000   clock clk (rise edge)
                                  5.570000    5.570000   clock network delay (propagated)
                                  3.890000    9.460000 v input external delay
     2    0.003739    0.920000    0.000000    9.460000 v wbs_adr_i[31] (in)
                                                         wbs_adr_i[31] (net)
                      0.920052    0.000026    9.460026 v hold7/A (sky130_fd_sc_hd__dlygate4sd3_1)
     1    0.004149    0.043614    0.614214   10.074240 v hold7/X (sky130_fd_sc_hd__dlygate4sd3_1)
                                                         net281 (net)
                      0.043614    0.000039   10.074279 v input102/A (sky130_fd_sc_hd__clkbuf_8)
     3    0.065853    0.061084    0.125503   10.199781 v input102/X (sky130_fd_sc_hd__clkbuf_8)
                                                         net102 (net)
                      0.065362    0.012472   10.212254 v hold8/A (sky130_fd_sc_hd__dlygate4sd3_1)
     3    0.059458    0.210191    0.533468   10.745722 v hold8/X (sky130_fd_sc_hd__dlygate4sd3_1)
                                                         net282 (net)
                      0.211509    0.012682   10.758404 v _043_/A (sky130_fd_sc_hd__nor4b_1)
     1    0.003305    0.176210    0.249201   11.007605 ^ _043_/Y (sky130_fd_sc_hd__nor4b_1)
                                                         _034_ (net)
                      0.176210    0.000051   11.007655 ^ hold9/A (sky130_fd_sc_hd__dlygate4sd3_1)
     1    0.003262    0.040228    0.393078   11.400734 ^ hold9/X (sky130_fd_sc_hd__dlygate4sd3_1)
                                                         net283 (net)
                      0.040228    0.000044   11.400779 ^ wire266/A (sky130_fd_sc_hd__buf_2)
     1    0.011932    0.049397    0.085016   11.485794 ^ wire266/X (sky130_fd_sc_hd__buf_2)
                                                         net266 (net)
                      0.049401    0.000503   11.486297 ^ hold10/A (sky130_fd_sc_hd__dlygate4sd3_1)
     5    0.036222    0.275421    0.546720   12.033017 ^ hold10/X (sky130_fd_sc_hd__dlygate4sd3_1)
                                                         net284 (net)
                      0.275434    0.002216   12.035233 ^ fanout263/A (sky130_fd_sc_hd__buf_4)
     1    0.003662    0.025869    0.092471   12.127704 ^ fanout263/X (sky130_fd_sc_hd__buf_4)
                                                         net263 (net)
                      0.025869    0.000041   12.127745 ^ hold11/A (sky130_fd_sc_hd__dlygate4sd3_1)
    33    0.109441    0.811248    0.909024   13.036769 ^ hold11/X (sky130_fd_sc_hd__dlygate4sd3_1)
                                                         net285 (net)
                      0.811251    0.001434   13.038202 ^ _127_/B (sky130_fd_sc_hd__and3_1)
     1    0.003842    0.055481    0.120409   13.158610 ^ _127_/X (sky130_fd_sc_hd__and3_1)
                                                         _025_ (net)
                      0.055481    0.000055   13.158666 ^ _160_/D (sky130_fd_sc_hd__dfrtp_4)
                                             13.158666   data arrival time

                                 25.000000   25.000000   clock clk (rise edge)
                                  4.650000   29.650000   clock source latency
     2    0.029055    0.610000    0.000000   29.650000 ^ clk (in)
                                                         clk (net)
                      0.615113    0.002556   29.652555 ^ wire3/A (sky130_fd_sc_hd__buf_4)
     3    0.032428    0.081164    0.137073   29.789627 ^ wire3/X (sky130_fd_sc_hd__buf_4)
                                                         net274 (net)
                      0.081463    0.003830   29.793457 ^ wire2/A (sky130_fd_sc_hd__buf_6)
     3    0.070014    0.108553    0.126645   29.920103 ^ wire2/X (sky130_fd_sc_hd__buf_6)
                                                         net273 (net)
                      0.111101    0.013081   29.933184 ^ wire1/A (sky130_fd_sc_hd__buf_6)
     3    0.072443    0.112079    0.133127   30.066311 ^ wire1/X (sky130_fd_sc_hd__buf_6)
                                                         net272 (net)
                      0.114846    0.013845   30.080156 ^ clkbuf_0_clk/A (sky130_fd_sc_hd__clkbuf_16)
     9    0.092224    0.083717    0.146578   30.226734 ^ clkbuf_0_clk/X (sky130_fd_sc_hd__clkbuf_16)
                                                         clknet_0_clk (net)
                      0.084218    0.005148   30.231882 ^ clkbuf_2_3__f_clk/A (sky130_fd_sc_hd__clkbuf_16)
    21    0.067906    0.065840    0.123777   30.355658 ^ clkbuf_2_3__f_clk/X (sky130_fd_sc_hd__clkbuf_16)
                                                         clknet_2_3__leaf_clk (net)
                      0.067219    0.007390   30.363049 ^ _160_/CLK (sky130_fd_sc_hd__dfrtp_4)
                                 -0.250000   30.113047   clock uncertainty
                                  0.000000   30.113047   clock reconvergence pessimism
                                 -0.038569   30.074478   library setup time
                                             30.074478   data required time
---------------------------------------------------------------------------------------------
                                             30.074478   data required time
                                            -13.158666   data arrival time
---------------------------------------------------------------------------------------------
                                             16.915813   slack (MET)


Startpoint: wbs_adr_i[31] (input port clocked by clk)
Endpoint: _155_ (rising edge-triggered flip-flop clocked by clk)
Path Group: clk
Path Type: max

Fanout         Cap        Slew       Delay        Time   Description
---------------------------------------------------------------------------------------------
                                  0.000000    0.000000   clock clk (rise edge)
                                  5.570000    5.570000   clock network delay (propagated)
                                  3.890000    9.460000 v input external delay
     2    0.003739    0.920000    0.000000    9.460000 v wbs_adr_i[31] (in)
                                                         wbs_adr_i[31] (net)
                      0.920052    0.000026    9.460026 v hold7/A (sky130_fd_sc_hd__dlygate4sd3_1)
     1    0.004149    0.043614    0.614214   10.074240 v hold7/X (sky130_fd_sc_hd__dlygate4sd3_1)
                                                         net281 (net)
                      0.043614    0.000039   10.074279 v input102/A (sky130_fd_sc_hd__clkbuf_8)
     3    0.065853    0.061084    0.125503   10.199781 v input102/X (sky130_fd_sc_hd__clkbuf_8)
                                                         net102 (net)
                      0.065362    0.012472   10.212254 v hold8/A (sky130_fd_sc_hd__dlygate4sd3_1)
     3    0.059458    0.210191    0.533468   10.745722 v hold8/X (sky130_fd_sc_hd__dlygate4sd3_1)
                                                         net282 (net)
                      0.211509    0.012682   10.758404 v _043_/A (sky130_fd_sc_hd__nor4b_1)
     1    0.003305    0.176210    0.249201   11.007605 ^ _043_/Y (sky130_fd_sc_hd__nor4b_1)
                                                         _034_ (net)
                      0.176210    0.000051   11.007655 ^ hold9/A (sky130_fd_sc_hd__dlygate4sd3_1)
     1    0.003262    0.040228    0.393078   11.400734 ^ hold9/X (sky130_fd_sc_hd__dlygate4sd3_1)
                                                         net283 (net)
                      0.040228    0.000044   11.400779 ^ wire266/A (sky130_fd_sc_hd__buf_2)
     1    0.011932    0.049397    0.085016   11.485794 ^ wire266/X (sky130_fd_sc_hd__buf_2)
                                                         net266 (net)
                      0.049401    0.000503   11.486297 ^ hold10/A (sky130_fd_sc_hd__dlygate4sd3_1)
     5    0.036222    0.275421    0.546720   12.033017 ^ hold10/X (sky130_fd_sc_hd__dlygate4sd3_1)
                                                         net284 (net)
                      0.275434    0.002216   12.035233 ^ fanout263/A (sky130_fd_sc_hd__buf_4)
     1    0.003662    0.025869    0.092471   12.127704 ^ fanout263/X (sky130_fd_sc_hd__buf_4)
                                                         net263 (net)
                      0.025869    0.000041   12.127745 ^ hold11/A (sky130_fd_sc_hd__dlygate4sd3_1)
    33    0.109441    0.811248    0.909024   13.036769 ^ hold11/X (sky130_fd_sc_hd__dlygate4sd3_1)
                                                         net285 (net)
                      0.811249    0.000834   13.037602 ^ _122_/B (sky130_fd_sc_hd__and3_1)
     1    0.003788    0.055190    0.120089   13.157691 ^ _122_/X (sky130_fd_sc_hd__and3_1)
                                                         _019_ (net)
                      0.055190    0.000059   13.157750 ^ _155_/D (sky130_fd_sc_hd__dfrtp_4)
                                             13.157750   data arrival time

                                 25.000000   25.000000   clock clk (rise edge)
                                  4.650000   29.650000   clock source latency
     2    0.029055    0.610000    0.000000   29.650000 ^ clk (in)
                                                         clk (net)
                      0.615113    0.002556   29.652555 ^ wire3/A (sky130_fd_sc_hd__buf_4)
     3    0.032428    0.081164    0.137073   29.789627 ^ wire3/X (sky130_fd_sc_hd__buf_4)
                                                         net274 (net)
                      0.081463    0.003830   29.793457 ^ wire2/A (sky130_fd_sc_hd__buf_6)
     3    0.070014    0.108553    0.126645   29.920103 ^ wire2/X (sky130_fd_sc_hd__buf_6)
                                                         net273 (net)
                      0.111101    0.013081   29.933184 ^ wire1/A (sky130_fd_sc_hd__buf_6)
     3    0.072443    0.112079    0.133127   30.066311 ^ wire1/X (sky130_fd_sc_hd__buf_6)
                                                         net272 (net)
                      0.114846    0.013845   30.080156 ^ clkbuf_0_clk/A (sky130_fd_sc_hd__clkbuf_16)
     9    0.092224    0.083717    0.146578   30.226734 ^ clkbuf_0_clk/X (sky130_fd_sc_hd__clkbuf_16)
                                                         clknet_0_clk (net)
                      0.084218    0.005148   30.231882 ^ clkbuf_2_3__f_clk/A (sky130_fd_sc_hd__clkbuf_16)
    21    0.067906    0.065840    0.123777   30.355658 ^ clkbuf_2_3__f_clk/X (sky130_fd_sc_hd__clkbuf_16)
                                                         clknet_2_3__leaf_clk (net)
                      0.067496    0.008129   30.363787 ^ _155_/CLK (sky130_fd_sc_hd__dfrtp_4)
                                 -0.250000   30.113787   clock uncertainty
                                  0.000000   30.113787   clock reconvergence pessimism
                                 -0.038530   30.075256   library setup time
                                             30.075256   data required time
---------------------------------------------------------------------------------------------
                                             30.075256   data required time
                                            -13.157750   data arrival time
---------------------------------------------------------------------------------------------
                                             16.917507   slack (MET)


Startpoint: wbs_adr_i[31] (input port clocked by clk)
Endpoint: _156_ (rising edge-triggered flip-flop clocked by clk)
Path Group: clk
Path Type: max

Fanout         Cap        Slew       Delay        Time   Description
---------------------------------------------------------------------------------------------
                                  0.000000    0.000000   clock clk (rise edge)
                                  5.570000    5.570000   clock network delay (propagated)
                                  3.890000    9.460000 v input external delay
     2    0.003739    0.920000    0.000000    9.460000 v wbs_adr_i[31] (in)
                                                         wbs_adr_i[31] (net)
                      0.920052    0.000026    9.460026 v hold7/A (sky130_fd_sc_hd__dlygate4sd3_1)
     1    0.004149    0.043614    0.614214   10.074240 v hold7/X (sky130_fd_sc_hd__dlygate4sd3_1)
                                                         net281 (net)
                      0.043614    0.000039   10.074279 v input102/A (sky130_fd_sc_hd__clkbuf_8)
     3    0.065853    0.061084    0.125503   10.199781 v input102/X (sky130_fd_sc_hd__clkbuf_8)
                                                         net102 (net)
                      0.065362    0.012472   10.212254 v hold8/A (sky130_fd_sc_hd__dlygate4sd3_1)
     3    0.059458    0.210191    0.533468   10.745722 v hold8/X (sky130_fd_sc_hd__dlygate4sd3_1)
                                                         net282 (net)
                      0.211509    0.012682   10.758404 v _043_/A (sky130_fd_sc_hd__nor4b_1)
     1    0.003305    0.176210    0.249201   11.007605 ^ _043_/Y (sky130_fd_sc_hd__nor4b_1)
                                                         _034_ (net)
                      0.176210    0.000051   11.007655 ^ hold9/A (sky130_fd_sc_hd__dlygate4sd3_1)
     1    0.003262    0.040228    0.393078   11.400734 ^ hold9/X (sky130_fd_sc_hd__dlygate4sd3_1)
                                                         net283 (net)
                      0.040228    0.000044   11.400779 ^ wire266/A (sky130_fd_sc_hd__buf_2)
     1    0.011932    0.049397    0.085016   11.485794 ^ wire266/X (sky130_fd_sc_hd__buf_2)
                                                         net266 (net)
                      0.049401    0.000503   11.486297 ^ hold10/A (sky130_fd_sc_hd__dlygate4sd3_1)
     5    0.036222    0.275421    0.546720   12.033017 ^ hold10/X (sky130_fd_sc_hd__dlygate4sd3_1)
                                                         net284 (net)
                      0.275434    0.002216   12.035233 ^ fanout263/A (sky130_fd_sc_hd__buf_4)
     1    0.003662    0.025869    0.092471   12.127704 ^ fanout263/X (sky130_fd_sc_hd__buf_4)
                                                         net263 (net)
                      0.025869    0.000041   12.127745 ^ hold11/A (sky130_fd_sc_hd__dlygate4sd3_1)
    33    0.109441    0.811248    0.909024   13.036769 ^ hold11/X (sky130_fd_sc_hd__dlygate4sd3_1)
                                                         net285 (net)
                      0.811253    0.001773   13.038541 ^ _123_/B (sky130_fd_sc_hd__and3_1)
     1    0.003573    0.053782    0.118500   13.157042 ^ _123_/X (sky130_fd_sc_hd__and3_1)
                                                         _020_ (net)
                      0.053782    0.000047   13.157088 ^ _156_/D (sky130_fd_sc_hd__dfrtp_4)
                                             13.157088   data arrival time

                                 25.000000   25.000000   clock clk (rise edge)
                                  4.650000   29.650000   clock source latency
     2    0.029055    0.610000    0.000000   29.650000 ^ clk (in)
                                                         clk (net)
                      0.615113    0.002556   29.652555 ^ wire3/A (sky130_fd_sc_hd__buf_4)
     3    0.032428    0.081164    0.137073   29.789627 ^ wire3/X (sky130_fd_sc_hd__buf_4)
                                                         net274 (net)
                      0.081463    0.003830   29.793457 ^ wire2/A (sky130_fd_sc_hd__buf_6)
     3    0.070014    0.108553    0.126645   29.920103 ^ wire2/X (sky130_fd_sc_hd__buf_6)
                                                         net273 (net)
                      0.111101    0.013081   29.933184 ^ wire1/A (sky130_fd_sc_hd__buf_6)
     3    0.072443    0.112079    0.133127   30.066311 ^ wire1/X (sky130_fd_sc_hd__buf_6)
                                                         net272 (net)
                      0.114846    0.013845   30.080156 ^ clkbuf_0_clk/A (sky130_fd_sc_hd__clkbuf_16)
     9    0.092224    0.083717    0.146578   30.226734 ^ clkbuf_0_clk/X (sky130_fd_sc_hd__clkbuf_16)
                                                         clknet_0_clk (net)
                      0.084218    0.005148   30.231882 ^ clkbuf_2_3__f_clk/A (sky130_fd_sc_hd__clkbuf_16)
    21    0.067906    0.065840    0.123777   30.355658 ^ clkbuf_2_3__f_clk/X (sky130_fd_sc_hd__clkbuf_16)
                                                         clknet_2_3__leaf_clk (net)
                      0.067218    0.007386   30.363045 ^ _156_/CLK (sky130_fd_sc_hd__dfrtp_4)
                                 -0.250000   30.113043   clock uncertainty
                                  0.000000   30.113043   clock reconvergence pessimism
                                 -0.038403   30.074642   library setup time
                                             30.074642   data required time
---------------------------------------------------------------------------------------------
                                             30.074642   data required time
                                            -13.157088   data arrival time
---------------------------------------------------------------------------------------------
                                             16.917555   slack (MET)


Startpoint: wbs_adr_i[31] (input port clocked by clk)
Endpoint: _157_ (rising edge-triggered flip-flop clocked by clk)
Path Group: clk
Path Type: max

Fanout         Cap        Slew       Delay        Time   Description
---------------------------------------------------------------------------------------------
                                  0.000000    0.000000   clock clk (rise edge)
                                  5.570000    5.570000   clock network delay (propagated)
                                  3.890000    9.460000 v input external delay
     2    0.003739    0.920000    0.000000    9.460000 v wbs_adr_i[31] (in)
                                                         wbs_adr_i[31] (net)
                      0.920052    0.000026    9.460026 v hold7/A (sky130_fd_sc_hd__dlygate4sd3_1)
     1    0.004149    0.043614    0.614214   10.074240 v hold7/X (sky130_fd_sc_hd__dlygate4sd3_1)
                                                         net281 (net)
                      0.043614    0.000039   10.074279 v input102/A (sky130_fd_sc_hd__clkbuf_8)
     3    0.065853    0.061084    0.125503   10.199781 v input102/X (sky130_fd_sc_hd__clkbuf_8)
                                                         net102 (net)
                      0.065362    0.012472   10.212254 v hold8/A (sky130_fd_sc_hd__dlygate4sd3_1)
     3    0.059458    0.210191    0.533468   10.745722 v hold8/X (sky130_fd_sc_hd__dlygate4sd3_1)
                                                         net282 (net)
                      0.211509    0.012682   10.758404 v _043_/A (sky130_fd_sc_hd__nor4b_1)
     1    0.003305    0.176210    0.249201   11.007605 ^ _043_/Y (sky130_fd_sc_hd__nor4b_1)
                                                         _034_ (net)
                      0.176210    0.000051   11.007655 ^ hold9/A (sky130_fd_sc_hd__dlygate4sd3_1)
     1    0.003262    0.040228    0.393078   11.400734 ^ hold9/X (sky130_fd_sc_hd__dlygate4sd3_1)
                                                         net283 (net)
                      0.040228    0.000044   11.400779 ^ wire266/A (sky130_fd_sc_hd__buf_2)
     1    0.011932    0.049397    0.085016   11.485794 ^ wire266/X (sky130_fd_sc_hd__buf_2)
                                                         net266 (net)
                      0.049401    0.000503   11.486297 ^ hold10/A (sky130_fd_sc_hd__dlygate4sd3_1)
     5    0.036222    0.275421    0.546720   12.033017 ^ hold10/X (sky130_fd_sc_hd__dlygate4sd3_1)
                                                         net284 (net)
                      0.275434    0.002216   12.035233 ^ fanout263/A (sky130_fd_sc_hd__buf_4)
     1    0.003662    0.025869    0.092471   12.127704 ^ fanout263/X (sky130_fd_sc_hd__buf_4)
                                                         net263 (net)
                      0.025869    0.000041   12.127745 ^ hold11/A (sky130_fd_sc_hd__dlygate4sd3_1)
    33    0.109441    0.811248    0.909024   13.036769 ^ hold11/X (sky130_fd_sc_hd__dlygate4sd3_1)
                                                         net285 (net)
                      0.811257    0.002254   13.039022 ^ _124_/B (sky130_fd_sc_hd__and3_1)
     1    0.003346    0.052207    0.116677   13.155700 ^ _124_/X (sky130_fd_sc_hd__and3_1)
                                                         _021_ (net)
                      0.052207    0.000044   13.155744 ^ _157_/D (sky130_fd_sc_hd__dfrtp_4)
                                             13.155744   data arrival time

                                 25.000000   25.000000   clock clk (rise edge)
                                  4.650000   29.650000   clock source latency
     2    0.029055    0.610000    0.000000   29.650000 ^ clk (in)
                                                         clk (net)
                      0.615113    0.002556   29.652555 ^ wire3/A (sky130_fd_sc_hd__buf_4)
     3    0.032428    0.081164    0.137073   29.789627 ^ wire3/X (sky130_fd_sc_hd__buf_4)
                                                         net274 (net)
                      0.081463    0.003830   29.793457 ^ wire2/A (sky130_fd_sc_hd__buf_6)
     3    0.070014    0.108553    0.126645   29.920103 ^ wire2/X (sky130_fd_sc_hd__buf_6)
                                                         net273 (net)
                      0.111101    0.013081   29.933184 ^ wire1/A (sky130_fd_sc_hd__buf_6)
     3    0.072443    0.112079    0.133127   30.066311 ^ wire1/X (sky130_fd_sc_hd__buf_6)
                                                         net272 (net)
                      0.114846    0.013845   30.080156 ^ clkbuf_0_clk/A (sky130_fd_sc_hd__clkbuf_16)
     9    0.092224    0.083717    0.146578   30.226734 ^ clkbuf_0_clk/X (sky130_fd_sc_hd__clkbuf_16)
                                                         clknet_0_clk (net)
                      0.084218    0.005148   30.231882 ^ clkbuf_2_3__f_clk/A (sky130_fd_sc_hd__clkbuf_16)
    21    0.067906    0.065840    0.123777   30.355658 ^ clkbuf_2_3__f_clk/X (sky130_fd_sc_hd__clkbuf_16)
                                                         clknet_2_3__leaf_clk (net)
                      0.067125    0.007123   30.362782 ^ _157_/CLK (sky130_fd_sc_hd__dfrtp_4)
                                 -0.250000   30.112782   clock uncertainty
                                  0.000000   30.112782   clock reconvergence pessimism
                                 -0.038252   30.074528   library setup time
                                             30.074528   data required time
---------------------------------------------------------------------------------------------
                                             30.074528   data required time
                                            -13.155744   data arrival time
---------------------------------------------------------------------------------------------
                                             16.918785   slack (MET)


Startpoint: wbs_adr_i[31] (input port clocked by clk)
Endpoint: _158_ (rising edge-triggered flip-flop clocked by clk)
Path Group: clk
Path Type: max

Fanout         Cap        Slew       Delay        Time   Description
---------------------------------------------------------------------------------------------
                                  0.000000    0.000000   clock clk (rise edge)
                                  5.570000    5.570000   clock network delay (propagated)
                                  3.890000    9.460000 v input external delay
     2    0.003739    0.920000    0.000000    9.460000 v wbs_adr_i[31] (in)
                                                         wbs_adr_i[31] (net)
                      0.920052    0.000026    9.460026 v hold7/A (sky130_fd_sc_hd__dlygate4sd3_1)
     1    0.004149    0.043614    0.614214   10.074240 v hold7/X (sky130_fd_sc_hd__dlygate4sd3_1)
                                                         net281 (net)
                      0.043614    0.000039   10.074279 v input102/A (sky130_fd_sc_hd__clkbuf_8)
     3    0.065853    0.061084    0.125503   10.199781 v input102/X (sky130_fd_sc_hd__clkbuf_8)
                                                         net102 (net)
                      0.065362    0.012472   10.212254 v hold8/A (sky130_fd_sc_hd__dlygate4sd3_1)
     3    0.059458    0.210191    0.533468   10.745722 v hold8/X (sky130_fd_sc_hd__dlygate4sd3_1)
                                                         net282 (net)
                      0.211509    0.012682   10.758404 v _043_/A (sky130_fd_sc_hd__nor4b_1)
     1    0.003305    0.176210    0.249201   11.007605 ^ _043_/Y (sky130_fd_sc_hd__nor4b_1)
                                                         _034_ (net)
                      0.176210    0.000051   11.007655 ^ hold9/A (sky130_fd_sc_hd__dlygate4sd3_1)
     1    0.003262    0.040228    0.393078   11.400734 ^ hold9/X (sky130_fd_sc_hd__dlygate4sd3_1)
                                                         net283 (net)
                      0.040228    0.000044   11.400779 ^ wire266/A (sky130_fd_sc_hd__buf_2)
     1    0.011932    0.049397    0.085016   11.485794 ^ wire266/X (sky130_fd_sc_hd__buf_2)
                                                         net266 (net)
                      0.049401    0.000503   11.486297 ^ hold10/A (sky130_fd_sc_hd__dlygate4sd3_1)
     5    0.036222    0.275421    0.546720   12.033017 ^ hold10/X (sky130_fd_sc_hd__dlygate4sd3_1)
                                                         net284 (net)
                      0.275434    0.002216   12.035233 ^ fanout263/A (sky130_fd_sc_hd__buf_4)
     1    0.003662    0.025869    0.092471   12.127704 ^ fanout263/X (sky130_fd_sc_hd__buf_4)
                                                         net263 (net)
                      0.025869    0.000041   12.127745 ^ hold11/A (sky130_fd_sc_hd__dlygate4sd3_1)
    33    0.109441    0.811248    0.909024   13.036769 ^ hold11/X (sky130_fd_sc_hd__dlygate4sd3_1)
                                                         net285 (net)
                      0.811249    0.000828   13.037597 ^ _125_/B (sky130_fd_sc_hd__and3_1)
     1    0.003301    0.051897    0.116318   13.153913 ^ _125_/X (sky130_fd_sc_hd__and3_1)
                                                         _022_ (net)
                      0.051897    0.000042   13.153955 ^ _158_/D (sky130_fd_sc_hd__dfrtp_4)
                                             13.153955   data arrival time

                                 25.000000   25.000000   clock clk (rise edge)
                                  4.650000   29.650000   clock source latency
     2    0.029055    0.610000    0.000000   29.650000 ^ clk (in)
                                                         clk (net)
                      0.615113    0.002556   29.652555 ^ wire3/A (sky130_fd_sc_hd__buf_4)
     3    0.032428    0.081164    0.137073   29.789627 ^ wire3/X (sky130_fd_sc_hd__buf_4)
                                                         net274 (net)
                      0.081463    0.003830   29.793457 ^ wire2/A (sky130_fd_sc_hd__buf_6)
     3    0.070014    0.108553    0.126645   29.920103 ^ wire2/X (sky130_fd_sc_hd__buf_6)
                                                         net273 (net)
                      0.111101    0.013081   29.933184 ^ wire1/A (sky130_fd_sc_hd__buf_6)
     3    0.072443    0.112079    0.133127   30.066311 ^ wire1/X (sky130_fd_sc_hd__buf_6)
                                                         net272 (net)
                      0.114846    0.013845   30.080156 ^ clkbuf_0_clk/A (sky130_fd_sc_hd__clkbuf_16)
     9    0.092224    0.083717    0.146578   30.226734 ^ clkbuf_0_clk/X (sky130_fd_sc_hd__clkbuf_16)
                                                         clknet_0_clk (net)
                      0.084218    0.005148   30.231882 ^ clkbuf_2_3__f_clk/A (sky130_fd_sc_hd__clkbuf_16)
    21    0.067906    0.065840    0.123777   30.355658 ^ clkbuf_2_3__f_clk/X (sky130_fd_sc_hd__clkbuf_16)
                                                         clknet_2_3__leaf_clk (net)
                      0.067330    0.007695   30.363354 ^ _158_/CLK (sky130_fd_sc_hd__dfrtp_4)
                                 -0.250000   30.113352   clock uncertainty
                                  0.000000   30.113352   clock reconvergence pessimism
                                 -0.038214   30.075140   library setup time
                                             30.075140   data required time
---------------------------------------------------------------------------------------------
                                             30.075140   data required time
                                            -13.153955   data arrival time
---------------------------------------------------------------------------------------------
                                             16.921185   slack (MET)


Startpoint: wbs_adr_i[31] (input port clocked by clk)
Endpoint: _152_ (rising edge-triggered flip-flop clocked by clk)
Path Group: clk
Path Type: max

Fanout         Cap        Slew       Delay        Time   Description
---------------------------------------------------------------------------------------------
                                  0.000000    0.000000   clock clk (rise edge)
                                  5.570000    5.570000   clock network delay (propagated)
                                  3.890000    9.460000 v input external delay
     2    0.003739    0.920000    0.000000    9.460000 v wbs_adr_i[31] (in)
                                                         wbs_adr_i[31] (net)
                      0.920052    0.000026    9.460026 v hold7/A (sky130_fd_sc_hd__dlygate4sd3_1)
     1    0.004149    0.043614    0.614214   10.074240 v hold7/X (sky130_fd_sc_hd__dlygate4sd3_1)
                                                         net281 (net)
                      0.043614    0.000039   10.074279 v input102/A (sky130_fd_sc_hd__clkbuf_8)
     3    0.065853    0.061084    0.125503   10.199781 v input102/X (sky130_fd_sc_hd__clkbuf_8)
                                                         net102 (net)
                      0.065362    0.012472   10.212254 v hold8/A (sky130_fd_sc_hd__dlygate4sd3_1)
     3    0.059458    0.210191    0.533468   10.745722 v hold8/X (sky130_fd_sc_hd__dlygate4sd3_1)
                                                         net282 (net)
                      0.211509    0.012682   10.758404 v _043_/A (sky130_fd_sc_hd__nor4b_1)
     1    0.003305    0.176210    0.249201   11.007605 ^ _043_/Y (sky130_fd_sc_hd__nor4b_1)
                                                         _034_ (net)
                      0.176210    0.000051   11.007655 ^ hold9/A (sky130_fd_sc_hd__dlygate4sd3_1)
     1    0.003262    0.040228    0.393078   11.400734 ^ hold9/X (sky130_fd_sc_hd__dlygate4sd3_1)
                                                         net283 (net)
                      0.040228    0.000044   11.400779 ^ wire266/A (sky130_fd_sc_hd__buf_2)
     1    0.011932    0.049397    0.085016   11.485794 ^ wire266/X (sky130_fd_sc_hd__buf_2)
                                                         net266 (net)
                      0.049401    0.000503   11.486297 ^ hold10/A (sky130_fd_sc_hd__dlygate4sd3_1)
     5    0.036222    0.275421    0.546720   12.033017 ^ hold10/X (sky130_fd_sc_hd__dlygate4sd3_1)
                                                         net284 (net)
                      0.275434    0.002216   12.035233 ^ fanout263/A (sky130_fd_sc_hd__buf_4)
     1    0.003662    0.025869    0.092471   12.127704 ^ fanout263/X (sky130_fd_sc_hd__buf_4)
                                                         net263 (net)
                      0.025869    0.000041   12.127745 ^ hold11/A (sky130_fd_sc_hd__dlygate4sd3_1)
    33    0.109441    0.811248    0.909024   13.036769 ^ hold11/X (sky130_fd_sc_hd__dlygate4sd3_1)
                                                         net285 (net)
                      0.811250    0.000960   13.037728 ^ _119_/B (sky130_fd_sc_hd__and3_1)
     1    0.003283    0.051777    0.116176   13.153904 ^ _119_/X (sky130_fd_sc_hd__and3_1)
                                                         _016_ (net)
                      0.051777    0.000040   13.153944 ^ _152_/D (sky130_fd_sc_hd__dfrtp_4)
                                             13.153944   data arrival time

                                 25.000000   25.000000   clock clk (rise edge)
                                  4.650000   29.650000   clock source latency
     2    0.029055    0.610000    0.000000   29.650000 ^ clk (in)
                                                         clk (net)
                      0.615113    0.002556   29.652555 ^ wire3/A (sky130_fd_sc_hd__buf_4)
     3    0.032428    0.081164    0.137073   29.789627 ^ wire3/X (sky130_fd_sc_hd__buf_4)
                                                         net274 (net)
                      0.081463    0.003830   29.793457 ^ wire2/A (sky130_fd_sc_hd__buf_6)
     3    0.070014    0.108553    0.126645   29.920103 ^ wire2/X (sky130_fd_sc_hd__buf_6)
                                                         net273 (net)
                      0.111101    0.013081   29.933184 ^ wire1/A (sky130_fd_sc_hd__buf_6)
     3    0.072443    0.112079    0.133127   30.066311 ^ wire1/X (sky130_fd_sc_hd__buf_6)
                                                         net272 (net)
                      0.114846    0.013845   30.080156 ^ clkbuf_0_clk/A (sky130_fd_sc_hd__clkbuf_16)
     9    0.092224    0.083717    0.146578   30.226734 ^ clkbuf_0_clk/X (sky130_fd_sc_hd__clkbuf_16)
                                                         clknet_0_clk (net)
                      0.084218    0.005148   30.231882 ^ clkbuf_2_3__f_clk/A (sky130_fd_sc_hd__clkbuf_16)
    21    0.067906    0.065840    0.123777   30.355658 ^ clkbuf_2_3__f_clk/X (sky130_fd_sc_hd__clkbuf_16)
                                                         clknet_2_3__leaf_clk (net)
                      0.067502    0.008146   30.363804 ^ _152_/CLK (sky130_fd_sc_hd__dfrtp_4)
                                 -0.250000   30.113804   clock uncertainty
                                  0.000000   30.113804   clock reconvergence pessimism
                                 -0.038196   30.075609   library setup time
                                             30.075609   data required time
---------------------------------------------------------------------------------------------
                                             30.075609   data required time
                                            -13.153944   data arrival time
---------------------------------------------------------------------------------------------
                                             16.921665   slack (MET)


Startpoint: wbs_adr_i[31] (input port clocked by clk)
Endpoint: _144_ (rising edge-triggered flip-flop clocked by clk)
Path Group: clk
Path Type: max

Fanout         Cap        Slew       Delay        Time   Description
---------------------------------------------------------------------------------------------
                                  0.000000    0.000000   clock clk (rise edge)
                                  5.570000    5.570000   clock network delay (propagated)
                                  3.890000    9.460000 v input external delay
     2    0.003739    0.920000    0.000000    9.460000 v wbs_adr_i[31] (in)
                                                         wbs_adr_i[31] (net)
                      0.920052    0.000026    9.460026 v hold7/A (sky130_fd_sc_hd__dlygate4sd3_1)
     1    0.004149    0.043614    0.614214   10.074240 v hold7/X (sky130_fd_sc_hd__dlygate4sd3_1)
                                                         net281 (net)
                      0.043614    0.000039   10.074279 v input102/A (sky130_fd_sc_hd__clkbuf_8)
     3    0.065853    0.061084    0.125503   10.199781 v input102/X (sky130_fd_sc_hd__clkbuf_8)
                                                         net102 (net)
                      0.065362    0.012472   10.212254 v hold8/A (sky130_fd_sc_hd__dlygate4sd3_1)
     3    0.059458    0.210191    0.533468   10.745722 v hold8/X (sky130_fd_sc_hd__dlygate4sd3_1)
                                                         net282 (net)
                      0.211509    0.012682   10.758404 v _043_/A (sky130_fd_sc_hd__nor4b_1)
     1    0.003305    0.176210    0.249201   11.007605 ^ _043_/Y (sky130_fd_sc_hd__nor4b_1)
                                                         _034_ (net)
                      0.176210    0.000051   11.007655 ^ hold9/A (sky130_fd_sc_hd__dlygate4sd3_1)
     1    0.003262    0.040228    0.393078   11.400734 ^ hold9/X (sky130_fd_sc_hd__dlygate4sd3_1)
                                                         net283 (net)
                      0.040228    0.000044   11.400779 ^ wire266/A (sky130_fd_sc_hd__buf_2)
     1    0.011932    0.049397    0.085016   11.485794 ^ wire266/X (sky130_fd_sc_hd__buf_2)
                                                         net266 (net)
                      0.049401    0.000503   11.486297 ^ hold10/A (sky130_fd_sc_hd__dlygate4sd3_1)
     5    0.036222    0.275421    0.546720   12.033017 ^ hold10/X (sky130_fd_sc_hd__dlygate4sd3_1)
                                                         net284 (net)
                      0.275434    0.002216   12.035233 ^ fanout263/A (sky130_fd_sc_hd__buf_4)
     1    0.003662    0.025869    0.092471   12.127704 ^ fanout263/X (sky130_fd_sc_hd__buf_4)
                                                         net263 (net)
                      0.025869    0.000041   12.127745 ^ hold11/A (sky130_fd_sc_hd__dlygate4sd3_1)
    33    0.109441    0.811248    0.909024   13.036769 ^ hold11/X (sky130_fd_sc_hd__dlygate4sd3_1)
                                                         net285 (net)
                      0.811441    0.010426   13.047194 ^ _111_/B (sky130_fd_sc_hd__and3_1)
     1    0.003041    0.050133    0.114221   13.161415 ^ _111_/X (sky130_fd_sc_hd__and3_1)
                                                         _007_ (net)
                      0.050133    0.000036   13.161451 ^ _144_/D (sky130_fd_sc_hd__dfrtp_2)
                                             13.161451   data arrival time

                                 25.000000   25.000000   clock clk (rise edge)
                                  4.650000   29.650000   clock source latency
     2    0.029055    0.610000    0.000000   29.650000 ^ clk (in)
                                                         clk (net)
                      0.615113    0.002556   29.652555 ^ wire3/A (sky130_fd_sc_hd__buf_4)
     3    0.032428    0.081164    0.137073   29.789627 ^ wire3/X (sky130_fd_sc_hd__buf_4)
                                                         net274 (net)
                      0.081463    0.003830   29.793457 ^ wire2/A (sky130_fd_sc_hd__buf_6)
     3    0.070014    0.108553    0.126645   29.920103 ^ wire2/X (sky130_fd_sc_hd__buf_6)
                                                         net273 (net)
                      0.111101    0.013081   29.933184 ^ wire1/A (sky130_fd_sc_hd__buf_6)
     3    0.072443    0.112079    0.133127   30.066311 ^ wire1/X (sky130_fd_sc_hd__buf_6)
                                                         net272 (net)
                      0.114846    0.013845   30.080156 ^ clkbuf_0_clk/A (sky130_fd_sc_hd__clkbuf_16)
     9    0.092224    0.083717    0.146578   30.226734 ^ clkbuf_0_clk/X (sky130_fd_sc_hd__clkbuf_16)
                                                         clknet_0_clk (net)
                      0.084219    0.005151   30.231886 ^ clkbuf_2_2__f_clk/A (sky130_fd_sc_hd__clkbuf_16)
    17    0.084814    0.077996    0.134285   30.366171 ^ clkbuf_2_2__f_clk/X (sky130_fd_sc_hd__clkbuf_16)
                                                         clknet_2_2__leaf_clk (net)
                      0.078240    0.003492   30.369663 ^ _144_/CLK (sky130_fd_sc_hd__dfrtp_2)
                                 -0.250000   30.119661   clock uncertainty
                                  0.000000   30.119661   clock reconvergence pessimism
                                 -0.036490   30.083172   library setup time
                                             30.083172   data required time
---------------------------------------------------------------------------------------------
                                             30.083172   data required time
                                            -13.161451   data arrival time
---------------------------------------------------------------------------------------------
                                             16.921721   slack (MET)


Startpoint: wbs_adr_i[31] (input port clocked by clk)
Endpoint: _154_ (rising edge-triggered flip-flop clocked by clk)
Path Group: clk
Path Type: max

Fanout         Cap        Slew       Delay        Time   Description
---------------------------------------------------------------------------------------------
                                  0.000000    0.000000   clock clk (rise edge)
                                  5.570000    5.570000   clock network delay (propagated)
                                  3.890000    9.460000 v input external delay
     2    0.003739    0.920000    0.000000    9.460000 v wbs_adr_i[31] (in)
                                                         wbs_adr_i[31] (net)
                      0.920052    0.000026    9.460026 v hold7/A (sky130_fd_sc_hd__dlygate4sd3_1)
     1    0.004149    0.043614    0.614214   10.074240 v hold7/X (sky130_fd_sc_hd__dlygate4sd3_1)
                                                         net281 (net)
                      0.043614    0.000039   10.074279 v input102/A (sky130_fd_sc_hd__clkbuf_8)
     3    0.065853    0.061084    0.125503   10.199781 v input102/X (sky130_fd_sc_hd__clkbuf_8)
                                                         net102 (net)
                      0.065362    0.012472   10.212254 v hold8/A (sky130_fd_sc_hd__dlygate4sd3_1)
     3    0.059458    0.210191    0.533468   10.745722 v hold8/X (sky130_fd_sc_hd__dlygate4sd3_1)
                                                         net282 (net)
                      0.211509    0.012682   10.758404 v _043_/A (sky130_fd_sc_hd__nor4b_1)
     1    0.003305    0.176210    0.249201   11.007605 ^ _043_/Y (sky130_fd_sc_hd__nor4b_1)
                                                         _034_ (net)
                      0.176210    0.000051   11.007655 ^ hold9/A (sky130_fd_sc_hd__dlygate4sd3_1)
     1    0.003262    0.040228    0.393078   11.400734 ^ hold9/X (sky130_fd_sc_hd__dlygate4sd3_1)
                                                         net283 (net)
                      0.040228    0.000044   11.400779 ^ wire266/A (sky130_fd_sc_hd__buf_2)
     1    0.011932    0.049397    0.085016   11.485794 ^ wire266/X (sky130_fd_sc_hd__buf_2)
                                                         net266 (net)
                      0.049401    0.000503   11.486297 ^ hold10/A (sky130_fd_sc_hd__dlygate4sd3_1)
     5    0.036222    0.275421    0.546720   12.033017 ^ hold10/X (sky130_fd_sc_hd__dlygate4sd3_1)
                                                         net284 (net)
                      0.275434    0.002216   12.035233 ^ fanout263/A (sky130_fd_sc_hd__buf_4)
     1    0.003662    0.025869    0.092471   12.127704 ^ fanout263/X (sky130_fd_sc_hd__buf_4)
                                                         net263 (net)
                      0.025869    0.000041   12.127745 ^ hold11/A (sky130_fd_sc_hd__dlygate4sd3_1)
    33    0.109441    0.811248    0.909024   13.036769 ^ hold11/X (sky130_fd_sc_hd__dlygate4sd3_1)
                                                         net285 (net)
                      0.811250    0.001049   13.037817 ^ _121_/B (sky130_fd_sc_hd__and3_1)
     1    0.003138    0.050783    0.115008   13.152825 ^ _121_/X (sky130_fd_sc_hd__and3_1)
                                                         _018_ (net)
                      0.050783    0.000036   13.152861 ^ _154_/D (sky130_fd_sc_hd__dfrtp_4)
                                             13.152861   data arrival time

                                 25.000000   25.000000   clock clk (rise edge)
                                  4.650000   29.650000   clock source latency
     2    0.029055    0.610000    0.000000   29.650000 ^ clk (in)
                                                         clk (net)
                      0.615113    0.002556   29.652555 ^ wire3/A (sky130_fd_sc_hd__buf_4)
     3    0.032428    0.081164    0.137073   29.789627 ^ wire3/X (sky130_fd_sc_hd__buf_4)
                                                         net274 (net)
                      0.081463    0.003830   29.793457 ^ wire2/A (sky130_fd_sc_hd__buf_6)
     3    0.070014    0.108553    0.126645   29.920103 ^ wire2/X (sky130_fd_sc_hd__buf_6)
                                                         net273 (net)
                      0.111101    0.013081   29.933184 ^ wire1/A (sky130_fd_sc_hd__buf_6)
     3    0.072443    0.112079    0.133127   30.066311 ^ wire1/X (sky130_fd_sc_hd__buf_6)
                                                         net272 (net)
                      0.114846    0.013845   30.080156 ^ clkbuf_0_clk/A (sky130_fd_sc_hd__clkbuf_16)
     9    0.092224    0.083717    0.146578   30.226734 ^ clkbuf_0_clk/X (sky130_fd_sc_hd__clkbuf_16)
                                                         clknet_0_clk (net)
                      0.084218    0.005148   30.231882 ^ clkbuf_2_3__f_clk/A (sky130_fd_sc_hd__clkbuf_16)
    21    0.067906    0.065840    0.123777   30.355658 ^ clkbuf_2_3__f_clk/X (sky130_fd_sc_hd__clkbuf_16)
                                                         clknet_2_3__leaf_clk (net)
                      0.067484    0.008100   30.363758 ^ _154_/CLK (sky130_fd_sc_hd__dfrtp_4)
                                 -0.250000   30.113758   clock uncertainty
                                  0.000000   30.113758   clock reconvergence pessimism
                                 -0.038099   30.075659   library setup time
                                             30.075659   data required time
---------------------------------------------------------------------------------------------
                                             30.075659   data required time
                                            -13.152861   data arrival time
---------------------------------------------------------------------------------------------
                                             16.922798   slack (MET)


Startpoint: wbs_adr_i[31] (input port clocked by clk)
Endpoint: _145_ (rising edge-triggered flip-flop clocked by clk)
Path Group: clk
Path Type: max

Fanout         Cap        Slew       Delay        Time   Description
---------------------------------------------------------------------------------------------
                                  0.000000    0.000000   clock clk (rise edge)
                                  5.570000    5.570000   clock network delay (propagated)
                                  3.890000    9.460000 v input external delay
     2    0.003739    0.920000    0.000000    9.460000 v wbs_adr_i[31] (in)
                                                         wbs_adr_i[31] (net)
                      0.920052    0.000026    9.460026 v hold7/A (sky130_fd_sc_hd__dlygate4sd3_1)
     1    0.004149    0.043614    0.614214   10.074240 v hold7/X (sky130_fd_sc_hd__dlygate4sd3_1)
                                                         net281 (net)
                      0.043614    0.000039   10.074279 v input102/A (sky130_fd_sc_hd__clkbuf_8)
     3    0.065853    0.061084    0.125503   10.199781 v input102/X (sky130_fd_sc_hd__clkbuf_8)
                                                         net102 (net)
                      0.065362    0.012472   10.212254 v hold8/A (sky130_fd_sc_hd__dlygate4sd3_1)
     3    0.059458    0.210191    0.533468   10.745722 v hold8/X (sky130_fd_sc_hd__dlygate4sd3_1)
                                                         net282 (net)
                      0.211509    0.012682   10.758404 v _043_/A (sky130_fd_sc_hd__nor4b_1)
     1    0.003305    0.176210    0.249201   11.007605 ^ _043_/Y (sky130_fd_sc_hd__nor4b_1)
                                                         _034_ (net)
                      0.176210    0.000051   11.007655 ^ hold9/A (sky130_fd_sc_hd__dlygate4sd3_1)
     1    0.003262    0.040228    0.393078   11.400734 ^ hold9/X (sky130_fd_sc_hd__dlygate4sd3_1)
                                                         net283 (net)
                      0.040228    0.000044   11.400779 ^ wire266/A (sky130_fd_sc_hd__buf_2)
     1    0.011932    0.049397    0.085016   11.485794 ^ wire266/X (sky130_fd_sc_hd__buf_2)
                                                         net266 (net)
                      0.049401    0.000503   11.486297 ^ hold10/A (sky130_fd_sc_hd__dlygate4sd3_1)
     5    0.036222    0.275421    0.546720   12.033017 ^ hold10/X (sky130_fd_sc_hd__dlygate4sd3_1)
                                                         net284 (net)
                      0.275434    0.002216   12.035233 ^ fanout263/A (sky130_fd_sc_hd__buf_4)
     1    0.003662    0.025869    0.092471   12.127704 ^ fanout263/X (sky130_fd_sc_hd__buf_4)
                                                         net263 (net)
                      0.025869    0.000041   12.127745 ^ hold11/A (sky130_fd_sc_hd__dlygate4sd3_1)
    33    0.109441    0.811248    0.909024   13.036769 ^ hold11/X (sky130_fd_sc_hd__dlygate4sd3_1)
                                                         net285 (net)
                      0.811404    0.009381   13.046149 ^ _112_/B (sky130_fd_sc_hd__and3_1)
     1    0.002786    0.048434    0.112178   13.158327 ^ _112_/X (sky130_fd_sc_hd__and3_1)
                                                         _008_ (net)
                      0.048434    0.000028   13.158356 ^ _145_/D (sky130_fd_sc_hd__dfrtp_2)
                                             13.158356   data arrival time

                                 25.000000   25.000000   clock clk (rise edge)
                                  4.650000   29.650000   clock source latency
     2    0.029055    0.610000    0.000000   29.650000 ^ clk (in)
                                                         clk (net)
                      0.615113    0.002556   29.652555 ^ wire3/A (sky130_fd_sc_hd__buf_4)
     3    0.032428    0.081164    0.137073   29.789627 ^ wire3/X (sky130_fd_sc_hd__buf_4)
                                                         net274 (net)
                      0.081463    0.003830   29.793457 ^ wire2/A (sky130_fd_sc_hd__buf_6)
     3    0.070014    0.108553    0.126645   29.920103 ^ wire2/X (sky130_fd_sc_hd__buf_6)
                                                         net273 (net)
                      0.111101    0.013081   29.933184 ^ wire1/A (sky130_fd_sc_hd__buf_6)
     3    0.072443    0.112079    0.133127   30.066311 ^ wire1/X (sky130_fd_sc_hd__buf_6)
                                                         net272 (net)
                      0.114846    0.013845   30.080156 ^ clkbuf_0_clk/A (sky130_fd_sc_hd__clkbuf_16)
     9    0.092224    0.083717    0.146578   30.226734 ^ clkbuf_0_clk/X (sky130_fd_sc_hd__clkbuf_16)
                                                         clknet_0_clk (net)
                      0.084219    0.005151   30.231886 ^ clkbuf_2_2__f_clk/A (sky130_fd_sc_hd__clkbuf_16)
    17    0.084814    0.077996    0.134285   30.366171 ^ clkbuf_2_2__f_clk/X (sky130_fd_sc_hd__clkbuf_16)
                                                         clknet_2_2__leaf_clk (net)
                      0.078150    0.002796   30.368967 ^ _145_/CLK (sky130_fd_sc_hd__dfrtp_2)
                                 -0.250000   30.118965   clock uncertainty
                                  0.000000   30.118965   clock reconvergence pessimism
                                 -0.036325   30.082640   library setup time
                                             30.082640   data required time
---------------------------------------------------------------------------------------------
                                             30.082640   data required time
                                            -13.158356   data arrival time
---------------------------------------------------------------------------------------------
                                             16.924282   slack (MET)


Startpoint: wbs_adr_i[31] (input port clocked by clk)
Endpoint: _147_ (rising edge-triggered flip-flop clocked by clk)
Path Group: clk
Path Type: max

Fanout         Cap        Slew       Delay        Time   Description
---------------------------------------------------------------------------------------------
                                  0.000000    0.000000   clock clk (rise edge)
                                  5.570000    5.570000   clock network delay (propagated)
                                  3.890000    9.460000 v input external delay
     2    0.003739    0.920000    0.000000    9.460000 v wbs_adr_i[31] (in)
                                                         wbs_adr_i[31] (net)
                      0.920052    0.000026    9.460026 v hold7/A (sky130_fd_sc_hd__dlygate4sd3_1)
     1    0.004149    0.043614    0.614214   10.074240 v hold7/X (sky130_fd_sc_hd__dlygate4sd3_1)
                                                         net281 (net)
                      0.043614    0.000039   10.074279 v input102/A (sky130_fd_sc_hd__clkbuf_8)
     3    0.065853    0.061084    0.125503   10.199781 v input102/X (sky130_fd_sc_hd__clkbuf_8)
                                                         net102 (net)
                      0.065362    0.012472   10.212254 v hold8/A (sky130_fd_sc_hd__dlygate4sd3_1)
     3    0.059458    0.210191    0.533468   10.745722 v hold8/X (sky130_fd_sc_hd__dlygate4sd3_1)
                                                         net282 (net)
                      0.211509    0.012682   10.758404 v _043_/A (sky130_fd_sc_hd__nor4b_1)
     1    0.003305    0.176210    0.249201   11.007605 ^ _043_/Y (sky130_fd_sc_hd__nor4b_1)
                                                         _034_ (net)
                      0.176210    0.000051   11.007655 ^ hold9/A (sky130_fd_sc_hd__dlygate4sd3_1)
     1    0.003262    0.040228    0.393078   11.400734 ^ hold9/X (sky130_fd_sc_hd__dlygate4sd3_1)
                                                         net283 (net)
                      0.040228    0.000044   11.400779 ^ wire266/A (sky130_fd_sc_hd__buf_2)
     1    0.011932    0.049397    0.085016   11.485794 ^ wire266/X (sky130_fd_sc_hd__buf_2)
                                                         net266 (net)
                      0.049401    0.000503   11.486297 ^ hold10/A (sky130_fd_sc_hd__dlygate4sd3_1)
     5    0.036222    0.275421    0.546720   12.033017 ^ hold10/X (sky130_fd_sc_hd__dlygate4sd3_1)
                                                         net284 (net)
                      0.275434    0.002216   12.035233 ^ fanout263/A (sky130_fd_sc_hd__buf_4)
     1    0.003662    0.025869    0.092471   12.127704 ^ fanout263/X (sky130_fd_sc_hd__buf_4)
                                                         net263 (net)
                      0.025869    0.000041   12.127745 ^ hold11/A (sky130_fd_sc_hd__dlygate4sd3_1)
    33    0.109441    0.811248    0.909024   13.036769 ^ hold11/X (sky130_fd_sc_hd__dlygate4sd3_1)
                                                         net285 (net)
                      0.811289    0.004873   13.041642 ^ _114_/B (sky130_fd_sc_hd__and3_1)
     1    0.003422    0.052733    0.117288   13.158931 ^ _114_/X (sky130_fd_sc_hd__and3_1)
                                                         _010_ (net)
                      0.052733    0.000044   13.158974 ^ _147_/D (sky130_fd_sc_hd__dfrtp_2)
                                             13.158974   data arrival time

                                 25.000000   25.000000   clock clk (rise edge)
                                  4.650000   29.650000   clock source latency
     2    0.029055    0.610000    0.000000   29.650000 ^ clk (in)
                                                         clk (net)
                      0.615113    0.002556   29.652555 ^ wire3/A (sky130_fd_sc_hd__buf_4)
     3    0.032428    0.081164    0.137073   29.789627 ^ wire3/X (sky130_fd_sc_hd__buf_4)
                                                         net274 (net)
                      0.081463    0.003830   29.793457 ^ wire2/A (sky130_fd_sc_hd__buf_6)
     3    0.070014    0.108553    0.126645   29.920103 ^ wire2/X (sky130_fd_sc_hd__buf_6)
                                                         net273 (net)
                      0.111101    0.013081   29.933184 ^ wire1/A (sky130_fd_sc_hd__buf_6)
     3    0.072443    0.112079    0.133127   30.066311 ^ wire1/X (sky130_fd_sc_hd__buf_6)
                                                         net272 (net)
                      0.114846    0.013845   30.080156 ^ clkbuf_0_clk/A (sky130_fd_sc_hd__clkbuf_16)
     9    0.092224    0.083717    0.146578   30.226734 ^ clkbuf_0_clk/X (sky130_fd_sc_hd__clkbuf_16)
                                                         clknet_0_clk (net)
                      0.084219    0.005151   30.231886 ^ clkbuf_2_2__f_clk/A (sky130_fd_sc_hd__clkbuf_16)
    17    0.084814    0.077996    0.134285   30.366171 ^ clkbuf_2_2__f_clk/X (sky130_fd_sc_hd__clkbuf_16)
                                                         clknet_2_2__leaf_clk (net)
                      0.078534    0.005127   30.371298 ^ _147_/CLK (sky130_fd_sc_hd__dfrtp_2)
                                 -0.250000   30.121296   clock uncertainty
                                  0.000000   30.121296   clock reconvergence pessimism
                                 -0.036738   30.084558   library setup time
                                             30.084558   data required time
---------------------------------------------------------------------------------------------
                                             30.084558   data required time
                                            -13.158974   data arrival time
---------------------------------------------------------------------------------------------
                                             16.925583   slack (MET)


Startpoint: wbs_adr_i[31] (input port clocked by clk)
Endpoint: _151_ (rising edge-triggered flip-flop clocked by clk)
Path Group: clk
Path Type: max

Fanout         Cap        Slew       Delay        Time   Description
---------------------------------------------------------------------------------------------
                                  0.000000    0.000000   clock clk (rise edge)
                                  5.570000    5.570000   clock network delay (propagated)
                                  3.890000    9.460000 v input external delay
     2    0.003739    0.920000    0.000000    9.460000 v wbs_adr_i[31] (in)
                                                         wbs_adr_i[31] (net)
                      0.920052    0.000026    9.460026 v hold7/A (sky130_fd_sc_hd__dlygate4sd3_1)
     1    0.004149    0.043614    0.614214   10.074240 v hold7/X (sky130_fd_sc_hd__dlygate4sd3_1)
                                                         net281 (net)
                      0.043614    0.000039   10.074279 v input102/A (sky130_fd_sc_hd__clkbuf_8)
     3    0.065853    0.061084    0.125503   10.199781 v input102/X (sky130_fd_sc_hd__clkbuf_8)
                                                         net102 (net)
                      0.065362    0.012472   10.212254 v hold8/A (sky130_fd_sc_hd__dlygate4sd3_1)
     3    0.059458    0.210191    0.533468   10.745722 v hold8/X (sky130_fd_sc_hd__dlygate4sd3_1)
                                                         net282 (net)
                      0.211509    0.012682   10.758404 v _043_/A (sky130_fd_sc_hd__nor4b_1)
     1    0.003305    0.176210    0.249201   11.007605 ^ _043_/Y (sky130_fd_sc_hd__nor4b_1)
                                                         _034_ (net)
                      0.176210    0.000051   11.007655 ^ hold9/A (sky130_fd_sc_hd__dlygate4sd3_1)
     1    0.003262    0.040228    0.393078   11.400734 ^ hold9/X (sky130_fd_sc_hd__dlygate4sd3_1)
                                                         net283 (net)
                      0.040228    0.000044   11.400779 ^ wire266/A (sky130_fd_sc_hd__buf_2)
     1    0.011932    0.049397    0.085016   11.485794 ^ wire266/X (sky130_fd_sc_hd__buf_2)
                                                         net266 (net)
                      0.049401    0.000503   11.486297 ^ hold10/A (sky130_fd_sc_hd__dlygate4sd3_1)
     5    0.036222    0.275421    0.546720   12.033017 ^ hold10/X (sky130_fd_sc_hd__dlygate4sd3_1)
                                                         net284 (net)
                      0.275434    0.002216   12.035233 ^ fanout263/A (sky130_fd_sc_hd__buf_4)
     1    0.003662    0.025869    0.092471   12.127704 ^ fanout263/X (sky130_fd_sc_hd__buf_4)
                                                         net263 (net)
                      0.025869    0.000041   12.127745 ^ hold11/A (sky130_fd_sc_hd__dlygate4sd3_1)
    33    0.109441    0.811248    0.909024   13.036769 ^ hold11/X (sky130_fd_sc_hd__dlygate4sd3_1)
                                                         net285 (net)
                      0.811248    0.000756   13.037524 ^ _118_/B (sky130_fd_sc_hd__and3_1)
     1    0.002788    0.048446    0.112204   13.149728 ^ _118_/X (sky130_fd_sc_hd__and3_1)
                                                         _015_ (net)
                      0.048446    0.000027   13.149755 ^ _151_/D (sky130_fd_sc_hd__dfrtp_4)
                                             13.149755   data arrival time

                                 25.000000   25.000000   clock clk (rise edge)
                                  4.650000   29.650000   clock source latency
     2    0.029055    0.610000    0.000000   29.650000 ^ clk (in)
                                                         clk (net)
                      0.615113    0.002556   29.652555 ^ wire3/A (sky130_fd_sc_hd__buf_4)
     3    0.032428    0.081164    0.137073   29.789627 ^ wire3/X (sky130_fd_sc_hd__buf_4)
                                                         net274 (net)
                      0.081463    0.003830   29.793457 ^ wire2/A (sky130_fd_sc_hd__buf_6)
     3    0.070014    0.108553    0.126645   29.920103 ^ wire2/X (sky130_fd_sc_hd__buf_6)
                                                         net273 (net)
                      0.111101    0.013081   29.933184 ^ wire1/A (sky130_fd_sc_hd__buf_6)
     3    0.072443    0.112079    0.133127   30.066311 ^ wire1/X (sky130_fd_sc_hd__buf_6)
                                                         net272 (net)
                      0.114846    0.013845   30.080156 ^ clkbuf_0_clk/A (sky130_fd_sc_hd__clkbuf_16)
     9    0.092224    0.083717    0.146578   30.226734 ^ clkbuf_0_clk/X (sky130_fd_sc_hd__clkbuf_16)
                                                         clknet_0_clk (net)
                      0.084218    0.005148   30.231882 ^ clkbuf_2_3__f_clk/A (sky130_fd_sc_hd__clkbuf_16)
    21    0.067906    0.065840    0.123777   30.355658 ^ clkbuf_2_3__f_clk/X (sky130_fd_sc_hd__clkbuf_16)
                                                         clknet_2_3__leaf_clk (net)
                      0.067508    0.008164   30.363823 ^ _151_/CLK (sky130_fd_sc_hd__dfrtp_4)
                                 -0.250000   30.113821   clock uncertainty
                                  0.000000   30.113821   clock reconvergence pessimism
                                 -0.037869   30.075953   library setup time
                                             30.075953   data required time
---------------------------------------------------------------------------------------------
                                             30.075953   data required time
                                            -13.149755   data arrival time
---------------------------------------------------------------------------------------------
                                             16.926197   slack (MET)


Startpoint: wbs_adr_i[31] (input port clocked by clk)
Endpoint: _159_ (rising edge-triggered flip-flop clocked by clk)
Path Group: clk
Path Type: max

Fanout         Cap        Slew       Delay        Time   Description
---------------------------------------------------------------------------------------------
                                  0.000000    0.000000   clock clk (rise edge)
                                  5.570000    5.570000   clock network delay (propagated)
                                  3.890000    9.460000 v input external delay
     2    0.003739    0.920000    0.000000    9.460000 v wbs_adr_i[31] (in)
                                                         wbs_adr_i[31] (net)
                      0.920052    0.000026    9.460026 v hold7/A (sky130_fd_sc_hd__dlygate4sd3_1)
     1    0.004149    0.043614    0.614214   10.074240 v hold7/X (sky130_fd_sc_hd__dlygate4sd3_1)
                                                         net281 (net)
                      0.043614    0.000039   10.074279 v input102/A (sky130_fd_sc_hd__clkbuf_8)
     3    0.065853    0.061084    0.125503   10.199781 v input102/X (sky130_fd_sc_hd__clkbuf_8)
                                                         net102 (net)
                      0.065362    0.012472   10.212254 v hold8/A (sky130_fd_sc_hd__dlygate4sd3_1)
     3    0.059458    0.210191    0.533468   10.745722 v hold8/X (sky130_fd_sc_hd__dlygate4sd3_1)
                                                         net282 (net)
                      0.211509    0.012682   10.758404 v _043_/A (sky130_fd_sc_hd__nor4b_1)
     1    0.003305    0.176210    0.249201   11.007605 ^ _043_/Y (sky130_fd_sc_hd__nor4b_1)
                                                         _034_ (net)
                      0.176210    0.000051   11.007655 ^ hold9/A (sky130_fd_sc_hd__dlygate4sd3_1)
     1    0.003262    0.040228    0.393078   11.400734 ^ hold9/X (sky130_fd_sc_hd__dlygate4sd3_1)
                                                         net283 (net)
                      0.040228    0.000044   11.400779 ^ wire266/A (sky130_fd_sc_hd__buf_2)
     1    0.011932    0.049397    0.085016   11.485794 ^ wire266/X (sky130_fd_sc_hd__buf_2)
                                                         net266 (net)
                      0.049401    0.000503   11.486297 ^ hold10/A (sky130_fd_sc_hd__dlygate4sd3_1)
     5    0.036222    0.275421    0.546720   12.033017 ^ hold10/X (sky130_fd_sc_hd__dlygate4sd3_1)
                                                         net284 (net)
                      0.275434    0.002216   12.035233 ^ fanout263/A (sky130_fd_sc_hd__buf_4)
     1    0.003662    0.025869    0.092471   12.127704 ^ fanout263/X (sky130_fd_sc_hd__buf_4)
                                                         net263 (net)
                      0.025869    0.000041   12.127745 ^ hold11/A (sky130_fd_sc_hd__dlygate4sd3_1)
    33    0.109441    0.811248    0.909024   13.036769 ^ hold11/X (sky130_fd_sc_hd__dlygate4sd3_1)
                                                         net285 (net)
                      0.811250    0.001072   13.037841 ^ _126_/B (sky130_fd_sc_hd__and3_1)
     1    0.003784    0.055166    0.120066   13.157907 ^ _126_/X (sky130_fd_sc_hd__and3_1)
                                                         _024_ (net)
                      0.055166    0.000052   13.157958 ^ _159_/D (sky130_fd_sc_hd__dfrtp_4)
                                             13.157958   data arrival time

                                 25.000000   25.000000   clock clk (rise edge)
                                  4.650000   29.650000   clock source latency
     2    0.029055    0.610000    0.000000   29.650000 ^ clk (in)
                                                         clk (net)
                      0.615113    0.002556   29.652555 ^ wire3/A (sky130_fd_sc_hd__buf_4)
     3    0.032428    0.081164    0.137073   29.789627 ^ wire3/X (sky130_fd_sc_hd__buf_4)
                                                         net274 (net)
                      0.081463    0.003830   29.793457 ^ wire2/A (sky130_fd_sc_hd__buf_6)
     3    0.070014    0.108553    0.126645   29.920103 ^ wire2/X (sky130_fd_sc_hd__buf_6)
                                                         net273 (net)
                      0.111101    0.013081   29.933184 ^ wire1/A (sky130_fd_sc_hd__buf_6)
     3    0.072443    0.112079    0.133127   30.066311 ^ wire1/X (sky130_fd_sc_hd__buf_6)
                                                         net272 (net)
                      0.114846    0.013845   30.080156 ^ clkbuf_0_clk/A (sky130_fd_sc_hd__clkbuf_16)
     9    0.092224    0.083717    0.146578   30.226734 ^ clkbuf_0_clk/X (sky130_fd_sc_hd__clkbuf_16)
                                                         clknet_0_clk (net)
                      0.084219    0.005151   30.231886 ^ clkbuf_2_2__f_clk/A (sky130_fd_sc_hd__clkbuf_16)
    17    0.084814    0.077996    0.134285   30.366171 ^ clkbuf_2_2__f_clk/X (sky130_fd_sc_hd__clkbuf_16)
                                                         clknet_2_2__leaf_clk (net)
                      0.078884    0.006583   30.372753 ^ _159_/CLK (sky130_fd_sc_hd__dfrtp_4)
                                 -0.250000   30.122753   clock uncertainty
                                  0.000000   30.122753   clock reconvergence pessimism
                                 -0.038091   30.084661   library setup time
                                             30.084661   data required time
---------------------------------------------------------------------------------------------
                                             30.084661   data required time
                                            -13.157958   data arrival time
---------------------------------------------------------------------------------------------
                                             16.926702   slack (MET)


Startpoint: wbs_adr_i[31] (input port clocked by clk)
Endpoint: _150_ (rising edge-triggered flip-flop clocked by clk)
Path Group: clk
Path Type: max

Fanout         Cap        Slew       Delay        Time   Description
---------------------------------------------------------------------------------------------
                                  0.000000    0.000000   clock clk (rise edge)
                                  5.570000    5.570000   clock network delay (propagated)
                                  3.890000    9.460000 v input external delay
     2    0.003739    0.920000    0.000000    9.460000 v wbs_adr_i[31] (in)
                                                         wbs_adr_i[31] (net)
                      0.920052    0.000026    9.460026 v hold7/A (sky130_fd_sc_hd__dlygate4sd3_1)
     1    0.004149    0.043614    0.614214   10.074240 v hold7/X (sky130_fd_sc_hd__dlygate4sd3_1)
                                                         net281 (net)
                      0.043614    0.000039   10.074279 v input102/A (sky130_fd_sc_hd__clkbuf_8)
     3    0.065853    0.061084    0.125503   10.199781 v input102/X (sky130_fd_sc_hd__clkbuf_8)
                                                         net102 (net)
                      0.065362    0.012472   10.212254 v hold8/A (sky130_fd_sc_hd__dlygate4sd3_1)
     3    0.059458    0.210191    0.533468   10.745722 v hold8/X (sky130_fd_sc_hd__dlygate4sd3_1)
                                                         net282 (net)
                      0.211509    0.012682   10.758404 v _043_/A (sky130_fd_sc_hd__nor4b_1)
     1    0.003305    0.176210    0.249201   11.007605 ^ _043_/Y (sky130_fd_sc_hd__nor4b_1)
                                                         _034_ (net)
                      0.176210    0.000051   11.007655 ^ hold9/A (sky130_fd_sc_hd__dlygate4sd3_1)
     1    0.003262    0.040228    0.393078   11.400734 ^ hold9/X (sky130_fd_sc_hd__dlygate4sd3_1)
                                                         net283 (net)
                      0.040228    0.000044   11.400779 ^ wire266/A (sky130_fd_sc_hd__buf_2)
     1    0.011932    0.049397    0.085016   11.485794 ^ wire266/X (sky130_fd_sc_hd__buf_2)
                                                         net266 (net)
                      0.049401    0.000503   11.486297 ^ hold10/A (sky130_fd_sc_hd__dlygate4sd3_1)
     5    0.036222    0.275421    0.546720   12.033017 ^ hold10/X (sky130_fd_sc_hd__dlygate4sd3_1)
                                                         net284 (net)
                      0.275434    0.002216   12.035233 ^ fanout263/A (sky130_fd_sc_hd__buf_4)
     1    0.003662    0.025869    0.092471   12.127704 ^ fanout263/X (sky130_fd_sc_hd__buf_4)
                                                         net263 (net)
                      0.025869    0.000041   12.127745 ^ hold11/A (sky130_fd_sc_hd__dlygate4sd3_1)
    33    0.109441    0.811248    0.909024   13.036769 ^ hold11/X (sky130_fd_sc_hd__dlygate4sd3_1)
                                                         net285 (net)
                      0.811250    0.001081   13.037849 ^ _117_/B (sky130_fd_sc_hd__and3_1)
     1    0.003631    0.054188    0.118964   13.156814 ^ _117_/X (sky130_fd_sc_hd__and3_1)
                                                         _014_ (net)
                      0.054188    0.000051   13.156864 ^ _150_/D (sky130_fd_sc_hd__dfrtp_4)
                                             13.156864   data arrival time

                                 25.000000   25.000000   clock clk (rise edge)
                                  4.650000   29.650000   clock source latency
     2    0.029055    0.610000    0.000000   29.650000 ^ clk (in)
                                                         clk (net)
                      0.615113    0.002556   29.652555 ^ wire3/A (sky130_fd_sc_hd__buf_4)
     3    0.032428    0.081164    0.137073   29.789627 ^ wire3/X (sky130_fd_sc_hd__buf_4)
                                                         net274 (net)
                      0.081463    0.003830   29.793457 ^ wire2/A (sky130_fd_sc_hd__buf_6)
     3    0.070014    0.108553    0.126645   29.920103 ^ wire2/X (sky130_fd_sc_hd__buf_6)
                                                         net273 (net)
                      0.111101    0.013081   29.933184 ^ wire1/A (sky130_fd_sc_hd__buf_6)
     3    0.072443    0.112079    0.133127   30.066311 ^ wire1/X (sky130_fd_sc_hd__buf_6)
                                                         net272 (net)
                      0.114846    0.013845   30.080156 ^ clkbuf_0_clk/A (sky130_fd_sc_hd__clkbuf_16)
     9    0.092224    0.083717    0.146578   30.226734 ^ clkbuf_0_clk/X (sky130_fd_sc_hd__clkbuf_16)
                                                         clknet_0_clk (net)
                      0.084219    0.005151   30.231886 ^ clkbuf_2_2__f_clk/A (sky130_fd_sc_hd__clkbuf_16)
    17    0.084814    0.077996    0.134285   30.366171 ^ clkbuf_2_2__f_clk/X (sky130_fd_sc_hd__clkbuf_16)
                                                         clknet_2_2__leaf_clk (net)
                      0.078843    0.006430   30.372601 ^ _150_/CLK (sky130_fd_sc_hd__dfrtp_4)
                                 -0.250000   30.122601   clock uncertainty
                                  0.000000   30.122601   clock reconvergence pessimism
                                 -0.037997   30.084604   library setup time
                                             30.084604   data required time
---------------------------------------------------------------------------------------------
                                             30.084604   data required time
                                            -13.156864   data arrival time
---------------------------------------------------------------------------------------------
                                             16.927740   slack (MET)


Startpoint: wbs_adr_i[31] (input port clocked by clk)
Endpoint: _148_ (rising edge-triggered flip-flop clocked by clk)
Path Group: clk
Path Type: max

Fanout         Cap        Slew       Delay        Time   Description
---------------------------------------------------------------------------------------------
                                  0.000000    0.000000   clock clk (rise edge)
                                  5.570000    5.570000   clock network delay (propagated)
                                  3.890000    9.460000 v input external delay
     2    0.003739    0.920000    0.000000    9.460000 v wbs_adr_i[31] (in)
                                                         wbs_adr_i[31] (net)
                      0.920052    0.000026    9.460026 v hold7/A (sky130_fd_sc_hd__dlygate4sd3_1)
     1    0.004149    0.043614    0.614214   10.074240 v hold7/X (sky130_fd_sc_hd__dlygate4sd3_1)
                                                         net281 (net)
                      0.043614    0.000039   10.074279 v input102/A (sky130_fd_sc_hd__clkbuf_8)
     3    0.065853    0.061084    0.125503   10.199781 v input102/X (sky130_fd_sc_hd__clkbuf_8)
                                                         net102 (net)
                      0.065362    0.012472   10.212254 v hold8/A (sky130_fd_sc_hd__dlygate4sd3_1)
     3    0.059458    0.210191    0.533468   10.745722 v hold8/X (sky130_fd_sc_hd__dlygate4sd3_1)
                                                         net282 (net)
                      0.211509    0.012682   10.758404 v _043_/A (sky130_fd_sc_hd__nor4b_1)
     1    0.003305    0.176210    0.249201   11.007605 ^ _043_/Y (sky130_fd_sc_hd__nor4b_1)
                                                         _034_ (net)
                      0.176210    0.000051   11.007655 ^ hold9/A (sky130_fd_sc_hd__dlygate4sd3_1)
     1    0.003262    0.040228    0.393078   11.400734 ^ hold9/X (sky130_fd_sc_hd__dlygate4sd3_1)
                                                         net283 (net)
                      0.040228    0.000044   11.400779 ^ wire266/A (sky130_fd_sc_hd__buf_2)
     1    0.011932    0.049397    0.085016   11.485794 ^ wire266/X (sky130_fd_sc_hd__buf_2)
                                                         net266 (net)
                      0.049401    0.000503   11.486297 ^ hold10/A (sky130_fd_sc_hd__dlygate4sd3_1)
     5    0.036222    0.275421    0.546720   12.033017 ^ hold10/X (sky130_fd_sc_hd__dlygate4sd3_1)
                                                         net284 (net)
                      0.275434    0.002216   12.035233 ^ fanout263/A (sky130_fd_sc_hd__buf_4)
     1    0.003662    0.025869    0.092471   12.127704 ^ fanout263/X (sky130_fd_sc_hd__buf_4)
                                                         net263 (net)
                      0.025869    0.000041   12.127745 ^ hold11/A (sky130_fd_sc_hd__dlygate4sd3_1)
    33    0.109441    0.811248    0.909024   13.036769 ^ hold11/X (sky130_fd_sc_hd__dlygate4sd3_1)
                                                         net285 (net)
                      0.811260    0.002683   13.039452 ^ _115_/B (sky130_fd_sc_hd__and3_1)
     1    0.003065    0.050290    0.114420   13.153872 ^ _115_/X (sky130_fd_sc_hd__and3_1)
                                                         _011_ (net)
                      0.050290    0.000036   13.153909 ^ _148_/D (sky130_fd_sc_hd__dfrtp_4)
                                             13.153909   data arrival time

                                 25.000000   25.000000   clock clk (rise edge)
                                  4.650000   29.650000   clock source latency
     2    0.029055    0.610000    0.000000   29.650000 ^ clk (in)
                                                         clk (net)
                      0.615113    0.002556   29.652555 ^ wire3/A (sky130_fd_sc_hd__buf_4)
     3    0.032428    0.081164    0.137073   29.789627 ^ wire3/X (sky130_fd_sc_hd__buf_4)
                                                         net274 (net)
                      0.081463    0.003830   29.793457 ^ wire2/A (sky130_fd_sc_hd__buf_6)
     3    0.070014    0.108553    0.126645   29.920103 ^ wire2/X (sky130_fd_sc_hd__buf_6)
                                                         net273 (net)
                      0.111101    0.013081   29.933184 ^ wire1/A (sky130_fd_sc_hd__buf_6)
     3    0.072443    0.112079    0.133127   30.066311 ^ wire1/X (sky130_fd_sc_hd__buf_6)
                                                         net272 (net)
                      0.114846    0.013845   30.080156 ^ clkbuf_0_clk/A (sky130_fd_sc_hd__clkbuf_16)
     9    0.092224    0.083717    0.146578   30.226734 ^ clkbuf_0_clk/X (sky130_fd_sc_hd__clkbuf_16)
                                                         clknet_0_clk (net)
                      0.084219    0.005151   30.231886 ^ clkbuf_2_2__f_clk/A (sky130_fd_sc_hd__clkbuf_16)
    17    0.084814    0.077996    0.134285   30.366171 ^ clkbuf_2_2__f_clk/X (sky130_fd_sc_hd__clkbuf_16)
                                                         clknet_2_2__leaf_clk (net)
                      0.078715    0.005919   30.372089 ^ _148_/CLK (sky130_fd_sc_hd__dfrtp_4)
                                 -0.250000   30.122089   clock uncertainty
                                  0.000000   30.122089   clock reconvergence pessimism
                                 -0.037622   30.084465   library setup time
                                             30.084465   data required time
---------------------------------------------------------------------------------------------
                                             30.084465   data required time
                                            -13.153909   data arrival time
---------------------------------------------------------------------------------------------
                                             16.930557   slack (MET)


Startpoint: wbs_adr_i[31] (input port clocked by clk)
Endpoint: _149_ (rising edge-triggered flip-flop clocked by clk)
Path Group: clk
Path Type: max

Fanout         Cap        Slew       Delay        Time   Description
---------------------------------------------------------------------------------------------
                                  0.000000    0.000000   clock clk (rise edge)
                                  5.570000    5.570000   clock network delay (propagated)
                                  3.890000    9.460000 v input external delay
     2    0.003739    0.920000    0.000000    9.460000 v wbs_adr_i[31] (in)
                                                         wbs_adr_i[31] (net)
                      0.920052    0.000026    9.460026 v hold7/A (sky130_fd_sc_hd__dlygate4sd3_1)
     1    0.004149    0.043614    0.614214   10.074240 v hold7/X (sky130_fd_sc_hd__dlygate4sd3_1)
                                                         net281 (net)
                      0.043614    0.000039   10.074279 v input102/A (sky130_fd_sc_hd__clkbuf_8)
     3    0.065853    0.061084    0.125503   10.199781 v input102/X (sky130_fd_sc_hd__clkbuf_8)
                                                         net102 (net)
                      0.065362    0.012472   10.212254 v hold8/A (sky130_fd_sc_hd__dlygate4sd3_1)
     3    0.059458    0.210191    0.533468   10.745722 v hold8/X (sky130_fd_sc_hd__dlygate4sd3_1)
                                                         net282 (net)
                      0.211509    0.012682   10.758404 v _043_/A (sky130_fd_sc_hd__nor4b_1)
     1    0.003305    0.176210    0.249201   11.007605 ^ _043_/Y (sky130_fd_sc_hd__nor4b_1)
                                                         _034_ (net)
                      0.176210    0.000051   11.007655 ^ hold9/A (sky130_fd_sc_hd__dlygate4sd3_1)
     1    0.003262    0.040228    0.393078   11.400734 ^ hold9/X (sky130_fd_sc_hd__dlygate4sd3_1)
                                                         net283 (net)
                      0.040228    0.000044   11.400779 ^ wire266/A (sky130_fd_sc_hd__buf_2)
     1    0.011932    0.049397    0.085016   11.485794 ^ wire266/X (sky130_fd_sc_hd__buf_2)
                                                         net266 (net)
                      0.049401    0.000503   11.486297 ^ hold10/A (sky130_fd_sc_hd__dlygate4sd3_1)
     5    0.036222    0.275421    0.546720   12.033017 ^ hold10/X (sky130_fd_sc_hd__dlygate4sd3_1)
                                                         net284 (net)
                      0.275434    0.002216   12.035233 ^ fanout263/A (sky130_fd_sc_hd__buf_4)
     1    0.003662    0.025869    0.092471   12.127704 ^ fanout263/X (sky130_fd_sc_hd__buf_4)
                                                         net263 (net)
                      0.025869    0.000041   12.127745 ^ hold11/A (sky130_fd_sc_hd__dlygate4sd3_1)
    33    0.109441    0.811248    0.909024   13.036769 ^ hold11/X (sky130_fd_sc_hd__dlygate4sd3_1)
                                                         net285 (net)
                      0.811253    0.001802   13.038570 ^ _116_/B (sky130_fd_sc_hd__and3_1)
     1    0.003155    0.050901    0.115146   13.153717 ^ _116_/X (sky130_fd_sc_hd__and3_1)
                                                         _013_ (net)
                      0.050901    0.000036   13.153753 ^ _149_/D (sky130_fd_sc_hd__dfrtp_4)
                                             13.153753   data arrival time

                                 25.000000   25.000000   clock clk (rise edge)
                                  4.650000   29.650000   clock source latency
     2    0.029055    0.610000    0.000000   29.650000 ^ clk (in)
                                                         clk (net)
                      0.615113    0.002556   29.652555 ^ wire3/A (sky130_fd_sc_hd__buf_4)
     3    0.032428    0.081164    0.137073   29.789627 ^ wire3/X (sky130_fd_sc_hd__buf_4)
                                                         net274 (net)
                      0.081463    0.003830   29.793457 ^ wire2/A (sky130_fd_sc_hd__buf_6)
     3    0.070014    0.108553    0.126645   29.920103 ^ wire2/X (sky130_fd_sc_hd__buf_6)
                                                         net273 (net)
                      0.111101    0.013081   29.933184 ^ wire1/A (sky130_fd_sc_hd__buf_6)
     3    0.072443    0.112079    0.133127   30.066311 ^ wire1/X (sky130_fd_sc_hd__buf_6)
                                                         net272 (net)
                      0.114846    0.013845   30.080156 ^ clkbuf_0_clk/A (sky130_fd_sc_hd__clkbuf_16)
     9    0.092224    0.083717    0.146578   30.226734 ^ clkbuf_0_clk/X (sky130_fd_sc_hd__clkbuf_16)
                                                         clknet_0_clk (net)
                      0.084219    0.005151   30.231886 ^ clkbuf_2_2__f_clk/A (sky130_fd_sc_hd__clkbuf_16)
    17    0.084814    0.077996    0.134285   30.366171 ^ clkbuf_2_2__f_clk/X (sky130_fd_sc_hd__clkbuf_16)
                                                         clknet_2_2__leaf_clk (net)
                      0.078794    0.006242   30.372414 ^ _149_/CLK (sky130_fd_sc_hd__dfrtp_4)
                                 -0.250000   30.122412   clock uncertainty
                                  0.000000   30.122412   clock reconvergence pessimism
                                 -0.037679   30.084732   library setup time
                                             30.084732   data required time
---------------------------------------------------------------------------------------------
                                             30.084732   data required time
                                            -13.153753   data arrival time
---------------------------------------------------------------------------------------------
                                             16.930981   slack (MET)


Startpoint: wbs_adr_i[17] (input port clocked by clk)
Endpoint: _146_ (rising edge-triggered flip-flop clocked by clk)
Path Group: clk
Path Type: max

Fanout         Cap        Slew       Delay        Time   Description
---------------------------------------------------------------------------------------------
                                  0.000000    0.000000   clock clk (rise edge)
                                  5.570000    5.570000   clock network delay (propagated)
                                  3.890000    9.460000 v input external delay
     2    0.003952    0.920000    0.000000    9.460000 v wbs_adr_i[17] (in)
                                                         wbs_adr_i[17] (net)
                      0.920047    0.000024    9.460024 v hold1/A (sky130_fd_sc_hd__dlygate4sd3_1)
     1    0.002637    0.037464    0.605888   10.065912 v hold1/X (sky130_fd_sc_hd__dlygate4sd3_1)
                                                         net275 (net)
                      0.037464    0.000028   10.065940 v input87/A (sky130_fd_sc_hd__clkbuf_1)
     1    0.002596    0.017804    0.058360   10.124299 v input87/X (sky130_fd_sc_hd__clkbuf_1)
                                                         net87 (net)
                      0.017804    0.000021   10.124320 v hold2/A (sky130_fd_sc_hd__dlygate4sd3_1)
     1    0.002939    0.038751    0.356216   10.480536 v hold2/X (sky130_fd_sc_hd__dlygate4sd3_1)
                                                         net276 (net)
                      0.038751    0.000030   10.480566 v _044_/A (sky130_fd_sc_hd__or4_1)
     1    0.003816    0.058383    0.300350   10.780916 v _044_/X (sky130_fd_sc_hd__or4_1)
                                                         _035_ (net)
                      0.058383    0.000061   10.780977 v hold3/A (sky130_fd_sc_hd__dlygate4sd3_1)
     1    0.004444    0.043868    0.379137   11.160114 v hold3/X (sky130_fd_sc_hd__dlygate4sd3_1)
                                                         net277 (net)
                      0.043868    0.000060   11.160174 v _048_/A (sky130_fd_sc_hd__nor4_1)
     1    0.007227    0.251585    0.256681   11.416856 ^ _048_/Y (sky130_fd_sc_hd__nor4_1)
                                                         _039_ (net)
                      0.251585    0.000233   11.417089 ^ hold4/A (sky130_fd_sc_hd__dlygate4sd3_1)
     1    0.007071    0.066140    0.419336   11.836424 ^ hold4/X (sky130_fd_sc_hd__dlygate4sd3_1)
                                                         net278 (net)
                      0.066140    0.000220   11.836644 ^ wire262/A (sky130_fd_sc_hd__buf_2)
     1    0.011925    0.049617    0.091883   11.928527 ^ wire262/X (sky130_fd_sc_hd__buf_2)
                                                         net262 (net)
                      0.049620    0.000465   11.928991 ^ hold5/A (sky130_fd_sc_hd__dlygate4sd3_1)
     7    0.047812    0.359715    0.605164   12.534156 ^ hold5/X (sky130_fd_sc_hd__dlygate4sd3_1)
                                                         net279 (net)
                      0.359715    0.001200   12.535356 ^ _113_/C (sky130_fd_sc_hd__and3_1)
     1    0.002537    0.038243    0.112087   12.647443 ^ _113_/X (sky130_fd_sc_hd__and3_1)
                                                         _009_ (net)
                      0.038243    0.000026   12.647469 ^ hold6/A (sky130_fd_sc_hd__dlygate4sd3_1)
     1    0.002367    0.034782    0.369569   13.017037 ^ hold6/X (sky130_fd_sc_hd__dlygate4sd3_1)
                                                         net280 (net)
                      0.034782    0.000020   13.017057 ^ _146_/D (sky130_fd_sc_hd__dfrtp_2)
                                             13.017057   data arrival time

                                 25.000000   25.000000   clock clk (rise edge)
                                  4.650000   29.650000   clock source latency
     2    0.029055    0.610000    0.000000   29.650000 ^ clk (in)
                                                         clk (net)
                      0.615113    0.002556   29.652555 ^ wire3/A (sky130_fd_sc_hd__buf_4)
     3    0.032428    0.081164    0.137073   29.789627 ^ wire3/X (sky130_fd_sc_hd__buf_4)
                                                         net274 (net)
                      0.081463    0.003830   29.793457 ^ wire2/A (sky130_fd_sc_hd__buf_6)
     3    0.070014    0.108553    0.126645   29.920103 ^ wire2/X (sky130_fd_sc_hd__buf_6)
                                                         net273 (net)
                      0.111101    0.013081   29.933184 ^ wire1/A (sky130_fd_sc_hd__buf_6)
     3    0.072443    0.112079    0.133127   30.066311 ^ wire1/X (sky130_fd_sc_hd__buf_6)
                                                         net272 (net)
                      0.114846    0.013845   30.080156 ^ clkbuf_0_clk/A (sky130_fd_sc_hd__clkbuf_16)
     9    0.092224    0.083717    0.146578   30.226734 ^ clkbuf_0_clk/X (sky130_fd_sc_hd__clkbuf_16)
                                                         clknet_0_clk (net)
                      0.084218    0.005148   30.231882 ^ clkbuf_2_3__f_clk/A (sky130_fd_sc_hd__clkbuf_16)
    21    0.067906    0.065840    0.123777   30.355658 ^ clkbuf_2_3__f_clk/X (sky130_fd_sc_hd__clkbuf_16)
                                                         clknet_2_3__leaf_clk (net)
                      0.065967    0.002331   30.357988 ^ _146_/CLK (sky130_fd_sc_hd__dfrtp_2)
                                 -0.250000   30.107988   clock uncertainty
                                  0.000000   30.107988   clock reconvergence pessimism
                                 -0.035422   30.072567   library setup time
                                             30.072567   data required time
---------------------------------------------------------------------------------------------
                                             30.072567   data required time
                                            -13.017057   data arrival time
---------------------------------------------------------------------------------------------
                                             17.055510   slack (MET)


Startpoint: wbs_adr_i[17] (input port clocked by clk)
Endpoint: _133_ (rising edge-triggered flip-flop clocked by clk)
Path Group: clk
Path Type: max

Fanout         Cap        Slew       Delay        Time   Description
---------------------------------------------------------------------------------------------
                                  0.000000    0.000000   clock clk (rise edge)
                                  5.570000    5.570000   clock network delay (propagated)
                                  3.890000    9.460000 v input external delay
     2    0.003952    0.920000    0.000000    9.460000 v wbs_adr_i[17] (in)
                                                         wbs_adr_i[17] (net)
                      0.920047    0.000024    9.460024 v hold1/A (sky130_fd_sc_hd__dlygate4sd3_1)
     1    0.002637    0.037464    0.605888   10.065912 v hold1/X (sky130_fd_sc_hd__dlygate4sd3_1)
                                                         net275 (net)
                      0.037464    0.000028   10.065940 v input87/A (sky130_fd_sc_hd__clkbuf_1)
     1    0.002596    0.017804    0.058360   10.124299 v input87/X (sky130_fd_sc_hd__clkbuf_1)
                                                         net87 (net)
                      0.017804    0.000021   10.124320 v hold2/A (sky130_fd_sc_hd__dlygate4sd3_1)
     1    0.002939    0.038751    0.356216   10.480536 v hold2/X (sky130_fd_sc_hd__dlygate4sd3_1)
                                                         net276 (net)
                      0.038751    0.000030   10.480566 v _044_/A (sky130_fd_sc_hd__or4_1)
     1    0.003816    0.058383    0.300350   10.780916 v _044_/X (sky130_fd_sc_hd__or4_1)
                                                         _035_ (net)
                      0.058383    0.000061   10.780977 v hold3/A (sky130_fd_sc_hd__dlygate4sd3_1)
     1    0.004444    0.043868    0.379137   11.160114 v hold3/X (sky130_fd_sc_hd__dlygate4sd3_1)
                                                         net277 (net)
                      0.043868    0.000060   11.160174 v _048_/A (sky130_fd_sc_hd__nor4_1)
     1    0.007227    0.251585    0.256681   11.416856 ^ _048_/Y (sky130_fd_sc_hd__nor4_1)
                                                         _039_ (net)
                      0.251585    0.000233   11.417089 ^ hold4/A (sky130_fd_sc_hd__dlygate4sd3_1)
     1    0.007071    0.066140    0.419336   11.836424 ^ hold4/X (sky130_fd_sc_hd__dlygate4sd3_1)
                                                         net278 (net)
                      0.066140    0.000220   11.836644 ^ wire262/A (sky130_fd_sc_hd__buf_2)
     1    0.011925    0.049617    0.091883   11.928527 ^ wire262/X (sky130_fd_sc_hd__buf_2)
                                                         net262 (net)
                      0.049620    0.000465   11.928991 ^ hold5/A (sky130_fd_sc_hd__dlygate4sd3_1)
     7    0.047812    0.359715    0.605164   12.534156 ^ hold5/X (sky130_fd_sc_hd__dlygate4sd3_1)
                                                         net279 (net)
                      0.359753    0.003880   12.538035 ^ fanout261/A (sky130_fd_sc_hd__buf_4)
    33    0.121834    0.253226    0.251257   12.789291 ^ fanout261/X (sky130_fd_sc_hd__buf_4)
                                                         net261 (net)
                      0.256423    0.022834   12.812126 ^ _100_/C (sky130_fd_sc_hd__and3_1)
     1    0.004157    0.047007    0.120693   12.932818 ^ _100_/X (sky130_fd_sc_hd__and3_1)
                                                         _027_ (net)
                      0.047008    0.000069   12.932888 ^ _133_/D (sky130_fd_sc_hd__dfrtp_4)
                                             12.932888   data arrival time

                                 25.000000   25.000000   clock clk (rise edge)
                                  4.650000   29.650000   clock source latency
     2    0.029055    0.610000    0.000000   29.650000 ^ clk (in)
                                                         clk (net)
                      0.615113    0.002556   29.652555 ^ wire3/A (sky130_fd_sc_hd__buf_4)
     3    0.032428    0.081164    0.137073   29.789627 ^ wire3/X (sky130_fd_sc_hd__buf_4)
                                                         net274 (net)
                      0.081463    0.003830   29.793457 ^ wire2/A (sky130_fd_sc_hd__buf_6)
     3    0.070014    0.108553    0.126645   29.920103 ^ wire2/X (sky130_fd_sc_hd__buf_6)
                                                         net273 (net)
                      0.111101    0.013081   29.933184 ^ wire1/A (sky130_fd_sc_hd__buf_6)
     3    0.072443    0.112079    0.133127   30.066311 ^ wire1/X (sky130_fd_sc_hd__buf_6)
                                                         net272 (net)
                      0.114846    0.013845   30.080156 ^ clkbuf_0_clk/A (sky130_fd_sc_hd__clkbuf_16)
     9    0.092224    0.083717    0.146578   30.226734 ^ clkbuf_0_clk/X (sky130_fd_sc_hd__clkbuf_16)
                                                         clknet_0_clk (net)
                      0.084314    0.005613   30.232347 ^ clkbuf_2_1__f_clk/A (sky130_fd_sc_hd__clkbuf_16)
    21    0.076896    0.072446    0.128800   30.361147 ^ clkbuf_2_1__f_clk/X (sky130_fd_sc_hd__clkbuf_16)
                                                         clknet_2_1__leaf_clk (net)
                      0.074134    0.008679   30.369827 ^ _133_/CLK (sky130_fd_sc_hd__dfrtp_4)
                                 -0.250000   30.119825   clock uncertainty
                                  0.000000   30.119825   clock reconvergence pessimism
                                 -0.037477   30.082348   library setup time
                                             30.082348   data required time
---------------------------------------------------------------------------------------------
                                             30.082348   data required time
                                            -12.932888   data arrival time
---------------------------------------------------------------------------------------------
                                             17.149462   slack (MET)


Startpoint: wbs_adr_i[17] (input port clocked by clk)
Endpoint: _132_ (rising edge-triggered flip-flop clocked by clk)
Path Group: clk
Path Type: max

Fanout         Cap        Slew       Delay        Time   Description
---------------------------------------------------------------------------------------------
                                  0.000000    0.000000   clock clk (rise edge)
                                  5.570000    5.570000   clock network delay (propagated)
                                  3.890000    9.460000 v input external delay
     2    0.003952    0.920000    0.000000    9.460000 v wbs_adr_i[17] (in)
                                                         wbs_adr_i[17] (net)
                      0.920047    0.000024    9.460024 v hold1/A (sky130_fd_sc_hd__dlygate4sd3_1)
     1    0.002637    0.037464    0.605888   10.065912 v hold1/X (sky130_fd_sc_hd__dlygate4sd3_1)
                                                         net275 (net)
                      0.037464    0.000028   10.065940 v input87/A (sky130_fd_sc_hd__clkbuf_1)
     1    0.002596    0.017804    0.058360   10.124299 v input87/X (sky130_fd_sc_hd__clkbuf_1)
                                                         net87 (net)
                      0.017804    0.000021   10.124320 v hold2/A (sky130_fd_sc_hd__dlygate4sd3_1)
     1    0.002939    0.038751    0.356216   10.480536 v hold2/X (sky130_fd_sc_hd__dlygate4sd3_1)
                                                         net276 (net)
                      0.038751    0.000030   10.480566 v _044_/A (sky130_fd_sc_hd__or4_1)
     1    0.003816    0.058383    0.300350   10.780916 v _044_/X (sky130_fd_sc_hd__or4_1)
                                                         _035_ (net)
                      0.058383    0.000061   10.780977 v hold3/A (sky130_fd_sc_hd__dlygate4sd3_1)
     1    0.004444    0.043868    0.379137   11.160114 v hold3/X (sky130_fd_sc_hd__dlygate4sd3_1)
                                                         net277 (net)
                      0.043868    0.000060   11.160174 v _048_/A (sky130_fd_sc_hd__nor4_1)
     1    0.007227    0.251585    0.256681   11.416856 ^ _048_/Y (sky130_fd_sc_hd__nor4_1)
                                                         _039_ (net)
                      0.251585    0.000233   11.417089 ^ hold4/A (sky130_fd_sc_hd__dlygate4sd3_1)
     1    0.007071    0.066140    0.419336   11.836424 ^ hold4/X (sky130_fd_sc_hd__dlygate4sd3_1)
                                                         net278 (net)
                      0.066140    0.000220   11.836644 ^ wire262/A (sky130_fd_sc_hd__buf_2)
     1    0.011925    0.049617    0.091883   11.928527 ^ wire262/X (sky130_fd_sc_hd__buf_2)
                                                         net262 (net)
                      0.049620    0.000465   11.928991 ^ hold5/A (sky130_fd_sc_hd__dlygate4sd3_1)
     7    0.047812    0.359715    0.605164   12.534156 ^ hold5/X (sky130_fd_sc_hd__dlygate4sd3_1)
                                                         net279 (net)
                      0.359753    0.003880   12.538035 ^ fanout261/A (sky130_fd_sc_hd__buf_4)
    33    0.121834    0.253226    0.251257   12.789291 ^ fanout261/X (sky130_fd_sc_hd__buf_4)
                                                         net261 (net)
                      0.256418    0.022818   12.812110 ^ _099_/C (sky130_fd_sc_hd__and3_1)
     1    0.003898    0.045270    0.119298   12.931408 ^ _099_/X (sky130_fd_sc_hd__and3_1)
                                                         _026_ (net)
                      0.045270    0.000060   12.931468 ^ _132_/D (sky130_fd_sc_hd__dfrtp_4)
                                             12.931468   data arrival time

                                 25.000000   25.000000   clock clk (rise edge)
                                  4.650000   29.650000   clock source latency
     2    0.029055    0.610000    0.000000   29.650000 ^ clk (in)
                                                         clk (net)
                      0.615113    0.002556   29.652555 ^ wire3/A (sky130_fd_sc_hd__buf_4)
     3    0.032428    0.081164    0.137073   29.789627 ^ wire3/X (sky130_fd_sc_hd__buf_4)
                                                         net274 (net)
                      0.081463    0.003830   29.793457 ^ wire2/A (sky130_fd_sc_hd__buf_6)
     3    0.070014    0.108553    0.126645   29.920103 ^ wire2/X (sky130_fd_sc_hd__buf_6)
                                                         net273 (net)
                      0.111101    0.013081   29.933184 ^ wire1/A (sky130_fd_sc_hd__buf_6)
     3    0.072443    0.112079    0.133127   30.066311 ^ wire1/X (sky130_fd_sc_hd__buf_6)
                                                         net272 (net)
                      0.114846    0.013845   30.080156 ^ clkbuf_0_clk/A (sky130_fd_sc_hd__clkbuf_16)
     9    0.092224    0.083717    0.146578   30.226734 ^ clkbuf_0_clk/X (sky130_fd_sc_hd__clkbuf_16)
                                                         clknet_0_clk (net)
                      0.084314    0.005613   30.232347 ^ clkbuf_2_1__f_clk/A (sky130_fd_sc_hd__clkbuf_16)
    21    0.076896    0.072446    0.128800   30.361147 ^ clkbuf_2_1__f_clk/X (sky130_fd_sc_hd__clkbuf_16)
                                                         clknet_2_1__leaf_clk (net)
                      0.074117    0.008633   30.369780 ^ _132_/CLK (sky130_fd_sc_hd__dfrtp_4)
                                 -0.250000   30.119780   clock uncertainty
                                  0.000000   30.119780   clock reconvergence pessimism
                                 -0.037308   30.082472   library setup time
                                             30.082472   data required time
---------------------------------------------------------------------------------------------
                                             30.082472   data required time
                                            -12.931468   data arrival time
---------------------------------------------------------------------------------------------
                                             17.151005   slack (MET)


Startpoint: wbs_adr_i[17] (input port clocked by clk)
Endpoint: _138_ (rising edge-triggered flip-flop clocked by clk)
Path Group: clk
Path Type: max

Fanout         Cap        Slew       Delay        Time   Description
---------------------------------------------------------------------------------------------
                                  0.000000    0.000000   clock clk (rise edge)
                                  5.570000    5.570000   clock network delay (propagated)
                                  3.890000    9.460000 v input external delay
     2    0.003952    0.920000    0.000000    9.460000 v wbs_adr_i[17] (in)
                                                         wbs_adr_i[17] (net)
                      0.920047    0.000024    9.460024 v hold1/A (sky130_fd_sc_hd__dlygate4sd3_1)
     1    0.002637    0.037464    0.605888   10.065912 v hold1/X (sky130_fd_sc_hd__dlygate4sd3_1)
                                                         net275 (net)
                      0.037464    0.000028   10.065940 v input87/A (sky130_fd_sc_hd__clkbuf_1)
     1    0.002596    0.017804    0.058360   10.124299 v input87/X (sky130_fd_sc_hd__clkbuf_1)
                                                         net87 (net)
                      0.017804    0.000021   10.124320 v hold2/A (sky130_fd_sc_hd__dlygate4sd3_1)
     1    0.002939    0.038751    0.356216   10.480536 v hold2/X (sky130_fd_sc_hd__dlygate4sd3_1)
                                                         net276 (net)
                      0.038751    0.000030   10.480566 v _044_/A (sky130_fd_sc_hd__or4_1)
     1    0.003816    0.058383    0.300350   10.780916 v _044_/X (sky130_fd_sc_hd__or4_1)
                                                         _035_ (net)
                      0.058383    0.000061   10.780977 v hold3/A (sky130_fd_sc_hd__dlygate4sd3_1)
     1    0.004444    0.043868    0.379137   11.160114 v hold3/X (sky130_fd_sc_hd__dlygate4sd3_1)
                                                         net277 (net)
                      0.043868    0.000060   11.160174 v _048_/A (sky130_fd_sc_hd__nor4_1)
     1    0.007227    0.251585    0.256681   11.416856 ^ _048_/Y (sky130_fd_sc_hd__nor4_1)
                                                         _039_ (net)
                      0.251585    0.000233   11.417089 ^ hold4/A (sky130_fd_sc_hd__dlygate4sd3_1)
     1    0.007071    0.066140    0.419336   11.836424 ^ hold4/X (sky130_fd_sc_hd__dlygate4sd3_1)
                                                         net278 (net)
                      0.066140    0.000220   11.836644 ^ wire262/A (sky130_fd_sc_hd__buf_2)
     1    0.011925    0.049617    0.091883   11.928527 ^ wire262/X (sky130_fd_sc_hd__buf_2)
                                                         net262 (net)
                      0.049620    0.000465   11.928991 ^ hold5/A (sky130_fd_sc_hd__dlygate4sd3_1)
     7    0.047812    0.359715    0.605164   12.534156 ^ hold5/X (sky130_fd_sc_hd__dlygate4sd3_1)
                                                         net279 (net)
                      0.359753    0.003880   12.538035 ^ fanout261/A (sky130_fd_sc_hd__buf_4)
    33    0.121834    0.253226    0.251257   12.789291 ^ fanout261/X (sky130_fd_sc_hd__buf_4)
                                                         net261 (net)
                      0.256132    0.021811   12.811103 ^ _105_/C (sky130_fd_sc_hd__and3_1)
     1    0.003458    0.042029    0.116604   12.927707 ^ _105_/X (sky130_fd_sc_hd__and3_1)
                                                         _032_ (net)
                      0.042029    0.000045   12.927752 ^ _138_/D (sky130_fd_sc_hd__dfrtp_4)
                                             12.927752   data arrival time

                                 25.000000   25.000000   clock clk (rise edge)
                                  4.650000   29.650000   clock source latency
     2    0.029055    0.610000    0.000000   29.650000 ^ clk (in)
                                                         clk (net)
                      0.615113    0.002556   29.652555 ^ wire3/A (sky130_fd_sc_hd__buf_4)
     3    0.032428    0.081164    0.137073   29.789627 ^ wire3/X (sky130_fd_sc_hd__buf_4)
                                                         net274 (net)
                      0.081463    0.003830   29.793457 ^ wire2/A (sky130_fd_sc_hd__buf_6)
     3    0.070014    0.108553    0.126645   29.920103 ^ wire2/X (sky130_fd_sc_hd__buf_6)
                                                         net273 (net)
                      0.111101    0.013081   29.933184 ^ wire1/A (sky130_fd_sc_hd__buf_6)
     3    0.072443    0.112079    0.133127   30.066311 ^ wire1/X (sky130_fd_sc_hd__buf_6)
                                                         net272 (net)
                      0.114846    0.013845   30.080156 ^ clkbuf_0_clk/A (sky130_fd_sc_hd__clkbuf_16)
     9    0.092224    0.083717    0.146578   30.226734 ^ clkbuf_0_clk/X (sky130_fd_sc_hd__clkbuf_16)
                                                         clknet_0_clk (net)
                      0.084314    0.005613   30.232347 ^ clkbuf_2_1__f_clk/A (sky130_fd_sc_hd__clkbuf_16)
    21    0.076896    0.072446    0.128800   30.361147 ^ clkbuf_2_1__f_clk/X (sky130_fd_sc_hd__clkbuf_16)
                                                         clknet_2_1__leaf_clk (net)
                      0.073816    0.007795   30.368942 ^ _138_/CLK (sky130_fd_sc_hd__dfrtp_4)
                                 -0.250000   30.118940   clock uncertainty
                                  0.000000   30.118940   clock reconvergence pessimism
                                 -0.037003   30.081940   library setup time
                                             30.081940   data required time
---------------------------------------------------------------------------------------------
                                             30.081940   data required time
                                            -12.927752   data arrival time
---------------------------------------------------------------------------------------------
                                             17.154188   slack (MET)


Startpoint: wbs_adr_i[17] (input port clocked by clk)
Endpoint: _129_ (rising edge-triggered flip-flop clocked by clk)
Path Group: clk
Path Type: max

Fanout         Cap        Slew       Delay        Time   Description
---------------------------------------------------------------------------------------------
                                  0.000000    0.000000   clock clk (rise edge)
                                  5.570000    5.570000   clock network delay (propagated)
                                  3.890000    9.460000 v input external delay
     2    0.003952    0.920000    0.000000    9.460000 v wbs_adr_i[17] (in)
                                                         wbs_adr_i[17] (net)
                      0.920047    0.000024    9.460024 v hold1/A (sky130_fd_sc_hd__dlygate4sd3_1)
     1    0.002637    0.037464    0.605888   10.065912 v hold1/X (sky130_fd_sc_hd__dlygate4sd3_1)
                                                         net275 (net)
                      0.037464    0.000028   10.065940 v input87/A (sky130_fd_sc_hd__clkbuf_1)
     1    0.002596    0.017804    0.058360   10.124299 v input87/X (sky130_fd_sc_hd__clkbuf_1)
                                                         net87 (net)
                      0.017804    0.000021   10.124320 v hold2/A (sky130_fd_sc_hd__dlygate4sd3_1)
     1    0.002939    0.038751    0.356216   10.480536 v hold2/X (sky130_fd_sc_hd__dlygate4sd3_1)
                                                         net276 (net)
                      0.038751    0.000030   10.480566 v _044_/A (sky130_fd_sc_hd__or4_1)
     1    0.003816    0.058383    0.300350   10.780916 v _044_/X (sky130_fd_sc_hd__or4_1)
                                                         _035_ (net)
                      0.058383    0.000061   10.780977 v hold3/A (sky130_fd_sc_hd__dlygate4sd3_1)
     1    0.004444    0.043868    0.379137   11.160114 v hold3/X (sky130_fd_sc_hd__dlygate4sd3_1)
                                                         net277 (net)
                      0.043868    0.000060   11.160174 v _048_/A (sky130_fd_sc_hd__nor4_1)
     1    0.007227    0.251585    0.256681   11.416856 ^ _048_/Y (sky130_fd_sc_hd__nor4_1)
                                                         _039_ (net)
                      0.251585    0.000233   11.417089 ^ hold4/A (sky130_fd_sc_hd__dlygate4sd3_1)
     1    0.007071    0.066140    0.419336   11.836424 ^ hold4/X (sky130_fd_sc_hd__dlygate4sd3_1)
                                                         net278 (net)
                      0.066140    0.000220   11.836644 ^ wire262/A (sky130_fd_sc_hd__buf_2)
     1    0.011925    0.049617    0.091883   11.928527 ^ wire262/X (sky130_fd_sc_hd__buf_2)
                                                         net262 (net)
                      0.049620    0.000465   11.928991 ^ hold5/A (sky130_fd_sc_hd__dlygate4sd3_1)
     7    0.047812    0.359715    0.605164   12.534156 ^ hold5/X (sky130_fd_sc_hd__dlygate4sd3_1)
                                                         net279 (net)
                      0.359753    0.003880   12.538035 ^ fanout261/A (sky130_fd_sc_hd__buf_4)
    33    0.121834    0.253226    0.251257   12.789291 ^ fanout261/X (sky130_fd_sc_hd__buf_4)
                                                         net261 (net)
                      0.256032    0.021448   12.810740 ^ _096_/C (sky130_fd_sc_hd__and3_1)
     1    0.003354    0.041381    0.115921   12.926661 ^ _096_/X (sky130_fd_sc_hd__and3_1)
                                                         _001_ (net)
                      0.041381    0.000045   12.926706 ^ _129_/D (sky130_fd_sc_hd__dfrtp_4)
                                             12.926706   data arrival time

                                 25.000000   25.000000   clock clk (rise edge)
                                  4.650000   29.650000   clock source latency
     2    0.029055    0.610000    0.000000   29.650000 ^ clk (in)
                                                         clk (net)
                      0.615113    0.002556   29.652555 ^ wire3/A (sky130_fd_sc_hd__buf_4)
     3    0.032428    0.081164    0.137073   29.789627 ^ wire3/X (sky130_fd_sc_hd__buf_4)
                                                         net274 (net)
                      0.081463    0.003830   29.793457 ^ wire2/A (sky130_fd_sc_hd__buf_6)
     3    0.070014    0.108553    0.126645   29.920103 ^ wire2/X (sky130_fd_sc_hd__buf_6)
                                                         net273 (net)
                      0.111101    0.013081   29.933184 ^ wire1/A (sky130_fd_sc_hd__buf_6)
     3    0.072443    0.112079    0.133127   30.066311 ^ wire1/X (sky130_fd_sc_hd__buf_6)
                                                         net272 (net)
                      0.114846    0.013845   30.080156 ^ clkbuf_0_clk/A (sky130_fd_sc_hd__clkbuf_16)
     9    0.092224    0.083717    0.146578   30.226734 ^ clkbuf_0_clk/X (sky130_fd_sc_hd__clkbuf_16)
                                                         clknet_0_clk (net)
                      0.084314    0.005613   30.232347 ^ clkbuf_2_1__f_clk/A (sky130_fd_sc_hd__clkbuf_16)
    21    0.076896    0.072446    0.128800   30.361147 ^ clkbuf_2_1__f_clk/X (sky130_fd_sc_hd__clkbuf_16)
                                                         clknet_2_1__leaf_clk (net)
                      0.073660    0.007333   30.368481 ^ _129_/CLK (sky130_fd_sc_hd__dfrtp_4)
                                 -0.250000   30.118479   clock uncertainty
                                  0.000000   30.118479   clock reconvergence pessimism
                                 -0.036945   30.081535   library setup time
                                             30.081535   data required time
---------------------------------------------------------------------------------------------
                                             30.081535   data required time
                                            -12.926706   data arrival time
---------------------------------------------------------------------------------------------
                                             17.154829   slack (MET)


Startpoint: wbs_adr_i[17] (input port clocked by clk)
Endpoint: _139_ (rising edge-triggered flip-flop clocked by clk)
Path Group: clk
Path Type: max

Fanout         Cap        Slew       Delay        Time   Description
---------------------------------------------------------------------------------------------
                                  0.000000    0.000000   clock clk (rise edge)
                                  5.570000    5.570000   clock network delay (propagated)
                                  3.890000    9.460000 v input external delay
     2    0.003952    0.920000    0.000000    9.460000 v wbs_adr_i[17] (in)
                                                         wbs_adr_i[17] (net)
                      0.920047    0.000024    9.460024 v hold1/A (sky130_fd_sc_hd__dlygate4sd3_1)
     1    0.002637    0.037464    0.605888   10.065912 v hold1/X (sky130_fd_sc_hd__dlygate4sd3_1)
                                                         net275 (net)
                      0.037464    0.000028   10.065940 v input87/A (sky130_fd_sc_hd__clkbuf_1)
     1    0.002596    0.017804    0.058360   10.124299 v input87/X (sky130_fd_sc_hd__clkbuf_1)
                                                         net87 (net)
                      0.017804    0.000021   10.124320 v hold2/A (sky130_fd_sc_hd__dlygate4sd3_1)
     1    0.002939    0.038751    0.356216   10.480536 v hold2/X (sky130_fd_sc_hd__dlygate4sd3_1)
                                                         net276 (net)
                      0.038751    0.000030   10.480566 v _044_/A (sky130_fd_sc_hd__or4_1)
     1    0.003816    0.058383    0.300350   10.780916 v _044_/X (sky130_fd_sc_hd__or4_1)
                                                         _035_ (net)
                      0.058383    0.000061   10.780977 v hold3/A (sky130_fd_sc_hd__dlygate4sd3_1)
     1    0.004444    0.043868    0.379137   11.160114 v hold3/X (sky130_fd_sc_hd__dlygate4sd3_1)
                                                         net277 (net)
                      0.043868    0.000060   11.160174 v _048_/A (sky130_fd_sc_hd__nor4_1)
     1    0.007227    0.251585    0.256681   11.416856 ^ _048_/Y (sky130_fd_sc_hd__nor4_1)
                                                         _039_ (net)
                      0.251585    0.000233   11.417089 ^ hold4/A (sky130_fd_sc_hd__dlygate4sd3_1)
     1    0.007071    0.066140    0.419336   11.836424 ^ hold4/X (sky130_fd_sc_hd__dlygate4sd3_1)
                                                         net278 (net)
                      0.066140    0.000220   11.836644 ^ wire262/A (sky130_fd_sc_hd__buf_2)
     1    0.011925    0.049617    0.091883   11.928527 ^ wire262/X (sky130_fd_sc_hd__buf_2)
                                                         net262 (net)
                      0.049620    0.000465   11.928991 ^ hold5/A (sky130_fd_sc_hd__dlygate4sd3_1)
     7    0.047812    0.359715    0.605164   12.534156 ^ hold5/X (sky130_fd_sc_hd__dlygate4sd3_1)
                                                         net279 (net)
                      0.359753    0.003880   12.538035 ^ fanout261/A (sky130_fd_sc_hd__buf_4)
    33    0.121834    0.253226    0.251257   12.789291 ^ fanout261/X (sky130_fd_sc_hd__buf_4)
                                                         net261 (net)
                      0.255883    0.020895   12.810187 ^ _106_/C (sky130_fd_sc_hd__and3_1)
     1    0.003178    0.040281    0.114759   12.924946 ^ _106_/X (sky130_fd_sc_hd__and3_1)
                                                         _002_ (net)
                      0.040281    0.000039   12.924985 ^ _139_/D (sky130_fd_sc_hd__dfrtp_4)
                                             12.924985   data arrival time

                                 25.000000   25.000000   clock clk (rise edge)
                                  4.650000   29.650000   clock source latency
     2    0.029055    0.610000    0.000000   29.650000 ^ clk (in)
                                                         clk (net)
                      0.615113    0.002556   29.652555 ^ wire3/A (sky130_fd_sc_hd__buf_4)
     3    0.032428    0.081164    0.137073   29.789627 ^ wire3/X (sky130_fd_sc_hd__buf_4)
                                                         net274 (net)
                      0.081463    0.003830   29.793457 ^ wire2/A (sky130_fd_sc_hd__buf_6)
     3    0.070014    0.108553    0.126645   29.920103 ^ wire2/X (sky130_fd_sc_hd__buf_6)
                                                         net273 (net)
                      0.111101    0.013081   29.933184 ^ wire1/A (sky130_fd_sc_hd__buf_6)
     3    0.072443    0.112079    0.133127   30.066311 ^ wire1/X (sky130_fd_sc_hd__buf_6)
                                                         net272 (net)
                      0.114846    0.013845   30.080156 ^ clkbuf_0_clk/A (sky130_fd_sc_hd__clkbuf_16)
     9    0.092224    0.083717    0.146578   30.226734 ^ clkbuf_0_clk/X (sky130_fd_sc_hd__clkbuf_16)
                                                         clknet_0_clk (net)
                      0.084314    0.005613   30.232347 ^ clkbuf_2_1__f_clk/A (sky130_fd_sc_hd__clkbuf_16)
    21    0.076896    0.072446    0.128800   30.361147 ^ clkbuf_2_1__f_clk/X (sky130_fd_sc_hd__clkbuf_16)
                                                         clknet_2_1__leaf_clk (net)
                      0.073614    0.007191   30.368338 ^ _139_/CLK (sky130_fd_sc_hd__dfrtp_4)
                                 -0.250000   30.118338   clock uncertainty
                                  0.000000   30.118338   clock reconvergence pessimism
                                 -0.036840   30.081499   library setup time
                                             30.081499   data required time
---------------------------------------------------------------------------------------------
                                             30.081499   data required time
                                            -12.924985   data arrival time
---------------------------------------------------------------------------------------------
                                             17.156513   slack (MET)


Startpoint: wbs_adr_i[17] (input port clocked by clk)
Endpoint: _130_ (rising edge-triggered flip-flop clocked by clk)
Path Group: clk
Path Type: max

Fanout         Cap        Slew       Delay        Time   Description
---------------------------------------------------------------------------------------------
                                  0.000000    0.000000   clock clk (rise edge)
                                  5.570000    5.570000   clock network delay (propagated)
                                  3.890000    9.460000 v input external delay
     2    0.003952    0.920000    0.000000    9.460000 v wbs_adr_i[17] (in)
                                                         wbs_adr_i[17] (net)
                      0.920047    0.000024    9.460024 v hold1/A (sky130_fd_sc_hd__dlygate4sd3_1)
     1    0.002637    0.037464    0.605888   10.065912 v hold1/X (sky130_fd_sc_hd__dlygate4sd3_1)
                                                         net275 (net)
                      0.037464    0.000028   10.065940 v input87/A (sky130_fd_sc_hd__clkbuf_1)
     1    0.002596    0.017804    0.058360   10.124299 v input87/X (sky130_fd_sc_hd__clkbuf_1)
                                                         net87 (net)
                      0.017804    0.000021   10.124320 v hold2/A (sky130_fd_sc_hd__dlygate4sd3_1)
     1    0.002939    0.038751    0.356216   10.480536 v hold2/X (sky130_fd_sc_hd__dlygate4sd3_1)
                                                         net276 (net)
                      0.038751    0.000030   10.480566 v _044_/A (sky130_fd_sc_hd__or4_1)
     1    0.003816    0.058383    0.300350   10.780916 v _044_/X (sky130_fd_sc_hd__or4_1)
                                                         _035_ (net)
                      0.058383    0.000061   10.780977 v hold3/A (sky130_fd_sc_hd__dlygate4sd3_1)
     1    0.004444    0.043868    0.379137   11.160114 v hold3/X (sky130_fd_sc_hd__dlygate4sd3_1)
                                                         net277 (net)
                      0.043868    0.000060   11.160174 v _048_/A (sky130_fd_sc_hd__nor4_1)
     1    0.007227    0.251585    0.256681   11.416856 ^ _048_/Y (sky130_fd_sc_hd__nor4_1)
                                                         _039_ (net)
                      0.251585    0.000233   11.417089 ^ hold4/A (sky130_fd_sc_hd__dlygate4sd3_1)
     1    0.007071    0.066140    0.419336   11.836424 ^ hold4/X (sky130_fd_sc_hd__dlygate4sd3_1)
                                                         net278 (net)
                      0.066140    0.000220   11.836644 ^ wire262/A (sky130_fd_sc_hd__buf_2)
     1    0.011925    0.049617    0.091883   11.928527 ^ wire262/X (sky130_fd_sc_hd__buf_2)
                                                         net262 (net)
                      0.049620    0.000465   11.928991 ^ hold5/A (sky130_fd_sc_hd__dlygate4sd3_1)
     7    0.047812    0.359715    0.605164   12.534156 ^ hold5/X (sky130_fd_sc_hd__dlygate4sd3_1)
                                                         net279 (net)
                      0.359753    0.003880   12.538035 ^ fanout261/A (sky130_fd_sc_hd__buf_4)
    33    0.121834    0.253226    0.251257   12.789291 ^ fanout261/X (sky130_fd_sc_hd__buf_4)
                                                         net261 (net)
                      0.256365    0.022633   12.811924 ^ _097_/C (sky130_fd_sc_hd__and3_1)
     1    0.003084    0.039713    0.114186   12.926110 ^ _097_/X (sky130_fd_sc_hd__and3_1)
                                                         _012_ (net)
                      0.039713    0.000036   12.926147 ^ _130_/D (sky130_fd_sc_hd__dfrtp_4)
                                             12.926147   data arrival time

                                 25.000000   25.000000   clock clk (rise edge)
                                  4.650000   29.650000   clock source latency
     2    0.029055    0.610000    0.000000   29.650000 ^ clk (in)
                                                         clk (net)
                      0.615113    0.002556   29.652555 ^ wire3/A (sky130_fd_sc_hd__buf_4)
     3    0.032428    0.081164    0.137073   29.789627 ^ wire3/X (sky130_fd_sc_hd__buf_4)
                                                         net274 (net)
                      0.081463    0.003830   29.793457 ^ wire2/A (sky130_fd_sc_hd__buf_6)
     3    0.070014    0.108553    0.126645   29.920103 ^ wire2/X (sky130_fd_sc_hd__buf_6)
                                                         net273 (net)
                      0.111101    0.013081   29.933184 ^ wire1/A (sky130_fd_sc_hd__buf_6)
     3    0.072443    0.112079    0.133127   30.066311 ^ wire1/X (sky130_fd_sc_hd__buf_6)
                                                         net272 (net)
                      0.114846    0.013845   30.080156 ^ clkbuf_0_clk/A (sky130_fd_sc_hd__clkbuf_16)
     9    0.092224    0.083717    0.146578   30.226734 ^ clkbuf_0_clk/X (sky130_fd_sc_hd__clkbuf_16)
                                                         clknet_0_clk (net)
                      0.084314    0.005613   30.232347 ^ clkbuf_2_1__f_clk/A (sky130_fd_sc_hd__clkbuf_16)
    21    0.076896    0.072446    0.128800   30.361147 ^ clkbuf_2_1__f_clk/X (sky130_fd_sc_hd__clkbuf_16)
                                                         clknet_2_1__leaf_clk (net)
                      0.074103    0.008594   30.369741 ^ _130_/CLK (sky130_fd_sc_hd__dfrtp_4)
                                 -0.250000   30.119740   clock uncertainty
                                  0.000000   30.119740   clock reconvergence pessimism
                                 -0.036766   30.082973   library setup time
                                             30.082973   data required time
---------------------------------------------------------------------------------------------
                                             30.082973   data required time
                                            -12.926147   data arrival time
---------------------------------------------------------------------------------------------
                                             17.156826   slack (MET)


Startpoint: wbs_adr_i[17] (input port clocked by clk)
Endpoint: _134_ (rising edge-triggered flip-flop clocked by clk)
Path Group: clk
Path Type: max

Fanout         Cap        Slew       Delay        Time   Description
---------------------------------------------------------------------------------------------
                                  0.000000    0.000000   clock clk (rise edge)
                                  5.570000    5.570000   clock network delay (propagated)
                                  3.890000    9.460000 v input external delay
     2    0.003952    0.920000    0.000000    9.460000 v wbs_adr_i[17] (in)
                                                         wbs_adr_i[17] (net)
                      0.920047    0.000024    9.460024 v hold1/A (sky130_fd_sc_hd__dlygate4sd3_1)
     1    0.002637    0.037464    0.605888   10.065912 v hold1/X (sky130_fd_sc_hd__dlygate4sd3_1)
                                                         net275 (net)
                      0.037464    0.000028   10.065940 v input87/A (sky130_fd_sc_hd__clkbuf_1)
     1    0.002596    0.017804    0.058360   10.124299 v input87/X (sky130_fd_sc_hd__clkbuf_1)
                                                         net87 (net)
                      0.017804    0.000021   10.124320 v hold2/A (sky130_fd_sc_hd__dlygate4sd3_1)
     1    0.002939    0.038751    0.356216   10.480536 v hold2/X (sky130_fd_sc_hd__dlygate4sd3_1)
                                                         net276 (net)
                      0.038751    0.000030   10.480566 v _044_/A (sky130_fd_sc_hd__or4_1)
     1    0.003816    0.058383    0.300350   10.780916 v _044_/X (sky130_fd_sc_hd__or4_1)
                                                         _035_ (net)
                      0.058383    0.000061   10.780977 v hold3/A (sky130_fd_sc_hd__dlygate4sd3_1)
     1    0.004444    0.043868    0.379137   11.160114 v hold3/X (sky130_fd_sc_hd__dlygate4sd3_1)
                                                         net277 (net)
                      0.043868    0.000060   11.160174 v _048_/A (sky130_fd_sc_hd__nor4_1)
     1    0.007227    0.251585    0.256681   11.416856 ^ _048_/Y (sky130_fd_sc_hd__nor4_1)
                                                         _039_ (net)
                      0.251585    0.000233   11.417089 ^ hold4/A (sky130_fd_sc_hd__dlygate4sd3_1)
     1    0.007071    0.066140    0.419336   11.836424 ^ hold4/X (sky130_fd_sc_hd__dlygate4sd3_1)
                                                         net278 (net)
                      0.066140    0.000220   11.836644 ^ wire262/A (sky130_fd_sc_hd__buf_2)
     1    0.011925    0.049617    0.091883   11.928527 ^ wire262/X (sky130_fd_sc_hd__buf_2)
                                                         net262 (net)
                      0.049620    0.000465   11.928991 ^ hold5/A (sky130_fd_sc_hd__dlygate4sd3_1)
     7    0.047812    0.359715    0.605164   12.534156 ^ hold5/X (sky130_fd_sc_hd__dlygate4sd3_1)
                                                         net279 (net)
                      0.359753    0.003880   12.538035 ^ fanout261/A (sky130_fd_sc_hd__buf_4)
    33    0.121834    0.253226    0.251257   12.789291 ^ fanout261/X (sky130_fd_sc_hd__buf_4)
                                                         net261 (net)
                      0.256378    0.022679   12.811971 ^ _101_/C (sky130_fd_sc_hd__and3_1)
     1    0.003396    0.041646    0.116217   12.928187 ^ _101_/X (sky130_fd_sc_hd__and3_1)
                                                         _028_ (net)
                      0.041646    0.000048   12.928236 ^ _134_/D (sky130_fd_sc_hd__dfrtp_4)
                                             12.928236   data arrival time

                                 25.000000   25.000000   clock clk (rise edge)
                                  4.650000   29.650000   clock source latency
     2    0.029055    0.610000    0.000000   29.650000 ^ clk (in)
                                                         clk (net)
                      0.615113    0.002556   29.652555 ^ wire3/A (sky130_fd_sc_hd__buf_4)
     3    0.032428    0.081164    0.137073   29.789627 ^ wire3/X (sky130_fd_sc_hd__buf_4)
                                                         net274 (net)
                      0.081463    0.003830   29.793457 ^ wire2/A (sky130_fd_sc_hd__buf_6)
     3    0.070014    0.108553    0.126645   29.920103 ^ wire2/X (sky130_fd_sc_hd__buf_6)
                                                         net273 (net)
                      0.111101    0.013081   29.933184 ^ wire1/A (sky130_fd_sc_hd__buf_6)
     3    0.072443    0.112079    0.133127   30.066311 ^ wire1/X (sky130_fd_sc_hd__buf_6)
                                                         net272 (net)
                      0.114846    0.013845   30.080156 ^ clkbuf_0_clk/A (sky130_fd_sc_hd__clkbuf_16)
     9    0.092224    0.083717    0.146578   30.226734 ^ clkbuf_0_clk/X (sky130_fd_sc_hd__clkbuf_16)
                                                         clknet_0_clk (net)
                      0.084330    0.005684   30.232418 ^ clkbuf_2_0__f_clk/A (sky130_fd_sc_hd__clkbuf_16)
    17    0.083648    0.077124    0.133426   30.365845 ^ clkbuf_2_0__f_clk/X (sky130_fd_sc_hd__clkbuf_16)
                                                         clknet_2_0__leaf_clk (net)
                      0.078150    0.007038   30.372883 ^ _134_/CLK (sky130_fd_sc_hd__dfrtp_4)
                                 -0.250000   30.122881   clock uncertainty
                                  0.000000   30.122881   clock reconvergence pessimism
                                 -0.036802   30.086079   library setup time
                                             30.086079   data required time
---------------------------------------------------------------------------------------------
                                             30.086079   data required time
                                            -12.928236   data arrival time
---------------------------------------------------------------------------------------------
                                             17.157843   slack (MET)


Startpoint: wbs_adr_i[17] (input port clocked by clk)
Endpoint: _131_ (rising edge-triggered flip-flop clocked by clk)
Path Group: clk
Path Type: max

Fanout         Cap        Slew       Delay        Time   Description
---------------------------------------------------------------------------------------------
                                  0.000000    0.000000   clock clk (rise edge)
                                  5.570000    5.570000   clock network delay (propagated)
                                  3.890000    9.460000 v input external delay
     2    0.003952    0.920000    0.000000    9.460000 v wbs_adr_i[17] (in)
                                                         wbs_adr_i[17] (net)
                      0.920047    0.000024    9.460024 v hold1/A (sky130_fd_sc_hd__dlygate4sd3_1)
     1    0.002637    0.037464    0.605888   10.065912 v hold1/X (sky130_fd_sc_hd__dlygate4sd3_1)
                                                         net275 (net)
                      0.037464    0.000028   10.065940 v input87/A (sky130_fd_sc_hd__clkbuf_1)
     1    0.002596    0.017804    0.058360   10.124299 v input87/X (sky130_fd_sc_hd__clkbuf_1)
                                                         net87 (net)
                      0.017804    0.000021   10.124320 v hold2/A (sky130_fd_sc_hd__dlygate4sd3_1)
     1    0.002939    0.038751    0.356216   10.480536 v hold2/X (sky130_fd_sc_hd__dlygate4sd3_1)
                                                         net276 (net)
                      0.038751    0.000030   10.480566 v _044_/A (sky130_fd_sc_hd__or4_1)
     1    0.003816    0.058383    0.300350   10.780916 v _044_/X (sky130_fd_sc_hd__or4_1)
                                                         _035_ (net)
                      0.058383    0.000061   10.780977 v hold3/A (sky130_fd_sc_hd__dlygate4sd3_1)
     1    0.004444    0.043868    0.379137   11.160114 v hold3/X (sky130_fd_sc_hd__dlygate4sd3_1)
                                                         net277 (net)
                      0.043868    0.000060   11.160174 v _048_/A (sky130_fd_sc_hd__nor4_1)
     1    0.007227    0.251585    0.256681   11.416856 ^ _048_/Y (sky130_fd_sc_hd__nor4_1)
                                                         _039_ (net)
                      0.251585    0.000233   11.417089 ^ hold4/A (sky130_fd_sc_hd__dlygate4sd3_1)
     1    0.007071    0.066140    0.419336   11.836424 ^ hold4/X (sky130_fd_sc_hd__dlygate4sd3_1)
                                                         net278 (net)
                      0.066140    0.000220   11.836644 ^ wire262/A (sky130_fd_sc_hd__buf_2)
     1    0.011925    0.049617    0.091883   11.928527 ^ wire262/X (sky130_fd_sc_hd__buf_2)
                                                         net262 (net)
                      0.049620    0.000465   11.928991 ^ hold5/A (sky130_fd_sc_hd__dlygate4sd3_1)
     7    0.047812    0.359715    0.605164   12.534156 ^ hold5/X (sky130_fd_sc_hd__dlygate4sd3_1)
                                                         net279 (net)
                      0.359753    0.003880   12.538035 ^ fanout261/A (sky130_fd_sc_hd__buf_4)
    33    0.121834    0.253226    0.251257   12.789291 ^ fanout261/X (sky130_fd_sc_hd__buf_4)
                                                         net261 (net)
                      0.256374    0.022666   12.811958 ^ _098_/C (sky130_fd_sc_hd__and3_1)
     1    0.002684    0.037280    0.111577   12.923534 ^ _098_/X (sky130_fd_sc_hd__and3_1)
                                                         _023_ (net)
                      0.037280    0.000028   12.923562 ^ _131_/D (sky130_fd_sc_hd__dfrtp_4)
                                             12.923562   data arrival time

                                 25.000000   25.000000   clock clk (rise edge)
                                  4.650000   29.650000   clock source latency
     2    0.029055    0.610000    0.000000   29.650000 ^ clk (in)
                                                         clk (net)
                      0.615113    0.002556   29.652555 ^ wire3/A (sky130_fd_sc_hd__buf_4)
     3    0.032428    0.081164    0.137073   29.789627 ^ wire3/X (sky130_fd_sc_hd__buf_4)
                                                         net274 (net)
                      0.081463    0.003830   29.793457 ^ wire2/A (sky130_fd_sc_hd__buf_6)
     3    0.070014    0.108553    0.126645   29.920103 ^ wire2/X (sky130_fd_sc_hd__buf_6)
                                                         net273 (net)
                      0.111101    0.013081   29.933184 ^ wire1/A (sky130_fd_sc_hd__buf_6)
     3    0.072443    0.112079    0.133127   30.066311 ^ wire1/X (sky130_fd_sc_hd__buf_6)
                                                         net272 (net)
                      0.114846    0.013845   30.080156 ^ clkbuf_0_clk/A (sky130_fd_sc_hd__clkbuf_16)
     9    0.092224    0.083717    0.146578   30.226734 ^ clkbuf_0_clk/X (sky130_fd_sc_hd__clkbuf_16)
                                                         clknet_0_clk (net)
                      0.084314    0.005613   30.232347 ^ clkbuf_2_1__f_clk/A (sky130_fd_sc_hd__clkbuf_16)
    21    0.076896    0.072446    0.128800   30.361147 ^ clkbuf_2_1__f_clk/X (sky130_fd_sc_hd__clkbuf_16)
                                                         clknet_2_1__leaf_clk (net)
                      0.074096    0.008576   30.369724 ^ _131_/CLK (sky130_fd_sc_hd__dfrtp_4)
                                 -0.250000   30.119722   clock uncertainty
                                  0.000000   30.119722   clock reconvergence pessimism
                                 -0.036529   30.083193   library setup time
                                             30.083193   data required time
---------------------------------------------------------------------------------------------
                                             30.083193   data required time
                                            -12.923562   data arrival time
---------------------------------------------------------------------------------------------
                                             17.159632   slack (MET)


Startpoint: wbs_adr_i[17] (input port clocked by clk)
Endpoint: _137_ (rising edge-triggered flip-flop clocked by clk)
Path Group: clk
Path Type: max

Fanout         Cap        Slew       Delay        Time   Description
---------------------------------------------------------------------------------------------
                                  0.000000    0.000000   clock clk (rise edge)
                                  5.570000    5.570000   clock network delay (propagated)
                                  3.890000    9.460000 v input external delay
     2    0.003952    0.920000    0.000000    9.460000 v wbs_adr_i[17] (in)
                                                         wbs_adr_i[17] (net)
                      0.920047    0.000024    9.460024 v hold1/A (sky130_fd_sc_hd__dlygate4sd3_1)
     1    0.002637    0.037464    0.605888   10.065912 v hold1/X (sky130_fd_sc_hd__dlygate4sd3_1)
                                                         net275 (net)
                      0.037464    0.000028   10.065940 v input87/A (sky130_fd_sc_hd__clkbuf_1)
     1    0.002596    0.017804    0.058360   10.124299 v input87/X (sky130_fd_sc_hd__clkbuf_1)
                                                         net87 (net)
                      0.017804    0.000021   10.124320 v hold2/A (sky130_fd_sc_hd__dlygate4sd3_1)
     1    0.002939    0.038751    0.356216   10.480536 v hold2/X (sky130_fd_sc_hd__dlygate4sd3_1)
                                                         net276 (net)
                      0.038751    0.000030   10.480566 v _044_/A (sky130_fd_sc_hd__or4_1)
     1    0.003816    0.058383    0.300350   10.780916 v _044_/X (sky130_fd_sc_hd__or4_1)
                                                         _035_ (net)
                      0.058383    0.000061   10.780977 v hold3/A (sky130_fd_sc_hd__dlygate4sd3_1)
     1    0.004444    0.043868    0.379137   11.160114 v hold3/X (sky130_fd_sc_hd__dlygate4sd3_1)
                                                         net277 (net)
                      0.043868    0.000060   11.160174 v _048_/A (sky130_fd_sc_hd__nor4_1)
     1    0.007227    0.251585    0.256681   11.416856 ^ _048_/Y (sky130_fd_sc_hd__nor4_1)
                                                         _039_ (net)
                      0.251585    0.000233   11.417089 ^ hold4/A (sky130_fd_sc_hd__dlygate4sd3_1)
     1    0.007071    0.066140    0.419336   11.836424 ^ hold4/X (sky130_fd_sc_hd__dlygate4sd3_1)
                                                         net278 (net)
                      0.066140    0.000220   11.836644 ^ wire262/A (sky130_fd_sc_hd__buf_2)
     1    0.011925    0.049617    0.091883   11.928527 ^ wire262/X (sky130_fd_sc_hd__buf_2)
                                                         net262 (net)
                      0.049620    0.000465   11.928991 ^ hold5/A (sky130_fd_sc_hd__dlygate4sd3_1)
     7    0.047812    0.359715    0.605164   12.534156 ^ hold5/X (sky130_fd_sc_hd__dlygate4sd3_1)
                                                         net279 (net)
                      0.359753    0.003880   12.538035 ^ fanout261/A (sky130_fd_sc_hd__buf_4)
    33    0.121834    0.253226    0.251257   12.789291 ^ fanout261/X (sky130_fd_sc_hd__buf_4)
                                                         net261 (net)
                      0.256245    0.022215   12.811507 ^ _104_/C (sky130_fd_sc_hd__and3_1)
     1    0.002989    0.039123    0.113555   12.925061 ^ _104_/X (sky130_fd_sc_hd__and3_1)
                                                         _031_ (net)
                      0.039123    0.000034   12.925096 ^ _137_/D (sky130_fd_sc_hd__dfrtp_4)
                                             12.925096   data arrival time

                                 25.000000   25.000000   clock clk (rise edge)
                                  4.650000   29.650000   clock source latency
     2    0.029055    0.610000    0.000000   29.650000 ^ clk (in)
                                                         clk (net)
                      0.615113    0.002556   29.652555 ^ wire3/A (sky130_fd_sc_hd__buf_4)
     3    0.032428    0.081164    0.137073   29.789627 ^ wire3/X (sky130_fd_sc_hd__buf_4)
                                                         net274 (net)
                      0.081463    0.003830   29.793457 ^ wire2/A (sky130_fd_sc_hd__buf_6)
     3    0.070014    0.108553    0.126645   29.920103 ^ wire2/X (sky130_fd_sc_hd__buf_6)
                                                         net273 (net)
                      0.111101    0.013081   29.933184 ^ wire1/A (sky130_fd_sc_hd__buf_6)
     3    0.072443    0.112079    0.133127   30.066311 ^ wire1/X (sky130_fd_sc_hd__buf_6)
                                                         net272 (net)
                      0.114846    0.013845   30.080156 ^ clkbuf_0_clk/A (sky130_fd_sc_hd__clkbuf_16)
     9    0.092224    0.083717    0.146578   30.226734 ^ clkbuf_0_clk/X (sky130_fd_sc_hd__clkbuf_16)
                                                         clknet_0_clk (net)
                      0.084330    0.005684   30.232418 ^ clkbuf_2_0__f_clk/A (sky130_fd_sc_hd__clkbuf_16)
    17    0.083648    0.077124    0.133426   30.365845 ^ clkbuf_2_0__f_clk/X (sky130_fd_sc_hd__clkbuf_16)
                                                         clknet_2_0__leaf_clk (net)
                      0.078095    0.006843   30.372686 ^ _137_/CLK (sky130_fd_sc_hd__dfrtp_4)
                                 -0.250000   30.122686   clock uncertainty
                                  0.000000   30.122686   clock reconvergence pessimism
                                 -0.036558   30.086128   library setup time
                                             30.086128   data required time
---------------------------------------------------------------------------------------------
                                             30.086128   data required time
                                            -12.925096   data arrival time
---------------------------------------------------------------------------------------------
                                             17.161032   slack (MET)


Startpoint: wbs_adr_i[17] (input port clocked by clk)
Endpoint: _136_ (rising edge-triggered flip-flop clocked by clk)
Path Group: clk
Path Type: max

Fanout         Cap        Slew       Delay        Time   Description
---------------------------------------------------------------------------------------------
                                  0.000000    0.000000   clock clk (rise edge)
                                  5.570000    5.570000   clock network delay (propagated)
                                  3.890000    9.460000 v input external delay
     2    0.003952    0.920000    0.000000    9.460000 v wbs_adr_i[17] (in)
                                                         wbs_adr_i[17] (net)
                      0.920047    0.000024    9.460024 v hold1/A (sky130_fd_sc_hd__dlygate4sd3_1)
     1    0.002637    0.037464    0.605888   10.065912 v hold1/X (sky130_fd_sc_hd__dlygate4sd3_1)
                                                         net275 (net)
                      0.037464    0.000028   10.065940 v input87/A (sky130_fd_sc_hd__clkbuf_1)
     1    0.002596    0.017804    0.058360   10.124299 v input87/X (sky130_fd_sc_hd__clkbuf_1)
                                                         net87 (net)
                      0.017804    0.000021   10.124320 v hold2/A (sky130_fd_sc_hd__dlygate4sd3_1)
     1    0.002939    0.038751    0.356216   10.480536 v hold2/X (sky130_fd_sc_hd__dlygate4sd3_1)
                                                         net276 (net)
                      0.038751    0.000030   10.480566 v _044_/A (sky130_fd_sc_hd__or4_1)
     1    0.003816    0.058383    0.300350   10.780916 v _044_/X (sky130_fd_sc_hd__or4_1)
                                                         _035_ (net)
                      0.058383    0.000061   10.780977 v hold3/A (sky130_fd_sc_hd__dlygate4sd3_1)
     1    0.004444    0.043868    0.379137   11.160114 v hold3/X (sky130_fd_sc_hd__dlygate4sd3_1)
                                                         net277 (net)
                      0.043868    0.000060   11.160174 v _048_/A (sky130_fd_sc_hd__nor4_1)
     1    0.007227    0.251585    0.256681   11.416856 ^ _048_/Y (sky130_fd_sc_hd__nor4_1)
                                                         _039_ (net)
                      0.251585    0.000233   11.417089 ^ hold4/A (sky130_fd_sc_hd__dlygate4sd3_1)
     1    0.007071    0.066140    0.419336   11.836424 ^ hold4/X (sky130_fd_sc_hd__dlygate4sd3_1)
                                                         net278 (net)
                      0.066140    0.000220   11.836644 ^ wire262/A (sky130_fd_sc_hd__buf_2)
     1    0.011925    0.049617    0.091883   11.928527 ^ wire262/X (sky130_fd_sc_hd__buf_2)
                                                         net262 (net)
                      0.049620    0.000465   11.928991 ^ hold5/A (sky130_fd_sc_hd__dlygate4sd3_1)
     7    0.047812    0.359715    0.605164   12.534156 ^ hold5/X (sky130_fd_sc_hd__dlygate4sd3_1)
                                                         net279 (net)
                      0.359753    0.003880   12.538035 ^ fanout261/A (sky130_fd_sc_hd__buf_4)
    33    0.121834    0.253226    0.251257   12.789291 ^ fanout261/X (sky130_fd_sc_hd__buf_4)
                                                         net261 (net)
                      0.256333    0.022523   12.811815 ^ _103_/C (sky130_fd_sc_hd__and3_1)
     1    0.002822    0.038103    0.112472   12.924287 ^ _103_/X (sky130_fd_sc_hd__and3_1)
                                                         _030_ (net)
                      0.038103    0.000029   12.924316 ^ _136_/D (sky130_fd_sc_hd__dfrtp_4)
                                             12.924316   data arrival time

                                 25.000000   25.000000   clock clk (rise edge)
                                  4.650000   29.650000   clock source latency
     2    0.029055    0.610000    0.000000   29.650000 ^ clk (in)
                                                         clk (net)
                      0.615113    0.002556   29.652555 ^ wire3/A (sky130_fd_sc_hd__buf_4)
     3    0.032428    0.081164    0.137073   29.789627 ^ wire3/X (sky130_fd_sc_hd__buf_4)
                                                         net274 (net)
                      0.081463    0.003830   29.793457 ^ wire2/A (sky130_fd_sc_hd__buf_6)
     3    0.070014    0.108553    0.126645   29.920103 ^ wire2/X (sky130_fd_sc_hd__buf_6)
                                                         net273 (net)
                      0.111101    0.013081   29.933184 ^ wire1/A (sky130_fd_sc_hd__buf_6)
     3    0.072443    0.112079    0.133127   30.066311 ^ wire1/X (sky130_fd_sc_hd__buf_6)
                                                         net272 (net)
                      0.114846    0.013845   30.080156 ^ clkbuf_0_clk/A (sky130_fd_sc_hd__clkbuf_16)
     9    0.092224    0.083717    0.146578   30.226734 ^ clkbuf_0_clk/X (sky130_fd_sc_hd__clkbuf_16)
                                                         clknet_0_clk (net)
                      0.084330    0.005684   30.232418 ^ clkbuf_2_0__f_clk/A (sky130_fd_sc_hd__clkbuf_16)
    17    0.083648    0.077124    0.133426   30.365845 ^ clkbuf_2_0__f_clk/X (sky130_fd_sc_hd__clkbuf_16)
                                                         clknet_2_0__leaf_clk (net)
                      0.078142    0.007006   30.372850 ^ _136_/CLK (sky130_fd_sc_hd__dfrtp_4)
                                 -0.250000   30.122849   clock uncertainty
                                  0.000000   30.122849   clock reconvergence pessimism
                                 -0.036457   30.086391   library setup time
                                             30.086391   data required time
---------------------------------------------------------------------------------------------
                                             30.086391   data required time
                                            -12.924316   data arrival time
---------------------------------------------------------------------------------------------
                                             17.162075   slack (MET)


Startpoint: wbs_adr_i[17] (input port clocked by clk)
Endpoint: _135_ (rising edge-triggered flip-flop clocked by clk)
Path Group: clk
Path Type: max

Fanout         Cap        Slew       Delay        Time   Description
---------------------------------------------------------------------------------------------
                                  0.000000    0.000000   clock clk (rise edge)
                                  5.570000    5.570000   clock network delay (propagated)
                                  3.890000    9.460000 v input external delay
     2    0.003952    0.920000    0.000000    9.460000 v wbs_adr_i[17] (in)
                                                         wbs_adr_i[17] (net)
                      0.920047    0.000024    9.460024 v hold1/A (sky130_fd_sc_hd__dlygate4sd3_1)
     1    0.002637    0.037464    0.605888   10.065912 v hold1/X (sky130_fd_sc_hd__dlygate4sd3_1)
                                                         net275 (net)
                      0.037464    0.000028   10.065940 v input87/A (sky130_fd_sc_hd__clkbuf_1)
     1    0.002596    0.017804    0.058360   10.124299 v input87/X (sky130_fd_sc_hd__clkbuf_1)
                                                         net87 (net)
                      0.017804    0.000021   10.124320 v hold2/A (sky130_fd_sc_hd__dlygate4sd3_1)
     1    0.002939    0.038751    0.356216   10.480536 v hold2/X (sky130_fd_sc_hd__dlygate4sd3_1)
                                                         net276 (net)
                      0.038751    0.000030   10.480566 v _044_/A (sky130_fd_sc_hd__or4_1)
     1    0.003816    0.058383    0.300350   10.780916 v _044_/X (sky130_fd_sc_hd__or4_1)
                                                         _035_ (net)
                      0.058383    0.000061   10.780977 v hold3/A (sky130_fd_sc_hd__dlygate4sd3_1)
     1    0.004444    0.043868    0.379137   11.160114 v hold3/X (sky130_fd_sc_hd__dlygate4sd3_1)
                                                         net277 (net)
                      0.043868    0.000060   11.160174 v _048_/A (sky130_fd_sc_hd__nor4_1)
     1    0.007227    0.251585    0.256681   11.416856 ^ _048_/Y (sky130_fd_sc_hd__nor4_1)
                                                         _039_ (net)
                      0.251585    0.000233   11.417089 ^ hold4/A (sky130_fd_sc_hd__dlygate4sd3_1)
     1    0.007071    0.066140    0.419336   11.836424 ^ hold4/X (sky130_fd_sc_hd__dlygate4sd3_1)
                                                         net278 (net)
                      0.066140    0.000220   11.836644 ^ wire262/A (sky130_fd_sc_hd__buf_2)
     1    0.011925    0.049617    0.091883   11.928527 ^ wire262/X (sky130_fd_sc_hd__buf_2)
                                                         net262 (net)
                      0.049620    0.000465   11.928991 ^ hold5/A (sky130_fd_sc_hd__dlygate4sd3_1)
     7    0.047812    0.359715    0.605164   12.534156 ^ hold5/X (sky130_fd_sc_hd__dlygate4sd3_1)
                                                         net279 (net)
                      0.359753    0.003880   12.538035 ^ fanout261/A (sky130_fd_sc_hd__buf_4)
    33    0.121834    0.253226    0.251257   12.789291 ^ fanout261/X (sky130_fd_sc_hd__buf_4)
                                                         net261 (net)
                      0.255995    0.021313   12.810604 ^ _102_/C (sky130_fd_sc_hd__and3_1)
     1    0.002872    0.038406    0.112777   12.923382 ^ _102_/X (sky130_fd_sc_hd__and3_1)
                                                         _029_ (net)
                      0.038406    0.000031   12.923413 ^ _135_/D (sky130_fd_sc_hd__dfrtp_4)
                                             12.923413   data arrival time

                                 25.000000   25.000000   clock clk (rise edge)
                                  4.650000   29.650000   clock source latency
     2    0.029055    0.610000    0.000000   29.650000 ^ clk (in)
                                                         clk (net)
                      0.615113    0.002556   29.652555 ^ wire3/A (sky130_fd_sc_hd__buf_4)
     3    0.032428    0.081164    0.137073   29.789627 ^ wire3/X (sky130_fd_sc_hd__buf_4)
                                                         net274 (net)
                      0.081463    0.003830   29.793457 ^ wire2/A (sky130_fd_sc_hd__buf_6)
     3    0.070014    0.108553    0.126645   29.920103 ^ wire2/X (sky130_fd_sc_hd__buf_6)
                                                         net273 (net)
                      0.111101    0.013081   29.933184 ^ wire1/A (sky130_fd_sc_hd__buf_6)
     3    0.072443    0.112079    0.133127   30.066311 ^ wire1/X (sky130_fd_sc_hd__buf_6)
                                                         net272 (net)
                      0.114846    0.013845   30.080156 ^ clkbuf_0_clk/A (sky130_fd_sc_hd__clkbuf_16)
     9    0.092224    0.083717    0.146578   30.226734 ^ clkbuf_0_clk/X (sky130_fd_sc_hd__clkbuf_16)
                                                         clknet_0_clk (net)
                      0.084330    0.005684   30.232418 ^ clkbuf_2_0__f_clk/A (sky130_fd_sc_hd__clkbuf_16)
    17    0.083648    0.077124    0.133426   30.365845 ^ clkbuf_2_0__f_clk/X (sky130_fd_sc_hd__clkbuf_16)
                                                         clknet_2_0__leaf_clk (net)
                      0.077996    0.006484   30.372328 ^ _135_/CLK (sky130_fd_sc_hd__dfrtp_4)
                                 -0.250000   30.122326   clock uncertainty
                                  0.000000   30.122326   clock reconvergence pessimism
                                 -0.036492   30.085833   library setup time
                                             30.085833   data required time
---------------------------------------------------------------------------------------------
                                             30.085833   data required time
                                            -12.923413   data arrival time
---------------------------------------------------------------------------------------------
                                             17.162422   slack (MET)


Startpoint: wbs_adr_i[17] (input port clocked by clk)
Endpoint: _140_ (rising edge-triggered flip-flop clocked by clk)
Path Group: clk
Path Type: max

Fanout         Cap        Slew       Delay        Time   Description
---------------------------------------------------------------------------------------------
                                  0.000000    0.000000   clock clk (rise edge)
                                  5.570000    5.570000   clock network delay (propagated)
                                  3.890000    9.460000 v input external delay
     2    0.003952    0.920000    0.000000    9.460000 v wbs_adr_i[17] (in)
                                                         wbs_adr_i[17] (net)
                      0.920047    0.000024    9.460024 v hold1/A (sky130_fd_sc_hd__dlygate4sd3_1)
     1    0.002637    0.037464    0.605888   10.065912 v hold1/X (sky130_fd_sc_hd__dlygate4sd3_1)
                                                         net275 (net)
                      0.037464    0.000028   10.065940 v input87/A (sky130_fd_sc_hd__clkbuf_1)
     1    0.002596    0.017804    0.058360   10.124299 v input87/X (sky130_fd_sc_hd__clkbuf_1)
                                                         net87 (net)
                      0.017804    0.000021   10.124320 v hold2/A (sky130_fd_sc_hd__dlygate4sd3_1)
     1    0.002939    0.038751    0.356216   10.480536 v hold2/X (sky130_fd_sc_hd__dlygate4sd3_1)
                                                         net276 (net)
                      0.038751    0.000030   10.480566 v _044_/A (sky130_fd_sc_hd__or4_1)
     1    0.003816    0.058383    0.300350   10.780916 v _044_/X (sky130_fd_sc_hd__or4_1)
                                                         _035_ (net)
                      0.058383    0.000061   10.780977 v hold3/A (sky130_fd_sc_hd__dlygate4sd3_1)
     1    0.004444    0.043868    0.379137   11.160114 v hold3/X (sky130_fd_sc_hd__dlygate4sd3_1)
                                                         net277 (net)
                      0.043868    0.000060   11.160174 v _048_/A (sky130_fd_sc_hd__nor4_1)
     1    0.007227    0.251585    0.256681   11.416856 ^ _048_/Y (sky130_fd_sc_hd__nor4_1)
                                                         _039_ (net)
                      0.251585    0.000233   11.417089 ^ hold4/A (sky130_fd_sc_hd__dlygate4sd3_1)
     1    0.007071    0.066140    0.419336   11.836424 ^ hold4/X (sky130_fd_sc_hd__dlygate4sd3_1)
                                                         net278 (net)
                      0.066140    0.000220   11.836644 ^ wire262/A (sky130_fd_sc_hd__buf_2)
     1    0.011925    0.049617    0.091883   11.928527 ^ wire262/X (sky130_fd_sc_hd__buf_2)
                                                         net262 (net)
                      0.049620    0.000465   11.928991 ^ hold5/A (sky130_fd_sc_hd__dlygate4sd3_1)
     7    0.047812    0.359715    0.605164   12.534156 ^ hold5/X (sky130_fd_sc_hd__dlygate4sd3_1)
                                                         net279 (net)
                      0.359753    0.003880   12.538035 ^ fanout261/A (sky130_fd_sc_hd__buf_4)
    33    0.121834    0.253226    0.251257   12.789291 ^ fanout261/X (sky130_fd_sc_hd__buf_4)
                                                         net261 (net)
                      0.255220    0.018220   12.807512 ^ _107_/C (sky130_fd_sc_hd__and3_1)
     1    0.002362    0.035418    0.109391   12.916903 ^ _107_/X (sky130_fd_sc_hd__and3_1)
                                                         _003_ (net)
                      0.035418    0.000020   12.916923 ^ _140_/D (sky130_fd_sc_hd__dfrtp_2)
                                             12.916923   data arrival time

                                 25.000000   25.000000   clock clk (rise edge)
                                  4.650000   29.650000   clock source latency
     2    0.029055    0.610000    0.000000   29.650000 ^ clk (in)
                                                         clk (net)
                      0.615113    0.002556   29.652555 ^ wire3/A (sky130_fd_sc_hd__buf_4)
     3    0.032428    0.081164    0.137073   29.789627 ^ wire3/X (sky130_fd_sc_hd__buf_4)
                                                         net274 (net)
                      0.081463    0.003830   29.793457 ^ wire2/A (sky130_fd_sc_hd__buf_6)
     3    0.070014    0.108553    0.126645   29.920103 ^ wire2/X (sky130_fd_sc_hd__buf_6)
                                                         net273 (net)
                      0.111101    0.013081   29.933184 ^ wire1/A (sky130_fd_sc_hd__buf_6)
     3    0.072443    0.112079    0.133127   30.066311 ^ wire1/X (sky130_fd_sc_hd__buf_6)
                                                         net272 (net)
                      0.114846    0.013845   30.080156 ^ clkbuf_0_clk/A (sky130_fd_sc_hd__clkbuf_16)
     9    0.092224    0.083717    0.146578   30.226734 ^ clkbuf_0_clk/X (sky130_fd_sc_hd__clkbuf_16)
                                                         clknet_0_clk (net)
                      0.084314    0.005613   30.232347 ^ clkbuf_2_1__f_clk/A (sky130_fd_sc_hd__clkbuf_16)
    21    0.076896    0.072446    0.128800   30.361147 ^ clkbuf_2_1__f_clk/X (sky130_fd_sc_hd__clkbuf_16)
                                                         clknet_2_1__leaf_clk (net)
                      0.073128    0.005496   30.366644 ^ _140_/CLK (sky130_fd_sc_hd__dfrtp_2)
                                 -0.250000   30.116642   clock uncertainty
                                  0.000000   30.116642   clock reconvergence pessimism
                                 -0.035217   30.081425   library setup time
                                             30.081425   data required time
---------------------------------------------------------------------------------------------
                                             30.081425   data required time
                                            -12.916923   data arrival time
---------------------------------------------------------------------------------------------
                                             17.164501   slack (MET)


Startpoint: wbs_adr_i[17] (input port clocked by clk)
Endpoint: _141_ (rising edge-triggered flip-flop clocked by clk)
Path Group: clk
Path Type: max

Fanout         Cap        Slew       Delay        Time   Description
---------------------------------------------------------------------------------------------
                                  0.000000    0.000000   clock clk (rise edge)
                                  5.570000    5.570000   clock network delay (propagated)
                                  3.890000    9.460000 v input external delay
     2    0.003952    0.920000    0.000000    9.460000 v wbs_adr_i[17] (in)
                                                         wbs_adr_i[17] (net)
                      0.920047    0.000024    9.460024 v hold1/A (sky130_fd_sc_hd__dlygate4sd3_1)
     1    0.002637    0.037464    0.605888   10.065912 v hold1/X (sky130_fd_sc_hd__dlygate4sd3_1)
                                                         net275 (net)
                      0.037464    0.000028   10.065940 v input87/A (sky130_fd_sc_hd__clkbuf_1)
     1    0.002596    0.017804    0.058360   10.124299 v input87/X (sky130_fd_sc_hd__clkbuf_1)
                                                         net87 (net)
                      0.017804    0.000021   10.124320 v hold2/A (sky130_fd_sc_hd__dlygate4sd3_1)
     1    0.002939    0.038751    0.356216   10.480536 v hold2/X (sky130_fd_sc_hd__dlygate4sd3_1)
                                                         net276 (net)
                      0.038751    0.000030   10.480566 v _044_/A (sky130_fd_sc_hd__or4_1)
     1    0.003816    0.058383    0.300350   10.780916 v _044_/X (sky130_fd_sc_hd__or4_1)
                                                         _035_ (net)
                      0.058383    0.000061   10.780977 v hold3/A (sky130_fd_sc_hd__dlygate4sd3_1)
     1    0.004444    0.043868    0.379137   11.160114 v hold3/X (sky130_fd_sc_hd__dlygate4sd3_1)
                                                         net277 (net)
                      0.043868    0.000060   11.160174 v _048_/A (sky130_fd_sc_hd__nor4_1)
     1    0.007227    0.251585    0.256681   11.416856 ^ _048_/Y (sky130_fd_sc_hd__nor4_1)
                                                         _039_ (net)
                      0.251585    0.000233   11.417089 ^ hold4/A (sky130_fd_sc_hd__dlygate4sd3_1)
     1    0.007071    0.066140    0.419336   11.836424 ^ hold4/X (sky130_fd_sc_hd__dlygate4sd3_1)
                                                         net278 (net)
                      0.066140    0.000220   11.836644 ^ wire262/A (sky130_fd_sc_hd__buf_2)
     1    0.011925    0.049617    0.091883   11.928527 ^ wire262/X (sky130_fd_sc_hd__buf_2)
                                                         net262 (net)
                      0.049620    0.000465   11.928991 ^ hold5/A (sky130_fd_sc_hd__dlygate4sd3_1)
     7    0.047812    0.359715    0.605164   12.534156 ^ hold5/X (sky130_fd_sc_hd__dlygate4sd3_1)
                                                         net279 (net)
                      0.359753    0.003880   12.538035 ^ fanout261/A (sky130_fd_sc_hd__buf_4)
    33    0.121834    0.253226    0.251257   12.789291 ^ fanout261/X (sky130_fd_sc_hd__buf_4)
                                                         net261 (net)
                      0.254330    0.013754   12.803046 ^ _108_/C (sky130_fd_sc_hd__and3_1)
     1    0.002907    0.038588    0.112880   12.915927 ^ _108_/X (sky130_fd_sc_hd__and3_1)
                                                         _004_ (net)
                      0.038588    0.000033   12.915959 ^ _141_/D (sky130_fd_sc_hd__dfrtp_2)
                                             12.915959   data arrival time

                                 25.000000   25.000000   clock clk (rise edge)
                                  4.650000   29.650000   clock source latency
     2    0.029055    0.610000    0.000000   29.650000 ^ clk (in)
                                                         clk (net)
                      0.615113    0.002556   29.652555 ^ wire3/A (sky130_fd_sc_hd__buf_4)
     3    0.032428    0.081164    0.137073   29.789627 ^ wire3/X (sky130_fd_sc_hd__buf_4)
                                                         net274 (net)
                      0.081463    0.003830   29.793457 ^ wire2/A (sky130_fd_sc_hd__buf_6)
     3    0.070014    0.108553    0.126645   29.920103 ^ wire2/X (sky130_fd_sc_hd__buf_6)
                                                         net273 (net)
                      0.111101    0.013081   29.933184 ^ wire1/A (sky130_fd_sc_hd__buf_6)
     3    0.072443    0.112079    0.133127   30.066311 ^ wire1/X (sky130_fd_sc_hd__buf_6)
                                                         net272 (net)
                      0.114846    0.013845   30.080156 ^ clkbuf_0_clk/A (sky130_fd_sc_hd__clkbuf_16)
     9    0.092224    0.083717    0.146578   30.226734 ^ clkbuf_0_clk/X (sky130_fd_sc_hd__clkbuf_16)
                                                         clknet_0_clk (net)
                      0.084330    0.005684   30.232418 ^ clkbuf_2_0__f_clk/A (sky130_fd_sc_hd__clkbuf_16)
    17    0.083648    0.077124    0.133426   30.365845 ^ clkbuf_2_0__f_clk/X (sky130_fd_sc_hd__clkbuf_16)
                                                         clknet_2_0__leaf_clk (net)
                      0.077255    0.002586   30.368431 ^ _141_/CLK (sky130_fd_sc_hd__dfrtp_2)
                                 -0.250000   30.118429   clock uncertainty
                                  0.000000   30.118429   clock reconvergence pessimism
                                 -0.035378   30.083052   library setup time
                                             30.083052   data required time
---------------------------------------------------------------------------------------------
                                             30.083052   data required time
                                            -12.915959   data arrival time
---------------------------------------------------------------------------------------------
                                             17.167093   slack (MET)


Startpoint: wbs_adr_i[17] (input port clocked by clk)
Endpoint: _142_ (rising edge-triggered flip-flop clocked by clk)
Path Group: clk
Path Type: max

Fanout         Cap        Slew       Delay        Time   Description
---------------------------------------------------------------------------------------------
                                  0.000000    0.000000   clock clk (rise edge)
                                  5.570000    5.570000   clock network delay (propagated)
                                  3.890000    9.460000 v input external delay
     2    0.003952    0.920000    0.000000    9.460000 v wbs_adr_i[17] (in)
                                                         wbs_adr_i[17] (net)
                      0.920047    0.000024    9.460024 v hold1/A (sky130_fd_sc_hd__dlygate4sd3_1)
     1    0.002637    0.037464    0.605888   10.065912 v hold1/X (sky130_fd_sc_hd__dlygate4sd3_1)
                                                         net275 (net)
                      0.037464    0.000028   10.065940 v input87/A (sky130_fd_sc_hd__clkbuf_1)
     1    0.002596    0.017804    0.058360   10.124299 v input87/X (sky130_fd_sc_hd__clkbuf_1)
                                                         net87 (net)
                      0.017804    0.000021   10.124320 v hold2/A (sky130_fd_sc_hd__dlygate4sd3_1)
     1    0.002939    0.038751    0.356216   10.480536 v hold2/X (sky130_fd_sc_hd__dlygate4sd3_1)
                                                         net276 (net)
                      0.038751    0.000030   10.480566 v _044_/A (sky130_fd_sc_hd__or4_1)
     1    0.003816    0.058383    0.300350   10.780916 v _044_/X (sky130_fd_sc_hd__or4_1)
                                                         _035_ (net)
                      0.058383    0.000061   10.780977 v hold3/A (sky130_fd_sc_hd__dlygate4sd3_1)
     1    0.004444    0.043868    0.379137   11.160114 v hold3/X (sky130_fd_sc_hd__dlygate4sd3_1)
                                                         net277 (net)
                      0.043868    0.000060   11.160174 v _048_/A (sky130_fd_sc_hd__nor4_1)
     1    0.007227    0.251585    0.256681   11.416856 ^ _048_/Y (sky130_fd_sc_hd__nor4_1)
                                                         _039_ (net)
                      0.251585    0.000233   11.417089 ^ hold4/A (sky130_fd_sc_hd__dlygate4sd3_1)
     1    0.007071    0.066140    0.419336   11.836424 ^ hold4/X (sky130_fd_sc_hd__dlygate4sd3_1)
                                                         net278 (net)
                      0.066140    0.000220   11.836644 ^ wire262/A (sky130_fd_sc_hd__buf_2)
     1    0.011925    0.049617    0.091883   11.928527 ^ wire262/X (sky130_fd_sc_hd__buf_2)
                                                         net262 (net)
                      0.049620    0.000465   11.928991 ^ hold5/A (sky130_fd_sc_hd__dlygate4sd3_1)
     7    0.047812    0.359715    0.605164   12.534156 ^ hold5/X (sky130_fd_sc_hd__dlygate4sd3_1)
                                                         net279 (net)
                      0.359753    0.003880   12.538035 ^ fanout261/A (sky130_fd_sc_hd__buf_4)
    33    0.121834    0.253226    0.251257   12.789291 ^ fanout261/X (sky130_fd_sc_hd__buf_4)
                                                         net261 (net)
                      0.253564    0.007796   12.797089 ^ _109_/C (sky130_fd_sc_hd__and3_1)
     1    0.003172    0.040208    0.114551   12.911639 ^ _109_/X (sky130_fd_sc_hd__and3_1)
                                                         _005_ (net)
                      0.040208    0.000038   12.911677 ^ _142_/D (sky130_fd_sc_hd__dfrtp_2)
                                             12.911677   data arrival time

                                 25.000000   25.000000   clock clk (rise edge)
                                  4.650000   29.650000   clock source latency
     2    0.029055    0.610000    0.000000   29.650000 ^ clk (in)
                                                         clk (net)
                      0.615113    0.002556   29.652555 ^ wire3/A (sky130_fd_sc_hd__buf_4)
     3    0.032428    0.081164    0.137073   29.789627 ^ wire3/X (sky130_fd_sc_hd__buf_4)
                                                         net274 (net)
                      0.081463    0.003830   29.793457 ^ wire2/A (sky130_fd_sc_hd__buf_6)
     3    0.070014    0.108553    0.126645   29.920103 ^ wire2/X (sky130_fd_sc_hd__buf_6)
                                                         net273 (net)
                      0.111101    0.013081   29.933184 ^ wire1/A (sky130_fd_sc_hd__buf_6)
     3    0.072443    0.112079    0.133127   30.066311 ^ wire1/X (sky130_fd_sc_hd__buf_6)
                                                         net272 (net)
                      0.114846    0.013845   30.080156 ^ clkbuf_0_clk/A (sky130_fd_sc_hd__clkbuf_16)
     9    0.092224    0.083717    0.146578   30.226734 ^ clkbuf_0_clk/X (sky130_fd_sc_hd__clkbuf_16)
                                                         clknet_0_clk (net)
                      0.084330    0.005684   30.232418 ^ clkbuf_2_0__f_clk/A (sky130_fd_sc_hd__clkbuf_16)
    17    0.083648    0.077124    0.133426   30.365845 ^ clkbuf_2_0__f_clk/X (sky130_fd_sc_hd__clkbuf_16)
                                                         clknet_2_0__leaf_clk (net)
                      0.077360    0.003425   30.369268 ^ _142_/CLK (sky130_fd_sc_hd__dfrtp_2)
                                 -0.250000   30.119268   clock uncertainty
                                  0.000000   30.119268   clock reconvergence pessimism
                                 -0.035536   30.083735   library setup time
                                             30.083735   data required time
---------------------------------------------------------------------------------------------
                                             30.083735   data required time
                                            -12.911677   data arrival time
---------------------------------------------------------------------------------------------
                                             17.172056   slack (MET)


Startpoint: wbs_adr_i[17] (input port clocked by clk)
Endpoint: _143_ (rising edge-triggered flip-flop clocked by clk)
Path Group: clk
Path Type: max

Fanout         Cap        Slew       Delay        Time   Description
---------------------------------------------------------------------------------------------
                                  0.000000    0.000000   clock clk (rise edge)
                                  5.570000    5.570000   clock network delay (propagated)
                                  3.890000    9.460000 v input external delay
     2    0.003952    0.920000    0.000000    9.460000 v wbs_adr_i[17] (in)
                                                         wbs_adr_i[17] (net)
                      0.920047    0.000024    9.460024 v hold1/A (sky130_fd_sc_hd__dlygate4sd3_1)
     1    0.002637    0.037464    0.605888   10.065912 v hold1/X (sky130_fd_sc_hd__dlygate4sd3_1)
                                                         net275 (net)
                      0.037464    0.000028   10.065940 v input87/A (sky130_fd_sc_hd__clkbuf_1)
     1    0.002596    0.017804    0.058360   10.124299 v input87/X (sky130_fd_sc_hd__clkbuf_1)
                                                         net87 (net)
                      0.017804    0.000021   10.124320 v hold2/A (sky130_fd_sc_hd__dlygate4sd3_1)
     1    0.002939    0.038751    0.356216   10.480536 v hold2/X (sky130_fd_sc_hd__dlygate4sd3_1)
                                                         net276 (net)
                      0.038751    0.000030   10.480566 v _044_/A (sky130_fd_sc_hd__or4_1)
     1    0.003816    0.058383    0.300350   10.780916 v _044_/X (sky130_fd_sc_hd__or4_1)
                                                         _035_ (net)
                      0.058383    0.000061   10.780977 v hold3/A (sky130_fd_sc_hd__dlygate4sd3_1)
     1    0.004444    0.043868    0.379137   11.160114 v hold3/X (sky130_fd_sc_hd__dlygate4sd3_1)
                                                         net277 (net)
                      0.043868    0.000060   11.160174 v _048_/A (sky130_fd_sc_hd__nor4_1)
     1    0.007227    0.251585    0.256681   11.416856 ^ _048_/Y (sky130_fd_sc_hd__nor4_1)
                                                         _039_ (net)
                      0.251585    0.000233   11.417089 ^ hold4/A (sky130_fd_sc_hd__dlygate4sd3_1)
     1    0.007071    0.066140    0.419336   11.836424 ^ hold4/X (sky130_fd_sc_hd__dlygate4sd3_1)
                                                         net278 (net)
                      0.066140    0.000220   11.836644 ^ wire262/A (sky130_fd_sc_hd__buf_2)
     1    0.011925    0.049617    0.091883   11.928527 ^ wire262/X (sky130_fd_sc_hd__buf_2)
                                                         net262 (net)
                      0.049620    0.000465   11.928991 ^ hold5/A (sky130_fd_sc_hd__dlygate4sd3_1)
     7    0.047812    0.359715    0.605164   12.534156 ^ hold5/X (sky130_fd_sc_hd__dlygate4sd3_1)
                                                         net279 (net)
                      0.359753    0.003880   12.538035 ^ fanout261/A (sky130_fd_sc_hd__buf_4)
    33    0.121834    0.253226    0.251257   12.789291 ^ fanout261/X (sky130_fd_sc_hd__buf_4)
                                                         net261 (net)
                      0.253231    0.000970   12.790261 ^ _110_/C (sky130_fd_sc_hd__and3_1)
     1    0.002626    0.036893    0.110969   12.901231 ^ _110_/X (sky130_fd_sc_hd__and3_1)
                                                         _006_ (net)
                      0.036893    0.000026   12.901257 ^ _143_/D (sky130_fd_sc_hd__dfrtp_2)
                                             12.901257   data arrival time

                                 25.000000   25.000000   clock clk (rise edge)
                                  4.650000   29.650000   clock source latency
     2    0.029055    0.610000    0.000000   29.650000 ^ clk (in)
                                                         clk (net)
                      0.615113    0.002556   29.652555 ^ wire3/A (sky130_fd_sc_hd__buf_4)
     3    0.032428    0.081164    0.137073   29.789627 ^ wire3/X (sky130_fd_sc_hd__buf_4)
                                                         net274 (net)
                      0.081463    0.003830   29.793457 ^ wire2/A (sky130_fd_sc_hd__buf_6)
     3    0.070014    0.108553    0.126645   29.920103 ^ wire2/X (sky130_fd_sc_hd__buf_6)
                                                         net273 (net)
                      0.111101    0.013081   29.933184 ^ wire1/A (sky130_fd_sc_hd__buf_6)
     3    0.072443    0.112079    0.133127   30.066311 ^ wire1/X (sky130_fd_sc_hd__buf_6)
                                                         net272 (net)
                      0.114846    0.013845   30.080156 ^ clkbuf_0_clk/A (sky130_fd_sc_hd__clkbuf_16)
     9    0.092224    0.083717    0.146578   30.226734 ^ clkbuf_0_clk/X (sky130_fd_sc_hd__clkbuf_16)
                                                         clknet_0_clk (net)
                      0.084330    0.005684   30.232418 ^ clkbuf_2_0__f_clk/A (sky130_fd_sc_hd__clkbuf_16)
    17    0.083648    0.077124    0.133426   30.365845 ^ clkbuf_2_0__f_clk/X (sky130_fd_sc_hd__clkbuf_16)
                                                         clknet_2_0__leaf_clk (net)
                      0.077458    0.004043   30.369886 ^ _143_/CLK (sky130_fd_sc_hd__dfrtp_2)
                                 -0.250000   30.119886   clock uncertainty
                                  0.000000   30.119886   clock reconvergence pessimism
                                 -0.035202   30.084686   library setup time
                                             30.084686   data required time
---------------------------------------------------------------------------------------------
                                             30.084686   data required time
                                            -12.901257   data arrival time
---------------------------------------------------------------------------------------------
                                             17.183428   slack (MET)


Startpoint: _159_ (rising edge-triggered flip-flop clocked by clk)
Endpoint: wbs_dat_o[30] (output port clocked by clk)
Path Group: clk
Path Type: max

Fanout         Cap        Slew       Delay        Time   Description
---------------------------------------------------------------------------------------------
                                  0.000000    0.000000   clock clk (rise edge)
                                  5.570000    5.570000   clock source latency
     2    0.029055    0.610000    0.000000    5.570000 ^ clk (in)
                                                         clk (net)
                      0.615113    0.002556    5.572556 ^ wire3/A (sky130_fd_sc_hd__buf_4)
     3    0.032428    0.081164    0.137073    5.709629 ^ wire3/X (sky130_fd_sc_hd__buf_4)
                                                         net274 (net)
                      0.081463    0.003829    5.713459 ^ wire2/A (sky130_fd_sc_hd__buf_6)
     3    0.070014    0.108553    0.126646    5.840105 ^ wire2/X (sky130_fd_sc_hd__buf_6)
                                                         net273 (net)
                      0.111101    0.013080    5.853185 ^ wire1/A (sky130_fd_sc_hd__buf_6)
     3    0.072443    0.112079    0.133128    5.986313 ^ wire1/X (sky130_fd_sc_hd__buf_6)
                                                         net272 (net)
                      0.114846    0.013844    6.000157 ^ clkbuf_0_clk/A (sky130_fd_sc_hd__clkbuf_16)
     9    0.092224    0.083717    0.146578    6.146735 ^ clkbuf_0_clk/X (sky130_fd_sc_hd__clkbuf_16)
                                                         clknet_0_clk (net)
                      0.084219    0.005152    6.151887 ^ clkbuf_2_2__f_clk/A (sky130_fd_sc_hd__clkbuf_16)
    17    0.084814    0.077996    0.134283    6.286170 ^ clkbuf_2_2__f_clk/X (sky130_fd_sc_hd__clkbuf_16)
                                                         clknet_2_2__leaf_clk (net)
                      0.078884    0.006585    6.292756 ^ _159_/CLK (sky130_fd_sc_hd__dfrtp_4)
     3    0.145682    0.309763    0.445873    6.738628 ^ _159_/Q (sky130_fd_sc_hd__dfrtp_4)
                                                         net251 (net)
                      0.327181    0.056561    6.795189 ^ output251/A (sky130_fd_sc_hd__buf_12)
     1    0.191099    0.167430    0.182156    6.977345 ^ output251/X (sky130_fd_sc_hd__buf_12)
                                                         wbs_dat_o[30] (net)
                      0.167477    0.002347    6.979692 ^ wbs_dat_o[30] (out)
                                              6.979692   data arrival time

                                 25.000000   25.000000   clock clk (rise edge)
                                  4.650000   29.650000   clock network delay (propagated)
                                 -0.250000   29.400000   clock uncertainty
                                  0.000000   29.400000   clock reconvergence pessimism
                                 -3.620000   25.779999   output external delay
                                             25.779999   data required time
---------------------------------------------------------------------------------------------
                                             25.779999   data required time
                                             -6.979692   data arrival time
---------------------------------------------------------------------------------------------
                                             18.800308   slack (MET)


Startpoint: _160_ (rising edge-triggered flip-flop clocked by clk)
Endpoint: wbs_dat_o[31] (output port clocked by clk)
Path Group: clk
Path Type: max

Fanout         Cap        Slew       Delay        Time   Description
---------------------------------------------------------------------------------------------
                                  0.000000    0.000000   clock clk (rise edge)
                                  5.570000    5.570000   clock source latency
     2    0.029055    0.610000    0.000000    5.570000 ^ clk (in)
                                                         clk (net)
                      0.615113    0.002556    5.572556 ^ wire3/A (sky130_fd_sc_hd__buf_4)
     3    0.032428    0.081164    0.137073    5.709629 ^ wire3/X (sky130_fd_sc_hd__buf_4)
                                                         net274 (net)
                      0.081463    0.003829    5.713459 ^ wire2/A (sky130_fd_sc_hd__buf_6)
     3    0.070014    0.108553    0.126646    5.840105 ^ wire2/X (sky130_fd_sc_hd__buf_6)
                                                         net273 (net)
                      0.111101    0.013080    5.853185 ^ wire1/A (sky130_fd_sc_hd__buf_6)
     3    0.072443    0.112079    0.133128    5.986313 ^ wire1/X (sky130_fd_sc_hd__buf_6)
                                                         net272 (net)
                      0.114846    0.013844    6.000157 ^ clkbuf_0_clk/A (sky130_fd_sc_hd__clkbuf_16)
     9    0.092224    0.083717    0.146578    6.146735 ^ clkbuf_0_clk/X (sky130_fd_sc_hd__clkbuf_16)
                                                         clknet_0_clk (net)
                      0.084218    0.005149    6.151885 ^ clkbuf_2_3__f_clk/A (sky130_fd_sc_hd__clkbuf_16)
    21    0.067906    0.065840    0.123775    6.275660 ^ clkbuf_2_3__f_clk/X (sky130_fd_sc_hd__clkbuf_16)
                                                         clknet_2_3__leaf_clk (net)
                      0.067219    0.007389    6.283049 ^ _160_/CLK (sky130_fd_sc_hd__dfrtp_4)
     3    0.135086    0.288128    0.418330    6.701379 ^ _160_/Q (sky130_fd_sc_hd__dfrtp_4)
                                                         net252 (net)
                      0.314936    0.067110    6.768489 ^ output252/A (sky130_fd_sc_hd__buf_12)
     1    0.191090    0.167362    0.182534    6.951024 ^ output252/X (sky130_fd_sc_hd__buf_12)
                                                         wbs_dat_o[31] (net)
                      0.167410    0.002347    6.953370 ^ wbs_dat_o[31] (out)
                                              6.953370   data arrival time

                                 25.000000   25.000000   clock clk (rise edge)
                                  4.650000   29.650000   clock network delay (propagated)
                                 -0.250000   29.400000   clock uncertainty
                                  0.000000   29.400000   clock reconvergence pessimism
                                 -3.620000   25.779999   output external delay
                                             25.779999   data required time
---------------------------------------------------------------------------------------------
                                             25.779999   data required time
                                             -6.953370   data arrival time
---------------------------------------------------------------------------------------------
                                             18.826630   slack (MET)


Startpoint: _129_ (rising edge-triggered flip-flop clocked by clk)
Endpoint: wbs_dat_o[0] (output port clocked by clk)
Path Group: clk
Path Type: max

Fanout         Cap        Slew       Delay        Time   Description
---------------------------------------------------------------------------------------------
                                  0.000000    0.000000   clock clk (rise edge)
                                  5.570000    5.570000   clock source latency
     2    0.029055    0.610000    0.000000    5.570000 ^ clk (in)
                                                         clk (net)
                      0.615113    0.002556    5.572556 ^ wire3/A (sky130_fd_sc_hd__buf_4)
     3    0.032428    0.081164    0.137073    5.709629 ^ wire3/X (sky130_fd_sc_hd__buf_4)
                                                         net274 (net)
                      0.081463    0.003829    5.713459 ^ wire2/A (sky130_fd_sc_hd__buf_6)
     3    0.070014    0.108553    0.126646    5.840105 ^ wire2/X (sky130_fd_sc_hd__buf_6)
                                                         net273 (net)
                      0.111101    0.013080    5.853185 ^ wire1/A (sky130_fd_sc_hd__buf_6)
     3    0.072443    0.112079    0.133128    5.986313 ^ wire1/X (sky130_fd_sc_hd__buf_6)
                                                         net272 (net)
                      0.114846    0.013844    6.000157 ^ clkbuf_0_clk/A (sky130_fd_sc_hd__clkbuf_16)
     9    0.092224    0.083717    0.146578    6.146735 ^ clkbuf_0_clk/X (sky130_fd_sc_hd__clkbuf_16)
                                                         clknet_0_clk (net)
                      0.084314    0.005612    6.152347 ^ clkbuf_2_1__f_clk/A (sky130_fd_sc_hd__clkbuf_16)
    21    0.076896    0.072446    0.128800    6.281147 ^ clkbuf_2_1__f_clk/X (sky130_fd_sc_hd__clkbuf_16)
                                                         clknet_2_1__leaf_clk (net)
                      0.073660    0.007332    6.288480 ^ _129_/CLK (sky130_fd_sc_hd__dfrtp_4)
     3    0.118096    0.254325    0.409030    6.697509 ^ _129_/Q (sky130_fd_sc_hd__dfrtp_4)
                                                         net228 (net)
                      0.270002    0.048871    6.746380 ^ output228/A (sky130_fd_sc_hd__buf_12)
     1    0.190890    0.166934    0.184034    6.930414 ^ output228/X (sky130_fd_sc_hd__buf_12)
                                                         wbs_dat_o[0] (net)
                      0.166970    0.002052    6.932466 ^ wbs_dat_o[0] (out)
                                              6.932466   data arrival time

                                 25.000000   25.000000   clock clk (rise edge)
                                  4.650000   29.650000   clock network delay (propagated)
                                 -0.250000   29.400000   clock uncertainty
                                  0.000000   29.400000   clock reconvergence pessimism
                                 -3.620000   25.779999   output external delay
                                             25.779999   data required time
---------------------------------------------------------------------------------------------
                                             25.779999   data required time
                                             -6.932466   data arrival time
---------------------------------------------------------------------------------------------
                                             18.847534   slack (MET)


Startpoint: _158_ (rising edge-triggered flip-flop clocked by clk)
Endpoint: wbs_dat_o[29] (output port clocked by clk)
Path Group: clk
Path Type: max

Fanout         Cap        Slew       Delay        Time   Description
---------------------------------------------------------------------------------------------
                                  0.000000    0.000000   clock clk (rise edge)
                                  5.570000    5.570000   clock source latency
     2    0.029055    0.610000    0.000000    5.570000 ^ clk (in)
                                                         clk (net)
                      0.615113    0.002556    5.572556 ^ wire3/A (sky130_fd_sc_hd__buf_4)
     3    0.032428    0.081164    0.137073    5.709629 ^ wire3/X (sky130_fd_sc_hd__buf_4)
                                                         net274 (net)
                      0.081463    0.003829    5.713459 ^ wire2/A (sky130_fd_sc_hd__buf_6)
     3    0.070014    0.108553    0.126646    5.840105 ^ wire2/X (sky130_fd_sc_hd__buf_6)
                                                         net273 (net)
                      0.111101    0.013080    5.853185 ^ wire1/A (sky130_fd_sc_hd__buf_6)
     3    0.072443    0.112079    0.133128    5.986313 ^ wire1/X (sky130_fd_sc_hd__buf_6)
                                                         net272 (net)
                      0.114846    0.013844    6.000157 ^ clkbuf_0_clk/A (sky130_fd_sc_hd__clkbuf_16)
     9    0.092224    0.083717    0.146578    6.146735 ^ clkbuf_0_clk/X (sky130_fd_sc_hd__clkbuf_16)
                                                         clknet_0_clk (net)
                      0.084218    0.005149    6.151885 ^ clkbuf_2_3__f_clk/A (sky130_fd_sc_hd__clkbuf_16)
    21    0.067906    0.065840    0.123775    6.275660 ^ clkbuf_2_3__f_clk/X (sky130_fd_sc_hd__clkbuf_16)
                                                         clknet_2_3__leaf_clk (net)
                      0.067330    0.007694    6.283354 ^ _158_/CLK (sky130_fd_sc_hd__dfrtp_4)
     3    0.123850    0.266360    0.410079    6.693433 ^ _158_/Q (sky130_fd_sc_hd__dfrtp_4)
                                                         net249 (net)
                      0.284106    0.053118    6.746551 ^ output249/A (sky130_fd_sc_hd__buf_12)
     1    0.191154    0.167261    0.183536    6.930087 ^ output249/X (sky130_fd_sc_hd__buf_12)
                                                         wbs_dat_o[29] (net)
                      0.167309    0.002347    6.932435 ^ wbs_dat_o[29] (out)
                                              6.932435   data arrival time

                                 25.000000   25.000000   clock clk (rise edge)
                                  4.650000   29.650000   clock network delay (propagated)
                                 -0.250000   29.400000   clock uncertainty
                                  0.000000   29.400000   clock reconvergence pessimism
                                 -3.620000   25.779999   output external delay
                                             25.779999   data required time
---------------------------------------------------------------------------------------------
                                             25.779999   data required time
                                             -6.932435   data arrival time
---------------------------------------------------------------------------------------------
                                             18.847567   slack (MET)


Startpoint: _131_ (rising edge-triggered flip-flop clocked by clk)
Endpoint: wbs_dat_o[2] (output port clocked by clk)
Path Group: clk
Path Type: max

Fanout         Cap        Slew       Delay        Time   Description
---------------------------------------------------------------------------------------------
                                  0.000000    0.000000   clock clk (rise edge)
                                  5.570000    5.570000   clock source latency
     2    0.029055    0.610000    0.000000    5.570000 ^ clk (in)
                                                         clk (net)
                      0.615113    0.002556    5.572556 ^ wire3/A (sky130_fd_sc_hd__buf_4)
     3    0.032428    0.081164    0.137073    5.709629 ^ wire3/X (sky130_fd_sc_hd__buf_4)
                                                         net274 (net)
                      0.081463    0.003829    5.713459 ^ wire2/A (sky130_fd_sc_hd__buf_6)
     3    0.070014    0.108553    0.126646    5.840105 ^ wire2/X (sky130_fd_sc_hd__buf_6)
                                                         net273 (net)
                      0.111101    0.013080    5.853185 ^ wire1/A (sky130_fd_sc_hd__buf_6)
     3    0.072443    0.112079    0.133128    5.986313 ^ wire1/X (sky130_fd_sc_hd__buf_6)
                                                         net272 (net)
                      0.114846    0.013844    6.000157 ^ clkbuf_0_clk/A (sky130_fd_sc_hd__clkbuf_16)
     9    0.092224    0.083717    0.146578    6.146735 ^ clkbuf_0_clk/X (sky130_fd_sc_hd__clkbuf_16)
                                                         clknet_0_clk (net)
                      0.084314    0.005612    6.152347 ^ clkbuf_2_1__f_clk/A (sky130_fd_sc_hd__clkbuf_16)
    21    0.076896    0.072446    0.128800    6.281147 ^ clkbuf_2_1__f_clk/X (sky130_fd_sc_hd__clkbuf_16)
                                                         clknet_2_1__leaf_clk (net)
                      0.074096    0.008577    6.289724 ^ _131_/CLK (sky130_fd_sc_hd__dfrtp_4)
     3    0.115340    0.249762    0.401958    6.691682 ^ _131_/Q (sky130_fd_sc_hd__dfrtp_4)
                                                         net250 (net)
                      0.263296    0.045176    6.736859 ^ output250/A (sky130_fd_sc_hd__buf_12)
     1    0.190890    0.166900    0.184244    6.921103 ^ output250/X (sky130_fd_sc_hd__buf_12)
                                                         wbs_dat_o[2] (net)
                      0.166937    0.002052    6.923155 ^ wbs_dat_o[2] (out)
                                              6.923155   data arrival time

                                 25.000000   25.000000   clock clk (rise edge)
                                  4.650000   29.650000   clock network delay (propagated)
                                 -0.250000   29.400000   clock uncertainty
                                  0.000000   29.400000   clock reconvergence pessimism
                                 -3.620000   25.779999   output external delay
                                             25.779999   data required time
---------------------------------------------------------------------------------------------
                                             25.779999   data required time
                                             -6.923155   data arrival time
---------------------------------------------------------------------------------------------
                                             18.856846   slack (MET)


Startpoint: _132_ (rising edge-triggered flip-flop clocked by clk)
Endpoint: wbs_dat_o[3] (output port clocked by clk)
Path Group: clk
Path Type: max

Fanout         Cap        Slew       Delay        Time   Description
---------------------------------------------------------------------------------------------
                                  0.000000    0.000000   clock clk (rise edge)
                                  5.570000    5.570000   clock source latency
     2    0.029055    0.610000    0.000000    5.570000 ^ clk (in)
                                                         clk (net)
                      0.615113    0.002556    5.572556 ^ wire3/A (sky130_fd_sc_hd__buf_4)
     3    0.032428    0.081164    0.137073    5.709629 ^ wire3/X (sky130_fd_sc_hd__buf_4)
                                                         net274 (net)
                      0.081463    0.003829    5.713459 ^ wire2/A (sky130_fd_sc_hd__buf_6)
     3    0.070014    0.108553    0.126646    5.840105 ^ wire2/X (sky130_fd_sc_hd__buf_6)
                                                         net273 (net)
                      0.111101    0.013080    5.853185 ^ wire1/A (sky130_fd_sc_hd__buf_6)
     3    0.072443    0.112079    0.133128    5.986313 ^ wire1/X (sky130_fd_sc_hd__buf_6)
                                                         net272 (net)
                      0.114846    0.013844    6.000157 ^ clkbuf_0_clk/A (sky130_fd_sc_hd__clkbuf_16)
     9    0.092224    0.083717    0.146578    6.146735 ^ clkbuf_0_clk/X (sky130_fd_sc_hd__clkbuf_16)
                                                         clknet_0_clk (net)
                      0.084314    0.005612    6.152347 ^ clkbuf_2_1__f_clk/A (sky130_fd_sc_hd__clkbuf_16)
    21    0.076896    0.072446    0.128800    6.281147 ^ clkbuf_2_1__f_clk/X (sky130_fd_sc_hd__clkbuf_16)
                                                         clknet_2_1__leaf_clk (net)
                      0.074117    0.008634    6.289781 ^ _132_/CLK (sky130_fd_sc_hd__dfrtp_4)
     3    0.114712    0.249183    0.398819    6.688600 ^ _132_/Q (sky130_fd_sc_hd__dfrtp_4)
                                                         net253 (net)
                      0.261814    0.043660    6.732259 ^ output253/A (sky130_fd_sc_hd__buf_12)
     1    0.190872    0.166873    0.184283    6.916542 ^ output253/X (sky130_fd_sc_hd__buf_12)
                                                         wbs_dat_o[3] (net)
                      0.166909    0.002051    6.918593 ^ wbs_dat_o[3] (out)
                                              6.918593   data arrival time

                                 25.000000   25.000000   clock clk (rise edge)
                                  4.650000   29.650000   clock network delay (propagated)
                                 -0.250000   29.400000   clock uncertainty
                                  0.000000   29.400000   clock reconvergence pessimism
                                 -3.620000   25.779999   output external delay
                                             25.779999   data required time
---------------------------------------------------------------------------------------------
                                             25.779999   data required time
                                             -6.918593   data arrival time
---------------------------------------------------------------------------------------------
                                             18.861406   slack (MET)


Startpoint: _157_ (rising edge-triggered flip-flop clocked by clk)
Endpoint: wbs_dat_o[28] (output port clocked by clk)
Path Group: clk
Path Type: max

Fanout         Cap        Slew       Delay        Time   Description
---------------------------------------------------------------------------------------------
                                  0.000000    0.000000   clock clk (rise edge)
                                  5.570000    5.570000   clock source latency
     2    0.029055    0.610000    0.000000    5.570000 ^ clk (in)
                                                         clk (net)
                      0.615113    0.002556    5.572556 ^ wire3/A (sky130_fd_sc_hd__buf_4)
     3    0.032428    0.081164    0.137073    5.709629 ^ wire3/X (sky130_fd_sc_hd__buf_4)
                                                         net274 (net)
                      0.081463    0.003829    5.713459 ^ wire2/A (sky130_fd_sc_hd__buf_6)
     3    0.070014    0.108553    0.126646    5.840105 ^ wire2/X (sky130_fd_sc_hd__buf_6)
                                                         net273 (net)
                      0.111101    0.013080    5.853185 ^ wire1/A (sky130_fd_sc_hd__buf_6)
     3    0.072443    0.112079    0.133128    5.986313 ^ wire1/X (sky130_fd_sc_hd__buf_6)
                                                         net272 (net)
                      0.114846    0.013844    6.000157 ^ clkbuf_0_clk/A (sky130_fd_sc_hd__clkbuf_16)
     9    0.092224    0.083717    0.146578    6.146735 ^ clkbuf_0_clk/X (sky130_fd_sc_hd__clkbuf_16)
                                                         clknet_0_clk (net)
                      0.084218    0.005149    6.151885 ^ clkbuf_2_3__f_clk/A (sky130_fd_sc_hd__clkbuf_16)
    21    0.067906    0.065840    0.123775    6.275660 ^ clkbuf_2_3__f_clk/X (sky130_fd_sc_hd__clkbuf_16)
                                                         clknet_2_3__leaf_clk (net)
                      0.067125    0.007124    6.282784 ^ _157_/CLK (sky130_fd_sc_hd__dfrtp_4)
     3    0.111280    0.240843    0.395846    6.678630 ^ _157_/Q (sky130_fd_sc_hd__dfrtp_4)
                                                         net248 (net)
                      0.255330    0.045731    6.724361 ^ output248/A (sky130_fd_sc_hd__buf_12)
     1    0.191118    0.167079    0.184420    6.908781 ^ output248/X (sky130_fd_sc_hd__buf_12)
                                                         wbs_dat_o[28] (net)
                      0.167127    0.002347    6.911128 ^ wbs_dat_o[28] (out)
                                              6.911128   data arrival time

                                 25.000000   25.000000   clock clk (rise edge)
                                  4.650000   29.650000   clock network delay (propagated)
                                 -0.250000   29.400000   clock uncertainty
                                  0.000000   29.400000   clock reconvergence pessimism
                                 -3.620000   25.779999   output external delay
                                             25.779999   data required time
---------------------------------------------------------------------------------------------
                                             25.779999   data required time
                                             -6.911128   data arrival time
---------------------------------------------------------------------------------------------
                                             18.868872   slack (MET)


Startpoint: _130_ (rising edge-triggered flip-flop clocked by clk)
Endpoint: wbs_dat_o[1] (output port clocked by clk)
Path Group: clk
Path Type: max

Fanout         Cap        Slew       Delay        Time   Description
---------------------------------------------------------------------------------------------
                                  0.000000    0.000000   clock clk (rise edge)
                                  5.570000    5.570000   clock source latency
     2    0.029055    0.610000    0.000000    5.570000 ^ clk (in)
                                                         clk (net)
                      0.615113    0.002556    5.572556 ^ wire3/A (sky130_fd_sc_hd__buf_4)
     3    0.032428    0.081164    0.137073    5.709629 ^ wire3/X (sky130_fd_sc_hd__buf_4)
                                                         net274 (net)
                      0.081463    0.003829    5.713459 ^ wire2/A (sky130_fd_sc_hd__buf_6)
     3    0.070014    0.108553    0.126646    5.840105 ^ wire2/X (sky130_fd_sc_hd__buf_6)
                                                         net273 (net)
                      0.111101    0.013080    5.853185 ^ wire1/A (sky130_fd_sc_hd__buf_6)
     3    0.072443    0.112079    0.133128    5.986313 ^ wire1/X (sky130_fd_sc_hd__buf_6)
                                                         net272 (net)
                      0.114846    0.013844    6.000157 ^ clkbuf_0_clk/A (sky130_fd_sc_hd__clkbuf_16)
     9    0.092224    0.083717    0.146578    6.146735 ^ clkbuf_0_clk/X (sky130_fd_sc_hd__clkbuf_16)
                                                         clknet_0_clk (net)
                      0.084314    0.005612    6.152347 ^ clkbuf_2_1__f_clk/A (sky130_fd_sc_hd__clkbuf_16)
    21    0.076896    0.072446    0.128800    6.281147 ^ clkbuf_2_1__f_clk/X (sky130_fd_sc_hd__clkbuf_16)
                                                         clknet_2_1__leaf_clk (net)
                      0.074103    0.008595    6.289742 ^ _130_/CLK (sky130_fd_sc_hd__dfrtp_4)
     3    0.104290    0.226771    0.392565    6.682307 ^ _130_/Q (sky130_fd_sc_hd__dfrtp_4)
                                                         net239 (net)
                      0.238291    0.039720    6.722028 ^ output239/A (sky130_fd_sc_hd__buf_12)
     1    0.190890    0.166771    0.185030    6.907058 ^ output239/X (sky130_fd_sc_hd__buf_12)
                                                         wbs_dat_o[1] (net)
                      0.166808    0.002052    6.909110 ^ wbs_dat_o[1] (out)
                                              6.909110   data arrival time

                                 25.000000   25.000000   clock clk (rise edge)
                                  4.650000   29.650000   clock network delay (propagated)
                                 -0.250000   29.400000   clock uncertainty
                                  0.000000   29.400000   clock reconvergence pessimism
                                 -3.620000   25.779999   output external delay
                                             25.779999   data required time
---------------------------------------------------------------------------------------------
                                             25.779999   data required time
                                             -6.909110   data arrival time
---------------------------------------------------------------------------------------------
                                             18.870890   slack (MET)


Startpoint: _156_ (rising edge-triggered flip-flop clocked by clk)
Endpoint: wbs_dat_o[27] (output port clocked by clk)
Path Group: clk
Path Type: max

Fanout         Cap        Slew       Delay        Time   Description
---------------------------------------------------------------------------------------------
                                  0.000000    0.000000   clock clk (rise edge)
                                  5.570000    5.570000   clock source latency
     2    0.029055    0.610000    0.000000    5.570000 ^ clk (in)
                                                         clk (net)
                      0.615113    0.002556    5.572556 ^ wire3/A (sky130_fd_sc_hd__buf_4)
     3    0.032428    0.081164    0.137073    5.709629 ^ wire3/X (sky130_fd_sc_hd__buf_4)
                                                         net274 (net)
                      0.081463    0.003829    5.713459 ^ wire2/A (sky130_fd_sc_hd__buf_6)
     3    0.070014    0.108553    0.126646    5.840105 ^ wire2/X (sky130_fd_sc_hd__buf_6)
                                                         net273 (net)
                      0.111101    0.013080    5.853185 ^ wire1/A (sky130_fd_sc_hd__buf_6)
     3    0.072443    0.112079    0.133128    5.986313 ^ wire1/X (sky130_fd_sc_hd__buf_6)
                                                         net272 (net)
                      0.114846    0.013844    6.000157 ^ clkbuf_0_clk/A (sky130_fd_sc_hd__clkbuf_16)
     9    0.092224    0.083717    0.146578    6.146735 ^ clkbuf_0_clk/X (sky130_fd_sc_hd__clkbuf_16)
                                                         clknet_0_clk (net)
                      0.084218    0.005149    6.151885 ^ clkbuf_2_3__f_clk/A (sky130_fd_sc_hd__clkbuf_16)
    21    0.067906    0.065840    0.123775    6.275660 ^ clkbuf_2_3__f_clk/X (sky130_fd_sc_hd__clkbuf_16)
                                                         clknet_2_3__leaf_clk (net)
                      0.067218    0.007387    6.283046 ^ _156_/CLK (sky130_fd_sc_hd__dfrtp_4)
     3    0.099313    0.216979    0.384719    6.667765 ^ _156_/Q (sky130_fd_sc_hd__dfrtp_4)
                                                         net247 (net)
                      0.226774    0.035936    6.703701 ^ output247/A (sky130_fd_sc_hd__buf_12)
     1    0.191387    0.167186    0.185305    6.889006 ^ output247/X (sky130_fd_sc_hd__buf_12)
                                                         wbs_dat_o[27] (net)
                      0.167244    0.002581    6.891586 ^ wbs_dat_o[27] (out)
                                              6.891586   data arrival time

                                 25.000000   25.000000   clock clk (rise edge)
                                  4.650000   29.650000   clock network delay (propagated)
                                 -0.250000   29.400000   clock uncertainty
                                  0.000000   29.400000   clock reconvergence pessimism
                                 -3.620000   25.779999   output external delay
                                             25.779999   data required time
---------------------------------------------------------------------------------------------
                                             25.779999   data required time
                                             -6.891586   data arrival time
---------------------------------------------------------------------------------------------
                                             18.888412   slack (MET)


Startpoint: _133_ (rising edge-triggered flip-flop clocked by clk)
Endpoint: wbs_dat_o[4] (output port clocked by clk)
Path Group: clk
Path Type: max

Fanout         Cap        Slew       Delay        Time   Description
---------------------------------------------------------------------------------------------
                                  0.000000    0.000000   clock clk (rise edge)
                                  5.570000    5.570000   clock source latency
     2    0.029055    0.610000    0.000000    5.570000 ^ clk (in)
                                                         clk (net)
                      0.615113    0.002556    5.572556 ^ wire3/A (sky130_fd_sc_hd__buf_4)
     3    0.032428    0.081164    0.137073    5.709629 ^ wire3/X (sky130_fd_sc_hd__buf_4)
                                                         net274 (net)
                      0.081463    0.003829    5.713459 ^ wire2/A (sky130_fd_sc_hd__buf_6)
     3    0.070014    0.108553    0.126646    5.840105 ^ wire2/X (sky130_fd_sc_hd__buf_6)
                                                         net273 (net)
                      0.111101    0.013080    5.853185 ^ wire1/A (sky130_fd_sc_hd__buf_6)
     3    0.072443    0.112079    0.133128    5.986313 ^ wire1/X (sky130_fd_sc_hd__buf_6)
                                                         net272 (net)
                      0.114846    0.013844    6.000157 ^ clkbuf_0_clk/A (sky130_fd_sc_hd__clkbuf_16)
     9    0.092224    0.083717    0.146578    6.146735 ^ clkbuf_0_clk/X (sky130_fd_sc_hd__clkbuf_16)
                                                         clknet_0_clk (net)
                      0.084314    0.005612    6.152347 ^ clkbuf_2_1__f_clk/A (sky130_fd_sc_hd__clkbuf_16)
    21    0.076896    0.072446    0.128800    6.281147 ^ clkbuf_2_1__f_clk/X (sky130_fd_sc_hd__clkbuf_16)
                                                         clknet_2_1__leaf_clk (net)
                      0.074134    0.008679    6.289826 ^ _133_/CLK (sky130_fd_sc_hd__dfrtp_4)
     3    0.079477    0.176936    0.363158    6.652984 ^ _133_/Q (sky130_fd_sc_hd__dfrtp_4)
                                                         net254 (net)
                      0.182198    0.024001    6.676985 ^ output254/A (sky130_fd_sc_hd__buf_12)
     1    0.190909    0.166616    0.182653    6.859637 ^ output254/X (sky130_fd_sc_hd__buf_12)
                                                         wbs_dat_o[4] (net)
                      0.166653    0.002052    6.861689 ^ wbs_dat_o[4] (out)
                                              6.861689   data arrival time

                                 25.000000   25.000000   clock clk (rise edge)
                                  4.650000   29.650000   clock network delay (propagated)
                                 -0.250000   29.400000   clock uncertainty
                                  0.000000   29.400000   clock reconvergence pessimism
                                 -3.620000   25.779999   output external delay
                                             25.779999   data required time
---------------------------------------------------------------------------------------------
                                             25.779999   data required time
                                             -6.861689   data arrival time
---------------------------------------------------------------------------------------------
                                             18.918310   slack (MET)


Startpoint: _155_ (rising edge-triggered flip-flop clocked by clk)
Endpoint: wbs_dat_o[26] (output port clocked by clk)
Path Group: clk
Path Type: max

Fanout         Cap        Slew       Delay        Time   Description
---------------------------------------------------------------------------------------------
                                  0.000000    0.000000   clock clk (rise edge)
                                  5.570000    5.570000   clock source latency
     2    0.029055    0.610000    0.000000    5.570000 ^ clk (in)
                                                         clk (net)
                      0.615113    0.002556    5.572556 ^ wire3/A (sky130_fd_sc_hd__buf_4)
     3    0.032428    0.081164    0.137073    5.709629 ^ wire3/X (sky130_fd_sc_hd__buf_4)
                                                         net274 (net)
                      0.081463    0.003829    5.713459 ^ wire2/A (sky130_fd_sc_hd__buf_6)
     3    0.070014    0.108553    0.126646    5.840105 ^ wire2/X (sky130_fd_sc_hd__buf_6)
                                                         net273 (net)
                      0.111101    0.013080    5.853185 ^ wire1/A (sky130_fd_sc_hd__buf_6)
     3    0.072443    0.112079    0.133128    5.986313 ^ wire1/X (sky130_fd_sc_hd__buf_6)
                                                         net272 (net)
                      0.114846    0.013844    6.000157 ^ clkbuf_0_clk/A (sky130_fd_sc_hd__clkbuf_16)
     9    0.092224    0.083717    0.146578    6.146735 ^ clkbuf_0_clk/X (sky130_fd_sc_hd__clkbuf_16)
                                                         clknet_0_clk (net)
                      0.084218    0.005149    6.151885 ^ clkbuf_2_3__f_clk/A (sky130_fd_sc_hd__clkbuf_16)
    21    0.067906    0.065840    0.123775    6.275660 ^ clkbuf_2_3__f_clk/X (sky130_fd_sc_hd__clkbuf_16)
                                                         clknet_2_3__leaf_clk (net)
                      0.067496    0.008130    6.283790 ^ _155_/CLK (sky130_fd_sc_hd__dfrtp_4)
     3    0.081838    0.181237    0.365950    6.649739 ^ _155_/Q (sky130_fd_sc_hd__dfrtp_4)
                                                         net246 (net)
                      0.186689    0.024642    6.674381 ^ output246/A (sky130_fd_sc_hd__buf_12)
     1    0.191281    0.166973    0.182965    6.857346 ^ output246/X (sky130_fd_sc_hd__buf_12)
                                                         wbs_dat_o[26] (net)
                      0.167021    0.002350    6.859695 ^ wbs_dat_o[26] (out)
                                              6.859695   data arrival time

                                 25.000000   25.000000   clock clk (rise edge)
                                  4.650000   29.650000   clock network delay (propagated)
                                 -0.250000   29.400000   clock uncertainty
                                  0.000000   29.400000   clock reconvergence pessimism
                                 -3.620000   25.779999   output external delay
                                             25.779999   data required time
---------------------------------------------------------------------------------------------
                                             25.779999   data required time
                                             -6.859695   data arrival time
---------------------------------------------------------------------------------------------
                                             18.920303   slack (MET)


Startpoint: _153_ (rising edge-triggered flip-flop clocked by clk)
Endpoint: wbs_dat_o[24] (output port clocked by clk)
Path Group: clk
Path Type: max

Fanout         Cap        Slew       Delay        Time   Description
---------------------------------------------------------------------------------------------
                                  0.000000    0.000000   clock clk (rise edge)
                                  5.570000    5.570000   clock source latency
     2    0.029055    0.610000    0.000000    5.570000 ^ clk (in)
                                                         clk (net)
                      0.615113    0.002556    5.572556 ^ wire3/A (sky130_fd_sc_hd__buf_4)
     3    0.032428    0.081164    0.137073    5.709629 ^ wire3/X (sky130_fd_sc_hd__buf_4)
                                                         net274 (net)
                      0.081463    0.003829    5.713459 ^ wire2/A (sky130_fd_sc_hd__buf_6)
     3    0.070014    0.108553    0.126646    5.840105 ^ wire2/X (sky130_fd_sc_hd__buf_6)
                                                         net273 (net)
                      0.111101    0.013080    5.853185 ^ wire1/A (sky130_fd_sc_hd__buf_6)
     3    0.072443    0.112079    0.133128    5.986313 ^ wire1/X (sky130_fd_sc_hd__buf_6)
                                                         net272 (net)
                      0.114846    0.013844    6.000157 ^ clkbuf_0_clk/A (sky130_fd_sc_hd__clkbuf_16)
     9    0.092224    0.083717    0.146578    6.146735 ^ clkbuf_0_clk/X (sky130_fd_sc_hd__clkbuf_16)
                                                         clknet_0_clk (net)
                      0.084218    0.005149    6.151885 ^ clkbuf_2_3__f_clk/A (sky130_fd_sc_hd__clkbuf_16)
    21    0.067906    0.065840    0.123775    6.275660 ^ clkbuf_2_3__f_clk/X (sky130_fd_sc_hd__clkbuf_16)
                                                         clknet_2_3__leaf_clk (net)
                      0.067460    0.008038    6.283698 ^ _153_/CLK (sky130_fd_sc_hd__dfrtp_4)
     3    0.083229    0.184594    0.367198    6.650896 ^ _153_/Q (sky130_fd_sc_hd__dfrtp_4)
                                                         net244 (net)
                      0.189122    0.022838    6.673734 ^ output244/A (sky130_fd_sc_hd__buf_12)
     1    0.191404    0.167112    0.183040    6.856773 ^ output244/X (sky130_fd_sc_hd__buf_12)
                                                         wbs_dat_o[24] (net)
                      0.167170    0.002581    6.859354 ^ wbs_dat_o[24] (out)
                                              6.859354   data arrival time

                                 25.000000   25.000000   clock clk (rise edge)
                                  4.650000   29.650000   clock network delay (propagated)
                                 -0.250000   29.400000   clock uncertainty
                                  0.000000   29.400000   clock reconvergence pessimism
                                 -3.620000   25.779999   output external delay
                                             25.779999   data required time
---------------------------------------------------------------------------------------------
                                             25.779999   data required time
                                             -6.859354   data arrival time
---------------------------------------------------------------------------------------------
                                             18.920645   slack (MET)


Startpoint: _154_ (rising edge-triggered flip-flop clocked by clk)
Endpoint: wbs_dat_o[25] (output port clocked by clk)
Path Group: clk
Path Type: max

Fanout         Cap        Slew       Delay        Time   Description
---------------------------------------------------------------------------------------------
                                  0.000000    0.000000   clock clk (rise edge)
                                  5.570000    5.570000   clock source latency
     2    0.029055    0.610000    0.000000    5.570000 ^ clk (in)
                                                         clk (net)
                      0.615113    0.002556    5.572556 ^ wire3/A (sky130_fd_sc_hd__buf_4)
     3    0.032428    0.081164    0.137073    5.709629 ^ wire3/X (sky130_fd_sc_hd__buf_4)
                                                         net274 (net)
                      0.081463    0.003829    5.713459 ^ wire2/A (sky130_fd_sc_hd__buf_6)
     3    0.070014    0.108553    0.126646    5.840105 ^ wire2/X (sky130_fd_sc_hd__buf_6)
                                                         net273 (net)
                      0.111101    0.013080    5.853185 ^ wire1/A (sky130_fd_sc_hd__buf_6)
     3    0.072443    0.112079    0.133128    5.986313 ^ wire1/X (sky130_fd_sc_hd__buf_6)
                                                         net272 (net)
                      0.114846    0.013844    6.000157 ^ clkbuf_0_clk/A (sky130_fd_sc_hd__clkbuf_16)
     9    0.092224    0.083717    0.146578    6.146735 ^ clkbuf_0_clk/X (sky130_fd_sc_hd__clkbuf_16)
                                                         clknet_0_clk (net)
                      0.084218    0.005149    6.151885 ^ clkbuf_2_3__f_clk/A (sky130_fd_sc_hd__clkbuf_16)
    21    0.067906    0.065840    0.123775    6.275660 ^ clkbuf_2_3__f_clk/X (sky130_fd_sc_hd__clkbuf_16)
                                                         clknet_2_3__leaf_clk (net)
                      0.067484    0.008099    6.283759 ^ _154_/CLK (sky130_fd_sc_hd__dfrtp_4)
     3    0.078921    0.175357    0.363646    6.647405 ^ _154_/Q (sky130_fd_sc_hd__dfrtp_4)
                                                         net245 (net)
                      0.179424    0.021051    6.668456 ^ output245/A (sky130_fd_sc_hd__buf_12)
     1    0.191404    0.166516    0.182459    6.850914 ^ output245/X (sky130_fd_sc_hd__buf_12)
                                                         wbs_dat_o[25] (net)
                      0.166574    0.002581    6.853495 ^ wbs_dat_o[25] (out)
                                              6.853495   data arrival time

                                 25.000000   25.000000   clock clk (rise edge)
                                  4.650000   29.650000   clock network delay (propagated)
                                 -0.250000   29.400000   clock uncertainty
                                  0.000000   29.400000   clock reconvergence pessimism
                                 -3.620000   25.779999   output external delay
                                             25.779999   data required time
---------------------------------------------------------------------------------------------
                                             25.779999   data required time
                                             -6.853495   data arrival time
---------------------------------------------------------------------------------------------
                                             18.926504   slack (MET)


Startpoint: _152_ (rising edge-triggered flip-flop clocked by clk)
Endpoint: wbs_dat_o[23] (output port clocked by clk)
Path Group: clk
Path Type: max

Fanout         Cap        Slew       Delay        Time   Description
---------------------------------------------------------------------------------------------
                                  0.000000    0.000000   clock clk (rise edge)
                                  5.570000    5.570000   clock source latency
     2    0.029055    0.610000    0.000000    5.570000 ^ clk (in)
                                                         clk (net)
                      0.615113    0.002556    5.572556 ^ wire3/A (sky130_fd_sc_hd__buf_4)
     3    0.032428    0.081164    0.137073    5.709629 ^ wire3/X (sky130_fd_sc_hd__buf_4)
                                                         net274 (net)
                      0.081463    0.003829    5.713459 ^ wire2/A (sky130_fd_sc_hd__buf_6)
     3    0.070014    0.108553    0.126646    5.840105 ^ wire2/X (sky130_fd_sc_hd__buf_6)
                                                         net273 (net)
                      0.111101    0.013080    5.853185 ^ wire1/A (sky130_fd_sc_hd__buf_6)
     3    0.072443    0.112079    0.133128    5.986313 ^ wire1/X (sky130_fd_sc_hd__buf_6)
                                                         net272 (net)
                      0.114846    0.013844    6.000157 ^ clkbuf_0_clk/A (sky130_fd_sc_hd__clkbuf_16)
     9    0.092224    0.083717    0.146578    6.146735 ^ clkbuf_0_clk/X (sky130_fd_sc_hd__clkbuf_16)
                                                         clknet_0_clk (net)
                      0.084218    0.005149    6.151885 ^ clkbuf_2_3__f_clk/A (sky130_fd_sc_hd__clkbuf_16)
    21    0.067906    0.065840    0.123775    6.275660 ^ clkbuf_2_3__f_clk/X (sky130_fd_sc_hd__clkbuf_16)
                                                         clknet_2_3__leaf_clk (net)
                      0.067502    0.008146    6.283806 ^ _152_/CLK (sky130_fd_sc_hd__dfrtp_4)
     3    0.073590    0.163678    0.359174    6.642980 ^ _152_/Q (sky130_fd_sc_hd__dfrtp_4)
                                                         net243 (net)
                      0.165714    0.014533    6.657513 ^ output243/A (sky130_fd_sc_hd__buf_12)
     1    0.191404    0.166481    0.181517    6.839029 ^ output243/X (sky130_fd_sc_hd__buf_12)
                                                         wbs_dat_o[23] (net)
                      0.166539    0.002581    6.841610 ^ wbs_dat_o[23] (out)
                                              6.841610   data arrival time

                                 25.000000   25.000000   clock clk (rise edge)
                                  4.650000   29.650000   clock network delay (propagated)
                                 -0.250000   29.400000   clock uncertainty
                                  0.000000   29.400000   clock reconvergence pessimism
                                 -3.620000   25.779999   output external delay
                                             25.779999   data required time
---------------------------------------------------------------------------------------------
                                             25.779999   data required time
                                             -6.841610   data arrival time
---------------------------------------------------------------------------------------------
                                             18.938389   slack (MET)


Startpoint: _135_ (rising edge-triggered flip-flop clocked by clk)
Endpoint: wbs_dat_o[6] (output port clocked by clk)
Path Group: clk
Path Type: max

Fanout         Cap        Slew       Delay        Time   Description
---------------------------------------------------------------------------------------------
                                  0.000000    0.000000   clock clk (rise edge)
                                  5.570000    5.570000   clock source latency
     2    0.029055    0.610000    0.000000    5.570000 ^ clk (in)
                                                         clk (net)
                      0.615113    0.002556    5.572556 ^ wire3/A (sky130_fd_sc_hd__buf_4)
     3    0.032428    0.081164    0.137073    5.709629 ^ wire3/X (sky130_fd_sc_hd__buf_4)
                                                         net274 (net)
                      0.081463    0.003829    5.713459 ^ wire2/A (sky130_fd_sc_hd__buf_6)
     3    0.070014    0.108553    0.126646    5.840105 ^ wire2/X (sky130_fd_sc_hd__buf_6)
                                                         net273 (net)
                      0.111101    0.013080    5.853185 ^ wire1/A (sky130_fd_sc_hd__buf_6)
     3    0.072443    0.112079    0.133128    5.986313 ^ wire1/X (sky130_fd_sc_hd__buf_6)
                                                         net272 (net)
                      0.114846    0.013844    6.000157 ^ clkbuf_0_clk/A (sky130_fd_sc_hd__clkbuf_16)
     9    0.092224    0.083717    0.146578    6.146735 ^ clkbuf_0_clk/X (sky130_fd_sc_hd__clkbuf_16)
                                                         clknet_0_clk (net)
                      0.084330    0.005683    6.152418 ^ clkbuf_2_0__f_clk/A (sky130_fd_sc_hd__clkbuf_16)
    17    0.083648    0.077124    0.133427    6.285845 ^ clkbuf_2_0__f_clk/X (sky130_fd_sc_hd__clkbuf_16)
                                                         clknet_2_0__leaf_clk (net)
                      0.077996    0.006482    6.292327 ^ _135_/CLK (sky130_fd_sc_hd__dfrtp_4)
     3    0.064438    0.095978    0.369765    6.662092 v _135_/Q (sky130_fd_sc_hd__dfrtp_4)
                                                         net256 (net)
                      0.099464    0.013974    6.676065 v output256/A (sky130_fd_sc_hd__buf_12)
     1    0.190890    0.075922    0.162072    6.838138 v output256/X (sky130_fd_sc_hd__buf_12)
                                                         wbs_dat_o[6] (net)
                      0.075990    0.002047    6.840185 v wbs_dat_o[6] (out)
                                              6.840185   data arrival time

                                 25.000000   25.000000   clock clk (rise edge)
                                  4.650000   29.650000   clock network delay (propagated)
                                 -0.250000   29.400000   clock uncertainty
                                  0.000000   29.400000   clock reconvergence pessimism
                                 -3.620000   25.779999   output external delay
                                             25.779999   data required time
---------------------------------------------------------------------------------------------
                                             25.779999   data required time
                                             -6.840185   data arrival time
---------------------------------------------------------------------------------------------
                                             18.939816   slack (MET)


Startpoint: _134_ (rising edge-triggered flip-flop clocked by clk)
Endpoint: wbs_dat_o[5] (output port clocked by clk)
Path Group: clk
Path Type: max

Fanout         Cap        Slew       Delay        Time   Description
---------------------------------------------------------------------------------------------
                                  0.000000    0.000000   clock clk (rise edge)
                                  5.570000    5.570000   clock source latency
     2    0.029055    0.610000    0.000000    5.570000 ^ clk (in)
                                                         clk (net)
                      0.615113    0.002556    5.572556 ^ wire3/A (sky130_fd_sc_hd__buf_4)
     3    0.032428    0.081164    0.137073    5.709629 ^ wire3/X (sky130_fd_sc_hd__buf_4)
                                                         net274 (net)
                      0.081463    0.003829    5.713459 ^ wire2/A (sky130_fd_sc_hd__buf_6)
     3    0.070014    0.108553    0.126646    5.840105 ^ wire2/X (sky130_fd_sc_hd__buf_6)
                                                         net273 (net)
                      0.111101    0.013080    5.853185 ^ wire1/A (sky130_fd_sc_hd__buf_6)
     3    0.072443    0.112079    0.133128    5.986313 ^ wire1/X (sky130_fd_sc_hd__buf_6)
                                                         net272 (net)
                      0.114846    0.013844    6.000157 ^ clkbuf_0_clk/A (sky130_fd_sc_hd__clkbuf_16)
     9    0.092224    0.083717    0.146578    6.146735 ^ clkbuf_0_clk/X (sky130_fd_sc_hd__clkbuf_16)
                                                         clknet_0_clk (net)
                      0.084330    0.005683    6.152418 ^ clkbuf_2_0__f_clk/A (sky130_fd_sc_hd__clkbuf_16)
    17    0.083648    0.077124    0.133427    6.285845 ^ clkbuf_2_0__f_clk/X (sky130_fd_sc_hd__clkbuf_16)
                                                         clknet_2_0__leaf_clk (net)
                      0.078150    0.007036    6.292881 ^ _134_/CLK (sky130_fd_sc_hd__dfrtp_4)
     3    0.060681    0.100774    0.366692    6.659573 v _134_/Q (sky130_fd_sc_hd__dfrtp_4)
                                                         net255 (net)
                      0.103004    0.011965    6.671538 v output255/A (sky130_fd_sc_hd__buf_12)
     1    0.190893    0.075972    0.163534    6.835072 v output255/X (sky130_fd_sc_hd__buf_12)
                                                         wbs_dat_o[5] (net)
                      0.076041    0.002047    6.837119 v wbs_dat_o[5] (out)
                                              6.837119   data arrival time

                                 25.000000   25.000000   clock clk (rise edge)
                                  4.650000   29.650000   clock network delay (propagated)
                                 -0.250000   29.400000   clock uncertainty
                                  0.000000   29.400000   clock reconvergence pessimism
                                 -3.620000   25.779999   output external delay
                                             25.779999   data required time
---------------------------------------------------------------------------------------------
                                             25.779999   data required time
                                             -6.837119   data arrival time
---------------------------------------------------------------------------------------------
                                             18.942881   slack (MET)


Startpoint: _151_ (rising edge-triggered flip-flop clocked by clk)
Endpoint: wbs_dat_o[22] (output port clocked by clk)
Path Group: clk
Path Type: max

Fanout         Cap        Slew       Delay        Time   Description
---------------------------------------------------------------------------------------------
                                  0.000000    0.000000   clock clk (rise edge)
                                  5.570000    5.570000   clock source latency
     2    0.029055    0.610000    0.000000    5.570000 ^ clk (in)
                                                         clk (net)
                      0.615113    0.002556    5.572556 ^ wire3/A (sky130_fd_sc_hd__buf_4)
     3    0.032428    0.081164    0.137073    5.709629 ^ wire3/X (sky130_fd_sc_hd__buf_4)
                                                         net274 (net)
                      0.081463    0.003829    5.713459 ^ wire2/A (sky130_fd_sc_hd__buf_6)
     3    0.070014    0.108553    0.126646    5.840105 ^ wire2/X (sky130_fd_sc_hd__buf_6)
                                                         net273 (net)
                      0.111101    0.013080    5.853185 ^ wire1/A (sky130_fd_sc_hd__buf_6)
     3    0.072443    0.112079    0.133128    5.986313 ^ wire1/X (sky130_fd_sc_hd__buf_6)
                                                         net272 (net)
                      0.114846    0.013844    6.000157 ^ clkbuf_0_clk/A (sky130_fd_sc_hd__clkbuf_16)
     9    0.092224    0.083717    0.146578    6.146735 ^ clkbuf_0_clk/X (sky130_fd_sc_hd__clkbuf_16)
                                                         clknet_0_clk (net)
                      0.084218    0.005149    6.151885 ^ clkbuf_2_3__f_clk/A (sky130_fd_sc_hd__clkbuf_16)
    21    0.067906    0.065840    0.123775    6.275660 ^ clkbuf_2_3__f_clk/X (sky130_fd_sc_hd__clkbuf_16)
                                                         clknet_2_3__leaf_clk (net)
                      0.067508    0.008162    6.283822 ^ _151_/CLK (sky130_fd_sc_hd__dfrtp_4)
     3    0.062843    0.103876    0.365258    6.649080 v _151_/Q (sky130_fd_sc_hd__dfrtp_4)
                                                         net242 (net)
                      0.106170    0.012048    6.661128 v output242/A (sky130_fd_sc_hd__buf_12)
     1    0.191378    0.076755    0.164495    6.825623 v output242/X (sky130_fd_sc_hd__buf_12)
                                                         wbs_dat_o[22] (net)
                      0.076866    0.002573    6.828197 v wbs_dat_o[22] (out)
                                              6.828197   data arrival time

                                 25.000000   25.000000   clock clk (rise edge)
                                  4.650000   29.650000   clock network delay (propagated)
                                 -0.250000   29.400000   clock uncertainty
                                  0.000000   29.400000   clock reconvergence pessimism
                                 -3.620000   25.779999   output external delay
                                             25.779999   data required time
---------------------------------------------------------------------------------------------
                                             25.779999   data required time
                                             -6.828197   data arrival time
---------------------------------------------------------------------------------------------
                                             18.951803   slack (MET)


Startpoint: _150_ (rising edge-triggered flip-flop clocked by clk)
Endpoint: wbs_dat_o[21] (output port clocked by clk)
Path Group: clk
Path Type: max

Fanout         Cap        Slew       Delay        Time   Description
---------------------------------------------------------------------------------------------
                                  0.000000    0.000000   clock clk (rise edge)
                                  5.570000    5.570000   clock source latency
     2    0.029055    0.610000    0.000000    5.570000 ^ clk (in)
                                                         clk (net)
                      0.615113    0.002556    5.572556 ^ wire3/A (sky130_fd_sc_hd__buf_4)
     3    0.032428    0.081164    0.137073    5.709629 ^ wire3/X (sky130_fd_sc_hd__buf_4)
                                                         net274 (net)
                      0.081463    0.003829    5.713459 ^ wire2/A (sky130_fd_sc_hd__buf_6)
     3    0.070014    0.108553    0.126646    5.840105 ^ wire2/X (sky130_fd_sc_hd__buf_6)
                                                         net273 (net)
                      0.111101    0.013080    5.853185 ^ wire1/A (sky130_fd_sc_hd__buf_6)
     3    0.072443    0.112079    0.133128    5.986313 ^ wire1/X (sky130_fd_sc_hd__buf_6)
                                                         net272 (net)
                      0.114846    0.013844    6.000157 ^ clkbuf_0_clk/A (sky130_fd_sc_hd__clkbuf_16)
     9    0.092224    0.083717    0.146578    6.146735 ^ clkbuf_0_clk/X (sky130_fd_sc_hd__clkbuf_16)
                                                         clknet_0_clk (net)
                      0.084219    0.005152    6.151887 ^ clkbuf_2_2__f_clk/A (sky130_fd_sc_hd__clkbuf_16)
    17    0.084814    0.077996    0.134283    6.286170 ^ clkbuf_2_2__f_clk/X (sky130_fd_sc_hd__clkbuf_16)
                                                         clknet_2_2__leaf_clk (net)
                      0.078843    0.006431    6.292602 ^ _150_/CLK (sky130_fd_sc_hd__dfrtp_4)
     3    0.048843    0.086894    0.355285    6.647886 v _150_/Q (sky130_fd_sc_hd__dfrtp_4)
                                                         net241 (net)
                      0.088100    0.007808    6.655694 v output241/A (sky130_fd_sc_hd__buf_12)
     1    0.191348    0.076408    0.157203    6.812898 v output241/X (sky130_fd_sc_hd__buf_12)
                                                         wbs_dat_o[21] (net)
                      0.076499    0.002345    6.815242 v wbs_dat_o[21] (out)
                                              6.815242   data arrival time

                                 25.000000   25.000000   clock clk (rise edge)
                                  4.650000   29.650000   clock network delay (propagated)
                                 -0.250000   29.400000   clock uncertainty
                                  0.000000   29.400000   clock reconvergence pessimism
                                 -3.620000   25.779999   output external delay
                                             25.779999   data required time
---------------------------------------------------------------------------------------------
                                             25.779999   data required time
                                             -6.815242   data arrival time
---------------------------------------------------------------------------------------------
                                             18.964758   slack (MET)


Startpoint: _137_ (rising edge-triggered flip-flop clocked by clk)
Endpoint: wbs_dat_o[8] (output port clocked by clk)
Path Group: clk
Path Type: max

Fanout         Cap        Slew       Delay        Time   Description
---------------------------------------------------------------------------------------------
                                  0.000000    0.000000   clock clk (rise edge)
                                  5.570000    5.570000   clock source latency
     2    0.029055    0.610000    0.000000    5.570000 ^ clk (in)
                                                         clk (net)
                      0.615113    0.002556    5.572556 ^ wire3/A (sky130_fd_sc_hd__buf_4)
     3    0.032428    0.081164    0.137073    5.709629 ^ wire3/X (sky130_fd_sc_hd__buf_4)
                                                         net274 (net)
                      0.081463    0.003829    5.713459 ^ wire2/A (sky130_fd_sc_hd__buf_6)
     3    0.070014    0.108553    0.126646    5.840105 ^ wire2/X (sky130_fd_sc_hd__buf_6)
                                                         net273 (net)
                      0.111101    0.013080    5.853185 ^ wire1/A (sky130_fd_sc_hd__buf_6)
     3    0.072443    0.112079    0.133128    5.986313 ^ wire1/X (sky130_fd_sc_hd__buf_6)
                                                         net272 (net)
                      0.114846    0.013844    6.000157 ^ clkbuf_0_clk/A (sky130_fd_sc_hd__clkbuf_16)
     9    0.092224    0.083717    0.146578    6.146735 ^ clkbuf_0_clk/X (sky130_fd_sc_hd__clkbuf_16)
                                                         clknet_0_clk (net)
                      0.084330    0.005683    6.152418 ^ clkbuf_2_0__f_clk/A (sky130_fd_sc_hd__clkbuf_16)
    17    0.083648    0.077124    0.133427    6.285845 ^ clkbuf_2_0__f_clk/X (sky130_fd_sc_hd__clkbuf_16)
                                                         clknet_2_0__leaf_clk (net)
                      0.078095    0.006843    6.292688 ^ _137_/CLK (sky130_fd_sc_hd__dfrtp_4)
     3    0.044117    0.081342    0.350845    6.643533 v _137_/Q (sky130_fd_sc_hd__dfrtp_4)
                                                         net258 (net)
                      0.082137    0.005929    6.649463 v output258/A (sky130_fd_sc_hd__buf_12)
     1    0.190918    0.075687    0.154924    6.804386 v output258/X (sky130_fd_sc_hd__buf_12)
                                                         wbs_dat_o[8] (net)
                      0.075756    0.002048    6.806434 v wbs_dat_o[8] (out)
                                              6.806434   data arrival time

                                 25.000000   25.000000   clock clk (rise edge)
                                  4.650000   29.650000   clock network delay (propagated)
                                 -0.250000   29.400000   clock uncertainty
                                  0.000000   29.400000   clock reconvergence pessimism
                                 -3.620000   25.779999   output external delay
                                             25.779999   data required time
---------------------------------------------------------------------------------------------
                                             25.779999   data required time
                                             -6.806434   data arrival time
---------------------------------------------------------------------------------------------
                                             18.973566   slack (MET)


Startpoint: _136_ (rising edge-triggered flip-flop clocked by clk)
Endpoint: wbs_dat_o[7] (output port clocked by clk)
Path Group: clk
Path Type: max

Fanout         Cap        Slew       Delay        Time   Description
---------------------------------------------------------------------------------------------
                                  0.000000    0.000000   clock clk (rise edge)
                                  5.570000    5.570000   clock source latency
     2    0.029055    0.610000    0.000000    5.570000 ^ clk (in)
                                                         clk (net)
                      0.615113    0.002556    5.572556 ^ wire3/A (sky130_fd_sc_hd__buf_4)
     3    0.032428    0.081164    0.137073    5.709629 ^ wire3/X (sky130_fd_sc_hd__buf_4)
                                                         net274 (net)
                      0.081463    0.003829    5.713459 ^ wire2/A (sky130_fd_sc_hd__buf_6)
     3    0.070014    0.108553    0.126646    5.840105 ^ wire2/X (sky130_fd_sc_hd__buf_6)
                                                         net273 (net)
                      0.111101    0.013080    5.853185 ^ wire1/A (sky130_fd_sc_hd__buf_6)
     3    0.072443    0.112079    0.133128    5.986313 ^ wire1/X (sky130_fd_sc_hd__buf_6)
                                                         net272 (net)
                      0.114846    0.013844    6.000157 ^ clkbuf_0_clk/A (sky130_fd_sc_hd__clkbuf_16)
     9    0.092224    0.083717    0.146578    6.146735 ^ clkbuf_0_clk/X (sky130_fd_sc_hd__clkbuf_16)
                                                         clknet_0_clk (net)
                      0.084330    0.005683    6.152418 ^ clkbuf_2_0__f_clk/A (sky130_fd_sc_hd__clkbuf_16)
    17    0.083648    0.077124    0.133427    6.285845 ^ clkbuf_2_0__f_clk/X (sky130_fd_sc_hd__clkbuf_16)
                                                         clknet_2_0__leaf_clk (net)
                      0.078142    0.007007    6.292852 ^ _136_/CLK (sky130_fd_sc_hd__dfrtp_4)
     3    0.043423    0.080707    0.349835    6.642687 v _136_/Q (sky130_fd_sc_hd__dfrtp_4)
                                                         net257 (net)
                      0.081791    0.006820    6.649508 v output257/A (sky130_fd_sc_hd__buf_12)
     1    0.190918    0.075683    0.154781    6.804288 v output257/X (sky130_fd_sc_hd__buf_12)
                                                         wbs_dat_o[7] (net)
                      0.075752    0.002048    6.806336 v wbs_dat_o[7] (out)
                                              6.806336   data arrival time

                                 25.000000   25.000000   clock clk (rise edge)
                                  4.650000   29.650000   clock network delay (propagated)
                                 -0.250000   29.400000   clock uncertainty
                                  0.000000   29.400000   clock reconvergence pessimism
                                 -3.620000   25.779999   output external delay
                                             25.779999   data required time
---------------------------------------------------------------------------------------------
                                             25.779999   data required time
                                             -6.806336   data arrival time
---------------------------------------------------------------------------------------------
                                             18.973663   slack (MET)


Startpoint: _149_ (rising edge-triggered flip-flop clocked by clk)
Endpoint: wbs_dat_o[20] (output port clocked by clk)
Path Group: clk
Path Type: max

Fanout         Cap        Slew       Delay        Time   Description
---------------------------------------------------------------------------------------------
                                  0.000000    0.000000   clock clk (rise edge)
                                  5.570000    5.570000   clock source latency
     2    0.029055    0.610000    0.000000    5.570000 ^ clk (in)
                                                         clk (net)
                      0.615113    0.002556    5.572556 ^ wire3/A (sky130_fd_sc_hd__buf_4)
     3    0.032428    0.081164    0.137073    5.709629 ^ wire3/X (sky130_fd_sc_hd__buf_4)
                                                         net274 (net)
                      0.081463    0.003829    5.713459 ^ wire2/A (sky130_fd_sc_hd__buf_6)
     3    0.070014    0.108553    0.126646    5.840105 ^ wire2/X (sky130_fd_sc_hd__buf_6)
                                                         net273 (net)
                      0.111101    0.013080    5.853185 ^ wire1/A (sky130_fd_sc_hd__buf_6)
     3    0.072443    0.112079    0.133128    5.986313 ^ wire1/X (sky130_fd_sc_hd__buf_6)
                                                         net272 (net)
                      0.114846    0.013844    6.000157 ^ clkbuf_0_clk/A (sky130_fd_sc_hd__clkbuf_16)
     9    0.092224    0.083717    0.146578    6.146735 ^ clkbuf_0_clk/X (sky130_fd_sc_hd__clkbuf_16)
                                                         clknet_0_clk (net)
                      0.084219    0.005152    6.151887 ^ clkbuf_2_2__f_clk/A (sky130_fd_sc_hd__clkbuf_16)
    17    0.084814    0.077996    0.134283    6.286170 ^ clkbuf_2_2__f_clk/X (sky130_fd_sc_hd__clkbuf_16)
                                                         clknet_2_2__leaf_clk (net)
                      0.078794    0.006242    6.292413 ^ _149_/CLK (sky130_fd_sc_hd__dfrtp_4)
     3    0.039340    0.076263    0.346040    6.638453 v _149_/Q (sky130_fd_sc_hd__dfrtp_4)
                                                         net240 (net)
                      0.076761    0.005090    6.643543 v output240/A (sky130_fd_sc_hd__buf_12)
     1    0.191203    0.076233    0.152432    6.795975 v output240/X (sky130_fd_sc_hd__buf_12)
                                                         wbs_dat_o[20] (net)
                      0.076325    0.002343    6.798317 v wbs_dat_o[20] (out)
                                              6.798317   data arrival time

                                 25.000000   25.000000   clock clk (rise edge)
                                  4.650000   29.650000   clock network delay (propagated)
                                 -0.250000   29.400000   clock uncertainty
                                  0.000000   29.400000   clock reconvergence pessimism
                                 -3.620000   25.779999   output external delay
                                             25.779999   data required time
---------------------------------------------------------------------------------------------
                                             25.779999   data required time
                                             -6.798317   data arrival time
---------------------------------------------------------------------------------------------
                                             18.981680   slack (MET)


Startpoint: _138_ (rising edge-triggered flip-flop clocked by clk)
Endpoint: wbs_dat_o[9] (output port clocked by clk)
Path Group: clk
Path Type: max

Fanout         Cap        Slew       Delay        Time   Description
---------------------------------------------------------------------------------------------
                                  0.000000    0.000000   clock clk (rise edge)
                                  5.570000    5.570000   clock source latency
     2    0.029055    0.610000    0.000000    5.570000 ^ clk (in)
                                                         clk (net)
                      0.615113    0.002556    5.572556 ^ wire3/A (sky130_fd_sc_hd__buf_4)
     3    0.032428    0.081164    0.137073    5.709629 ^ wire3/X (sky130_fd_sc_hd__buf_4)
                                                         net274 (net)
                      0.081463    0.003829    5.713459 ^ wire2/A (sky130_fd_sc_hd__buf_6)
     3    0.070014    0.108553    0.126646    5.840105 ^ wire2/X (sky130_fd_sc_hd__buf_6)
                                                         net273 (net)
                      0.111101    0.013080    5.853185 ^ wire1/A (sky130_fd_sc_hd__buf_6)
     3    0.072443    0.112079    0.133128    5.986313 ^ wire1/X (sky130_fd_sc_hd__buf_6)
                                                         net272 (net)
                      0.114846    0.013844    6.000157 ^ clkbuf_0_clk/A (sky130_fd_sc_hd__clkbuf_16)
     9    0.092224    0.083717    0.146578    6.146735 ^ clkbuf_0_clk/X (sky130_fd_sc_hd__clkbuf_16)
                                                         clknet_0_clk (net)
                      0.084314    0.005612    6.152347 ^ clkbuf_2_1__f_clk/A (sky130_fd_sc_hd__clkbuf_16)
    21    0.076896    0.072446    0.128800    6.281147 ^ clkbuf_2_1__f_clk/X (sky130_fd_sc_hd__clkbuf_16)
                                                         clknet_2_1__leaf_clk (net)
                      0.073816    0.007795    6.288942 ^ _138_/CLK (sky130_fd_sc_hd__dfrtp_4)
     3    0.033622    0.070124    0.339043    6.627985 v _138_/Q (sky130_fd_sc_hd__dfrtp_4)
                                                         net259 (net)
                      0.070380    0.003471    6.631456 v output259/A (sky130_fd_sc_hd__buf_12)
     1    0.190918    0.075633    0.149893    6.781349 v output259/X (sky130_fd_sc_hd__buf_12)
                                                         wbs_dat_o[9] (net)
                      0.075702    0.002048    6.783397 v wbs_dat_o[9] (out)
                                              6.783397   data arrival time

                                 25.000000   25.000000   clock clk (rise edge)
                                  4.650000   29.650000   clock network delay (propagated)
                                 -0.250000   29.400000   clock uncertainty
                                  0.000000   29.400000   clock reconvergence pessimism
                                 -3.620000   25.779999   output external delay
                                             25.779999   data required time
---------------------------------------------------------------------------------------------
                                             25.779999   data required time
                                             -6.783397   data arrival time
---------------------------------------------------------------------------------------------
                                             18.996603   slack (MET)


Startpoint: _148_ (rising edge-triggered flip-flop clocked by clk)
Endpoint: wbs_dat_o[19] (output port clocked by clk)
Path Group: clk
Path Type: max

Fanout         Cap        Slew       Delay        Time   Description
---------------------------------------------------------------------------------------------
                                  0.000000    0.000000   clock clk (rise edge)
                                  5.570000    5.570000   clock source latency
     2    0.029055    0.610000    0.000000    5.570000 ^ clk (in)
                                                         clk (net)
                      0.615113    0.002556    5.572556 ^ wire3/A (sky130_fd_sc_hd__buf_4)
     3    0.032428    0.081164    0.137073    5.709629 ^ wire3/X (sky130_fd_sc_hd__buf_4)
                                                         net274 (net)
                      0.081463    0.003829    5.713459 ^ wire2/A (sky130_fd_sc_hd__buf_6)
     3    0.070014    0.108553    0.126646    5.840105 ^ wire2/X (sky130_fd_sc_hd__buf_6)
                                                         net273 (net)
                      0.111101    0.013080    5.853185 ^ wire1/A (sky130_fd_sc_hd__buf_6)
     3    0.072443    0.112079    0.133128    5.986313 ^ wire1/X (sky130_fd_sc_hd__buf_6)
                                                         net272 (net)
                      0.114846    0.013844    6.000157 ^ clkbuf_0_clk/A (sky130_fd_sc_hd__clkbuf_16)
     9    0.092224    0.083717    0.146578    6.146735 ^ clkbuf_0_clk/X (sky130_fd_sc_hd__clkbuf_16)
                                                         clknet_0_clk (net)
                      0.084219    0.005152    6.151887 ^ clkbuf_2_2__f_clk/A (sky130_fd_sc_hd__clkbuf_16)
    17    0.084814    0.077996    0.134283    6.286170 ^ clkbuf_2_2__f_clk/X (sky130_fd_sc_hd__clkbuf_16)
                                                         clknet_2_2__leaf_clk (net)
                      0.078715    0.005921    6.292091 ^ _148_/CLK (sky130_fd_sc_hd__dfrtp_4)
     3    0.029501    0.066348    0.335823    6.627915 v _148_/Q (sky130_fd_sc_hd__dfrtp_4)
                                                         net238 (net)
                      0.066561    0.002943    6.630858 v output238/A (sky130_fd_sc_hd__buf_12)
     1    0.191226    0.076223    0.148028    6.778886 v output238/X (sky130_fd_sc_hd__buf_12)
                                                         wbs_dat_o[19] (net)
                      0.076314    0.002343    6.781229 v wbs_dat_o[19] (out)
                                              6.781229   data arrival time

                                 25.000000   25.000000   clock clk (rise edge)
                                  4.650000   29.650000   clock network delay (propagated)
                                 -0.250000   29.400000   clock uncertainty
                                  0.000000   29.400000   clock reconvergence pessimism
                                 -3.620000   25.779999   output external delay
                                             25.779999   data required time
---------------------------------------------------------------------------------------------
                                             25.779999   data required time
                                             -6.781229   data arrival time
---------------------------------------------------------------------------------------------
                                             18.998770   slack (MET)


Startpoint: _139_ (rising edge-triggered flip-flop clocked by clk)
Endpoint: wbs_dat_o[10] (output port clocked by clk)
Path Group: clk
Path Type: max

Fanout         Cap        Slew       Delay        Time   Description
---------------------------------------------------------------------------------------------
                                  0.000000    0.000000   clock clk (rise edge)
                                  5.570000    5.570000   clock source latency
     2    0.029055    0.610000    0.000000    5.570000 ^ clk (in)
                                                         clk (net)
                      0.615113    0.002556    5.572556 ^ wire3/A (sky130_fd_sc_hd__buf_4)
     3    0.032428    0.081164    0.137073    5.709629 ^ wire3/X (sky130_fd_sc_hd__buf_4)
                                                         net274 (net)
                      0.081463    0.003829    5.713459 ^ wire2/A (sky130_fd_sc_hd__buf_6)
     3    0.070014    0.108553    0.126646    5.840105 ^ wire2/X (sky130_fd_sc_hd__buf_6)
                                                         net273 (net)
                      0.111101    0.013080    5.853185 ^ wire1/A (sky130_fd_sc_hd__buf_6)
     3    0.072443    0.112079    0.133128    5.986313 ^ wire1/X (sky130_fd_sc_hd__buf_6)
                                                         net272 (net)
                      0.114846    0.013844    6.000157 ^ clkbuf_0_clk/A (sky130_fd_sc_hd__clkbuf_16)
     9    0.092224    0.083717    0.146578    6.146735 ^ clkbuf_0_clk/X (sky130_fd_sc_hd__clkbuf_16)
                                                         clknet_0_clk (net)
                      0.084314    0.005612    6.152347 ^ clkbuf_2_1__f_clk/A (sky130_fd_sc_hd__clkbuf_16)
    21    0.076896    0.072446    0.128800    6.281147 ^ clkbuf_2_1__f_clk/X (sky130_fd_sc_hd__clkbuf_16)
                                                         clknet_2_1__leaf_clk (net)
                      0.073614    0.007190    6.288338 ^ _139_/CLK (sky130_fd_sc_hd__dfrtp_4)
     3    0.026145    0.063431    0.330909    6.619246 v _139_/Q (sky130_fd_sc_hd__dfrtp_4)
                                                         net229 (net)
                      0.063554    0.002288    6.621535 v output229/A (sky130_fd_sc_hd__buf_12)
     1    0.190890    0.075611    0.146933    6.768468 v output229/X (sky130_fd_sc_hd__buf_12)
                                                         wbs_dat_o[10] (net)
                      0.075680    0.002047    6.770515 v wbs_dat_o[10] (out)
                                              6.770515   data arrival time

                                 25.000000   25.000000   clock clk (rise edge)
                                  4.650000   29.650000   clock network delay (propagated)
                                 -0.250000   29.400000   clock uncertainty
                                  0.000000   29.400000   clock reconvergence pessimism
                                 -3.620000   25.779999   output external delay
                                             25.779999   data required time
---------------------------------------------------------------------------------------------
                                             25.779999   data required time
                                             -6.770515   data arrival time
---------------------------------------------------------------------------------------------
                                             19.009485   slack (MET)


Startpoint: _147_ (rising edge-triggered flip-flop clocked by clk)
Endpoint: wbs_dat_o[18] (output port clocked by clk)
Path Group: clk
Path Type: max

Fanout         Cap        Slew       Delay        Time   Description
---------------------------------------------------------------------------------------------
                                  0.000000    0.000000   clock clk (rise edge)
                                  5.570000    5.570000   clock source latency
     2    0.029055    0.610000    0.000000    5.570000 ^ clk (in)
                                                         clk (net)
                      0.615113    0.002556    5.572556 ^ wire3/A (sky130_fd_sc_hd__buf_4)
     3    0.032428    0.081164    0.137073    5.709629 ^ wire3/X (sky130_fd_sc_hd__buf_4)
                                                         net274 (net)
                      0.081463    0.003829    5.713459 ^ wire2/A (sky130_fd_sc_hd__buf_6)
     3    0.070014    0.108553    0.126646    5.840105 ^ wire2/X (sky130_fd_sc_hd__buf_6)
                                                         net273 (net)
                      0.111101    0.013080    5.853185 ^ wire1/A (sky130_fd_sc_hd__buf_6)
     3    0.072443    0.112079    0.133128    5.986313 ^ wire1/X (sky130_fd_sc_hd__buf_6)
                                                         net272 (net)
                      0.114846    0.013844    6.000157 ^ clkbuf_0_clk/A (sky130_fd_sc_hd__clkbuf_16)
     9    0.092224    0.083717    0.146578    6.146735 ^ clkbuf_0_clk/X (sky130_fd_sc_hd__clkbuf_16)
                                                         clknet_0_clk (net)
                      0.084219    0.005152    6.151887 ^ clkbuf_2_2__f_clk/A (sky130_fd_sc_hd__clkbuf_16)
    17    0.084814    0.077996    0.134283    6.286170 ^ clkbuf_2_2__f_clk/X (sky130_fd_sc_hd__clkbuf_16)
                                                         clknet_2_2__leaf_clk (net)
                      0.078534    0.005127    6.291297 ^ _147_/CLK (sky130_fd_sc_hd__dfrtp_2)
     3    0.025876    0.100164    0.282291    6.573588 ^ _147_/Q (sky130_fd_sc_hd__dfrtp_2)
                                                         net237 (net)
                      0.100214    0.002148    6.575736 ^ output237/A (sky130_fd_sc_hd__buf_12)
     1    0.191226    0.166180    0.177077    6.752813 ^ output237/X (sky130_fd_sc_hd__buf_12)
                                                         wbs_dat_o[18] (net)
                      0.166228    0.002349    6.755162 ^ wbs_dat_o[18] (out)
                                              6.755162   data arrival time

                                 25.000000   25.000000   clock clk (rise edge)
                                  4.650000   29.650000   clock network delay (propagated)
                                 -0.250000   29.400000   clock uncertainty
                                  0.000000   29.400000   clock reconvergence pessimism
                                 -3.620000   25.779999   output external delay
                                             25.779999   data required time
---------------------------------------------------------------------------------------------
                                             25.779999   data required time
                                             -6.755162   data arrival time
---------------------------------------------------------------------------------------------
                                             19.024837   slack (MET)


Startpoint: _144_ (rising edge-triggered flip-flop clocked by clk)
Endpoint: wbs_dat_o[15] (output port clocked by clk)
Path Group: clk
Path Type: max

Fanout         Cap        Slew       Delay        Time   Description
---------------------------------------------------------------------------------------------
                                  0.000000    0.000000   clock clk (rise edge)
                                  5.570000    5.570000   clock source latency
     2    0.029055    0.610000    0.000000    5.570000 ^ clk (in)
                                                         clk (net)
                      0.615113    0.002556    5.572556 ^ wire3/A (sky130_fd_sc_hd__buf_4)
     3    0.032428    0.081164    0.137073    5.709629 ^ wire3/X (sky130_fd_sc_hd__buf_4)
                                                         net274 (net)
                      0.081463    0.003829    5.713459 ^ wire2/A (sky130_fd_sc_hd__buf_6)
     3    0.070014    0.108553    0.126646    5.840105 ^ wire2/X (sky130_fd_sc_hd__buf_6)
                                                         net273 (net)
                      0.111101    0.013080    5.853185 ^ wire1/A (sky130_fd_sc_hd__buf_6)
     3    0.072443    0.112079    0.133128    5.986313 ^ wire1/X (sky130_fd_sc_hd__buf_6)
                                                         net272 (net)
                      0.114846    0.013844    6.000157 ^ clkbuf_0_clk/A (sky130_fd_sc_hd__clkbuf_16)
     9    0.092224    0.083717    0.146578    6.146735 ^ clkbuf_0_clk/X (sky130_fd_sc_hd__clkbuf_16)
                                                         clknet_0_clk (net)
                      0.084219    0.005152    6.151887 ^ clkbuf_2_2__f_clk/A (sky130_fd_sc_hd__clkbuf_16)
    17    0.084814    0.077996    0.134283    6.286170 ^ clkbuf_2_2__f_clk/X (sky130_fd_sc_hd__clkbuf_16)
                                                         clknet_2_2__leaf_clk (net)
                      0.078240    0.003495    6.289665 ^ _144_/CLK (sky130_fd_sc_hd__dfrtp_2)
     3    0.026059    0.100779    0.282661    6.572327 ^ _144_/Q (sky130_fd_sc_hd__dfrtp_2)
                                                         net234 (net)
                      0.100828    0.002141    6.574468 ^ output234/A (sky130_fd_sc_hd__buf_12)
     1    0.190873    0.166386    0.177040    6.751508 ^ output234/X (sky130_fd_sc_hd__buf_12)
                                                         wbs_dat_o[15] (net)
                      0.166423    0.002052    6.753559 ^ wbs_dat_o[15] (out)
                                              6.753559   data arrival time

                                 25.000000   25.000000   clock clk (rise edge)
                                  4.650000   29.650000   clock network delay (propagated)
                                 -0.250000   29.400000   clock uncertainty
                                  0.000000   29.400000   clock reconvergence pessimism
                                 -3.620000   25.779999   output external delay
                                             25.779999   data required time
---------------------------------------------------------------------------------------------
                                             25.779999   data required time
                                             -6.753559   data arrival time
---------------------------------------------------------------------------------------------
                                             19.026440   slack (MET)


Startpoint: _143_ (rising edge-triggered flip-flop clocked by clk)
Endpoint: wbs_dat_o[14] (output port clocked by clk)
Path Group: clk
Path Type: max

Fanout         Cap        Slew       Delay        Time   Description
---------------------------------------------------------------------------------------------
                                  0.000000    0.000000   clock clk (rise edge)
                                  5.570000    5.570000   clock source latency
     2    0.029055    0.610000    0.000000    5.570000 ^ clk (in)
                                                         clk (net)
                      0.615113    0.002556    5.572556 ^ wire3/A (sky130_fd_sc_hd__buf_4)
     3    0.032428    0.081164    0.137073    5.709629 ^ wire3/X (sky130_fd_sc_hd__buf_4)
                                                         net274 (net)
                      0.081463    0.003829    5.713459 ^ wire2/A (sky130_fd_sc_hd__buf_6)
     3    0.070014    0.108553    0.126646    5.840105 ^ wire2/X (sky130_fd_sc_hd__buf_6)
                                                         net273 (net)
                      0.111101    0.013080    5.853185 ^ wire1/A (sky130_fd_sc_hd__buf_6)
     3    0.072443    0.112079    0.133128    5.986313 ^ wire1/X (sky130_fd_sc_hd__buf_6)
                                                         net272 (net)
                      0.114846    0.013844    6.000157 ^ clkbuf_0_clk/A (sky130_fd_sc_hd__clkbuf_16)
     9    0.092224    0.083717    0.146578    6.146735 ^ clkbuf_0_clk/X (sky130_fd_sc_hd__clkbuf_16)
                                                         clknet_0_clk (net)
                      0.084330    0.005683    6.152418 ^ clkbuf_2_0__f_clk/A (sky130_fd_sc_hd__clkbuf_16)
    17    0.083648    0.077124    0.133427    6.285845 ^ clkbuf_2_0__f_clk/X (sky130_fd_sc_hd__clkbuf_16)
                                                         clknet_2_0__leaf_clk (net)
                      0.077458    0.004043    6.289888 ^ _143_/CLK (sky130_fd_sc_hd__dfrtp_2)
     3    0.025842    0.100046    0.281915    6.571803 ^ _143_/Q (sky130_fd_sc_hd__dfrtp_2)
                                                         net233 (net)
                      0.100096    0.002136    6.573939 ^ output233/A (sky130_fd_sc_hd__buf_12)
     1    0.190867    0.166380    0.176986    6.750925 ^ output233/X (sky130_fd_sc_hd__buf_12)
                                                         wbs_dat_o[14] (net)
                      0.166417    0.002051    6.752976 ^ wbs_dat_o[14] (out)
                                              6.752976   data arrival time

                                 25.000000   25.000000   clock clk (rise edge)
                                  4.650000   29.650000   clock network delay (propagated)
                                 -0.250000   29.400000   clock uncertainty
                                  0.000000   29.400000   clock reconvergence pessimism
                                 -3.620000   25.779999   output external delay
                                             25.779999   data required time
---------------------------------------------------------------------------------------------
                                             25.779999   data required time
                                             -6.752976   data arrival time
---------------------------------------------------------------------------------------------
                                             19.027023   slack (MET)


Startpoint: _140_ (rising edge-triggered flip-flop clocked by clk)
Endpoint: wbs_dat_o[11] (output port clocked by clk)
Path Group: clk
Path Type: max

Fanout         Cap        Slew       Delay        Time   Description
---------------------------------------------------------------------------------------------
                                  0.000000    0.000000   clock clk (rise edge)
                                  5.570000    5.570000   clock source latency
     2    0.029055    0.610000    0.000000    5.570000 ^ clk (in)
                                                         clk (net)
                      0.615113    0.002556    5.572556 ^ wire3/A (sky130_fd_sc_hd__buf_4)
     3    0.032428    0.081164    0.137073    5.709629 ^ wire3/X (sky130_fd_sc_hd__buf_4)
                                                         net274 (net)
                      0.081463    0.003829    5.713459 ^ wire2/A (sky130_fd_sc_hd__buf_6)
     3    0.070014    0.108553    0.126646    5.840105 ^ wire2/X (sky130_fd_sc_hd__buf_6)
                                                         net273 (net)
                      0.111101    0.013080    5.853185 ^ wire1/A (sky130_fd_sc_hd__buf_6)
     3    0.072443    0.112079    0.133128    5.986313 ^ wire1/X (sky130_fd_sc_hd__buf_6)
                                                         net272 (net)
                      0.114846    0.013844    6.000157 ^ clkbuf_0_clk/A (sky130_fd_sc_hd__clkbuf_16)
     9    0.092224    0.083717    0.146578    6.146735 ^ clkbuf_0_clk/X (sky130_fd_sc_hd__clkbuf_16)
                                                         clknet_0_clk (net)
                      0.084314    0.005612    6.152347 ^ clkbuf_2_1__f_clk/A (sky130_fd_sc_hd__clkbuf_16)
    21    0.076896    0.072446    0.128800    6.281147 ^ clkbuf_2_1__f_clk/X (sky130_fd_sc_hd__clkbuf_16)
                                                         clknet_2_1__leaf_clk (net)
                      0.073128    0.005498    6.286645 ^ _140_/CLK (sky130_fd_sc_hd__dfrtp_2)
     3    0.026603    0.102589    0.282516    6.569161 ^ _140_/Q (sky130_fd_sc_hd__dfrtp_2)
                                                         net230 (net)
                      0.102650    0.002359    6.571520 ^ output230/A (sky130_fd_sc_hd__buf_12)
     1    0.190890    0.166405    0.177175    6.748695 ^ output230/X (sky130_fd_sc_hd__buf_12)
                                                         wbs_dat_o[11] (net)
                      0.166442    0.002052    6.750746 ^ wbs_dat_o[11] (out)
                                              6.750746   data arrival time

                                 25.000000   25.000000   clock clk (rise edge)
                                  4.650000   29.650000   clock network delay (propagated)
                                 -0.250000   29.400000   clock uncertainty
                                  0.000000   29.400000   clock reconvergence pessimism
                                 -3.620000   25.779999   output external delay
                                             25.779999   data required time
---------------------------------------------------------------------------------------------
                                             25.779999   data required time
                                             -6.750746   data arrival time
---------------------------------------------------------------------------------------------
                                             19.029253   slack (MET)


Startpoint: _145_ (rising edge-triggered flip-flop clocked by clk)
Endpoint: wbs_dat_o[16] (output port clocked by clk)
Path Group: clk
Path Type: max

Fanout         Cap        Slew       Delay        Time   Description
---------------------------------------------------------------------------------------------
                                  0.000000    0.000000   clock clk (rise edge)
                                  5.570000    5.570000   clock source latency
     2    0.029055    0.610000    0.000000    5.570000 ^ clk (in)
                                                         clk (net)
                      0.615113    0.002556    5.572556 ^ wire3/A (sky130_fd_sc_hd__buf_4)
     3    0.032428    0.081164    0.137073    5.709629 ^ wire3/X (sky130_fd_sc_hd__buf_4)
                                                         net274 (net)
                      0.081463    0.003829    5.713459 ^ wire2/A (sky130_fd_sc_hd__buf_6)
     3    0.070014    0.108553    0.126646    5.840105 ^ wire2/X (sky130_fd_sc_hd__buf_6)
                                                         net273 (net)
                      0.111101    0.013080    5.853185 ^ wire1/A (sky130_fd_sc_hd__buf_6)
     3    0.072443    0.112079    0.133128    5.986313 ^ wire1/X (sky130_fd_sc_hd__buf_6)
                                                         net272 (net)
                      0.114846    0.013844    6.000157 ^ clkbuf_0_clk/A (sky130_fd_sc_hd__clkbuf_16)
     9    0.092224    0.083717    0.146578    6.146735 ^ clkbuf_0_clk/X (sky130_fd_sc_hd__clkbuf_16)
                                                         clknet_0_clk (net)
                      0.084219    0.005152    6.151887 ^ clkbuf_2_2__f_clk/A (sky130_fd_sc_hd__clkbuf_16)
    17    0.084814    0.077996    0.134283    6.286170 ^ clkbuf_2_2__f_clk/X (sky130_fd_sc_hd__clkbuf_16)
                                                         clknet_2_2__leaf_clk (net)
                      0.078150    0.002798    6.288968 ^ _145_/CLK (sky130_fd_sc_hd__dfrtp_2)
     3    0.025137    0.097684    0.280448    6.569417 ^ _145_/Q (sky130_fd_sc_hd__dfrtp_2)
                                                         net235 (net)
                      0.097727    0.001982    6.571398 ^ output235/A (sky130_fd_sc_hd__buf_12)
     1    0.191161    0.166121    0.176868    6.748267 ^ output235/X (sky130_fd_sc_hd__buf_12)
                                                         wbs_dat_o[16] (net)
                      0.166169    0.002348    6.750615 ^ wbs_dat_o[16] (out)
                                              6.750615   data arrival time

                                 25.000000   25.000000   clock clk (rise edge)
                                  4.650000   29.650000   clock network delay (propagated)
                                 -0.250000   29.400000   clock uncertainty
                                  0.000000   29.400000   clock reconvergence pessimism
                                 -3.620000   25.779999   output external delay
                                             25.779999   data required time
---------------------------------------------------------------------------------------------
                                             25.779999   data required time
                                             -6.750615   data arrival time
---------------------------------------------------------------------------------------------
                                             19.029385   slack (MET)


Startpoint: _142_ (rising edge-triggered flip-flop clocked by clk)
Endpoint: wbs_dat_o[13] (output port clocked by clk)
Path Group: clk
Path Type: max

Fanout         Cap        Slew       Delay        Time   Description
---------------------------------------------------------------------------------------------
                                  0.000000    0.000000   clock clk (rise edge)
                                  5.570000    5.570000   clock source latency
     2    0.029055    0.610000    0.000000    5.570000 ^ clk (in)
                                                         clk (net)
                      0.615113    0.002556    5.572556 ^ wire3/A (sky130_fd_sc_hd__buf_4)
     3    0.032428    0.081164    0.137073    5.709629 ^ wire3/X (sky130_fd_sc_hd__buf_4)
                                                         net274 (net)
                      0.081463    0.003829    5.713459 ^ wire2/A (sky130_fd_sc_hd__buf_6)
     3    0.070014    0.108553    0.126646    5.840105 ^ wire2/X (sky130_fd_sc_hd__buf_6)
                                                         net273 (net)
                      0.111101    0.013080    5.853185 ^ wire1/A (sky130_fd_sc_hd__buf_6)
     3    0.072443    0.112079    0.133128    5.986313 ^ wire1/X (sky130_fd_sc_hd__buf_6)
                                                         net272 (net)
                      0.114846    0.013844    6.000157 ^ clkbuf_0_clk/A (sky130_fd_sc_hd__clkbuf_16)
     9    0.092224    0.083717    0.146578    6.146735 ^ clkbuf_0_clk/X (sky130_fd_sc_hd__clkbuf_16)
                                                         clknet_0_clk (net)
                      0.084330    0.005683    6.152418 ^ clkbuf_2_0__f_clk/A (sky130_fd_sc_hd__clkbuf_16)
    17    0.083648    0.077124    0.133427    6.285845 ^ clkbuf_2_0__f_clk/X (sky130_fd_sc_hd__clkbuf_16)
                                                         clknet_2_0__leaf_clk (net)
                      0.077360    0.003423    6.289269 ^ _142_/CLK (sky130_fd_sc_hd__dfrtp_2)
     3    0.025084    0.097506    0.280088    6.569356 ^ _142_/Q (sky130_fd_sc_hd__dfrtp_2)
                                                         net232 (net)
                      0.097550    0.002011    6.571367 ^ output232/A (sky130_fd_sc_hd__buf_12)
     1    0.191090    0.166063    0.176817    6.748184 ^ output232/X (sky130_fd_sc_hd__buf_12)
                                                         wbs_dat_o[13] (net)
                      0.166111    0.002347    6.750531 ^ wbs_dat_o[13] (out)
                                              6.750531   data arrival time

                                 25.000000   25.000000   clock clk (rise edge)
                                  4.650000   29.650000   clock network delay (propagated)
                                 -0.250000   29.400000   clock uncertainty
                                  0.000000   29.400000   clock reconvergence pessimism
                                 -3.620000   25.779999   output external delay
                                             25.779999   data required time
---------------------------------------------------------------------------------------------
                                             25.779999   data required time
                                             -6.750531   data arrival time
---------------------------------------------------------------------------------------------
                                             19.029469   slack (MET)


Startpoint: _141_ (rising edge-triggered flip-flop clocked by clk)
Endpoint: wbs_dat_o[12] (output port clocked by clk)
Path Group: clk
Path Type: max

Fanout         Cap        Slew       Delay        Time   Description
---------------------------------------------------------------------------------------------
                                  0.000000    0.000000   clock clk (rise edge)
                                  5.570000    5.570000   clock source latency
     2    0.029055    0.610000    0.000000    5.570000 ^ clk (in)
                                                         clk (net)
                      0.615113    0.002556    5.572556 ^ wire3/A (sky130_fd_sc_hd__buf_4)
     3    0.032428    0.081164    0.137073    5.709629 ^ wire3/X (sky130_fd_sc_hd__buf_4)
                                                         net274 (net)
                      0.081463    0.003829    5.713459 ^ wire2/A (sky130_fd_sc_hd__buf_6)
     3    0.070014    0.108553    0.126646    5.840105 ^ wire2/X (sky130_fd_sc_hd__buf_6)
                                                         net273 (net)
                      0.111101    0.013080    5.853185 ^ wire1/A (sky130_fd_sc_hd__buf_6)
     3    0.072443    0.112079    0.133128    5.986313 ^ wire1/X (sky130_fd_sc_hd__buf_6)
                                                         net272 (net)
                      0.114846    0.013844    6.000157 ^ clkbuf_0_clk/A (sky130_fd_sc_hd__clkbuf_16)
     9    0.092224    0.083717    0.146578    6.146735 ^ clkbuf_0_clk/X (sky130_fd_sc_hd__clkbuf_16)
                                                         clknet_0_clk (net)
                      0.084330    0.005683    6.152418 ^ clkbuf_2_0__f_clk/A (sky130_fd_sc_hd__clkbuf_16)
    17    0.083648    0.077124    0.133427    6.285845 ^ clkbuf_2_0__f_clk/X (sky130_fd_sc_hd__clkbuf_16)
                                                         clknet_2_0__leaf_clk (net)
                      0.077255    0.002586    6.288431 ^ _141_/CLK (sky130_fd_sc_hd__dfrtp_2)
     3    0.024828    0.096647    0.279392    6.567823 ^ _141_/Q (sky130_fd_sc_hd__dfrtp_2)
                                                         net231 (net)
                      0.096694    0.002033    6.569856 ^ output231/A (sky130_fd_sc_hd__buf_12)
     1    0.191359    0.166271    0.176747    6.746603 ^ output231/X (sky130_fd_sc_hd__buf_12)
                                                         wbs_dat_o[12] (net)
                      0.166329    0.002580    6.749183 ^ wbs_dat_o[12] (out)
                                              6.749183   data arrival time

                                 25.000000   25.000000   clock clk (rise edge)
                                  4.650000   29.650000   clock network delay (propagated)
                                 -0.250000   29.400000   clock uncertainty
                                  0.000000   29.400000   clock reconvergence pessimism
                                 -3.620000   25.779999   output external delay
                                             25.779999   data required time
---------------------------------------------------------------------------------------------
                                             25.779999   data required time
                                             -6.749183   data arrival time
---------------------------------------------------------------------------------------------
                                             19.030817   slack (MET)


Startpoint: _146_ (rising edge-triggered flip-flop clocked by clk)
Endpoint: wbs_dat_o[17] (output port clocked by clk)
Path Group: clk
Path Type: max

Fanout         Cap        Slew       Delay        Time   Description
---------------------------------------------------------------------------------------------
                                  0.000000    0.000000   clock clk (rise edge)
                                  5.570000    5.570000   clock source latency
     2    0.029055    0.610000    0.000000    5.570000 ^ clk (in)
                                                         clk (net)
                      0.615113    0.002556    5.572556 ^ wire3/A (sky130_fd_sc_hd__buf_4)
     3    0.032428    0.081164    0.137073    5.709629 ^ wire3/X (sky130_fd_sc_hd__buf_4)
                                                         net274 (net)
                      0.081463    0.003829    5.713459 ^ wire2/A (sky130_fd_sc_hd__buf_6)
     3    0.070014    0.108553    0.126646    5.840105 ^ wire2/X (sky130_fd_sc_hd__buf_6)
                                                         net273 (net)
                      0.111101    0.013080    5.853185 ^ wire1/A (sky130_fd_sc_hd__buf_6)
     3    0.072443    0.112079    0.133128    5.986313 ^ wire1/X (sky130_fd_sc_hd__buf_6)
                                                         net272 (net)
                      0.114846    0.013844    6.000157 ^ clkbuf_0_clk/A (sky130_fd_sc_hd__clkbuf_16)
     9    0.092224    0.083717    0.146578    6.146735 ^ clkbuf_0_clk/X (sky130_fd_sc_hd__clkbuf_16)
                                                         clknet_0_clk (net)
                      0.084218    0.005149    6.151885 ^ clkbuf_2_3__f_clk/A (sky130_fd_sc_hd__clkbuf_16)
    21    0.067906    0.065840    0.123775    6.275660 ^ clkbuf_2_3__f_clk/X (sky130_fd_sc_hd__clkbuf_16)
                                                         clknet_2_3__leaf_clk (net)
                      0.065967    0.002331    6.277990 ^ _146_/CLK (sky130_fd_sc_hd__dfrtp_2)
     3    0.026467    0.102115    0.280348    6.558338 ^ _146_/Q (sky130_fd_sc_hd__dfrtp_2)
                                                         net236 (net)
                      0.102170    0.002264    6.560602 ^ output236/A (sky130_fd_sc_hd__buf_12)
     1    0.190891    0.166405    0.177142    6.737744 ^ output236/X (sky130_fd_sc_hd__buf_12)
                                                         wbs_dat_o[17] (net)
                      0.166441    0.002052    6.739796 ^ wbs_dat_o[17] (out)
                                              6.739796   data arrival time

                                 25.000000   25.000000   clock clk (rise edge)
                                  4.650000   29.650000   clock network delay (propagated)
                                 -0.250000   29.400000   clock uncertainty
                                  0.000000   29.400000   clock reconvergence pessimism
                                 -3.620000   25.779999   output external delay
                                             25.779999   data required time
---------------------------------------------------------------------------------------------
                                             25.779999   data required time
                                             -6.739796   data arrival time
---------------------------------------------------------------------------------------------
                                             19.040205   slack (MET)


Startpoint: _128_ (rising edge-triggered flip-flop clocked by clk)
Endpoint: wbs_ack_o (output port clocked by clk)
Path Group: clk
Path Type: max

Fanout         Cap        Slew       Delay        Time   Description
---------------------------------------------------------------------------------------------
                                  0.000000    0.000000   clock clk (rise edge)
                                  5.570000    5.570000   clock source latency
     2    0.029055    0.610000    0.000000    5.570000 ^ clk (in)
                                                         clk (net)
                      0.615113    0.002556    5.572556 ^ wire3/A (sky130_fd_sc_hd__buf_4)
     3    0.032428    0.081164    0.137073    5.709629 ^ wire3/X (sky130_fd_sc_hd__buf_4)
                                                         net274 (net)
                      0.081463    0.003829    5.713459 ^ wire2/A (sky130_fd_sc_hd__buf_6)
     3    0.070014    0.108553    0.126646    5.840105 ^ wire2/X (sky130_fd_sc_hd__buf_6)
                                                         net273 (net)
                      0.111101    0.013080    5.853185 ^ wire1/A (sky130_fd_sc_hd__buf_6)
     3    0.072443    0.112079    0.133128    5.986313 ^ wire1/X (sky130_fd_sc_hd__buf_6)
                                                         net272 (net)
                      0.114846    0.013844    6.000157 ^ clkbuf_0_clk/A (sky130_fd_sc_hd__clkbuf_16)
     9    0.092224    0.083717    0.146578    6.146735 ^ clkbuf_0_clk/X (sky130_fd_sc_hd__clkbuf_16)
                                                         clknet_0_clk (net)
                      0.084314    0.005612    6.152347 ^ clkbuf_2_1__f_clk/A (sky130_fd_sc_hd__clkbuf_16)
    21    0.076896    0.072446    0.128800    6.281147 ^ clkbuf_2_1__f_clk/X (sky130_fd_sc_hd__clkbuf_16)
                                                         clknet_2_1__leaf_clk (net)
                      0.072988    0.004918    6.286065 ^ _128_/CLK (sky130_fd_sc_hd__dfrtp_4)
     3    0.166739    0.353839    0.461721    6.747787 ^ _128_/Q (sky130_fd_sc_hd__dfrtp_4)
                                                         net227 (net)
                      0.380762    0.075299    6.823085 ^ output227/A (sky130_fd_sc_hd__buf_12)
     1    0.190862    0.167461    0.180548    7.003633 ^ output227/X (sky130_fd_sc_hd__buf_12)
                                                         wbs_ack_o (net)
                      0.167497    0.002051    7.005685 ^ wbs_ack_o (out)
                                              7.005685   data arrival time

                                 50.000000   50.000000   clock clk (rise edge)
                                  4.650000   54.650002   clock network delay (propagated)
                                 -0.250000   54.399998   clock uncertainty
                                  0.000000   54.399998   clock reconvergence pessimism
                                 -8.410000   45.990002   output external delay
                                             45.990002   data required time
---------------------------------------------------------------------------------------------
                                             45.990002   data required time
                                             -7.005685   data arrival time
---------------------------------------------------------------------------------------------
                                             38.984314   slack (MET)


Startpoint: wbs_cyc_i (input port clocked by clk)
Endpoint: _128_ (rising edge-triggered flip-flop clocked by clk)
Path Group: clk
Path Type: max

Fanout         Cap        Slew       Delay        Time   Description
---------------------------------------------------------------------------------------------
                                  0.000000    0.000000   clock clk (rise edge)
                                  5.570000    5.570000   clock network delay (propagated)
                                  4.740000   10.310000 ^ input external delay
     2    0.004006    0.170000    0.000000   10.310000 ^ wbs_cyc_i (in)
                                                         wbs_cyc_i (net)
                      0.170057    0.000028   10.310029 ^ hold12/A (sky130_fd_sc_hd__dlygate4sd3_1)
     1    0.007749    0.070789    0.417529   10.727558 ^ hold12/X (sky130_fd_sc_hd__dlygate4sd3_1)
                                                         net286 (net)
                      0.070789    0.000070   10.727628 ^ input110/A (sky130_fd_sc_hd__buf_8)
     3    0.145900    0.170385    0.144762   10.872390 ^ input110/X (sky130_fd_sc_hd__buf_8)
                                                         net110 (net)
                      0.217255    0.067508   10.939898 ^ _041_/A (sky130_fd_sc_hd__and2_4)
     5    0.079213    0.173555    0.213660   11.153558 ^ _041_/X (sky130_fd_sc_hd__and2_4)
                                                         _000_ (net)
                      0.173567    0.001378   11.154936 ^ hold13/A (sky130_fd_sc_hd__dlygate4sd3_1)
     1    0.002893    0.037855    0.390511   11.545446 ^ hold13/X (sky130_fd_sc_hd__dlygate4sd3_1)
                                                         net287 (net)
                      0.037855    0.000029   11.545476 ^ _128_/D (sky130_fd_sc_hd__dfrtp_4)
                                             11.545476   data arrival time

                                 50.000000   50.000000   clock clk (rise edge)
                                  4.650000   54.650002   clock source latency
     2    0.029055    0.610000    0.000000   54.650002 ^ clk (in)
                                                         clk (net)
                      0.615113    0.002554   54.652554 ^ wire3/A (sky130_fd_sc_hd__buf_4)
     3    0.032428    0.081164    0.137074   54.789627 ^ wire3/X (sky130_fd_sc_hd__buf_4)
                                                         net274 (net)
                      0.081463    0.003826   54.793453 ^ wire2/A (sky130_fd_sc_hd__buf_6)
     3    0.070014    0.108553    0.126647   54.920101 ^ wire2/X (sky130_fd_sc_hd__buf_6)
                                                         net273 (net)
                      0.111101    0.013081   54.933182 ^ wire1/A (sky130_fd_sc_hd__buf_6)
     3    0.072443    0.112079    0.133127   55.066311 ^ wire1/X (sky130_fd_sc_hd__buf_6)
                                                         net272 (net)
                      0.114846    0.013845   55.080154 ^ clkbuf_0_clk/A (sky130_fd_sc_hd__clkbuf_16)
     9    0.092224    0.083717    0.146578   55.226734 ^ clkbuf_0_clk/X (sky130_fd_sc_hd__clkbuf_16)
                                                         clknet_0_clk (net)
                      0.084314    0.005613   55.232346 ^ clkbuf_2_1__f_clk/A (sky130_fd_sc_hd__clkbuf_16)
    21    0.076896    0.072446    0.128800   55.361145 ^ clkbuf_2_1__f_clk/X (sky130_fd_sc_hd__clkbuf_16)
                                                         clknet_2_1__leaf_clk (net)
                      0.072988    0.004917   55.366062 ^ _128_/CLK (sky130_fd_sc_hd__dfrtp_4)
                                 -0.250000   55.116062   clock uncertainty
                                  0.000000   55.116062   clock reconvergence pessimism
                                 -0.036626   55.079437   library setup time
                                             55.079437   data required time
---------------------------------------------------------------------------------------------
                                             55.079437   data required time
                                            -11.545476   data arrival time
---------------------------------------------------------------------------------------------
                                             43.533958   slack (MET)



