
===========================================================================
report_checks -path_delay max (Setup)
============================================================================
======================= max_ss_100C_1v60 Corner ===================================

Startpoint: wbs_adr_i[31] (input port clocked by clk)
Endpoint: _153_ (rising edge-triggered flip-flop clocked by clk)
Path Group: clk
Path Type: max

Fanout         Cap        Slew       Delay        Time   Description
---------------------------------------------------------------------------------------------
                                  0.000000    0.000000   clock clk (rise edge)
                                  5.570000    5.570000   clock network delay (propagated)
                                  3.890000    9.460000 v input external delay
     2    0.003972    0.920000    0.000000    9.460000 v wbs_adr_i[31] (in)
                                                         wbs_adr_i[31] (net)
                      0.920178    0.000089    9.460089 v hold7/A (sky130_fd_sc_hd__dlygate4sd3_1)
     1    0.004237    0.121519    1.530348   10.990438 v hold7/X (sky130_fd_sc_hd__dlygate4sd3_1)
                                                         net281 (net)
                      0.121519    0.000308   10.990746 v input102/A (sky130_fd_sc_hd__clkbuf_8)
     3    0.074615    0.157105    0.350590   11.341335 v input102/X (sky130_fd_sc_hd__clkbuf_8)
                                                         net102 (net)
                      0.162588    0.023048   11.364384 v hold8/A (sky130_fd_sc_hd__dlygate4sd3_1)
     3    0.066498    0.630054    1.665112   13.029495 v hold8/X (sky130_fd_sc_hd__dlygate4sd3_1)
                                                         net282 (net)
                      0.631053    0.022573   13.052069 v _043_/A (sky130_fd_sc_hd__nor4b_1)
     1    0.003406    0.454639    0.739367   13.791435 ^ _043_/Y (sky130_fd_sc_hd__nor4b_1)
                                                         _034_ (net)
                      0.454639    0.000249   13.791684 ^ hold9/A (sky130_fd_sc_hd__dlygate4sd3_1)
     1    0.003403    0.099093    1.184723   14.976406 ^ hold9/X (sky130_fd_sc_hd__dlygate4sd3_1)
                                                         net283 (net)
                      0.099093    0.000242   14.976648 ^ wire266/A (sky130_fd_sc_hd__buf_2)
     1    0.013475    0.120512    0.244958   15.221605 ^ wire266/X (sky130_fd_sc_hd__buf_2)
                                                         net266 (net)
                      0.120523    0.001236   15.222842 ^ hold10/A (sky130_fd_sc_hd__dlygate4sd3_1)
     5    0.042248    0.643791    1.493113   16.715956 ^ hold10/X (sky130_fd_sc_hd__dlygate4sd3_1)
                                                         net284 (net)
                      0.643824    0.005263   16.721218 ^ fanout263/A (sky130_fd_sc_hd__buf_4)
     1    0.003781    0.056323    0.410765   17.131983 ^ fanout263/X (sky130_fd_sc_hd__buf_4)
                                                         net263 (net)
                      0.056323    0.000158   17.132141 ^ hold11/A (sky130_fd_sc_hd__dlygate4sd3_1)
    33    0.121919    1.804327    2.279148   19.411289 ^ hold11/X (sky130_fd_sc_hd__dlygate4sd3_1)
                                                         net285 (net)
                      1.804332    0.007411   19.418699 ^ _120_/B (sky130_fd_sc_hd__and3_1)
     1    0.004978    0.138881    0.781879   20.200579 ^ _120_/X (sky130_fd_sc_hd__and3_1)
                                                         _017_ (net)
                      0.138881    0.000366   20.200945 ^ _153_/D (sky130_fd_sc_hd__dfrtp_4)
                                             20.200945   data arrival time

                                 25.000000   25.000000   clock clk (rise edge)
                                  4.650000   29.650000   clock source latency
     2    0.032618    0.610000    0.000000   29.650000 ^ clk (in)
                                                         clk (net)
                      0.618647    0.004324   29.654322 ^ wire3/A (sky130_fd_sc_hd__buf_4)
     3    0.036079    0.177169    0.513397   30.167721 ^ wire3/X (sky130_fd_sc_hd__buf_4)
                                                         net274 (net)
                      0.177570    0.007450   30.175169 ^ wire2/A (sky130_fd_sc_hd__buf_6)
     3    0.079273    0.256679    0.360075   30.535244 ^ wire2/X (sky130_fd_sc_hd__buf_6)
                                                         net273 (net)
                      0.259705    0.022300   30.557545 ^ wire1/A (sky130_fd_sc_hd__buf_6)
     3    0.081766    0.264549    0.398330   30.955875 ^ wire1/X (sky130_fd_sc_hd__buf_6)
                                                         net272 (net)
                      0.267818    0.023530   30.979404 ^ clkbuf_0_clk/A (sky130_fd_sc_hd__clkbuf_16)
     9    0.101201    0.179146    0.400721   31.380127 ^ clkbuf_0_clk/X (sky130_fd_sc_hd__clkbuf_16)
                                                         clknet_0_clk (net)
                      0.180071    0.010285   31.390411 ^ clkbuf_2_3__f_clk/A (sky130_fd_sc_hd__clkbuf_16)
    21    0.075270    0.142724    0.332449   31.722860 ^ clkbuf_2_3__f_clk/X (sky130_fd_sc_hd__clkbuf_16)
                                                         clknet_2_3__leaf_clk (net)
                      0.145653    0.015977   31.738836 ^ _153_/CLK (sky130_fd_sc_hd__dfrtp_4)
                                 -0.250000   31.488836   clock uncertainty
                                  0.000000   31.488836   clock reconvergence pessimism
                                 -0.140760   31.348074   library setup time
                                             31.348074   data required time
---------------------------------------------------------------------------------------------
                                             31.348074   data required time
                                            -20.200945   data arrival time
---------------------------------------------------------------------------------------------
                                             11.147128   slack (MET)


Startpoint: wbs_adr_i[17] (input port clocked by clk)
Endpoint: _146_ (rising edge-triggered flip-flop clocked by clk)
Path Group: clk
Path Type: max

Fanout         Cap        Slew       Delay        Time   Description
---------------------------------------------------------------------------------------------
                                  0.000000    0.000000   clock clk (rise edge)
                                  5.570000    5.570000   clock network delay (propagated)
                                  3.890000    9.460000 v input external delay
     2    0.004217    0.920000    0.000000    9.460000 v wbs_adr_i[17] (in)
                                                         wbs_adr_i[17] (net)
                      0.920179    0.000090    9.460090 v hold1/A (sky130_fd_sc_hd__dlygate4sd3_1)
     1    0.002669    0.105062    1.504043   10.964133 v hold1/X (sky130_fd_sc_hd__dlygate4sd3_1)
                                                         net275 (net)
                      0.105062    0.000195   10.964328 v input87/A (sky130_fd_sc_hd__clkbuf_1)
     1    0.002534    0.047804    0.173869   11.138196 v input87/X (sky130_fd_sc_hd__clkbuf_1)
                                                         net87 (net)
                      0.047804    0.000102   11.138299 v hold2/A (sky130_fd_sc_hd__dlygate4sd3_1)
     1    0.002991    0.107224    1.117069   12.255367 v hold2/X (sky130_fd_sc_hd__dlygate4sd3_1)
                                                         net276 (net)
                      0.107224    0.000115   12.255484 v _044_/A (sky130_fd_sc_hd__or4_1)
     1    0.003993    0.194989    1.243928   13.499411 v _044_/X (sky130_fd_sc_hd__or4_1)
                                                         _035_ (net)
                      0.194989    0.000284   13.499695 v hold3/A (sky130_fd_sc_hd__dlygate4sd3_1)
     1    0.004746    0.128095    1.214724   14.714419 v hold3/X (sky130_fd_sc_hd__dlygate4sd3_1)
                                                         net277 (net)
                      0.128095    0.000214   14.714634 v _048_/A (sky130_fd_sc_hd__nor4_1)
     1    0.008002    0.690605    0.745210   15.459844 ^ _048_/Y (sky130_fd_sc_hd__nor4_1)
                                                         _039_ (net)
                      0.690605    0.000671   15.460515 ^ hold4/A (sky130_fd_sc_hd__dlygate4sd3_1)
     1    0.007909    0.160480    1.310856   16.771370 ^ hold4/X (sky130_fd_sc_hd__dlygate4sd3_1)
                                                         net278 (net)
                      0.160480    0.000648   16.772018 ^ wire262/A (sky130_fd_sc_hd__buf_2)
     1    0.013392    0.119967    0.273221   17.045240 ^ wire262/X (sky130_fd_sc_hd__buf_2)
                                                         net262 (net)
                      0.119977    0.001181   17.046421 ^ hold5/A (sky130_fd_sc_hd__dlygate4sd3_1)
     7    0.053556    0.808000    1.608807   18.655230 ^ hold5/X (sky130_fd_sc_hd__dlygate4sd3_1)
                                                         net279 (net)
                      0.808010    0.004219   18.659449 ^ _113_/C (sky130_fd_sc_hd__and3_1)
     1    0.002464    0.089782    0.501680   19.161129 ^ _113_/X (sky130_fd_sc_hd__and3_1)
                                                         _009_ (net)
                      0.089782    0.000179   19.161308 ^ hold6/A (sky130_fd_sc_hd__dlygate4sd3_1)
     1    0.002204    0.085104    1.039840   20.201147 ^ hold6/X (sky130_fd_sc_hd__dlygate4sd3_1)
                                                         net280 (net)
                      0.085104    0.000155   20.201303 ^ _146_/D (sky130_fd_sc_hd__dfrtp_2)
                                             20.201303   data arrival time

                                 25.000000   25.000000   clock clk (rise edge)
                                  4.650000   29.650000   clock source latency
     2    0.032618    0.610000    0.000000   29.650000 ^ clk (in)
                                                         clk (net)
                      0.618647    0.004324   29.654322 ^ wire3/A (sky130_fd_sc_hd__buf_4)
     3    0.036079    0.177169    0.513397   30.167721 ^ wire3/X (sky130_fd_sc_hd__buf_4)
                                                         net274 (net)
                      0.177570    0.007450   30.175169 ^ wire2/A (sky130_fd_sc_hd__buf_6)
     3    0.079273    0.256679    0.360075   30.535244 ^ wire2/X (sky130_fd_sc_hd__buf_6)
                                                         net273 (net)
                      0.259705    0.022300   30.557545 ^ wire1/A (sky130_fd_sc_hd__buf_6)
     3    0.081766    0.264549    0.398330   30.955875 ^ wire1/X (sky130_fd_sc_hd__buf_6)
                                                         net272 (net)
                      0.267818    0.023530   30.979404 ^ clkbuf_0_clk/A (sky130_fd_sc_hd__clkbuf_16)
     9    0.101201    0.179146    0.400721   31.380127 ^ clkbuf_0_clk/X (sky130_fd_sc_hd__clkbuf_16)
                                                         clknet_0_clk (net)
                      0.180071    0.010285   31.390411 ^ clkbuf_2_3__f_clk/A (sky130_fd_sc_hd__clkbuf_16)
    21    0.075270    0.142724    0.332449   31.722860 ^ clkbuf_2_3__f_clk/X (sky130_fd_sc_hd__clkbuf_16)
                                                         clknet_2_3__leaf_clk (net)
                      0.143129    0.006079   31.728939 ^ _146_/CLK (sky130_fd_sc_hd__dfrtp_2)
                                 -0.250000   31.478937   clock uncertainty
                                  0.000000   31.478937   clock reconvergence pessimism
                                 -0.129298   31.349640   library setup time
                                             31.349640   data required time
---------------------------------------------------------------------------------------------
                                             31.349640   data required time
                                            -20.201303   data arrival time
---------------------------------------------------------------------------------------------
                                             11.148337   slack (MET)


Startpoint: wbs_adr_i[31] (input port clocked by clk)
Endpoint: _160_ (rising edge-triggered flip-flop clocked by clk)
Path Group: clk
Path Type: max

Fanout         Cap        Slew       Delay        Time   Description
---------------------------------------------------------------------------------------------
                                  0.000000    0.000000   clock clk (rise edge)
                                  5.570000    5.570000   clock network delay (propagated)
                                  3.890000    9.460000 v input external delay
     2    0.003972    0.920000    0.000000    9.460000 v wbs_adr_i[31] (in)
                                                         wbs_adr_i[31] (net)
                      0.920178    0.000089    9.460089 v hold7/A (sky130_fd_sc_hd__dlygate4sd3_1)
     1    0.004237    0.121519    1.530348   10.990438 v hold7/X (sky130_fd_sc_hd__dlygate4sd3_1)
                                                         net281 (net)
                      0.121519    0.000308   10.990746 v input102/A (sky130_fd_sc_hd__clkbuf_8)
     3    0.074615    0.157105    0.350590   11.341335 v input102/X (sky130_fd_sc_hd__clkbuf_8)
                                                         net102 (net)
                      0.162588    0.023048   11.364384 v hold8/A (sky130_fd_sc_hd__dlygate4sd3_1)
     3    0.066498    0.630054    1.665112   13.029495 v hold8/X (sky130_fd_sc_hd__dlygate4sd3_1)
                                                         net282 (net)
                      0.631053    0.022573   13.052069 v _043_/A (sky130_fd_sc_hd__nor4b_1)
     1    0.003406    0.454639    0.739367   13.791435 ^ _043_/Y (sky130_fd_sc_hd__nor4b_1)
                                                         _034_ (net)
                      0.454639    0.000249   13.791684 ^ hold9/A (sky130_fd_sc_hd__dlygate4sd3_1)
     1    0.003403    0.099093    1.184723   14.976406 ^ hold9/X (sky130_fd_sc_hd__dlygate4sd3_1)
                                                         net283 (net)
                      0.099093    0.000242   14.976648 ^ wire266/A (sky130_fd_sc_hd__buf_2)
     1    0.013475    0.120512    0.244958   15.221605 ^ wire266/X (sky130_fd_sc_hd__buf_2)
                                                         net266 (net)
                      0.120523    0.001236   15.222842 ^ hold10/A (sky130_fd_sc_hd__dlygate4sd3_1)
     5    0.042248    0.643791    1.493113   16.715956 ^ hold10/X (sky130_fd_sc_hd__dlygate4sd3_1)
                                                         net284 (net)
                      0.643824    0.005263   16.721218 ^ fanout263/A (sky130_fd_sc_hd__buf_4)
     1    0.003781    0.056323    0.410765   17.131983 ^ fanout263/X (sky130_fd_sc_hd__buf_4)
                                                         net263 (net)
                      0.056323    0.000158   17.132141 ^ hold11/A (sky130_fd_sc_hd__dlygate4sd3_1)
    33    0.121919    1.804327    2.279148   19.411289 ^ hold11/X (sky130_fd_sc_hd__dlygate4sd3_1)
                                                         net285 (net)
                      1.804334    0.007734   19.419024 ^ _127_/B (sky130_fd_sc_hd__and3_1)
     1    0.004094    0.127957    0.768877   20.187901 ^ _127_/X (sky130_fd_sc_hd__and3_1)
                                                         _025_ (net)
                      0.127957    0.000254   20.188154 ^ _160_/D (sky130_fd_sc_hd__dfrtp_4)
                                             20.188154   data arrival time

                                 25.000000   25.000000   clock clk (rise edge)
                                  4.650000   29.650000   clock source latency
     2    0.032618    0.610000    0.000000   29.650000 ^ clk (in)
                                                         clk (net)
                      0.618647    0.004324   29.654322 ^ wire3/A (sky130_fd_sc_hd__buf_4)
     3    0.036079    0.177169    0.513397   30.167721 ^ wire3/X (sky130_fd_sc_hd__buf_4)
                                                         net274 (net)
                      0.177570    0.007450   30.175169 ^ wire2/A (sky130_fd_sc_hd__buf_6)
     3    0.079273    0.256679    0.360075   30.535244 ^ wire2/X (sky130_fd_sc_hd__buf_6)
                                                         net273 (net)
                      0.259705    0.022300   30.557545 ^ wire1/A (sky130_fd_sc_hd__buf_6)
     3    0.081766    0.264549    0.398330   30.955875 ^ wire1/X (sky130_fd_sc_hd__buf_6)
                                                         net272 (net)
                      0.267818    0.023530   30.979404 ^ clkbuf_0_clk/A (sky130_fd_sc_hd__clkbuf_16)
     9    0.101201    0.179146    0.400721   31.380127 ^ clkbuf_0_clk/X (sky130_fd_sc_hd__clkbuf_16)
                                                         clknet_0_clk (net)
                      0.180071    0.010285   31.390411 ^ clkbuf_2_3__f_clk/A (sky130_fd_sc_hd__clkbuf_16)
    21    0.075270    0.142724    0.332449   31.722860 ^ clkbuf_2_3__f_clk/X (sky130_fd_sc_hd__clkbuf_16)
                                                         clknet_2_3__leaf_clk (net)
                      0.145171    0.014563   31.737423 ^ _160_/CLK (sky130_fd_sc_hd__dfrtp_4)
                                 -0.250000   31.487421   clock uncertainty
                                  0.000000   31.487421   clock reconvergence pessimism
                                 -0.138085   31.349339   library setup time
                                             31.349339   data required time
---------------------------------------------------------------------------------------------
                                             31.349339   data required time
                                            -20.188154   data arrival time
---------------------------------------------------------------------------------------------
                                             11.161184   slack (MET)


Startpoint: wbs_adr_i[31] (input port clocked by clk)
Endpoint: _155_ (rising edge-triggered flip-flop clocked by clk)
Path Group: clk
Path Type: max

Fanout         Cap        Slew       Delay        Time   Description
---------------------------------------------------------------------------------------------
                                  0.000000    0.000000   clock clk (rise edge)
                                  5.570000    5.570000   clock network delay (propagated)
                                  3.890000    9.460000 v input external delay
     2    0.003972    0.920000    0.000000    9.460000 v wbs_adr_i[31] (in)
                                                         wbs_adr_i[31] (net)
                      0.920178    0.000089    9.460089 v hold7/A (sky130_fd_sc_hd__dlygate4sd3_1)
     1    0.004237    0.121519    1.530348   10.990438 v hold7/X (sky130_fd_sc_hd__dlygate4sd3_1)
                                                         net281 (net)
                      0.121519    0.000308   10.990746 v input102/A (sky130_fd_sc_hd__clkbuf_8)
     3    0.074615    0.157105    0.350590   11.341335 v input102/X (sky130_fd_sc_hd__clkbuf_8)
                                                         net102 (net)
                      0.162588    0.023048   11.364384 v hold8/A (sky130_fd_sc_hd__dlygate4sd3_1)
     3    0.066498    0.630054    1.665112   13.029495 v hold8/X (sky130_fd_sc_hd__dlygate4sd3_1)
                                                         net282 (net)
                      0.631053    0.022573   13.052069 v _043_/A (sky130_fd_sc_hd__nor4b_1)
     1    0.003406    0.454639    0.739367   13.791435 ^ _043_/Y (sky130_fd_sc_hd__nor4b_1)
                                                         _034_ (net)
                      0.454639    0.000249   13.791684 ^ hold9/A (sky130_fd_sc_hd__dlygate4sd3_1)
     1    0.003403    0.099093    1.184723   14.976406 ^ hold9/X (sky130_fd_sc_hd__dlygate4sd3_1)
                                                         net283 (net)
                      0.099093    0.000242   14.976648 ^ wire266/A (sky130_fd_sc_hd__buf_2)
     1    0.013475    0.120512    0.244958   15.221605 ^ wire266/X (sky130_fd_sc_hd__buf_2)
                                                         net266 (net)
                      0.120523    0.001236   15.222842 ^ hold10/A (sky130_fd_sc_hd__dlygate4sd3_1)
     5    0.042248    0.643791    1.493113   16.715956 ^ hold10/X (sky130_fd_sc_hd__dlygate4sd3_1)
                                                         net284 (net)
                      0.643824    0.005263   16.721218 ^ fanout263/A (sky130_fd_sc_hd__buf_4)
     1    0.003781    0.056323    0.410765   17.131983 ^ fanout263/X (sky130_fd_sc_hd__buf_4)
                                                         net263 (net)
                      0.056323    0.000158   17.132141 ^ hold11/A (sky130_fd_sc_hd__dlygate4sd3_1)
    33    0.121919    1.804327    2.279148   19.411289 ^ hold11/X (sky130_fd_sc_hd__dlygate4sd3_1)
                                                         net285 (net)
                      1.804328    0.006809   19.418098 ^ _122_/B (sky130_fd_sc_hd__and3_1)
     1    0.003905    0.125367    0.765397   20.183495 ^ _122_/X (sky130_fd_sc_hd__and3_1)
                                                         _019_ (net)
                      0.125367    0.000291   20.183786 ^ _155_/D (sky130_fd_sc_hd__dfrtp_4)
                                             20.183786   data arrival time

                                 25.000000   25.000000   clock clk (rise edge)
                                  4.650000   29.650000   clock source latency
     2    0.032618    0.610000    0.000000   29.650000 ^ clk (in)
                                                         clk (net)
                      0.618647    0.004324   29.654322 ^ wire3/A (sky130_fd_sc_hd__buf_4)
     3    0.036079    0.177169    0.513397   30.167721 ^ wire3/X (sky130_fd_sc_hd__buf_4)
                                                         net274 (net)
                      0.177570    0.007450   30.175169 ^ wire2/A (sky130_fd_sc_hd__buf_6)
     3    0.079273    0.256679    0.360075   30.535244 ^ wire2/X (sky130_fd_sc_hd__buf_6)
                                                         net273 (net)
                      0.259705    0.022300   30.557545 ^ wire1/A (sky130_fd_sc_hd__buf_6)
     3    0.081766    0.264549    0.398330   30.955875 ^ wire1/X (sky130_fd_sc_hd__buf_6)
                                                         net272 (net)
                      0.267818    0.023530   30.979404 ^ clkbuf_0_clk/A (sky130_fd_sc_hd__clkbuf_16)
     9    0.101201    0.179146    0.400721   31.380127 ^ clkbuf_0_clk/X (sky130_fd_sc_hd__clkbuf_16)
                                                         clknet_0_clk (net)
                      0.180071    0.010285   31.390411 ^ clkbuf_2_3__f_clk/A (sky130_fd_sc_hd__clkbuf_16)
    21    0.075270    0.142724    0.332449   31.722860 ^ clkbuf_2_3__f_clk/X (sky130_fd_sc_hd__clkbuf_16)
                                                         clknet_2_3__leaf_clk (net)
                      0.145795    0.016374   31.739235 ^ _155_/CLK (sky130_fd_sc_hd__dfrtp_4)
                                 -0.250000   31.489233   clock uncertainty
                                  0.000000   31.489233   clock reconvergence pessimism
                                 -0.137320   31.351913   library setup time
                                             31.351913   data required time
---------------------------------------------------------------------------------------------
                                             31.351913   data required time
                                            -20.183786   data arrival time
---------------------------------------------------------------------------------------------
                                             11.168128   slack (MET)


Startpoint: wbs_adr_i[31] (input port clocked by clk)
Endpoint: _156_ (rising edge-triggered flip-flop clocked by clk)
Path Group: clk
Path Type: max

Fanout         Cap        Slew       Delay        Time   Description
---------------------------------------------------------------------------------------------
                                  0.000000    0.000000   clock clk (rise edge)
                                  5.570000    5.570000   clock network delay (propagated)
                                  3.890000    9.460000 v input external delay
     2    0.003972    0.920000    0.000000    9.460000 v wbs_adr_i[31] (in)
                                                         wbs_adr_i[31] (net)
                      0.920178    0.000089    9.460089 v hold7/A (sky130_fd_sc_hd__dlygate4sd3_1)
     1    0.004237    0.121519    1.530348   10.990438 v hold7/X (sky130_fd_sc_hd__dlygate4sd3_1)
                                                         net281 (net)
                      0.121519    0.000308   10.990746 v input102/A (sky130_fd_sc_hd__clkbuf_8)
     3    0.074615    0.157105    0.350590   11.341335 v input102/X (sky130_fd_sc_hd__clkbuf_8)
                                                         net102 (net)
                      0.162588    0.023048   11.364384 v hold8/A (sky130_fd_sc_hd__dlygate4sd3_1)
     3    0.066498    0.630054    1.665112   13.029495 v hold8/X (sky130_fd_sc_hd__dlygate4sd3_1)
                                                         net282 (net)
                      0.631053    0.022573   13.052069 v _043_/A (sky130_fd_sc_hd__nor4b_1)
     1    0.003406    0.454639    0.739367   13.791435 ^ _043_/Y (sky130_fd_sc_hd__nor4b_1)
                                                         _034_ (net)
                      0.454639    0.000249   13.791684 ^ hold9/A (sky130_fd_sc_hd__dlygate4sd3_1)
     1    0.003403    0.099093    1.184723   14.976406 ^ hold9/X (sky130_fd_sc_hd__dlygate4sd3_1)
                                                         net283 (net)
                      0.099093    0.000242   14.976648 ^ wire266/A (sky130_fd_sc_hd__buf_2)
     1    0.013475    0.120512    0.244958   15.221605 ^ wire266/X (sky130_fd_sc_hd__buf_2)
                                                         net266 (net)
                      0.120523    0.001236   15.222842 ^ hold10/A (sky130_fd_sc_hd__dlygate4sd3_1)
     5    0.042248    0.643791    1.493113   16.715956 ^ hold10/X (sky130_fd_sc_hd__dlygate4sd3_1)
                                                         net284 (net)
                      0.643824    0.005263   16.721218 ^ fanout263/A (sky130_fd_sc_hd__buf_4)
     1    0.003781    0.056323    0.410765   17.131983 ^ fanout263/X (sky130_fd_sc_hd__buf_4)
                                                         net263 (net)
                      0.056323    0.000158   17.132141 ^ hold11/A (sky130_fd_sc_hd__dlygate4sd3_1)
    33    0.121919    1.804327    2.279148   19.411289 ^ hold11/X (sky130_fd_sc_hd__dlygate4sd3_1)
                                                         net285 (net)
                      1.804338    0.008262   19.419552 ^ _123_/B (sky130_fd_sc_hd__and3_1)
     1    0.003668    0.122292    0.761105   20.180656 ^ _123_/X (sky130_fd_sc_hd__and3_1)
                                                         _020_ (net)
                      0.122292    0.000238   20.180895 ^ _156_/D (sky130_fd_sc_hd__dfrtp_4)
                                             20.180895   data arrival time

                                 25.000000   25.000000   clock clk (rise edge)
                                  4.650000   29.650000   clock source latency
     2    0.032618    0.610000    0.000000   29.650000 ^ clk (in)
                                                         clk (net)
                      0.618647    0.004324   29.654322 ^ wire3/A (sky130_fd_sc_hd__buf_4)
     3    0.036079    0.177169    0.513397   30.167721 ^ wire3/X (sky130_fd_sc_hd__buf_4)
                                                         net274 (net)
                      0.177570    0.007450   30.175169 ^ wire2/A (sky130_fd_sc_hd__buf_6)
     3    0.079273    0.256679    0.360075   30.535244 ^ wire2/X (sky130_fd_sc_hd__buf_6)
                                                         net273 (net)
                      0.259705    0.022300   30.557545 ^ wire1/A (sky130_fd_sc_hd__buf_6)
     3    0.081766    0.264549    0.398330   30.955875 ^ wire1/X (sky130_fd_sc_hd__buf_6)
                                                         net272 (net)
                      0.267818    0.023530   30.979404 ^ clkbuf_0_clk/A (sky130_fd_sc_hd__clkbuf_16)
     9    0.101201    0.179146    0.400721   31.380127 ^ clkbuf_0_clk/X (sky130_fd_sc_hd__clkbuf_16)
                                                         clknet_0_clk (net)
                      0.180071    0.010285   31.390411 ^ clkbuf_2_3__f_clk/A (sky130_fd_sc_hd__clkbuf_16)
    21    0.075270    0.142724    0.332449   31.722860 ^ clkbuf_2_3__f_clk/X (sky130_fd_sc_hd__clkbuf_16)
                                                         clknet_2_3__leaf_clk (net)
                      0.145167    0.014552   31.737411 ^ _156_/CLK (sky130_fd_sc_hd__dfrtp_4)
                                 -0.250000   31.487411   clock uncertainty
                                  0.000000   31.487411   clock reconvergence pessimism
                                 -0.136654   31.350756   library setup time
                                             31.350756   data required time
---------------------------------------------------------------------------------------------
                                             31.350756   data required time
                                            -20.180895   data arrival time
---------------------------------------------------------------------------------------------
                                             11.169862   slack (MET)


Startpoint: wbs_adr_i[31] (input port clocked by clk)
Endpoint: _157_ (rising edge-triggered flip-flop clocked by clk)
Path Group: clk
Path Type: max

Fanout         Cap        Slew       Delay        Time   Description
---------------------------------------------------------------------------------------------
                                  0.000000    0.000000   clock clk (rise edge)
                                  5.570000    5.570000   clock network delay (propagated)
                                  3.890000    9.460000 v input external delay
     2    0.003972    0.920000    0.000000    9.460000 v wbs_adr_i[31] (in)
                                                         wbs_adr_i[31] (net)
                      0.920178    0.000089    9.460089 v hold7/A (sky130_fd_sc_hd__dlygate4sd3_1)
     1    0.004237    0.121519    1.530348   10.990438 v hold7/X (sky130_fd_sc_hd__dlygate4sd3_1)
                                                         net281 (net)
                      0.121519    0.000308   10.990746 v input102/A (sky130_fd_sc_hd__clkbuf_8)
     3    0.074615    0.157105    0.350590   11.341335 v input102/X (sky130_fd_sc_hd__clkbuf_8)
                                                         net102 (net)
                      0.162588    0.023048   11.364384 v hold8/A (sky130_fd_sc_hd__dlygate4sd3_1)
     3    0.066498    0.630054    1.665112   13.029495 v hold8/X (sky130_fd_sc_hd__dlygate4sd3_1)
                                                         net282 (net)
                      0.631053    0.022573   13.052069 v _043_/A (sky130_fd_sc_hd__nor4b_1)
     1    0.003406    0.454639    0.739367   13.791435 ^ _043_/Y (sky130_fd_sc_hd__nor4b_1)
                                                         _034_ (net)
                      0.454639    0.000249   13.791684 ^ hold9/A (sky130_fd_sc_hd__dlygate4sd3_1)
     1    0.003403    0.099093    1.184723   14.976406 ^ hold9/X (sky130_fd_sc_hd__dlygate4sd3_1)
                                                         net283 (net)
                      0.099093    0.000242   14.976648 ^ wire266/A (sky130_fd_sc_hd__buf_2)
     1    0.013475    0.120512    0.244958   15.221605 ^ wire266/X (sky130_fd_sc_hd__buf_2)
                                                         net266 (net)
                      0.120523    0.001236   15.222842 ^ hold10/A (sky130_fd_sc_hd__dlygate4sd3_1)
     5    0.042248    0.643791    1.493113   16.715956 ^ hold10/X (sky130_fd_sc_hd__dlygate4sd3_1)
                                                         net284 (net)
                      0.643824    0.005263   16.721218 ^ fanout263/A (sky130_fd_sc_hd__buf_4)
     1    0.003781    0.056323    0.410765   17.131983 ^ fanout263/X (sky130_fd_sc_hd__buf_4)
                                                         net263 (net)
                      0.056323    0.000158   17.132141 ^ hold11/A (sky130_fd_sc_hd__dlygate4sd3_1)
    33    0.121919    1.804327    2.279148   19.411289 ^ hold11/X (sky130_fd_sc_hd__dlygate4sd3_1)
                                                         net285 (net)
                      1.804344    0.009010   19.420300 ^ _124_/B (sky130_fd_sc_hd__and3_1)
     1    0.003405    0.119023    0.756286   20.176584 ^ _124_/X (sky130_fd_sc_hd__and3_1)
                                                         _021_ (net)
                      0.119023    0.000233   20.176817 ^ _157_/D (sky130_fd_sc_hd__dfrtp_4)
                                             20.176817   data arrival time

                                 25.000000   25.000000   clock clk (rise edge)
                                  4.650000   29.650000   clock source latency
     2    0.032618    0.610000    0.000000   29.650000 ^ clk (in)
                                                         clk (net)
                      0.618647    0.004324   29.654322 ^ wire3/A (sky130_fd_sc_hd__buf_4)
     3    0.036079    0.177169    0.513397   30.167721 ^ wire3/X (sky130_fd_sc_hd__buf_4)
                                                         net274 (net)
                      0.177570    0.007450   30.175169 ^ wire2/A (sky130_fd_sc_hd__buf_6)
     3    0.079273    0.256679    0.360075   30.535244 ^ wire2/X (sky130_fd_sc_hd__buf_6)
                                                         net273 (net)
                      0.259705    0.022300   30.557545 ^ wire1/A (sky130_fd_sc_hd__buf_6)
     3    0.081766    0.264549    0.398330   30.955875 ^ wire1/X (sky130_fd_sc_hd__buf_6)
                                                         net272 (net)
                      0.267818    0.023530   30.979404 ^ clkbuf_0_clk/A (sky130_fd_sc_hd__clkbuf_16)
     9    0.101201    0.179146    0.400721   31.380127 ^ clkbuf_0_clk/X (sky130_fd_sc_hd__clkbuf_16)
                                                         clknet_0_clk (net)
                      0.180071    0.010285   31.390411 ^ clkbuf_2_3__f_clk/A (sky130_fd_sc_hd__clkbuf_16)
    21    0.075270    0.142724    0.332449   31.722860 ^ clkbuf_2_3__f_clk/X (sky130_fd_sc_hd__clkbuf_16)
                                                         clknet_2_3__leaf_clk (net)
                      0.144994    0.014015   31.736876 ^ _157_/CLK (sky130_fd_sc_hd__dfrtp_4)
                                 -0.250000   31.486874   clock uncertainty
                                  0.000000   31.486874   clock reconvergence pessimism
                                 -0.135858   31.351015   library setup time
                                             31.351015   data required time
---------------------------------------------------------------------------------------------
                                             31.351015   data required time
                                            -20.176817   data arrival time
---------------------------------------------------------------------------------------------
                                             11.174198   slack (MET)


Startpoint: wbs_adr_i[31] (input port clocked by clk)
Endpoint: _158_ (rising edge-triggered flip-flop clocked by clk)
Path Group: clk
Path Type: max

Fanout         Cap        Slew       Delay        Time   Description
---------------------------------------------------------------------------------------------
                                  0.000000    0.000000   clock clk (rise edge)
                                  5.570000    5.570000   clock network delay (propagated)
                                  3.890000    9.460000 v input external delay
     2    0.003972    0.920000    0.000000    9.460000 v wbs_adr_i[31] (in)
                                                         wbs_adr_i[31] (net)
                      0.920178    0.000089    9.460089 v hold7/A (sky130_fd_sc_hd__dlygate4sd3_1)
     1    0.004237    0.121519    1.530348   10.990438 v hold7/X (sky130_fd_sc_hd__dlygate4sd3_1)
                                                         net281 (net)
                      0.121519    0.000308   10.990746 v input102/A (sky130_fd_sc_hd__clkbuf_8)
     3    0.074615    0.157105    0.350590   11.341335 v input102/X (sky130_fd_sc_hd__clkbuf_8)
                                                         net102 (net)
                      0.162588    0.023048   11.364384 v hold8/A (sky130_fd_sc_hd__dlygate4sd3_1)
     3    0.066498    0.630054    1.665112   13.029495 v hold8/X (sky130_fd_sc_hd__dlygate4sd3_1)
                                                         net282 (net)
                      0.631053    0.022573   13.052069 v _043_/A (sky130_fd_sc_hd__nor4b_1)
     1    0.003406    0.454639    0.739367   13.791435 ^ _043_/Y (sky130_fd_sc_hd__nor4b_1)
                                                         _034_ (net)
                      0.454639    0.000249   13.791684 ^ hold9/A (sky130_fd_sc_hd__dlygate4sd3_1)
     1    0.003403    0.099093    1.184723   14.976406 ^ hold9/X (sky130_fd_sc_hd__dlygate4sd3_1)
                                                         net283 (net)
                      0.099093    0.000242   14.976648 ^ wire266/A (sky130_fd_sc_hd__buf_2)
     1    0.013475    0.120512    0.244958   15.221605 ^ wire266/X (sky130_fd_sc_hd__buf_2)
                                                         net266 (net)
                      0.120523    0.001236   15.222842 ^ hold10/A (sky130_fd_sc_hd__dlygate4sd3_1)
     5    0.042248    0.643791    1.493113   16.715956 ^ hold10/X (sky130_fd_sc_hd__dlygate4sd3_1)
                                                         net284 (net)
                      0.643824    0.005263   16.721218 ^ fanout263/A (sky130_fd_sc_hd__buf_4)
     1    0.003781    0.056323    0.410765   17.131983 ^ fanout263/X (sky130_fd_sc_hd__buf_4)
                                                         net263 (net)
                      0.056323    0.000158   17.132141 ^ hold11/A (sky130_fd_sc_hd__dlygate4sd3_1)
    33    0.121919    1.804327    2.279148   19.411289 ^ hold11/X (sky130_fd_sc_hd__dlygate4sd3_1)
                                                         net285 (net)
                      1.804328    0.006798   19.418087 ^ _125_/B (sky130_fd_sc_hd__and3_1)
     1    0.003400    0.118954    0.756197   20.174284 ^ _125_/X (sky130_fd_sc_hd__and3_1)
                                                         _022_ (net)
                      0.118954    0.000220   20.174505 ^ _158_/D (sky130_fd_sc_hd__dfrtp_4)
                                             20.174505   data arrival time

                                 25.000000   25.000000   clock clk (rise edge)
                                  4.650000   29.650000   clock source latency
     2    0.032618    0.610000    0.000000   29.650000 ^ clk (in)
                                                         clk (net)
                      0.618647    0.004324   29.654322 ^ wire3/A (sky130_fd_sc_hd__buf_4)
     3    0.036079    0.177169    0.513397   30.167721 ^ wire3/X (sky130_fd_sc_hd__buf_4)
                                                         net274 (net)
                      0.177570    0.007450   30.175169 ^ wire2/A (sky130_fd_sc_hd__buf_6)
     3    0.079273    0.256679    0.360075   30.535244 ^ wire2/X (sky130_fd_sc_hd__buf_6)
                                                         net273 (net)
                      0.259705    0.022300   30.557545 ^ wire1/A (sky130_fd_sc_hd__buf_6)
     3    0.081766    0.264549    0.398330   30.955875 ^ wire1/X (sky130_fd_sc_hd__buf_6)
                                                         net272 (net)
                      0.267818    0.023530   30.979404 ^ clkbuf_0_clk/A (sky130_fd_sc_hd__clkbuf_16)
     9    0.101201    0.179146    0.400721   31.380127 ^ clkbuf_0_clk/X (sky130_fd_sc_hd__clkbuf_16)
                                                         clknet_0_clk (net)
                      0.180071    0.010285   31.390411 ^ clkbuf_2_3__f_clk/A (sky130_fd_sc_hd__clkbuf_16)
    21    0.075270    0.142724    0.332449   31.722860 ^ clkbuf_2_3__f_clk/X (sky130_fd_sc_hd__clkbuf_16)
                                                         clknet_2_3__leaf_clk (net)
                      0.145274    0.014875   31.737736 ^ _158_/CLK (sky130_fd_sc_hd__dfrtp_4)
                                 -0.250000   31.487734   clock uncertainty
                                  0.000000   31.487734   clock reconvergence pessimism
                                 -0.135791   31.351942   library setup time
                                             31.351942   data required time
---------------------------------------------------------------------------------------------
                                             31.351942   data required time
                                            -20.174505   data arrival time
---------------------------------------------------------------------------------------------
                                             11.177438   slack (MET)


Startpoint: wbs_adr_i[31] (input port clocked by clk)
Endpoint: _152_ (rising edge-triggered flip-flop clocked by clk)
Path Group: clk
Path Type: max

Fanout         Cap        Slew       Delay        Time   Description
---------------------------------------------------------------------------------------------
                                  0.000000    0.000000   clock clk (rise edge)
                                  5.570000    5.570000   clock network delay (propagated)
                                  3.890000    9.460000 v input external delay
     2    0.003972    0.920000    0.000000    9.460000 v wbs_adr_i[31] (in)
                                                         wbs_adr_i[31] (net)
                      0.920178    0.000089    9.460089 v hold7/A (sky130_fd_sc_hd__dlygate4sd3_1)
     1    0.004237    0.121519    1.530348   10.990438 v hold7/X (sky130_fd_sc_hd__dlygate4sd3_1)
                                                         net281 (net)
                      0.121519    0.000308   10.990746 v input102/A (sky130_fd_sc_hd__clkbuf_8)
     3    0.074615    0.157105    0.350590   11.341335 v input102/X (sky130_fd_sc_hd__clkbuf_8)
                                                         net102 (net)
                      0.162588    0.023048   11.364384 v hold8/A (sky130_fd_sc_hd__dlygate4sd3_1)
     3    0.066498    0.630054    1.665112   13.029495 v hold8/X (sky130_fd_sc_hd__dlygate4sd3_1)
                                                         net282 (net)
                      0.631053    0.022573   13.052069 v _043_/A (sky130_fd_sc_hd__nor4b_1)
     1    0.003406    0.454639    0.739367   13.791435 ^ _043_/Y (sky130_fd_sc_hd__nor4b_1)
                                                         _034_ (net)
                      0.454639    0.000249   13.791684 ^ hold9/A (sky130_fd_sc_hd__dlygate4sd3_1)
     1    0.003403    0.099093    1.184723   14.976406 ^ hold9/X (sky130_fd_sc_hd__dlygate4sd3_1)
                                                         net283 (net)
                      0.099093    0.000242   14.976648 ^ wire266/A (sky130_fd_sc_hd__buf_2)
     1    0.013475    0.120512    0.244958   15.221605 ^ wire266/X (sky130_fd_sc_hd__buf_2)
                                                         net266 (net)
                      0.120523    0.001236   15.222842 ^ hold10/A (sky130_fd_sc_hd__dlygate4sd3_1)
     5    0.042248    0.643791    1.493113   16.715956 ^ hold10/X (sky130_fd_sc_hd__dlygate4sd3_1)
                                                         net284 (net)
                      0.643824    0.005263   16.721218 ^ fanout263/A (sky130_fd_sc_hd__buf_4)
     1    0.003781    0.056323    0.410765   17.131983 ^ fanout263/X (sky130_fd_sc_hd__buf_4)
                                                         net263 (net)
                      0.056323    0.000158   17.132141 ^ hold11/A (sky130_fd_sc_hd__dlygate4sd3_1)
    33    0.121919    1.804327    2.279148   19.411289 ^ hold11/X (sky130_fd_sc_hd__dlygate4sd3_1)
                                                         net285 (net)
                      1.804332    0.007345   19.418634 ^ _119_/B (sky130_fd_sc_hd__and3_1)
     1    0.003270    0.117360    0.753820   20.172455 ^ _119_/X (sky130_fd_sc_hd__and3_1)
                                                         _016_ (net)
                      0.117360    0.000208   20.172663 ^ _152_/D (sky130_fd_sc_hd__dfrtp_4)
                                             20.172663   data arrival time

                                 25.000000   25.000000   clock clk (rise edge)
                                  4.650000   29.650000   clock source latency
     2    0.032618    0.610000    0.000000   29.650000 ^ clk (in)
                                                         clk (net)
                      0.618647    0.004324   29.654322 ^ wire3/A (sky130_fd_sc_hd__buf_4)
     3    0.036079    0.177169    0.513397   30.167721 ^ wire3/X (sky130_fd_sc_hd__buf_4)
                                                         net274 (net)
                      0.177570    0.007450   30.175169 ^ wire2/A (sky130_fd_sc_hd__buf_6)
     3    0.079273    0.256679    0.360075   30.535244 ^ wire2/X (sky130_fd_sc_hd__buf_6)
                                                         net273 (net)
                      0.259705    0.022300   30.557545 ^ wire1/A (sky130_fd_sc_hd__buf_6)
     3    0.081766    0.264549    0.398330   30.955875 ^ wire1/X (sky130_fd_sc_hd__buf_6)
                                                         net272 (net)
                      0.267818    0.023530   30.979404 ^ clkbuf_0_clk/A (sky130_fd_sc_hd__clkbuf_16)
     9    0.101201    0.179146    0.400721   31.380127 ^ clkbuf_0_clk/X (sky130_fd_sc_hd__clkbuf_16)
                                                         clknet_0_clk (net)
                      0.180071    0.010285   31.390411 ^ clkbuf_2_3__f_clk/A (sky130_fd_sc_hd__clkbuf_16)
    21    0.075270    0.142724    0.332449   31.722860 ^ clkbuf_2_3__f_clk/X (sky130_fd_sc_hd__clkbuf_16)
                                                         clknet_2_3__leaf_clk (net)
                      0.145791    0.016364   31.739223 ^ _152_/CLK (sky130_fd_sc_hd__dfrtp_4)
                                 -0.250000   31.489223   clock uncertainty
                                  0.000000   31.489223   clock reconvergence pessimism
                                 -0.135297   31.353926   library setup time
                                             31.353926   data required time
---------------------------------------------------------------------------------------------
                                             31.353926   data required time
                                            -20.172663   data arrival time
---------------------------------------------------------------------------------------------
                                             11.181262   slack (MET)


Startpoint: wbs_adr_i[31] (input port clocked by clk)
Endpoint: _154_ (rising edge-triggered flip-flop clocked by clk)
Path Group: clk
Path Type: max

Fanout         Cap        Slew       Delay        Time   Description
---------------------------------------------------------------------------------------------
                                  0.000000    0.000000   clock clk (rise edge)
                                  5.570000    5.570000   clock network delay (propagated)
                                  3.890000    9.460000 v input external delay
     2    0.003972    0.920000    0.000000    9.460000 v wbs_adr_i[31] (in)
                                                         wbs_adr_i[31] (net)
                      0.920178    0.000089    9.460089 v hold7/A (sky130_fd_sc_hd__dlygate4sd3_1)
     1    0.004237    0.121519    1.530348   10.990438 v hold7/X (sky130_fd_sc_hd__dlygate4sd3_1)
                                                         net281 (net)
                      0.121519    0.000308   10.990746 v input102/A (sky130_fd_sc_hd__clkbuf_8)
     3    0.074615    0.157105    0.350590   11.341335 v input102/X (sky130_fd_sc_hd__clkbuf_8)
                                                         net102 (net)
                      0.162588    0.023048   11.364384 v hold8/A (sky130_fd_sc_hd__dlygate4sd3_1)
     3    0.066498    0.630054    1.665112   13.029495 v hold8/X (sky130_fd_sc_hd__dlygate4sd3_1)
                                                         net282 (net)
                      0.631053    0.022573   13.052069 v _043_/A (sky130_fd_sc_hd__nor4b_1)
     1    0.003406    0.454639    0.739367   13.791435 ^ _043_/Y (sky130_fd_sc_hd__nor4b_1)
                                                         _034_ (net)
                      0.454639    0.000249   13.791684 ^ hold9/A (sky130_fd_sc_hd__dlygate4sd3_1)
     1    0.003403    0.099093    1.184723   14.976406 ^ hold9/X (sky130_fd_sc_hd__dlygate4sd3_1)
                                                         net283 (net)
                      0.099093    0.000242   14.976648 ^ wire266/A (sky130_fd_sc_hd__buf_2)
     1    0.013475    0.120512    0.244958   15.221605 ^ wire266/X (sky130_fd_sc_hd__buf_2)
                                                         net266 (net)
                      0.120523    0.001236   15.222842 ^ hold10/A (sky130_fd_sc_hd__dlygate4sd3_1)
     5    0.042248    0.643791    1.493113   16.715956 ^ hold10/X (sky130_fd_sc_hd__dlygate4sd3_1)
                                                         net284 (net)
                      0.643824    0.005263   16.721218 ^ fanout263/A (sky130_fd_sc_hd__buf_4)
     1    0.003781    0.056323    0.410765   17.131983 ^ fanout263/X (sky130_fd_sc_hd__buf_4)
                                                         net263 (net)
                      0.056323    0.000158   17.132141 ^ hold11/A (sky130_fd_sc_hd__dlygate4sd3_1)
    33    0.121919    1.804327    2.279148   19.411289 ^ hold11/X (sky130_fd_sc_hd__dlygate4sd3_1)
                                                         net285 (net)
                      1.804334    0.007729   19.419018 ^ _121_/B (sky130_fd_sc_hd__and3_1)
     1    0.003176    0.116223    0.752126   20.171144 ^ _121_/X (sky130_fd_sc_hd__and3_1)
                                                         _018_ (net)
                      0.116223    0.000197   20.171341 ^ _154_/D (sky130_fd_sc_hd__dfrtp_4)
                                             20.171341   data arrival time

                                 25.000000   25.000000   clock clk (rise edge)
                                  4.650000   29.650000   clock source latency
     2    0.032618    0.610000    0.000000   29.650000 ^ clk (in)
                                                         clk (net)
                      0.618647    0.004324   29.654322 ^ wire3/A (sky130_fd_sc_hd__buf_4)
     3    0.036079    0.177169    0.513397   30.167721 ^ wire3/X (sky130_fd_sc_hd__buf_4)
                                                         net274 (net)
                      0.177570    0.007450   30.175169 ^ wire2/A (sky130_fd_sc_hd__buf_6)
     3    0.079273    0.256679    0.360075   30.535244 ^ wire2/X (sky130_fd_sc_hd__buf_6)
                                                         net273 (net)
                      0.259705    0.022300   30.557545 ^ wire1/A (sky130_fd_sc_hd__buf_6)
     3    0.081766    0.264549    0.398330   30.955875 ^ wire1/X (sky130_fd_sc_hd__buf_6)
                                                         net272 (net)
                      0.267818    0.023530   30.979404 ^ clkbuf_0_clk/A (sky130_fd_sc_hd__clkbuf_16)
     9    0.101201    0.179146    0.400721   31.380127 ^ clkbuf_0_clk/X (sky130_fd_sc_hd__clkbuf_16)
                                                         clknet_0_clk (net)
                      0.180071    0.010285   31.390411 ^ clkbuf_2_3__f_clk/A (sky130_fd_sc_hd__clkbuf_16)
    21    0.075270    0.142724    0.332449   31.722860 ^ clkbuf_2_3__f_clk/X (sky130_fd_sc_hd__clkbuf_16)
                                                         clknet_2_3__leaf_clk (net)
                      0.145765    0.016293   31.739153 ^ _154_/CLK (sky130_fd_sc_hd__dfrtp_4)
                                 -0.250000   31.489151   clock uncertainty
                                  0.000000   31.489151   clock reconvergence pessimism
                                 -0.135014   31.354137   library setup time
                                             31.354137   data required time
---------------------------------------------------------------------------------------------
                                             31.354137   data required time
                                            -20.171341   data arrival time
---------------------------------------------------------------------------------------------
                                             11.182797   slack (MET)


Startpoint: wbs_adr_i[31] (input port clocked by clk)
Endpoint: _144_ (rising edge-triggered flip-flop clocked by clk)
Path Group: clk
Path Type: max

Fanout         Cap        Slew       Delay        Time   Description
---------------------------------------------------------------------------------------------
                                  0.000000    0.000000   clock clk (rise edge)
                                  5.570000    5.570000   clock network delay (propagated)
                                  3.890000    9.460000 v input external delay
     2    0.003972    0.920000    0.000000    9.460000 v wbs_adr_i[31] (in)
                                                         wbs_adr_i[31] (net)
                      0.920178    0.000089    9.460089 v hold7/A (sky130_fd_sc_hd__dlygate4sd3_1)
     1    0.004237    0.121519    1.530348   10.990438 v hold7/X (sky130_fd_sc_hd__dlygate4sd3_1)
                                                         net281 (net)
                      0.121519    0.000308   10.990746 v input102/A (sky130_fd_sc_hd__clkbuf_8)
     3    0.074615    0.157105    0.350590   11.341335 v input102/X (sky130_fd_sc_hd__clkbuf_8)
                                                         net102 (net)
                      0.162588    0.023048   11.364384 v hold8/A (sky130_fd_sc_hd__dlygate4sd3_1)
     3    0.066498    0.630054    1.665112   13.029495 v hold8/X (sky130_fd_sc_hd__dlygate4sd3_1)
                                                         net282 (net)
                      0.631053    0.022573   13.052069 v _043_/A (sky130_fd_sc_hd__nor4b_1)
     1    0.003406    0.454639    0.739367   13.791435 ^ _043_/Y (sky130_fd_sc_hd__nor4b_1)
                                                         _034_ (net)
                      0.454639    0.000249   13.791684 ^ hold9/A (sky130_fd_sc_hd__dlygate4sd3_1)
     1    0.003403    0.099093    1.184723   14.976406 ^ hold9/X (sky130_fd_sc_hd__dlygate4sd3_1)
                                                         net283 (net)
                      0.099093    0.000242   14.976648 ^ wire266/A (sky130_fd_sc_hd__buf_2)
     1    0.013475    0.120512    0.244958   15.221605 ^ wire266/X (sky130_fd_sc_hd__buf_2)
                                                         net266 (net)
                      0.120523    0.001236   15.222842 ^ hold10/A (sky130_fd_sc_hd__dlygate4sd3_1)
     5    0.042248    0.643791    1.493113   16.715956 ^ hold10/X (sky130_fd_sc_hd__dlygate4sd3_1)
                                                         net284 (net)
                      0.643824    0.005263   16.721218 ^ fanout263/A (sky130_fd_sc_hd__buf_4)
     1    0.003781    0.056323    0.410765   17.131983 ^ fanout263/X (sky130_fd_sc_hd__buf_4)
                                                         net263 (net)
                      0.056323    0.000158   17.132141 ^ hold11/A (sky130_fd_sc_hd__dlygate4sd3_1)
    33    0.121919    1.804327    2.279148   19.411289 ^ hold11/X (sky130_fd_sc_hd__dlygate4sd3_1)
                                                         net285 (net)
                      1.805343    0.025340   19.436628 ^ _111_/B (sky130_fd_sc_hd__and3_1)
     1    0.003075    0.115056    0.750399   20.187027 ^ _111_/X (sky130_fd_sc_hd__and3_1)
                                                         _007_ (net)
                      0.115056    0.000199   20.187227 ^ _144_/D (sky130_fd_sc_hd__dfrtp_2)
                                             20.187227   data arrival time

                                 25.000000   25.000000   clock clk (rise edge)
                                  4.650000   29.650000   clock source latency
     2    0.032618    0.610000    0.000000   29.650000 ^ clk (in)
                                                         clk (net)
                      0.618647    0.004324   29.654322 ^ wire3/A (sky130_fd_sc_hd__buf_4)
     3    0.036079    0.177169    0.513397   30.167721 ^ wire3/X (sky130_fd_sc_hd__buf_4)
                                                         net274 (net)
                      0.177570    0.007450   30.175169 ^ wire2/A (sky130_fd_sc_hd__buf_6)
     3    0.079273    0.256679    0.360075   30.535244 ^ wire2/X (sky130_fd_sc_hd__buf_6)
                                                         net273 (net)
                      0.259705    0.022300   30.557545 ^ wire1/A (sky130_fd_sc_hd__buf_6)
     3    0.081766    0.264549    0.398330   30.955875 ^ wire1/X (sky130_fd_sc_hd__buf_6)
                                                         net272 (net)
                      0.267818    0.023530   30.979404 ^ clkbuf_0_clk/A (sky130_fd_sc_hd__clkbuf_16)
     9    0.101201    0.179146    0.400721   31.380127 ^ clkbuf_0_clk/X (sky130_fd_sc_hd__clkbuf_16)
                                                         clknet_0_clk (net)
                      0.180074    0.010303   31.390429 ^ clkbuf_2_2__f_clk/A (sky130_fd_sc_hd__clkbuf_16)
    17    0.094181    0.168784    0.354227   31.744656 ^ clkbuf_2_2__f_clk/X (sky130_fd_sc_hd__clkbuf_16)
                                                         clknet_2_2__leaf_clk (net)
                      0.169608    0.009429   31.754086 ^ _144_/CLK (sky130_fd_sc_hd__dfrtp_2)
                                 -0.250000   31.504084   clock uncertainty
                                  0.000000   31.504084   clock reconvergence pessimism
                                 -0.132151   31.371933   library setup time
                                             31.371933   data required time
---------------------------------------------------------------------------------------------
                                             31.371933   data required time
                                            -20.187227   data arrival time
---------------------------------------------------------------------------------------------
                                             11.184707   slack (MET)


Startpoint: wbs_adr_i[31] (input port clocked by clk)
Endpoint: _147_ (rising edge-triggered flip-flop clocked by clk)
Path Group: clk
Path Type: max

Fanout         Cap        Slew       Delay        Time   Description
---------------------------------------------------------------------------------------------
                                  0.000000    0.000000   clock clk (rise edge)
                                  5.570000    5.570000   clock network delay (propagated)
                                  3.890000    9.460000 v input external delay
     2    0.003972    0.920000    0.000000    9.460000 v wbs_adr_i[31] (in)
                                                         wbs_adr_i[31] (net)
                      0.920178    0.000089    9.460089 v hold7/A (sky130_fd_sc_hd__dlygate4sd3_1)
     1    0.004237    0.121519    1.530348   10.990438 v hold7/X (sky130_fd_sc_hd__dlygate4sd3_1)
                                                         net281 (net)
                      0.121519    0.000308   10.990746 v input102/A (sky130_fd_sc_hd__clkbuf_8)
     3    0.074615    0.157105    0.350590   11.341335 v input102/X (sky130_fd_sc_hd__clkbuf_8)
                                                         net102 (net)
                      0.162588    0.023048   11.364384 v hold8/A (sky130_fd_sc_hd__dlygate4sd3_1)
     3    0.066498    0.630054    1.665112   13.029495 v hold8/X (sky130_fd_sc_hd__dlygate4sd3_1)
                                                         net282 (net)
                      0.631053    0.022573   13.052069 v _043_/A (sky130_fd_sc_hd__nor4b_1)
     1    0.003406    0.454639    0.739367   13.791435 ^ _043_/Y (sky130_fd_sc_hd__nor4b_1)
                                                         _034_ (net)
                      0.454639    0.000249   13.791684 ^ hold9/A (sky130_fd_sc_hd__dlygate4sd3_1)
     1    0.003403    0.099093    1.184723   14.976406 ^ hold9/X (sky130_fd_sc_hd__dlygate4sd3_1)
                                                         net283 (net)
                      0.099093    0.000242   14.976648 ^ wire266/A (sky130_fd_sc_hd__buf_2)
     1    0.013475    0.120512    0.244958   15.221605 ^ wire266/X (sky130_fd_sc_hd__buf_2)
                                                         net266 (net)
                      0.120523    0.001236   15.222842 ^ hold10/A (sky130_fd_sc_hd__dlygate4sd3_1)
     5    0.042248    0.643791    1.493113   16.715956 ^ hold10/X (sky130_fd_sc_hd__dlygate4sd3_1)
                                                         net284 (net)
                      0.643824    0.005263   16.721218 ^ fanout263/A (sky130_fd_sc_hd__buf_4)
     1    0.003781    0.056323    0.410765   17.131983 ^ fanout263/X (sky130_fd_sc_hd__buf_4)
                                                         net263 (net)
                      0.056323    0.000158   17.132141 ^ hold11/A (sky130_fd_sc_hd__dlygate4sd3_1)
    33    0.121919    1.804327    2.279148   19.411289 ^ hold11/X (sky130_fd_sc_hd__dlygate4sd3_1)
                                                         net285 (net)
                      1.804434    0.015421   19.426710 ^ _114_/B (sky130_fd_sc_hd__and3_1)
     1    0.003473    0.119868    0.757552   20.184261 ^ _114_/X (sky130_fd_sc_hd__and3_1)
                                                         _010_ (net)
                      0.119868    0.000227   20.184490 ^ _147_/D (sky130_fd_sc_hd__dfrtp_2)
                                             20.184490   data arrival time

                                 25.000000   25.000000   clock clk (rise edge)
                                  4.650000   29.650000   clock source latency
     2    0.032618    0.610000    0.000000   29.650000 ^ clk (in)
                                                         clk (net)
                      0.618647    0.004324   29.654322 ^ wire3/A (sky130_fd_sc_hd__buf_4)
     3    0.036079    0.177169    0.513397   30.167721 ^ wire3/X (sky130_fd_sc_hd__buf_4)
                                                         net274 (net)
                      0.177570    0.007450   30.175169 ^ wire2/A (sky130_fd_sc_hd__buf_6)
     3    0.079273    0.256679    0.360075   30.535244 ^ wire2/X (sky130_fd_sc_hd__buf_6)
                                                         net273 (net)
                      0.259705    0.022300   30.557545 ^ wire1/A (sky130_fd_sc_hd__buf_6)
     3    0.081766    0.264549    0.398330   30.955875 ^ wire1/X (sky130_fd_sc_hd__buf_6)
                                                         net272 (net)
                      0.267818    0.023530   30.979404 ^ clkbuf_0_clk/A (sky130_fd_sc_hd__clkbuf_16)
     9    0.101201    0.179146    0.400721   31.380127 ^ clkbuf_0_clk/X (sky130_fd_sc_hd__clkbuf_16)
                                                         clknet_0_clk (net)
                      0.180074    0.010303   31.390429 ^ clkbuf_2_2__f_clk/A (sky130_fd_sc_hd__clkbuf_16)
    17    0.094181    0.168784    0.354227   31.744656 ^ clkbuf_2_2__f_clk/X (sky130_fd_sc_hd__clkbuf_16)
                                                         clknet_2_2__leaf_clk (net)
                      0.170031    0.011536   31.756191 ^ _147_/CLK (sky130_fd_sc_hd__dfrtp_2)
                                 -0.250000   31.506191   clock uncertainty
                                  0.000000   31.506191   clock reconvergence pessimism
                                 -0.133287   31.372904   library setup time
                                             31.372904   data required time
---------------------------------------------------------------------------------------------
                                             31.372904   data required time
                                            -20.184490   data arrival time
---------------------------------------------------------------------------------------------
                                             11.188414   slack (MET)


Startpoint: wbs_adr_i[31] (input port clocked by clk)
Endpoint: _159_ (rising edge-triggered flip-flop clocked by clk)
Path Group: clk
Path Type: max

Fanout         Cap        Slew       Delay        Time   Description
---------------------------------------------------------------------------------------------
                                  0.000000    0.000000   clock clk (rise edge)
                                  5.570000    5.570000   clock network delay (propagated)
                                  3.890000    9.460000 v input external delay
     2    0.003972    0.920000    0.000000    9.460000 v wbs_adr_i[31] (in)
                                                         wbs_adr_i[31] (net)
                      0.920178    0.000089    9.460089 v hold7/A (sky130_fd_sc_hd__dlygate4sd3_1)
     1    0.004237    0.121519    1.530348   10.990438 v hold7/X (sky130_fd_sc_hd__dlygate4sd3_1)
                                                         net281 (net)
                      0.121519    0.000308   10.990746 v input102/A (sky130_fd_sc_hd__clkbuf_8)
     3    0.074615    0.157105    0.350590   11.341335 v input102/X (sky130_fd_sc_hd__clkbuf_8)
                                                         net102 (net)
                      0.162588    0.023048   11.364384 v hold8/A (sky130_fd_sc_hd__dlygate4sd3_1)
     3    0.066498    0.630054    1.665112   13.029495 v hold8/X (sky130_fd_sc_hd__dlygate4sd3_1)
                                                         net282 (net)
                      0.631053    0.022573   13.052069 v _043_/A (sky130_fd_sc_hd__nor4b_1)
     1    0.003406    0.454639    0.739367   13.791435 ^ _043_/Y (sky130_fd_sc_hd__nor4b_1)
                                                         _034_ (net)
                      0.454639    0.000249   13.791684 ^ hold9/A (sky130_fd_sc_hd__dlygate4sd3_1)
     1    0.003403    0.099093    1.184723   14.976406 ^ hold9/X (sky130_fd_sc_hd__dlygate4sd3_1)
                                                         net283 (net)
                      0.099093    0.000242   14.976648 ^ wire266/A (sky130_fd_sc_hd__buf_2)
     1    0.013475    0.120512    0.244958   15.221605 ^ wire266/X (sky130_fd_sc_hd__buf_2)
                                                         net266 (net)
                      0.120523    0.001236   15.222842 ^ hold10/A (sky130_fd_sc_hd__dlygate4sd3_1)
     5    0.042248    0.643791    1.493113   16.715956 ^ hold10/X (sky130_fd_sc_hd__dlygate4sd3_1)
                                                         net284 (net)
                      0.643824    0.005263   16.721218 ^ fanout263/A (sky130_fd_sc_hd__buf_4)
     1    0.003781    0.056323    0.410765   17.131983 ^ fanout263/X (sky130_fd_sc_hd__buf_4)
                                                         net263 (net)
                      0.056323    0.000158   17.132141 ^ hold11/A (sky130_fd_sc_hd__dlygate4sd3_1)
    33    0.121919    1.804327    2.279148   19.411289 ^ hold11/X (sky130_fd_sc_hd__dlygate4sd3_1)
                                                         net285 (net)
                      1.804335    0.007807   19.419096 ^ _126_/B (sky130_fd_sc_hd__and3_1)
     1    0.003898    0.125265    0.765303   20.184399 ^ _126_/X (sky130_fd_sc_hd__and3_1)
                                                         _024_ (net)
                      0.125265    0.000240   20.184639 ^ _159_/D (sky130_fd_sc_hd__dfrtp_4)
                                             20.184639   data arrival time

                                 25.000000   25.000000   clock clk (rise edge)
                                  4.650000   29.650000   clock source latency
     2    0.032618    0.610000    0.000000   29.650000 ^ clk (in)
                                                         clk (net)
                      0.618647    0.004324   29.654322 ^ wire3/A (sky130_fd_sc_hd__buf_4)
     3    0.036079    0.177169    0.513397   30.167721 ^ wire3/X (sky130_fd_sc_hd__buf_4)
                                                         net274 (net)
                      0.177570    0.007450   30.175169 ^ wire2/A (sky130_fd_sc_hd__buf_6)
     3    0.079273    0.256679    0.360075   30.535244 ^ wire2/X (sky130_fd_sc_hd__buf_6)
                                                         net273 (net)
                      0.259705    0.022300   30.557545 ^ wire1/A (sky130_fd_sc_hd__buf_6)
     3    0.081766    0.264549    0.398330   30.955875 ^ wire1/X (sky130_fd_sc_hd__buf_6)
                                                         net272 (net)
                      0.267818    0.023530   30.979404 ^ clkbuf_0_clk/A (sky130_fd_sc_hd__clkbuf_16)
     9    0.101201    0.179146    0.400721   31.380127 ^ clkbuf_0_clk/X (sky130_fd_sc_hd__clkbuf_16)
                                                         clknet_0_clk (net)
                      0.180074    0.010303   31.390429 ^ clkbuf_2_2__f_clk/A (sky130_fd_sc_hd__clkbuf_16)
    17    0.094181    0.168784    0.354227   31.744656 ^ clkbuf_2_2__f_clk/X (sky130_fd_sc_hd__clkbuf_16)
                                                         clknet_2_2__leaf_clk (net)
                      0.170743    0.014424   31.759079 ^ _159_/CLK (sky130_fd_sc_hd__dfrtp_4)
                                 -0.250000   31.509079   clock uncertainty
                                  0.000000   31.509079   clock reconvergence pessimism
                                 -0.132881   31.376196   library setup time
                                             31.376196   data required time
---------------------------------------------------------------------------------------------
                                             31.376196   data required time
                                            -20.184639   data arrival time
---------------------------------------------------------------------------------------------
                                             11.191558   slack (MET)


Startpoint: wbs_adr_i[31] (input port clocked by clk)
Endpoint: _145_ (rising edge-triggered flip-flop clocked by clk)
Path Group: clk
Path Type: max

Fanout         Cap        Slew       Delay        Time   Description
---------------------------------------------------------------------------------------------
                                  0.000000    0.000000   clock clk (rise edge)
                                  5.570000    5.570000   clock network delay (propagated)
                                  3.890000    9.460000 v input external delay
     2    0.003972    0.920000    0.000000    9.460000 v wbs_adr_i[31] (in)
                                                         wbs_adr_i[31] (net)
                      0.920178    0.000089    9.460089 v hold7/A (sky130_fd_sc_hd__dlygate4sd3_1)
     1    0.004237    0.121519    1.530348   10.990438 v hold7/X (sky130_fd_sc_hd__dlygate4sd3_1)
                                                         net281 (net)
                      0.121519    0.000308   10.990746 v input102/A (sky130_fd_sc_hd__clkbuf_8)
     3    0.074615    0.157105    0.350590   11.341335 v input102/X (sky130_fd_sc_hd__clkbuf_8)
                                                         net102 (net)
                      0.162588    0.023048   11.364384 v hold8/A (sky130_fd_sc_hd__dlygate4sd3_1)
     3    0.066498    0.630054    1.665112   13.029495 v hold8/X (sky130_fd_sc_hd__dlygate4sd3_1)
                                                         net282 (net)
                      0.631053    0.022573   13.052069 v _043_/A (sky130_fd_sc_hd__nor4b_1)
     1    0.003406    0.454639    0.739367   13.791435 ^ _043_/Y (sky130_fd_sc_hd__nor4b_1)
                                                         _034_ (net)
                      0.454639    0.000249   13.791684 ^ hold9/A (sky130_fd_sc_hd__dlygate4sd3_1)
     1    0.003403    0.099093    1.184723   14.976406 ^ hold9/X (sky130_fd_sc_hd__dlygate4sd3_1)
                                                         net283 (net)
                      0.099093    0.000242   14.976648 ^ wire266/A (sky130_fd_sc_hd__buf_2)
     1    0.013475    0.120512    0.244958   15.221605 ^ wire266/X (sky130_fd_sc_hd__buf_2)
                                                         net266 (net)
                      0.120523    0.001236   15.222842 ^ hold10/A (sky130_fd_sc_hd__dlygate4sd3_1)
     5    0.042248    0.643791    1.493113   16.715956 ^ hold10/X (sky130_fd_sc_hd__dlygate4sd3_1)
                                                         net284 (net)
                      0.643824    0.005263   16.721218 ^ fanout263/A (sky130_fd_sc_hd__buf_4)
     1    0.003781    0.056323    0.410765   17.131983 ^ fanout263/X (sky130_fd_sc_hd__buf_4)
                                                         net263 (net)
                      0.056323    0.000158   17.132141 ^ hold11/A (sky130_fd_sc_hd__dlygate4sd3_1)
    33    0.121919    1.804327    2.279148   19.411289 ^ hold11/X (sky130_fd_sc_hd__dlygate4sd3_1)
                                                         net285 (net)
                      1.805267    0.023396   19.434685 ^ _112_/B (sky130_fd_sc_hd__and3_1)
     1    0.002744    0.111377    0.744343   20.179029 ^ _112_/X (sky130_fd_sc_hd__and3_1)
                                                         _008_ (net)
                      0.111377    0.000179   20.179209 ^ _145_/D (sky130_fd_sc_hd__dfrtp_2)
                                             20.179209   data arrival time

                                 25.000000   25.000000   clock clk (rise edge)
                                  4.650000   29.650000   clock source latency
     2    0.032618    0.610000    0.000000   29.650000 ^ clk (in)
                                                         clk (net)
                      0.618647    0.004324   29.654322 ^ wire3/A (sky130_fd_sc_hd__buf_4)
     3    0.036079    0.177169    0.513397   30.167721 ^ wire3/X (sky130_fd_sc_hd__buf_4)
                                                         net274 (net)
                      0.177570    0.007450   30.175169 ^ wire2/A (sky130_fd_sc_hd__buf_6)
     3    0.079273    0.256679    0.360075   30.535244 ^ wire2/X (sky130_fd_sc_hd__buf_6)
                                                         net273 (net)
                      0.259705    0.022300   30.557545 ^ wire1/A (sky130_fd_sc_hd__buf_6)
     3    0.081766    0.264549    0.398330   30.955875 ^ wire1/X (sky130_fd_sc_hd__buf_6)
                                                         net272 (net)
                      0.267818    0.023530   30.979404 ^ clkbuf_0_clk/A (sky130_fd_sc_hd__clkbuf_16)
     9    0.101201    0.179146    0.400721   31.380127 ^ clkbuf_0_clk/X (sky130_fd_sc_hd__clkbuf_16)
                                                         clknet_0_clk (net)
                      0.180074    0.010303   31.390429 ^ clkbuf_2_2__f_clk/A (sky130_fd_sc_hd__clkbuf_16)
    17    0.094181    0.168784    0.354227   31.744656 ^ clkbuf_2_2__f_clk/X (sky130_fd_sc_hd__clkbuf_16)
                                                         clknet_2_2__leaf_clk (net)
                      0.169366    0.007979   31.752636 ^ _145_/CLK (sky130_fd_sc_hd__dfrtp_2)
                                 -0.250000   31.502634   clock uncertainty
                                  0.000000   31.502634   clock reconvergence pessimism
                                 -0.131267   31.371368   library setup time
                                             31.371368   data required time
---------------------------------------------------------------------------------------------
                                             31.371368   data required time
                                            -20.179209   data arrival time
---------------------------------------------------------------------------------------------
                                             11.192161   slack (MET)


Startpoint: wbs_adr_i[31] (input port clocked by clk)
Endpoint: _151_ (rising edge-triggered flip-flop clocked by clk)
Path Group: clk
Path Type: max

Fanout         Cap        Slew       Delay        Time   Description
---------------------------------------------------------------------------------------------
                                  0.000000    0.000000   clock clk (rise edge)
                                  5.570000    5.570000   clock network delay (propagated)
                                  3.890000    9.460000 v input external delay
     2    0.003972    0.920000    0.000000    9.460000 v wbs_adr_i[31] (in)
                                                         wbs_adr_i[31] (net)
                      0.920178    0.000089    9.460089 v hold7/A (sky130_fd_sc_hd__dlygate4sd3_1)
     1    0.004237    0.121519    1.530348   10.990438 v hold7/X (sky130_fd_sc_hd__dlygate4sd3_1)
                                                         net281 (net)
                      0.121519    0.000308   10.990746 v input102/A (sky130_fd_sc_hd__clkbuf_8)
     3    0.074615    0.157105    0.350590   11.341335 v input102/X (sky130_fd_sc_hd__clkbuf_8)
                                                         net102 (net)
                      0.162588    0.023048   11.364384 v hold8/A (sky130_fd_sc_hd__dlygate4sd3_1)
     3    0.066498    0.630054    1.665112   13.029495 v hold8/X (sky130_fd_sc_hd__dlygate4sd3_1)
                                                         net282 (net)
                      0.631053    0.022573   13.052069 v _043_/A (sky130_fd_sc_hd__nor4b_1)
     1    0.003406    0.454639    0.739367   13.791435 ^ _043_/Y (sky130_fd_sc_hd__nor4b_1)
                                                         _034_ (net)
                      0.454639    0.000249   13.791684 ^ hold9/A (sky130_fd_sc_hd__dlygate4sd3_1)
     1    0.003403    0.099093    1.184723   14.976406 ^ hold9/X (sky130_fd_sc_hd__dlygate4sd3_1)
                                                         net283 (net)
                      0.099093    0.000242   14.976648 ^ wire266/A (sky130_fd_sc_hd__buf_2)
     1    0.013475    0.120512    0.244958   15.221605 ^ wire266/X (sky130_fd_sc_hd__buf_2)
                                                         net266 (net)
                      0.120523    0.001236   15.222842 ^ hold10/A (sky130_fd_sc_hd__dlygate4sd3_1)
     5    0.042248    0.643791    1.493113   16.715956 ^ hold10/X (sky130_fd_sc_hd__dlygate4sd3_1)
                                                         net284 (net)
                      0.643824    0.005263   16.721218 ^ fanout263/A (sky130_fd_sc_hd__buf_4)
     1    0.003781    0.056323    0.410765   17.131983 ^ fanout263/X (sky130_fd_sc_hd__buf_4)
                                                         net263 (net)
                      0.056323    0.000158   17.132141 ^ hold11/A (sky130_fd_sc_hd__dlygate4sd3_1)
    33    0.121919    1.804327    2.279148   19.411289 ^ hold11/X (sky130_fd_sc_hd__dlygate4sd3_1)
                                                         net285 (net)
                      1.804328    0.006688   19.417976 ^ _118_/B (sky130_fd_sc_hd__and3_1)
     1    0.002695    0.110818    0.743322   20.161299 ^ _118_/X (sky130_fd_sc_hd__and3_1)
                                                         _015_ (net)
                      0.110818    0.000174   20.161472 ^ _151_/D (sky130_fd_sc_hd__dfrtp_4)
                                             20.161472   data arrival time

                                 25.000000   25.000000   clock clk (rise edge)
                                  4.650000   29.650000   clock source latency
     2    0.032618    0.610000    0.000000   29.650000 ^ clk (in)
                                                         clk (net)
                      0.618647    0.004324   29.654322 ^ wire3/A (sky130_fd_sc_hd__buf_4)
     3    0.036079    0.177169    0.513397   30.167721 ^ wire3/X (sky130_fd_sc_hd__buf_4)
                                                         net274 (net)
                      0.177570    0.007450   30.175169 ^ wire2/A (sky130_fd_sc_hd__buf_6)
     3    0.079273    0.256679    0.360075   30.535244 ^ wire2/X (sky130_fd_sc_hd__buf_6)
                                                         net273 (net)
                      0.259705    0.022300   30.557545 ^ wire1/A (sky130_fd_sc_hd__buf_6)
     3    0.081766    0.264549    0.398330   30.955875 ^ wire1/X (sky130_fd_sc_hd__buf_6)
                                                         net272 (net)
                      0.267818    0.023530   30.979404 ^ clkbuf_0_clk/A (sky130_fd_sc_hd__clkbuf_16)
     9    0.101201    0.179146    0.400721   31.380127 ^ clkbuf_0_clk/X (sky130_fd_sc_hd__clkbuf_16)
                                                         clknet_0_clk (net)
                      0.180071    0.010285   31.390411 ^ clkbuf_2_3__f_clk/A (sky130_fd_sc_hd__clkbuf_16)
    21    0.075270    0.142724    0.332449   31.722860 ^ clkbuf_2_3__f_clk/X (sky130_fd_sc_hd__clkbuf_16)
                                                         clknet_2_3__leaf_clk (net)
                      0.145811    0.016417   31.739277 ^ _151_/CLK (sky130_fd_sc_hd__dfrtp_4)
                                 -0.250000   31.489277   clock uncertainty
                                  0.000000   31.489277   clock reconvergence pessimism
                                 -0.133640   31.355637   library setup time
                                             31.355637   data required time
---------------------------------------------------------------------------------------------
                                             31.355637   data required time
                                            -20.161472   data arrival time
---------------------------------------------------------------------------------------------
                                             11.194164   slack (MET)


Startpoint: wbs_adr_i[31] (input port clocked by clk)
Endpoint: _150_ (rising edge-triggered flip-flop clocked by clk)
Path Group: clk
Path Type: max

Fanout         Cap        Slew       Delay        Time   Description
---------------------------------------------------------------------------------------------
                                  0.000000    0.000000   clock clk (rise edge)
                                  5.570000    5.570000   clock network delay (propagated)
                                  3.890000    9.460000 v input external delay
     2    0.003972    0.920000    0.000000    9.460000 v wbs_adr_i[31] (in)
                                                         wbs_adr_i[31] (net)
                      0.920178    0.000089    9.460089 v hold7/A (sky130_fd_sc_hd__dlygate4sd3_1)
     1    0.004237    0.121519    1.530348   10.990438 v hold7/X (sky130_fd_sc_hd__dlygate4sd3_1)
                                                         net281 (net)
                      0.121519    0.000308   10.990746 v input102/A (sky130_fd_sc_hd__clkbuf_8)
     3    0.074615    0.157105    0.350590   11.341335 v input102/X (sky130_fd_sc_hd__clkbuf_8)
                                                         net102 (net)
                      0.162588    0.023048   11.364384 v hold8/A (sky130_fd_sc_hd__dlygate4sd3_1)
     3    0.066498    0.630054    1.665112   13.029495 v hold8/X (sky130_fd_sc_hd__dlygate4sd3_1)
                                                         net282 (net)
                      0.631053    0.022573   13.052069 v _043_/A (sky130_fd_sc_hd__nor4b_1)
     1    0.003406    0.454639    0.739367   13.791435 ^ _043_/Y (sky130_fd_sc_hd__nor4b_1)
                                                         _034_ (net)
                      0.454639    0.000249   13.791684 ^ hold9/A (sky130_fd_sc_hd__dlygate4sd3_1)
     1    0.003403    0.099093    1.184723   14.976406 ^ hold9/X (sky130_fd_sc_hd__dlygate4sd3_1)
                                                         net283 (net)
                      0.099093    0.000242   14.976648 ^ wire266/A (sky130_fd_sc_hd__buf_2)
     1    0.013475    0.120512    0.244958   15.221605 ^ wire266/X (sky130_fd_sc_hd__buf_2)
                                                         net266 (net)
                      0.120523    0.001236   15.222842 ^ hold10/A (sky130_fd_sc_hd__dlygate4sd3_1)
     5    0.042248    0.643791    1.493113   16.715956 ^ hold10/X (sky130_fd_sc_hd__dlygate4sd3_1)
                                                         net284 (net)
                      0.643824    0.005263   16.721218 ^ fanout263/A (sky130_fd_sc_hd__buf_4)
     1    0.003781    0.056323    0.410765   17.131983 ^ fanout263/X (sky130_fd_sc_hd__buf_4)
                                                         net263 (net)
                      0.056323    0.000158   17.132141 ^ hold11/A (sky130_fd_sc_hd__dlygate4sd3_1)
    33    0.121919    1.804327    2.279148   19.411289 ^ hold11/X (sky130_fd_sc_hd__dlygate4sd3_1)
                                                         net285 (net)
                      1.804331    0.007189   19.418478 ^ _117_/B (sky130_fd_sc_hd__and3_1)
     1    0.003723    0.122990    0.762100   20.180578 ^ _117_/X (sky130_fd_sc_hd__and3_1)
                                                         _014_ (net)
                      0.122990    0.000247   20.180824 ^ _150_/D (sky130_fd_sc_hd__dfrtp_4)
                                             20.180824   data arrival time

                                 25.000000   25.000000   clock clk (rise edge)
                                  4.650000   29.650000   clock source latency
     2    0.032618    0.610000    0.000000   29.650000 ^ clk (in)
                                                         clk (net)
                      0.618647    0.004324   29.654322 ^ wire3/A (sky130_fd_sc_hd__buf_4)
     3    0.036079    0.177169    0.513397   30.167721 ^ wire3/X (sky130_fd_sc_hd__buf_4)
                                                         net274 (net)
                      0.177570    0.007450   30.175169 ^ wire2/A (sky130_fd_sc_hd__buf_6)
     3    0.079273    0.256679    0.360075   30.535244 ^ wire2/X (sky130_fd_sc_hd__buf_6)
                                                         net273 (net)
                      0.259705    0.022300   30.557545 ^ wire1/A (sky130_fd_sc_hd__buf_6)
     3    0.081766    0.264549    0.398330   30.955875 ^ wire1/X (sky130_fd_sc_hd__buf_6)
                                                         net272 (net)
                      0.267818    0.023530   30.979404 ^ clkbuf_0_clk/A (sky130_fd_sc_hd__clkbuf_16)
     9    0.101201    0.179146    0.400721   31.380127 ^ clkbuf_0_clk/X (sky130_fd_sc_hd__clkbuf_16)
                                                         clknet_0_clk (net)
                      0.180074    0.010303   31.390429 ^ clkbuf_2_2__f_clk/A (sky130_fd_sc_hd__clkbuf_16)
    17    0.094181    0.168784    0.354227   31.744656 ^ clkbuf_2_2__f_clk/X (sky130_fd_sc_hd__clkbuf_16)
                                                         clknet_2_2__leaf_clk (net)
                      0.170653    0.014094   31.758749 ^ _150_/CLK (sky130_fd_sc_hd__dfrtp_4)
                                 -0.250000   31.508749   clock uncertainty
                                  0.000000   31.508749   clock reconvergence pessimism
                                 -0.132323   31.376425   library setup time
                                             31.376425   data required time
---------------------------------------------------------------------------------------------
                                             31.376425   data required time
                                            -20.180824   data arrival time
---------------------------------------------------------------------------------------------
                                             11.195600   slack (MET)


Startpoint: wbs_adr_i[31] (input port clocked by clk)
Endpoint: _149_ (rising edge-triggered flip-flop clocked by clk)
Path Group: clk
Path Type: max

Fanout         Cap        Slew       Delay        Time   Description
---------------------------------------------------------------------------------------------
                                  0.000000    0.000000   clock clk (rise edge)
                                  5.570000    5.570000   clock network delay (propagated)
                                  3.890000    9.460000 v input external delay
     2    0.003972    0.920000    0.000000    9.460000 v wbs_adr_i[31] (in)
                                                         wbs_adr_i[31] (net)
                      0.920178    0.000089    9.460089 v hold7/A (sky130_fd_sc_hd__dlygate4sd3_1)
     1    0.004237    0.121519    1.530348   10.990438 v hold7/X (sky130_fd_sc_hd__dlygate4sd3_1)
                                                         net281 (net)
                      0.121519    0.000308   10.990746 v input102/A (sky130_fd_sc_hd__clkbuf_8)
     3    0.074615    0.157105    0.350590   11.341335 v input102/X (sky130_fd_sc_hd__clkbuf_8)
                                                         net102 (net)
                      0.162588    0.023048   11.364384 v hold8/A (sky130_fd_sc_hd__dlygate4sd3_1)
     3    0.066498    0.630054    1.665112   13.029495 v hold8/X (sky130_fd_sc_hd__dlygate4sd3_1)
                                                         net282 (net)
                      0.631053    0.022573   13.052069 v _043_/A (sky130_fd_sc_hd__nor4b_1)
     1    0.003406    0.454639    0.739367   13.791435 ^ _043_/Y (sky130_fd_sc_hd__nor4b_1)
                                                         _034_ (net)
                      0.454639    0.000249   13.791684 ^ hold9/A (sky130_fd_sc_hd__dlygate4sd3_1)
     1    0.003403    0.099093    1.184723   14.976406 ^ hold9/X (sky130_fd_sc_hd__dlygate4sd3_1)
                                                         net283 (net)
                      0.099093    0.000242   14.976648 ^ wire266/A (sky130_fd_sc_hd__buf_2)
     1    0.013475    0.120512    0.244958   15.221605 ^ wire266/X (sky130_fd_sc_hd__buf_2)
                                                         net266 (net)
                      0.120523    0.001236   15.222842 ^ hold10/A (sky130_fd_sc_hd__dlygate4sd3_1)
     5    0.042248    0.643791    1.493113   16.715956 ^ hold10/X (sky130_fd_sc_hd__dlygate4sd3_1)
                                                         net284 (net)
                      0.643824    0.005263   16.721218 ^ fanout263/A (sky130_fd_sc_hd__buf_4)
     1    0.003781    0.056323    0.410765   17.131983 ^ fanout263/X (sky130_fd_sc_hd__buf_4)
                                                         net263 (net)
                      0.056323    0.000158   17.132141 ^ hold11/A (sky130_fd_sc_hd__dlygate4sd3_1)
    33    0.121919    1.804327    2.279148   19.411289 ^ hold11/X (sky130_fd_sc_hd__dlygate4sd3_1)
                                                         net285 (net)
                      1.804340    0.008475   19.419764 ^ _116_/B (sky130_fd_sc_hd__and3_1)
     1    0.003187    0.116349    0.752314   20.172077 ^ _116_/X (sky130_fd_sc_hd__and3_1)
                                                         _013_ (net)
                      0.116349    0.000206   20.172283 ^ _149_/D (sky130_fd_sc_hd__dfrtp_4)
                                             20.172283   data arrival time

                                 25.000000   25.000000   clock clk (rise edge)
                                  4.650000   29.650000   clock source latency
     2    0.032618    0.610000    0.000000   29.650000 ^ clk (in)
                                                         clk (net)
                      0.618647    0.004324   29.654322 ^ wire3/A (sky130_fd_sc_hd__buf_4)
     3    0.036079    0.177169    0.513397   30.167721 ^ wire3/X (sky130_fd_sc_hd__buf_4)
                                                         net274 (net)
                      0.177570    0.007450   30.175169 ^ wire2/A (sky130_fd_sc_hd__buf_6)
     3    0.079273    0.256679    0.360075   30.535244 ^ wire2/X (sky130_fd_sc_hd__buf_6)
                                                         net273 (net)
                      0.259705    0.022300   30.557545 ^ wire1/A (sky130_fd_sc_hd__buf_6)
     3    0.081766    0.264549    0.398330   30.955875 ^ wire1/X (sky130_fd_sc_hd__buf_6)
                                                         net272 (net)
                      0.267818    0.023530   30.979404 ^ clkbuf_0_clk/A (sky130_fd_sc_hd__clkbuf_16)
     9    0.101201    0.179146    0.400721   31.380127 ^ clkbuf_0_clk/X (sky130_fd_sc_hd__clkbuf_16)
                                                         clknet_0_clk (net)
                      0.180074    0.010303   31.390429 ^ clkbuf_2_2__f_clk/A (sky130_fd_sc_hd__clkbuf_16)
    17    0.094181    0.168784    0.354227   31.744656 ^ clkbuf_2_2__f_clk/X (sky130_fd_sc_hd__clkbuf_16)
                                                         clknet_2_2__leaf_clk (net)
                      0.170489    0.013461   31.758118 ^ _149_/CLK (sky130_fd_sc_hd__dfrtp_4)
                                 -0.250000   31.508116   clock uncertainty
                                  0.000000   31.508116   clock reconvergence pessimism
                                 -0.130675   31.377439   library setup time
                                             31.377439   data required time
---------------------------------------------------------------------------------------------
                                             31.377439   data required time
                                            -20.172283   data arrival time
---------------------------------------------------------------------------------------------
                                             11.205156   slack (MET)


Startpoint: wbs_adr_i[31] (input port clocked by clk)
Endpoint: _148_ (rising edge-triggered flip-flop clocked by clk)
Path Group: clk
Path Type: max

Fanout         Cap        Slew       Delay        Time   Description
---------------------------------------------------------------------------------------------
                                  0.000000    0.000000   clock clk (rise edge)
                                  5.570000    5.570000   clock network delay (propagated)
                                  3.890000    9.460000 v input external delay
     2    0.003972    0.920000    0.000000    9.460000 v wbs_adr_i[31] (in)
                                                         wbs_adr_i[31] (net)
                      0.920178    0.000089    9.460089 v hold7/A (sky130_fd_sc_hd__dlygate4sd3_1)
     1    0.004237    0.121519    1.530348   10.990438 v hold7/X (sky130_fd_sc_hd__dlygate4sd3_1)
                                                         net281 (net)
                      0.121519    0.000308   10.990746 v input102/A (sky130_fd_sc_hd__clkbuf_8)
     3    0.074615    0.157105    0.350590   11.341335 v input102/X (sky130_fd_sc_hd__clkbuf_8)
                                                         net102 (net)
                      0.162588    0.023048   11.364384 v hold8/A (sky130_fd_sc_hd__dlygate4sd3_1)
     3    0.066498    0.630054    1.665112   13.029495 v hold8/X (sky130_fd_sc_hd__dlygate4sd3_1)
                                                         net282 (net)
                      0.631053    0.022573   13.052069 v _043_/A (sky130_fd_sc_hd__nor4b_1)
     1    0.003406    0.454639    0.739367   13.791435 ^ _043_/Y (sky130_fd_sc_hd__nor4b_1)
                                                         _034_ (net)
                      0.454639    0.000249   13.791684 ^ hold9/A (sky130_fd_sc_hd__dlygate4sd3_1)
     1    0.003403    0.099093    1.184723   14.976406 ^ hold9/X (sky130_fd_sc_hd__dlygate4sd3_1)
                                                         net283 (net)
                      0.099093    0.000242   14.976648 ^ wire266/A (sky130_fd_sc_hd__buf_2)
     1    0.013475    0.120512    0.244958   15.221605 ^ wire266/X (sky130_fd_sc_hd__buf_2)
                                                         net266 (net)
                      0.120523    0.001236   15.222842 ^ hold10/A (sky130_fd_sc_hd__dlygate4sd3_1)
     5    0.042248    0.643791    1.493113   16.715956 ^ hold10/X (sky130_fd_sc_hd__dlygate4sd3_1)
                                                         net284 (net)
                      0.643824    0.005263   16.721218 ^ fanout263/A (sky130_fd_sc_hd__buf_4)
     1    0.003781    0.056323    0.410765   17.131983 ^ fanout263/X (sky130_fd_sc_hd__buf_4)
                                                         net263 (net)
                      0.056323    0.000158   17.132141 ^ hold11/A (sky130_fd_sc_hd__dlygate4sd3_1)
    33    0.121919    1.804327    2.279148   19.411289 ^ hold11/X (sky130_fd_sc_hd__dlygate4sd3_1)
                                                         net285 (net)
                      1.804351    0.009678   19.420967 ^ _115_/B (sky130_fd_sc_hd__and3_1)
     1    0.003060    0.114864    0.749989   20.170956 ^ _115_/X (sky130_fd_sc_hd__and3_1)
                                                         _011_ (net)
                      0.114864    0.000210   20.171165 ^ _148_/D (sky130_fd_sc_hd__dfrtp_4)
                                             20.171165   data arrival time

                                 25.000000   25.000000   clock clk (rise edge)
                                  4.650000   29.650000   clock source latency
     2    0.032618    0.610000    0.000000   29.650000 ^ clk (in)
                                                         clk (net)
                      0.618647    0.004324   29.654322 ^ wire3/A (sky130_fd_sc_hd__buf_4)
     3    0.036079    0.177169    0.513397   30.167721 ^ wire3/X (sky130_fd_sc_hd__buf_4)
                                                         net274 (net)
                      0.177570    0.007450   30.175169 ^ wire2/A (sky130_fd_sc_hd__buf_6)
     3    0.079273    0.256679    0.360075   30.535244 ^ wire2/X (sky130_fd_sc_hd__buf_6)
                                                         net273 (net)
                      0.259705    0.022300   30.557545 ^ wire1/A (sky130_fd_sc_hd__buf_6)
     3    0.081766    0.264549    0.398330   30.955875 ^ wire1/X (sky130_fd_sc_hd__buf_6)
                                                         net272 (net)
                      0.267818    0.023530   30.979404 ^ clkbuf_0_clk/A (sky130_fd_sc_hd__clkbuf_16)
     9    0.101201    0.179146    0.400721   31.380127 ^ clkbuf_0_clk/X (sky130_fd_sc_hd__clkbuf_16)
                                                         clknet_0_clk (net)
                      0.180074    0.010303   31.390429 ^ clkbuf_2_2__f_clk/A (sky130_fd_sc_hd__clkbuf_16)
    17    0.094181    0.168784    0.354227   31.744656 ^ clkbuf_2_2__f_clk/X (sky130_fd_sc_hd__clkbuf_16)
                                                         clknet_2_2__leaf_clk (net)
                      0.170310    0.012740   31.757397 ^ _148_/CLK (sky130_fd_sc_hd__dfrtp_4)
                                 -0.250000   31.507395   clock uncertainty
                                  0.000000   31.507395   clock reconvergence pessimism
                                 -0.130332   31.377064   library setup time
                                             31.377064   data required time
---------------------------------------------------------------------------------------------
                                             31.377064   data required time
                                            -20.171165   data arrival time
---------------------------------------------------------------------------------------------
                                             11.205898   slack (MET)


Startpoint: wbs_adr_i[17] (input port clocked by clk)
Endpoint: _133_ (rising edge-triggered flip-flop clocked by clk)
Path Group: clk
Path Type: max

Fanout         Cap        Slew       Delay        Time   Description
---------------------------------------------------------------------------------------------
                                  0.000000    0.000000   clock clk (rise edge)
                                  5.570000    5.570000   clock network delay (propagated)
                                  3.890000    9.460000 v input external delay
     2    0.004217    0.920000    0.000000    9.460000 v wbs_adr_i[17] (in)
                                                         wbs_adr_i[17] (net)
                      0.920179    0.000090    9.460090 v hold1/A (sky130_fd_sc_hd__dlygate4sd3_1)
     1    0.002669    0.105062    1.504043   10.964133 v hold1/X (sky130_fd_sc_hd__dlygate4sd3_1)
                                                         net275 (net)
                      0.105062    0.000195   10.964328 v input87/A (sky130_fd_sc_hd__clkbuf_1)
     1    0.002534    0.047804    0.173869   11.138196 v input87/X (sky130_fd_sc_hd__clkbuf_1)
                                                         net87 (net)
                      0.047804    0.000102   11.138299 v hold2/A (sky130_fd_sc_hd__dlygate4sd3_1)
     1    0.002991    0.107224    1.117069   12.255367 v hold2/X (sky130_fd_sc_hd__dlygate4sd3_1)
                                                         net276 (net)
                      0.107224    0.000115   12.255484 v _044_/A (sky130_fd_sc_hd__or4_1)
     1    0.003993    0.194989    1.243928   13.499411 v _044_/X (sky130_fd_sc_hd__or4_1)
                                                         _035_ (net)
                      0.194989    0.000284   13.499695 v hold3/A (sky130_fd_sc_hd__dlygate4sd3_1)
     1    0.004746    0.128095    1.214724   14.714419 v hold3/X (sky130_fd_sc_hd__dlygate4sd3_1)
                                                         net277 (net)
                      0.128095    0.000214   14.714634 v _048_/A (sky130_fd_sc_hd__nor4_1)
     1    0.008002    0.690605    0.745210   15.459844 ^ _048_/Y (sky130_fd_sc_hd__nor4_1)
                                                         _039_ (net)
                      0.690605    0.000671   15.460515 ^ hold4/A (sky130_fd_sc_hd__dlygate4sd3_1)
     1    0.007909    0.160480    1.310856   16.771370 ^ hold4/X (sky130_fd_sc_hd__dlygate4sd3_1)
                                                         net278 (net)
                      0.160480    0.000648   16.772018 ^ wire262/A (sky130_fd_sc_hd__buf_2)
     1    0.013392    0.119967    0.273221   17.045240 ^ wire262/X (sky130_fd_sc_hd__buf_2)
                                                         net262 (net)
                      0.119977    0.001181   17.046421 ^ hold5/A (sky130_fd_sc_hd__dlygate4sd3_1)
     7    0.053556    0.808000    1.608807   18.655230 ^ hold5/X (sky130_fd_sc_hd__dlygate4sd3_1)
                                                         net279 (net)
                      0.808082    0.008406   18.663635 ^ fanout261/A (sky130_fd_sc_hd__buf_4)
    33    0.134555    0.588365    0.835723   19.499357 ^ fanout261/X (sky130_fd_sc_hd__buf_4)
                                                         net261 (net)
                      0.595229    0.051287   19.550644 ^ _100_/C (sky130_fd_sc_hd__and3_1)
     1    0.004510    0.115267    0.486230   20.036875 ^ _100_/X (sky130_fd_sc_hd__and3_1)
                                                         _027_ (net)
                      0.115267    0.000318   20.037191 ^ _133_/D (sky130_fd_sc_hd__dfrtp_4)
                                             20.037191   data arrival time

                                 25.000000   25.000000   clock clk (rise edge)
                                  4.650000   29.650000   clock source latency
     2    0.032618    0.610000    0.000000   29.650000 ^ clk (in)
                                                         clk (net)
                      0.618647    0.004324   29.654322 ^ wire3/A (sky130_fd_sc_hd__buf_4)
     3    0.036079    0.177169    0.513397   30.167721 ^ wire3/X (sky130_fd_sc_hd__buf_4)
                                                         net274 (net)
                      0.177570    0.007450   30.175169 ^ wire2/A (sky130_fd_sc_hd__buf_6)
     3    0.079273    0.256679    0.360075   30.535244 ^ wire2/X (sky130_fd_sc_hd__buf_6)
                                                         net273 (net)
                      0.259705    0.022300   30.557545 ^ wire1/A (sky130_fd_sc_hd__buf_6)
     3    0.081766    0.264549    0.398330   30.955875 ^ wire1/X (sky130_fd_sc_hd__buf_6)
                                                         net272 (net)
                      0.267818    0.023530   30.979404 ^ clkbuf_0_clk/A (sky130_fd_sc_hd__clkbuf_16)
     9    0.101201    0.179146    0.400721   31.380127 ^ clkbuf_0_clk/X (sky130_fd_sc_hd__clkbuf_16)
                                                         clknet_0_clk (net)
                      0.180362    0.011763   31.391890 ^ clkbuf_2_1__f_clk/A (sky130_fd_sc_hd__clkbuf_16)
    21    0.086026    0.158258    0.342755   31.734644 ^ clkbuf_2_1__f_clk/X (sky130_fd_sc_hd__clkbuf_16)
                                                         clknet_2_1__leaf_clk (net)
                      0.162230    0.019707   31.754351 ^ _133_/CLK (sky130_fd_sc_hd__dfrtp_4)
                                 -0.250000   31.504351   clock uncertainty
                                  0.000000   31.504351   clock reconvergence pessimism
                                 -0.131862   31.372488   library setup time
                                             31.372488   data required time
---------------------------------------------------------------------------------------------
                                             31.372488   data required time
                                            -20.037191   data arrival time
---------------------------------------------------------------------------------------------
                                             11.335296   slack (MET)


Startpoint: wbs_adr_i[17] (input port clocked by clk)
Endpoint: _132_ (rising edge-triggered flip-flop clocked by clk)
Path Group: clk
Path Type: max

Fanout         Cap        Slew       Delay        Time   Description
---------------------------------------------------------------------------------------------
                                  0.000000    0.000000   clock clk (rise edge)
                                  5.570000    5.570000   clock network delay (propagated)
                                  3.890000    9.460000 v input external delay
     2    0.004217    0.920000    0.000000    9.460000 v wbs_adr_i[17] (in)
                                                         wbs_adr_i[17] (net)
                      0.920179    0.000090    9.460090 v hold1/A (sky130_fd_sc_hd__dlygate4sd3_1)
     1    0.002669    0.105062    1.504043   10.964133 v hold1/X (sky130_fd_sc_hd__dlygate4sd3_1)
                                                         net275 (net)
                      0.105062    0.000195   10.964328 v input87/A (sky130_fd_sc_hd__clkbuf_1)
     1    0.002534    0.047804    0.173869   11.138196 v input87/X (sky130_fd_sc_hd__clkbuf_1)
                                                         net87 (net)
                      0.047804    0.000102   11.138299 v hold2/A (sky130_fd_sc_hd__dlygate4sd3_1)
     1    0.002991    0.107224    1.117069   12.255367 v hold2/X (sky130_fd_sc_hd__dlygate4sd3_1)
                                                         net276 (net)
                      0.107224    0.000115   12.255484 v _044_/A (sky130_fd_sc_hd__or4_1)
     1    0.003993    0.194989    1.243928   13.499411 v _044_/X (sky130_fd_sc_hd__or4_1)
                                                         _035_ (net)
                      0.194989    0.000284   13.499695 v hold3/A (sky130_fd_sc_hd__dlygate4sd3_1)
     1    0.004746    0.128095    1.214724   14.714419 v hold3/X (sky130_fd_sc_hd__dlygate4sd3_1)
                                                         net277 (net)
                      0.128095    0.000214   14.714634 v _048_/A (sky130_fd_sc_hd__nor4_1)
     1    0.008002    0.690605    0.745210   15.459844 ^ _048_/Y (sky130_fd_sc_hd__nor4_1)
                                                         _039_ (net)
                      0.690605    0.000671   15.460515 ^ hold4/A (sky130_fd_sc_hd__dlygate4sd3_1)
     1    0.007909    0.160480    1.310856   16.771370 ^ hold4/X (sky130_fd_sc_hd__dlygate4sd3_1)
                                                         net278 (net)
                      0.160480    0.000648   16.772018 ^ wire262/A (sky130_fd_sc_hd__buf_2)
     1    0.013392    0.119967    0.273221   17.045240 ^ wire262/X (sky130_fd_sc_hd__buf_2)
                                                         net262 (net)
                      0.119977    0.001181   17.046421 ^ hold5/A (sky130_fd_sc_hd__dlygate4sd3_1)
     7    0.053556    0.808000    1.608807   18.655230 ^ hold5/X (sky130_fd_sc_hd__dlygate4sd3_1)
                                                         net279 (net)
                      0.808082    0.008406   18.663635 ^ fanout261/A (sky130_fd_sc_hd__buf_4)
    33    0.134555    0.588365    0.835723   19.499357 ^ fanout261/X (sky130_fd_sc_hd__buf_4)
                                                         net261 (net)
                      0.595223    0.051266   19.550623 ^ _099_/C (sky130_fd_sc_hd__and3_1)
     1    0.004217    0.110824    0.482039   20.032661 ^ _099_/X (sky130_fd_sc_hd__and3_1)
                                                         _026_ (net)
                      0.110830    0.000298   20.032961 ^ _132_/D (sky130_fd_sc_hd__dfrtp_4)
                                             20.032961   data arrival time

                                 25.000000   25.000000   clock clk (rise edge)
                                  4.650000   29.650000   clock source latency
     2    0.032618    0.610000    0.000000   29.650000 ^ clk (in)
                                                         clk (net)
                      0.618647    0.004324   29.654322 ^ wire3/A (sky130_fd_sc_hd__buf_4)
     3    0.036079    0.177169    0.513397   30.167721 ^ wire3/X (sky130_fd_sc_hd__buf_4)
                                                         net274 (net)
                      0.177570    0.007450   30.175169 ^ wire2/A (sky130_fd_sc_hd__buf_6)
     3    0.079273    0.256679    0.360075   30.535244 ^ wire2/X (sky130_fd_sc_hd__buf_6)
                                                         net273 (net)
                      0.259705    0.022300   30.557545 ^ wire1/A (sky130_fd_sc_hd__buf_6)
     3    0.081766    0.264549    0.398330   30.955875 ^ wire1/X (sky130_fd_sc_hd__buf_6)
                                                         net272 (net)
                      0.267818    0.023530   30.979404 ^ clkbuf_0_clk/A (sky130_fd_sc_hd__clkbuf_16)
     9    0.101201    0.179146    0.400721   31.380127 ^ clkbuf_0_clk/X (sky130_fd_sc_hd__clkbuf_16)
                                                         clknet_0_clk (net)
                      0.180362    0.011763   31.391890 ^ clkbuf_2_1__f_clk/A (sky130_fd_sc_hd__clkbuf_16)
    21    0.086026    0.158258    0.342755   31.734644 ^ clkbuf_2_1__f_clk/X (sky130_fd_sc_hd__clkbuf_16)
                                                         clknet_2_1__leaf_clk (net)
                      0.162150    0.019504   31.754148 ^ _132_/CLK (sky130_fd_sc_hd__dfrtp_4)
                                 -0.250000   31.504148   clock uncertainty
                                  0.000000   31.504148   clock reconvergence pessimism
                                 -0.130755   31.373394   library setup time
                                             31.373394   data required time
---------------------------------------------------------------------------------------------
                                             31.373394   data required time
                                            -20.032961   data arrival time
---------------------------------------------------------------------------------------------
                                             11.340433   slack (MET)


Startpoint: wbs_adr_i[17] (input port clocked by clk)
Endpoint: _138_ (rising edge-triggered flip-flop clocked by clk)
Path Group: clk
Path Type: max

Fanout         Cap        Slew       Delay        Time   Description
---------------------------------------------------------------------------------------------
                                  0.000000    0.000000   clock clk (rise edge)
                                  5.570000    5.570000   clock network delay (propagated)
                                  3.890000    9.460000 v input external delay
     2    0.004217    0.920000    0.000000    9.460000 v wbs_adr_i[17] (in)
                                                         wbs_adr_i[17] (net)
                      0.920179    0.000090    9.460090 v hold1/A (sky130_fd_sc_hd__dlygate4sd3_1)
     1    0.002669    0.105062    1.504043   10.964133 v hold1/X (sky130_fd_sc_hd__dlygate4sd3_1)
                                                         net275 (net)
                      0.105062    0.000195   10.964328 v input87/A (sky130_fd_sc_hd__clkbuf_1)
     1    0.002534    0.047804    0.173869   11.138196 v input87/X (sky130_fd_sc_hd__clkbuf_1)
                                                         net87 (net)
                      0.047804    0.000102   11.138299 v hold2/A (sky130_fd_sc_hd__dlygate4sd3_1)
     1    0.002991    0.107224    1.117069   12.255367 v hold2/X (sky130_fd_sc_hd__dlygate4sd3_1)
                                                         net276 (net)
                      0.107224    0.000115   12.255484 v _044_/A (sky130_fd_sc_hd__or4_1)
     1    0.003993    0.194989    1.243928   13.499411 v _044_/X (sky130_fd_sc_hd__or4_1)
                                                         _035_ (net)
                      0.194989    0.000284   13.499695 v hold3/A (sky130_fd_sc_hd__dlygate4sd3_1)
     1    0.004746    0.128095    1.214724   14.714419 v hold3/X (sky130_fd_sc_hd__dlygate4sd3_1)
                                                         net277 (net)
                      0.128095    0.000214   14.714634 v _048_/A (sky130_fd_sc_hd__nor4_1)
     1    0.008002    0.690605    0.745210   15.459844 ^ _048_/Y (sky130_fd_sc_hd__nor4_1)
                                                         _039_ (net)
                      0.690605    0.000671   15.460515 ^ hold4/A (sky130_fd_sc_hd__dlygate4sd3_1)
     1    0.007909    0.160480    1.310856   16.771370 ^ hold4/X (sky130_fd_sc_hd__dlygate4sd3_1)
                                                         net278 (net)
                      0.160480    0.000648   16.772018 ^ wire262/A (sky130_fd_sc_hd__buf_2)
     1    0.013392    0.119967    0.273221   17.045240 ^ wire262/X (sky130_fd_sc_hd__buf_2)
                                                         net262 (net)
                      0.119977    0.001181   17.046421 ^ hold5/A (sky130_fd_sc_hd__dlygate4sd3_1)
     7    0.053556    0.808000    1.608807   18.655230 ^ hold5/X (sky130_fd_sc_hd__dlygate4sd3_1)
                                                         net279 (net)
                      0.808082    0.008406   18.663635 ^ fanout261/A (sky130_fd_sc_hd__buf_4)
    33    0.134555    0.588365    0.835723   19.499357 ^ fanout261/X (sky130_fd_sc_hd__buf_4)
                                                         net261 (net)
                      0.594682    0.049297   19.548655 ^ _105_/C (sky130_fd_sc_hd__and3_1)
     1    0.003568    0.101223    0.471863   20.020517 ^ _105_/X (sky130_fd_sc_hd__and3_1)
                                                         _032_ (net)
                      0.101223    0.000222   20.020739 ^ _138_/D (sky130_fd_sc_hd__dfrtp_4)
                                             20.020739   data arrival time

                                 25.000000   25.000000   clock clk (rise edge)
                                  4.650000   29.650000   clock source latency
     2    0.032618    0.610000    0.000000   29.650000 ^ clk (in)
                                                         clk (net)
                      0.618647    0.004324   29.654322 ^ wire3/A (sky130_fd_sc_hd__buf_4)
     3    0.036079    0.177169    0.513397   30.167721 ^ wire3/X (sky130_fd_sc_hd__buf_4)
                                                         net274 (net)
                      0.177570    0.007450   30.175169 ^ wire2/A (sky130_fd_sc_hd__buf_6)
     3    0.079273    0.256679    0.360075   30.535244 ^ wire2/X (sky130_fd_sc_hd__buf_6)
                                                         net273 (net)
                      0.259705    0.022300   30.557545 ^ wire1/A (sky130_fd_sc_hd__buf_6)
     3    0.081766    0.264549    0.398330   30.955875 ^ wire1/X (sky130_fd_sc_hd__buf_6)
                                                         net272 (net)
                      0.267818    0.023530   30.979404 ^ clkbuf_0_clk/A (sky130_fd_sc_hd__clkbuf_16)
     9    0.101201    0.179146    0.400721   31.380127 ^ clkbuf_0_clk/X (sky130_fd_sc_hd__clkbuf_16)
                                                         clknet_0_clk (net)
                      0.180362    0.011763   31.391890 ^ clkbuf_2_1__f_clk/A (sky130_fd_sc_hd__clkbuf_16)
    21    0.086026    0.158258    0.342755   31.734644 ^ clkbuf_2_1__f_clk/X (sky130_fd_sc_hd__clkbuf_16)
                                                         clknet_2_1__leaf_clk (net)
                      0.161569    0.017963   31.752607 ^ _138_/CLK (sky130_fd_sc_hd__dfrtp_4)
                                 -0.250000   31.502605   clock uncertainty
                                  0.000000   31.502605   clock reconvergence pessimism
                                 -0.128432   31.374176   library setup time
                                             31.374176   data required time
---------------------------------------------------------------------------------------------
                                             31.374176   data required time
                                            -20.020739   data arrival time
---------------------------------------------------------------------------------------------
                                             11.353436   slack (MET)


Startpoint: wbs_adr_i[17] (input port clocked by clk)
Endpoint: _129_ (rising edge-triggered flip-flop clocked by clk)
Path Group: clk
Path Type: max

Fanout         Cap        Slew       Delay        Time   Description
---------------------------------------------------------------------------------------------
                                  0.000000    0.000000   clock clk (rise edge)
                                  5.570000    5.570000   clock network delay (propagated)
                                  3.890000    9.460000 v input external delay
     2    0.004217    0.920000    0.000000    9.460000 v wbs_adr_i[17] (in)
                                                         wbs_adr_i[17] (net)
                      0.920179    0.000090    9.460090 v hold1/A (sky130_fd_sc_hd__dlygate4sd3_1)
     1    0.002669    0.105062    1.504043   10.964133 v hold1/X (sky130_fd_sc_hd__dlygate4sd3_1)
                                                         net275 (net)
                      0.105062    0.000195   10.964328 v input87/A (sky130_fd_sc_hd__clkbuf_1)
     1    0.002534    0.047804    0.173869   11.138196 v input87/X (sky130_fd_sc_hd__clkbuf_1)
                                                         net87 (net)
                      0.047804    0.000102   11.138299 v hold2/A (sky130_fd_sc_hd__dlygate4sd3_1)
     1    0.002991    0.107224    1.117069   12.255367 v hold2/X (sky130_fd_sc_hd__dlygate4sd3_1)
                                                         net276 (net)
                      0.107224    0.000115   12.255484 v _044_/A (sky130_fd_sc_hd__or4_1)
     1    0.003993    0.194989    1.243928   13.499411 v _044_/X (sky130_fd_sc_hd__or4_1)
                                                         _035_ (net)
                      0.194989    0.000284   13.499695 v hold3/A (sky130_fd_sc_hd__dlygate4sd3_1)
     1    0.004746    0.128095    1.214724   14.714419 v hold3/X (sky130_fd_sc_hd__dlygate4sd3_1)
                                                         net277 (net)
                      0.128095    0.000214   14.714634 v _048_/A (sky130_fd_sc_hd__nor4_1)
     1    0.008002    0.690605    0.745210   15.459844 ^ _048_/Y (sky130_fd_sc_hd__nor4_1)
                                                         _039_ (net)
                      0.690605    0.000671   15.460515 ^ hold4/A (sky130_fd_sc_hd__dlygate4sd3_1)
     1    0.007909    0.160480    1.310856   16.771370 ^ hold4/X (sky130_fd_sc_hd__dlygate4sd3_1)
                                                         net278 (net)
                      0.160480    0.000648   16.772018 ^ wire262/A (sky130_fd_sc_hd__buf_2)
     1    0.013392    0.119967    0.273221   17.045240 ^ wire262/X (sky130_fd_sc_hd__buf_2)
                                                         net262 (net)
                      0.119977    0.001181   17.046421 ^ hold5/A (sky130_fd_sc_hd__dlygate4sd3_1)
     7    0.053556    0.808000    1.608807   18.655230 ^ hold5/X (sky130_fd_sc_hd__dlygate4sd3_1)
                                                         net279 (net)
                      0.808082    0.008406   18.663635 ^ fanout261/A (sky130_fd_sc_hd__buf_4)
    33    0.134555    0.588365    0.835723   19.499357 ^ fanout261/X (sky130_fd_sc_hd__buf_4)
                                                         net261 (net)
                      0.594536    0.048752   19.548109 ^ _096_/C (sky130_fd_sc_hd__and3_1)
     1    0.003427    0.099391    0.469647   20.017757 ^ _096_/X (sky130_fd_sc_hd__and3_1)
                                                         _001_ (net)
                      0.099391    0.000229   20.017986 ^ _129_/D (sky130_fd_sc_hd__dfrtp_4)
                                             20.017986   data arrival time

                                 25.000000   25.000000   clock clk (rise edge)
                                  4.650000   29.650000   clock source latency
     2    0.032618    0.610000    0.000000   29.650000 ^ clk (in)
                                                         clk (net)
                      0.618647    0.004324   29.654322 ^ wire3/A (sky130_fd_sc_hd__buf_4)
     3    0.036079    0.177169    0.513397   30.167721 ^ wire3/X (sky130_fd_sc_hd__buf_4)
                                                         net274 (net)
                      0.177570    0.007450   30.175169 ^ wire2/A (sky130_fd_sc_hd__buf_6)
     3    0.079273    0.256679    0.360075   30.535244 ^ wire2/X (sky130_fd_sc_hd__buf_6)
                                                         net273 (net)
                      0.259705    0.022300   30.557545 ^ wire1/A (sky130_fd_sc_hd__buf_6)
     3    0.081766    0.264549    0.398330   30.955875 ^ wire1/X (sky130_fd_sc_hd__buf_6)
                                                         net272 (net)
                      0.267818    0.023530   30.979404 ^ clkbuf_0_clk/A (sky130_fd_sc_hd__clkbuf_16)
     9    0.101201    0.179146    0.400721   31.380127 ^ clkbuf_0_clk/X (sky130_fd_sc_hd__clkbuf_16)
                                                         clknet_0_clk (net)
                      0.180362    0.011763   31.391890 ^ clkbuf_2_1__f_clk/A (sky130_fd_sc_hd__clkbuf_16)
    21    0.086026    0.158258    0.342755   31.734644 ^ clkbuf_2_1__f_clk/X (sky130_fd_sc_hd__clkbuf_16)
                                                         clknet_2_1__leaf_clk (net)
                      0.161067    0.016538   31.751183 ^ _129_/CLK (sky130_fd_sc_hd__dfrtp_4)
                                 -0.250000   31.501181   clock uncertainty
                                  0.000000   31.501181   clock reconvergence pessimism
                                 -0.128058   31.373123   library setup time
                                             31.373123   data required time
---------------------------------------------------------------------------------------------
                                             31.373123   data required time
                                            -20.017986   data arrival time
---------------------------------------------------------------------------------------------
                                             11.355138   slack (MET)


Startpoint: wbs_adr_i[17] (input port clocked by clk)
Endpoint: _139_ (rising edge-triggered flip-flop clocked by clk)
Path Group: clk
Path Type: max

Fanout         Cap        Slew       Delay        Time   Description
---------------------------------------------------------------------------------------------
                                  0.000000    0.000000   clock clk (rise edge)
                                  5.570000    5.570000   clock network delay (propagated)
                                  3.890000    9.460000 v input external delay
     2    0.004217    0.920000    0.000000    9.460000 v wbs_adr_i[17] (in)
                                                         wbs_adr_i[17] (net)
                      0.920179    0.000090    9.460090 v hold1/A (sky130_fd_sc_hd__dlygate4sd3_1)
     1    0.002669    0.105062    1.504043   10.964133 v hold1/X (sky130_fd_sc_hd__dlygate4sd3_1)
                                                         net275 (net)
                      0.105062    0.000195   10.964328 v input87/A (sky130_fd_sc_hd__clkbuf_1)
     1    0.002534    0.047804    0.173869   11.138196 v input87/X (sky130_fd_sc_hd__clkbuf_1)
                                                         net87 (net)
                      0.047804    0.000102   11.138299 v hold2/A (sky130_fd_sc_hd__dlygate4sd3_1)
     1    0.002991    0.107224    1.117069   12.255367 v hold2/X (sky130_fd_sc_hd__dlygate4sd3_1)
                                                         net276 (net)
                      0.107224    0.000115   12.255484 v _044_/A (sky130_fd_sc_hd__or4_1)
     1    0.003993    0.194989    1.243928   13.499411 v _044_/X (sky130_fd_sc_hd__or4_1)
                                                         _035_ (net)
                      0.194989    0.000284   13.499695 v hold3/A (sky130_fd_sc_hd__dlygate4sd3_1)
     1    0.004746    0.128095    1.214724   14.714419 v hold3/X (sky130_fd_sc_hd__dlygate4sd3_1)
                                                         net277 (net)
                      0.128095    0.000214   14.714634 v _048_/A (sky130_fd_sc_hd__nor4_1)
     1    0.008002    0.690605    0.745210   15.459844 ^ _048_/Y (sky130_fd_sc_hd__nor4_1)
                                                         _039_ (net)
                      0.690605    0.000671   15.460515 ^ hold4/A (sky130_fd_sc_hd__dlygate4sd3_1)
     1    0.007909    0.160480    1.310856   16.771370 ^ hold4/X (sky130_fd_sc_hd__dlygate4sd3_1)
                                                         net278 (net)
                      0.160480    0.000648   16.772018 ^ wire262/A (sky130_fd_sc_hd__buf_2)
     1    0.013392    0.119967    0.273221   17.045240 ^ wire262/X (sky130_fd_sc_hd__buf_2)
                                                         net262 (net)
                      0.119977    0.001181   17.046421 ^ hold5/A (sky130_fd_sc_hd__dlygate4sd3_1)
     7    0.053556    0.808000    1.608807   18.655230 ^ hold5/X (sky130_fd_sc_hd__dlygate4sd3_1)
                                                         net279 (net)
                      0.808082    0.008406   18.663635 ^ fanout261/A (sky130_fd_sc_hd__buf_4)
    33    0.134555    0.588365    0.835723   19.499357 ^ fanout261/X (sky130_fd_sc_hd__buf_4)
                                                         net261 (net)
                      0.594319    0.047926   19.547283 ^ _106_/C (sky130_fd_sc_hd__and3_1)
     1    0.003241    0.096891    0.466704   20.013987 ^ _106_/X (sky130_fd_sc_hd__and3_1)
                                                         _002_ (net)
                      0.096891    0.000208   20.014194 ^ _139_/D (sky130_fd_sc_hd__dfrtp_4)
                                             20.014194   data arrival time

                                 25.000000   25.000000   clock clk (rise edge)
                                  4.650000   29.650000   clock source latency
     2    0.032618    0.610000    0.000000   29.650000 ^ clk (in)
                                                         clk (net)
                      0.618647    0.004324   29.654322 ^ wire3/A (sky130_fd_sc_hd__buf_4)
     3    0.036079    0.177169    0.513397   30.167721 ^ wire3/X (sky130_fd_sc_hd__buf_4)
                                                         net274 (net)
                      0.177570    0.007450   30.175169 ^ wire2/A (sky130_fd_sc_hd__buf_6)
     3    0.079273    0.256679    0.360075   30.535244 ^ wire2/X (sky130_fd_sc_hd__buf_6)
                                                         net273 (net)
                      0.259705    0.022300   30.557545 ^ wire1/A (sky130_fd_sc_hd__buf_6)
     3    0.081766    0.264549    0.398330   30.955875 ^ wire1/X (sky130_fd_sc_hd__buf_6)
                                                         net272 (net)
                      0.267818    0.023530   30.979404 ^ clkbuf_0_clk/A (sky130_fd_sc_hd__clkbuf_16)
     9    0.101201    0.179146    0.400721   31.380127 ^ clkbuf_0_clk/X (sky130_fd_sc_hd__clkbuf_16)
                                                         clknet_0_clk (net)
                      0.180362    0.011763   31.391890 ^ clkbuf_2_1__f_clk/A (sky130_fd_sc_hd__clkbuf_16)
    21    0.086026    0.158258    0.342755   31.734644 ^ clkbuf_2_1__f_clk/X (sky130_fd_sc_hd__clkbuf_16)
                                                         clknet_2_1__leaf_clk (net)
                      0.160995    0.016321   31.750965 ^ _139_/CLK (sky130_fd_sc_hd__dfrtp_4)
                                 -0.250000   31.500965   clock uncertainty
                                  0.000000   31.500965   clock reconvergence pessimism
                                 -0.127439   31.373526   library setup time
                                             31.373526   data required time
---------------------------------------------------------------------------------------------
                                             31.373526   data required time
                                            -20.014194   data arrival time
---------------------------------------------------------------------------------------------
                                             11.359330   slack (MET)


Startpoint: wbs_adr_i[17] (input port clocked by clk)
Endpoint: _130_ (rising edge-triggered flip-flop clocked by clk)
Path Group: clk
Path Type: max

Fanout         Cap        Slew       Delay        Time   Description
---------------------------------------------------------------------------------------------
                                  0.000000    0.000000   clock clk (rise edge)
                                  5.570000    5.570000   clock network delay (propagated)
                                  3.890000    9.460000 v input external delay
     2    0.004217    0.920000    0.000000    9.460000 v wbs_adr_i[17] (in)
                                                         wbs_adr_i[17] (net)
                      0.920179    0.000090    9.460090 v hold1/A (sky130_fd_sc_hd__dlygate4sd3_1)
     1    0.002669    0.105062    1.504043   10.964133 v hold1/X (sky130_fd_sc_hd__dlygate4sd3_1)
                                                         net275 (net)
                      0.105062    0.000195   10.964328 v input87/A (sky130_fd_sc_hd__clkbuf_1)
     1    0.002534    0.047804    0.173869   11.138196 v input87/X (sky130_fd_sc_hd__clkbuf_1)
                                                         net87 (net)
                      0.047804    0.000102   11.138299 v hold2/A (sky130_fd_sc_hd__dlygate4sd3_1)
     1    0.002991    0.107224    1.117069   12.255367 v hold2/X (sky130_fd_sc_hd__dlygate4sd3_1)
                                                         net276 (net)
                      0.107224    0.000115   12.255484 v _044_/A (sky130_fd_sc_hd__or4_1)
     1    0.003993    0.194989    1.243928   13.499411 v _044_/X (sky130_fd_sc_hd__or4_1)
                                                         _035_ (net)
                      0.194989    0.000284   13.499695 v hold3/A (sky130_fd_sc_hd__dlygate4sd3_1)
     1    0.004746    0.128095    1.214724   14.714419 v hold3/X (sky130_fd_sc_hd__dlygate4sd3_1)
                                                         net277 (net)
                      0.128095    0.000214   14.714634 v _048_/A (sky130_fd_sc_hd__nor4_1)
     1    0.008002    0.690605    0.745210   15.459844 ^ _048_/Y (sky130_fd_sc_hd__nor4_1)
                                                         _039_ (net)
                      0.690605    0.000671   15.460515 ^ hold4/A (sky130_fd_sc_hd__dlygate4sd3_1)
     1    0.007909    0.160480    1.310856   16.771370 ^ hold4/X (sky130_fd_sc_hd__dlygate4sd3_1)
                                                         net278 (net)
                      0.160480    0.000648   16.772018 ^ wire262/A (sky130_fd_sc_hd__buf_2)
     1    0.013392    0.119967    0.273221   17.045240 ^ wire262/X (sky130_fd_sc_hd__buf_2)
                                                         net262 (net)
                      0.119977    0.001181   17.046421 ^ hold5/A (sky130_fd_sc_hd__dlygate4sd3_1)
     7    0.053556    0.808000    1.608807   18.655230 ^ hold5/X (sky130_fd_sc_hd__dlygate4sd3_1)
                                                         net279 (net)
                      0.808082    0.008406   18.663635 ^ fanout261/A (sky130_fd_sc_hd__buf_4)
    33    0.134555    0.588365    0.835723   19.499357 ^ fanout261/X (sky130_fd_sc_hd__buf_4)
                                                         net261 (net)
                      0.595016    0.050523   19.549881 ^ _097_/C (sky130_fd_sc_hd__and3_1)
     1    0.003140    0.095587    0.465354   20.015234 ^ _097_/X (sky130_fd_sc_hd__and3_1)
                                                         _012_ (net)
                      0.095587    0.000194   20.015429 ^ _130_/D (sky130_fd_sc_hd__dfrtp_4)
                                             20.015429   data arrival time

                                 25.000000   25.000000   clock clk (rise edge)
                                  4.650000   29.650000   clock source latency
     2    0.032618    0.610000    0.000000   29.650000 ^ clk (in)
                                                         clk (net)
                      0.618647    0.004324   29.654322 ^ wire3/A (sky130_fd_sc_hd__buf_4)
     3    0.036079    0.177169    0.513397   30.167721 ^ wire3/X (sky130_fd_sc_hd__buf_4)
                                                         net274 (net)
                      0.177570    0.007450   30.175169 ^ wire2/A (sky130_fd_sc_hd__buf_6)
     3    0.079273    0.256679    0.360075   30.535244 ^ wire2/X (sky130_fd_sc_hd__buf_6)
                                                         net273 (net)
                      0.259705    0.022300   30.557545 ^ wire1/A (sky130_fd_sc_hd__buf_6)
     3    0.081766    0.264549    0.398330   30.955875 ^ wire1/X (sky130_fd_sc_hd__buf_6)
                                                         net272 (net)
                      0.267818    0.023530   30.979404 ^ clkbuf_0_clk/A (sky130_fd_sc_hd__clkbuf_16)
     9    0.101201    0.179146    0.400721   31.380127 ^ clkbuf_0_clk/X (sky130_fd_sc_hd__clkbuf_16)
                                                         clknet_0_clk (net)
                      0.180362    0.011763   31.391890 ^ clkbuf_2_1__f_clk/A (sky130_fd_sc_hd__clkbuf_16)
    21    0.086026    0.158258    0.342755   31.734644 ^ clkbuf_2_1__f_clk/X (sky130_fd_sc_hd__clkbuf_16)
                                                         clknet_2_1__leaf_clk (net)
                      0.162094    0.019359   31.754004 ^ _130_/CLK (sky130_fd_sc_hd__dfrtp_4)
                                 -0.250000   31.504002   clock uncertainty
                                  0.000000   31.504002   clock reconvergence pessimism
                                 -0.126916   31.377085   library setup time
                                             31.377085   data required time
---------------------------------------------------------------------------------------------
                                             31.377085   data required time
                                            -20.015429   data arrival time
---------------------------------------------------------------------------------------------
                                             11.361657   slack (MET)


Startpoint: wbs_adr_i[17] (input port clocked by clk)
Endpoint: _134_ (rising edge-triggered flip-flop clocked by clk)
Path Group: clk
Path Type: max

Fanout         Cap        Slew       Delay        Time   Description
---------------------------------------------------------------------------------------------
                                  0.000000    0.000000   clock clk (rise edge)
                                  5.570000    5.570000   clock network delay (propagated)
                                  3.890000    9.460000 v input external delay
     2    0.004217    0.920000    0.000000    9.460000 v wbs_adr_i[17] (in)
                                                         wbs_adr_i[17] (net)
                      0.920179    0.000090    9.460090 v hold1/A (sky130_fd_sc_hd__dlygate4sd3_1)
     1    0.002669    0.105062    1.504043   10.964133 v hold1/X (sky130_fd_sc_hd__dlygate4sd3_1)
                                                         net275 (net)
                      0.105062    0.000195   10.964328 v input87/A (sky130_fd_sc_hd__clkbuf_1)
     1    0.002534    0.047804    0.173869   11.138196 v input87/X (sky130_fd_sc_hd__clkbuf_1)
                                                         net87 (net)
                      0.047804    0.000102   11.138299 v hold2/A (sky130_fd_sc_hd__dlygate4sd3_1)
     1    0.002991    0.107224    1.117069   12.255367 v hold2/X (sky130_fd_sc_hd__dlygate4sd3_1)
                                                         net276 (net)
                      0.107224    0.000115   12.255484 v _044_/A (sky130_fd_sc_hd__or4_1)
     1    0.003993    0.194989    1.243928   13.499411 v _044_/X (sky130_fd_sc_hd__or4_1)
                                                         _035_ (net)
                      0.194989    0.000284   13.499695 v hold3/A (sky130_fd_sc_hd__dlygate4sd3_1)
     1    0.004746    0.128095    1.214724   14.714419 v hold3/X (sky130_fd_sc_hd__dlygate4sd3_1)
                                                         net277 (net)
                      0.128095    0.000214   14.714634 v _048_/A (sky130_fd_sc_hd__nor4_1)
     1    0.008002    0.690605    0.745210   15.459844 ^ _048_/Y (sky130_fd_sc_hd__nor4_1)
                                                         _039_ (net)
                      0.690605    0.000671   15.460515 ^ hold4/A (sky130_fd_sc_hd__dlygate4sd3_1)
     1    0.007909    0.160480    1.310856   16.771370 ^ hold4/X (sky130_fd_sc_hd__dlygate4sd3_1)
                                                         net278 (net)
                      0.160480    0.000648   16.772018 ^ wire262/A (sky130_fd_sc_hd__buf_2)
     1    0.013392    0.119967    0.273221   17.045240 ^ wire262/X (sky130_fd_sc_hd__buf_2)
                                                         net262 (net)
                      0.119977    0.001181   17.046421 ^ hold5/A (sky130_fd_sc_hd__dlygate4sd3_1)
     7    0.053556    0.808000    1.608807   18.655230 ^ hold5/X (sky130_fd_sc_hd__dlygate4sd3_1)
                                                         net279 (net)
                      0.808082    0.008406   18.663635 ^ fanout261/A (sky130_fd_sc_hd__buf_4)
    33    0.134555    0.588365    0.835723   19.499357 ^ fanout261/X (sky130_fd_sc_hd__buf_4)
                                                         net261 (net)
                      0.595035    0.050591   19.549948 ^ _101_/C (sky130_fd_sc_hd__and3_1)
     1    0.003444    0.099622    0.470010   20.019958 ^ _101_/X (sky130_fd_sc_hd__and3_1)
                                                         _028_ (net)
                      0.099622    0.000268   20.020226 ^ _134_/D (sky130_fd_sc_hd__dfrtp_4)
                                             20.020226   data arrival time

                                 25.000000   25.000000   clock clk (rise edge)
                                  4.650000   29.650000   clock source latency
     2    0.032618    0.610000    0.000000   29.650000 ^ clk (in)
                                                         clk (net)
                      0.618647    0.004324   29.654322 ^ wire3/A (sky130_fd_sc_hd__buf_4)
     3    0.036079    0.177169    0.513397   30.167721 ^ wire3/X (sky130_fd_sc_hd__buf_4)
                                                         net274 (net)
                      0.177570    0.007450   30.175169 ^ wire2/A (sky130_fd_sc_hd__buf_6)
     3    0.079273    0.256679    0.360075   30.535244 ^ wire2/X (sky130_fd_sc_hd__buf_6)
                                                         net273 (net)
                      0.259705    0.022300   30.557545 ^ wire1/A (sky130_fd_sc_hd__buf_6)
     3    0.081766    0.264549    0.398330   30.955875 ^ wire1/X (sky130_fd_sc_hd__buf_6)
                                                         net272 (net)
                      0.267818    0.023530   30.979404 ^ clkbuf_0_clk/A (sky130_fd_sc_hd__clkbuf_16)
     9    0.101201    0.179146    0.400721   31.380127 ^ clkbuf_0_clk/X (sky130_fd_sc_hd__clkbuf_16)
                                                         clknet_0_clk (net)
                      0.180426    0.012061   31.392187 ^ clkbuf_2_0__f_clk/A (sky130_fd_sc_hd__clkbuf_16)
    17    0.092920    0.166980    0.352255   31.744442 ^ clkbuf_2_0__f_clk/X (sky130_fd_sc_hd__clkbuf_16)
                                                         clknet_2_0__leaf_clk (net)
                      0.169456    0.016101   31.760544 ^ _134_/CLK (sky130_fd_sc_hd__dfrtp_4)
                                 -0.250000   31.510542   clock uncertainty
                                  0.000000   31.510542   clock reconvergence pessimism
                                 -0.126634   31.383909   library setup time
                                             31.383909   data required time
---------------------------------------------------------------------------------------------
                                             31.383909   data required time
                                            -20.020226   data arrival time
---------------------------------------------------------------------------------------------
                                             11.363684   slack (MET)


Startpoint: wbs_adr_i[17] (input port clocked by clk)
Endpoint: _131_ (rising edge-triggered flip-flop clocked by clk)
Path Group: clk
Path Type: max

Fanout         Cap        Slew       Delay        Time   Description
---------------------------------------------------------------------------------------------
                                  0.000000    0.000000   clock clk (rise edge)
                                  5.570000    5.570000   clock network delay (propagated)
                                  3.890000    9.460000 v input external delay
     2    0.004217    0.920000    0.000000    9.460000 v wbs_adr_i[17] (in)
                                                         wbs_adr_i[17] (net)
                      0.920179    0.000090    9.460090 v hold1/A (sky130_fd_sc_hd__dlygate4sd3_1)
     1    0.002669    0.105062    1.504043   10.964133 v hold1/X (sky130_fd_sc_hd__dlygate4sd3_1)
                                                         net275 (net)
                      0.105062    0.000195   10.964328 v input87/A (sky130_fd_sc_hd__clkbuf_1)
     1    0.002534    0.047804    0.173869   11.138196 v input87/X (sky130_fd_sc_hd__clkbuf_1)
                                                         net87 (net)
                      0.047804    0.000102   11.138299 v hold2/A (sky130_fd_sc_hd__dlygate4sd3_1)
     1    0.002991    0.107224    1.117069   12.255367 v hold2/X (sky130_fd_sc_hd__dlygate4sd3_1)
                                                         net276 (net)
                      0.107224    0.000115   12.255484 v _044_/A (sky130_fd_sc_hd__or4_1)
     1    0.003993    0.194989    1.243928   13.499411 v _044_/X (sky130_fd_sc_hd__or4_1)
                                                         _035_ (net)
                      0.194989    0.000284   13.499695 v hold3/A (sky130_fd_sc_hd__dlygate4sd3_1)
     1    0.004746    0.128095    1.214724   14.714419 v hold3/X (sky130_fd_sc_hd__dlygate4sd3_1)
                                                         net277 (net)
                      0.128095    0.000214   14.714634 v _048_/A (sky130_fd_sc_hd__nor4_1)
     1    0.008002    0.690605    0.745210   15.459844 ^ _048_/Y (sky130_fd_sc_hd__nor4_1)
                                                         _039_ (net)
                      0.690605    0.000671   15.460515 ^ hold4/A (sky130_fd_sc_hd__dlygate4sd3_1)
     1    0.007909    0.160480    1.310856   16.771370 ^ hold4/X (sky130_fd_sc_hd__dlygate4sd3_1)
                                                         net278 (net)
                      0.160480    0.000648   16.772018 ^ wire262/A (sky130_fd_sc_hd__buf_2)
     1    0.013392    0.119967    0.273221   17.045240 ^ wire262/X (sky130_fd_sc_hd__buf_2)
                                                         net262 (net)
                      0.119977    0.001181   17.046421 ^ hold5/A (sky130_fd_sc_hd__dlygate4sd3_1)
     7    0.053556    0.808000    1.608807   18.655230 ^ hold5/X (sky130_fd_sc_hd__dlygate4sd3_1)
                                                         net279 (net)
                      0.808082    0.008406   18.663635 ^ fanout261/A (sky130_fd_sc_hd__buf_4)
    33    0.134555    0.588365    0.835723   19.499357 ^ fanout261/X (sky130_fd_sc_hd__buf_4)
                                                         net261 (net)
                      0.595030    0.050573   19.549931 ^ _098_/C (sky130_fd_sc_hd__and3_1)
     1    0.002616    0.089251    0.457250   20.007181 ^ _098_/X (sky130_fd_sc_hd__and3_1)
                                                         _023_ (net)
                      0.089251    0.000176   20.007357 ^ _131_/D (sky130_fd_sc_hd__dfrtp_4)
                                             20.007357   data arrival time

                                 25.000000   25.000000   clock clk (rise edge)
                                  4.650000   29.650000   clock source latency
     2    0.032618    0.610000    0.000000   29.650000 ^ clk (in)
                                                         clk (net)
                      0.618647    0.004324   29.654322 ^ wire3/A (sky130_fd_sc_hd__buf_4)
     3    0.036079    0.177169    0.513397   30.167721 ^ wire3/X (sky130_fd_sc_hd__buf_4)
                                                         net274 (net)
                      0.177570    0.007450   30.175169 ^ wire2/A (sky130_fd_sc_hd__buf_6)
     3    0.079273    0.256679    0.360075   30.535244 ^ wire2/X (sky130_fd_sc_hd__buf_6)
                                                         net273 (net)
                      0.259705    0.022300   30.557545 ^ wire1/A (sky130_fd_sc_hd__buf_6)
     3    0.081766    0.264549    0.398330   30.955875 ^ wire1/X (sky130_fd_sc_hd__buf_6)
                                                         net272 (net)
                      0.267818    0.023530   30.979404 ^ clkbuf_0_clk/A (sky130_fd_sc_hd__clkbuf_16)
     9    0.101201    0.179146    0.400721   31.380127 ^ clkbuf_0_clk/X (sky130_fd_sc_hd__clkbuf_16)
                                                         clknet_0_clk (net)
                      0.180362    0.011763   31.391890 ^ clkbuf_2_1__f_clk/A (sky130_fd_sc_hd__clkbuf_16)
    21    0.086026    0.158258    0.342755   31.734644 ^ clkbuf_2_1__f_clk/X (sky130_fd_sc_hd__clkbuf_16)
                                                         clknet_2_1__leaf_clk (net)
                      0.162087    0.019345   31.753988 ^ _131_/CLK (sky130_fd_sc_hd__dfrtp_4)
                                 -0.250000   31.503988   clock uncertainty
                                  0.000000   31.503988   clock reconvergence pessimism
                                 -0.125316   31.378674   library setup time
                                             31.378674   data required time
---------------------------------------------------------------------------------------------
                                             31.378674   data required time
                                            -20.007357   data arrival time
---------------------------------------------------------------------------------------------
                                             11.371317   slack (MET)


Startpoint: wbs_adr_i[17] (input port clocked by clk)
Endpoint: _137_ (rising edge-triggered flip-flop clocked by clk)
Path Group: clk
Path Type: max

Fanout         Cap        Slew       Delay        Time   Description
---------------------------------------------------------------------------------------------
                                  0.000000    0.000000   clock clk (rise edge)
                                  5.570000    5.570000   clock network delay (propagated)
                                  3.890000    9.460000 v input external delay
     2    0.004217    0.920000    0.000000    9.460000 v wbs_adr_i[17] (in)
                                                         wbs_adr_i[17] (net)
                      0.920179    0.000090    9.460090 v hold1/A (sky130_fd_sc_hd__dlygate4sd3_1)
     1    0.002669    0.105062    1.504043   10.964133 v hold1/X (sky130_fd_sc_hd__dlygate4sd3_1)
                                                         net275 (net)
                      0.105062    0.000195   10.964328 v input87/A (sky130_fd_sc_hd__clkbuf_1)
     1    0.002534    0.047804    0.173869   11.138196 v input87/X (sky130_fd_sc_hd__clkbuf_1)
                                                         net87 (net)
                      0.047804    0.000102   11.138299 v hold2/A (sky130_fd_sc_hd__dlygate4sd3_1)
     1    0.002991    0.107224    1.117069   12.255367 v hold2/X (sky130_fd_sc_hd__dlygate4sd3_1)
                                                         net276 (net)
                      0.107224    0.000115   12.255484 v _044_/A (sky130_fd_sc_hd__or4_1)
     1    0.003993    0.194989    1.243928   13.499411 v _044_/X (sky130_fd_sc_hd__or4_1)
                                                         _035_ (net)
                      0.194989    0.000284   13.499695 v hold3/A (sky130_fd_sc_hd__dlygate4sd3_1)
     1    0.004746    0.128095    1.214724   14.714419 v hold3/X (sky130_fd_sc_hd__dlygate4sd3_1)
                                                         net277 (net)
                      0.128095    0.000214   14.714634 v _048_/A (sky130_fd_sc_hd__nor4_1)
     1    0.008002    0.690605    0.745210   15.459844 ^ _048_/Y (sky130_fd_sc_hd__nor4_1)
                                                         _039_ (net)
                      0.690605    0.000671   15.460515 ^ hold4/A (sky130_fd_sc_hd__dlygate4sd3_1)
     1    0.007909    0.160480    1.310856   16.771370 ^ hold4/X (sky130_fd_sc_hd__dlygate4sd3_1)
                                                         net278 (net)
                      0.160480    0.000648   16.772018 ^ wire262/A (sky130_fd_sc_hd__buf_2)
     1    0.013392    0.119967    0.273221   17.045240 ^ wire262/X (sky130_fd_sc_hd__buf_2)
                                                         net262 (net)
                      0.119977    0.001181   17.046421 ^ hold5/A (sky130_fd_sc_hd__dlygate4sd3_1)
     7    0.053556    0.808000    1.608807   18.655230 ^ hold5/X (sky130_fd_sc_hd__dlygate4sd3_1)
                                                         net279 (net)
                      0.808082    0.008406   18.663635 ^ fanout261/A (sky130_fd_sc_hd__buf_4)
    33    0.134555    0.588365    0.835723   19.499357 ^ fanout261/X (sky130_fd_sc_hd__buf_4)
                                                         net261 (net)
                      0.594846    0.049901   19.549259 ^ _104_/C (sky130_fd_sc_hd__and3_1)
     1    0.002992    0.093723    0.463023   20.012281 ^ _104_/X (sky130_fd_sc_hd__and3_1)
                                                         _031_ (net)
                      0.093723    0.000185   20.012466 ^ _137_/D (sky130_fd_sc_hd__dfrtp_4)
                                             20.012466   data arrival time

                                 25.000000   25.000000   clock clk (rise edge)
                                  4.650000   29.650000   clock source latency
     2    0.032618    0.610000    0.000000   29.650000 ^ clk (in)
                                                         clk (net)
                      0.618647    0.004324   29.654322 ^ wire3/A (sky130_fd_sc_hd__buf_4)
     3    0.036079    0.177169    0.513397   30.167721 ^ wire3/X (sky130_fd_sc_hd__buf_4)
                                                         net274 (net)
                      0.177570    0.007450   30.175169 ^ wire2/A (sky130_fd_sc_hd__buf_6)
     3    0.079273    0.256679    0.360075   30.535244 ^ wire2/X (sky130_fd_sc_hd__buf_6)
                                                         net273 (net)
                      0.259705    0.022300   30.557545 ^ wire1/A (sky130_fd_sc_hd__buf_6)
     3    0.081766    0.264549    0.398330   30.955875 ^ wire1/X (sky130_fd_sc_hd__buf_6)
                                                         net272 (net)
                      0.267818    0.023530   30.979404 ^ clkbuf_0_clk/A (sky130_fd_sc_hd__clkbuf_16)
     9    0.101201    0.179146    0.400721   31.380127 ^ clkbuf_0_clk/X (sky130_fd_sc_hd__clkbuf_16)
                                                         clknet_0_clk (net)
                      0.180426    0.012061   31.392187 ^ clkbuf_2_0__f_clk/A (sky130_fd_sc_hd__clkbuf_16)
    17    0.092920    0.166980    0.352255   31.744442 ^ clkbuf_2_0__f_clk/X (sky130_fd_sc_hd__clkbuf_16)
                                                         clknet_2_0__leaf_clk (net)
                      0.169320    0.015650   31.760092 ^ _137_/CLK (sky130_fd_sc_hd__dfrtp_4)
                                 -0.250000   31.510092   clock uncertainty
                                  0.000000   31.510092   clock reconvergence pessimism
                                 -0.125169   31.384922   library setup time
                                             31.384922   data required time
---------------------------------------------------------------------------------------------
                                             31.384922   data required time
                                            -20.012466   data arrival time
---------------------------------------------------------------------------------------------
                                             11.372456   slack (MET)


Startpoint: wbs_adr_i[17] (input port clocked by clk)
Endpoint: _136_ (rising edge-triggered flip-flop clocked by clk)
Path Group: clk
Path Type: max

Fanout         Cap        Slew       Delay        Time   Description
---------------------------------------------------------------------------------------------
                                  0.000000    0.000000   clock clk (rise edge)
                                  5.570000    5.570000   clock network delay (propagated)
                                  3.890000    9.460000 v input external delay
     2    0.004217    0.920000    0.000000    9.460000 v wbs_adr_i[17] (in)
                                                         wbs_adr_i[17] (net)
                      0.920179    0.000090    9.460090 v hold1/A (sky130_fd_sc_hd__dlygate4sd3_1)
     1    0.002669    0.105062    1.504043   10.964133 v hold1/X (sky130_fd_sc_hd__dlygate4sd3_1)
                                                         net275 (net)
                      0.105062    0.000195   10.964328 v input87/A (sky130_fd_sc_hd__clkbuf_1)
     1    0.002534    0.047804    0.173869   11.138196 v input87/X (sky130_fd_sc_hd__clkbuf_1)
                                                         net87 (net)
                      0.047804    0.000102   11.138299 v hold2/A (sky130_fd_sc_hd__dlygate4sd3_1)
     1    0.002991    0.107224    1.117069   12.255367 v hold2/X (sky130_fd_sc_hd__dlygate4sd3_1)
                                                         net276 (net)
                      0.107224    0.000115   12.255484 v _044_/A (sky130_fd_sc_hd__or4_1)
     1    0.003993    0.194989    1.243928   13.499411 v _044_/X (sky130_fd_sc_hd__or4_1)
                                                         _035_ (net)
                      0.194989    0.000284   13.499695 v hold3/A (sky130_fd_sc_hd__dlygate4sd3_1)
     1    0.004746    0.128095    1.214724   14.714419 v hold3/X (sky130_fd_sc_hd__dlygate4sd3_1)
                                                         net277 (net)
                      0.128095    0.000214   14.714634 v _048_/A (sky130_fd_sc_hd__nor4_1)
     1    0.008002    0.690605    0.745210   15.459844 ^ _048_/Y (sky130_fd_sc_hd__nor4_1)
                                                         _039_ (net)
                      0.690605    0.000671   15.460515 ^ hold4/A (sky130_fd_sc_hd__dlygate4sd3_1)
     1    0.007909    0.160480    1.310856   16.771370 ^ hold4/X (sky130_fd_sc_hd__dlygate4sd3_1)
                                                         net278 (net)
                      0.160480    0.000648   16.772018 ^ wire262/A (sky130_fd_sc_hd__buf_2)
     1    0.013392    0.119967    0.273221   17.045240 ^ wire262/X (sky130_fd_sc_hd__buf_2)
                                                         net262 (net)
                      0.119977    0.001181   17.046421 ^ hold5/A (sky130_fd_sc_hd__dlygate4sd3_1)
     7    0.053556    0.808000    1.608807   18.655230 ^ hold5/X (sky130_fd_sc_hd__dlygate4sd3_1)
                                                         net279 (net)
                      0.808082    0.008406   18.663635 ^ fanout261/A (sky130_fd_sc_hd__buf_4)
    33    0.134555    0.588365    0.835723   19.499357 ^ fanout261/X (sky130_fd_sc_hd__buf_4)
                                                         net261 (net)
                      0.594972    0.050363   19.549721 ^ _103_/C (sky130_fd_sc_hd__and3_1)
     1    0.002794    0.091295    0.459989   20.009710 ^ _103_/X (sky130_fd_sc_hd__and3_1)
                                                         _030_ (net)
                      0.091295    0.000178   20.009888 ^ _136_/D (sky130_fd_sc_hd__dfrtp_4)
                                             20.009888   data arrival time

                                 25.000000   25.000000   clock clk (rise edge)
                                  4.650000   29.650000   clock source latency
     2    0.032618    0.610000    0.000000   29.650000 ^ clk (in)
                                                         clk (net)
                      0.618647    0.004324   29.654322 ^ wire3/A (sky130_fd_sc_hd__buf_4)
     3    0.036079    0.177169    0.513397   30.167721 ^ wire3/X (sky130_fd_sc_hd__buf_4)
                                                         net274 (net)
                      0.177570    0.007450   30.175169 ^ wire2/A (sky130_fd_sc_hd__buf_6)
     3    0.079273    0.256679    0.360075   30.535244 ^ wire2/X (sky130_fd_sc_hd__buf_6)
                                                         net273 (net)
                      0.259705    0.022300   30.557545 ^ wire1/A (sky130_fd_sc_hd__buf_6)
     3    0.081766    0.264549    0.398330   30.955875 ^ wire1/X (sky130_fd_sc_hd__buf_6)
                                                         net272 (net)
                      0.267818    0.023530   30.979404 ^ clkbuf_0_clk/A (sky130_fd_sc_hd__clkbuf_16)
     9    0.101201    0.179146    0.400721   31.380127 ^ clkbuf_0_clk/X (sky130_fd_sc_hd__clkbuf_16)
                                                         clknet_0_clk (net)
                      0.180426    0.012061   31.392187 ^ clkbuf_2_0__f_clk/A (sky130_fd_sc_hd__clkbuf_16)
    17    0.092920    0.166980    0.352255   31.744442 ^ clkbuf_2_0__f_clk/X (sky130_fd_sc_hd__clkbuf_16)
                                                         clknet_2_0__leaf_clk (net)
                      0.169419    0.015977   31.760420 ^ _136_/CLK (sky130_fd_sc_hd__dfrtp_4)
                                 -0.250000   31.510418   clock uncertainty
                                  0.000000   31.510418   clock reconvergence pessimism
                                 -0.124539   31.385878   library setup time
                                             31.385878   data required time
---------------------------------------------------------------------------------------------
                                             31.385878   data required time
                                            -20.009888   data arrival time
---------------------------------------------------------------------------------------------
                                             11.375990   slack (MET)


Startpoint: wbs_adr_i[17] (input port clocked by clk)
Endpoint: _135_ (rising edge-triggered flip-flop clocked by clk)
Path Group: clk
Path Type: max

Fanout         Cap        Slew       Delay        Time   Description
---------------------------------------------------------------------------------------------
                                  0.000000    0.000000   clock clk (rise edge)
                                  5.570000    5.570000   clock network delay (propagated)
                                  3.890000    9.460000 v input external delay
     2    0.004217    0.920000    0.000000    9.460000 v wbs_adr_i[17] (in)
                                                         wbs_adr_i[17] (net)
                      0.920179    0.000090    9.460090 v hold1/A (sky130_fd_sc_hd__dlygate4sd3_1)
     1    0.002669    0.105062    1.504043   10.964133 v hold1/X (sky130_fd_sc_hd__dlygate4sd3_1)
                                                         net275 (net)
                      0.105062    0.000195   10.964328 v input87/A (sky130_fd_sc_hd__clkbuf_1)
     1    0.002534    0.047804    0.173869   11.138196 v input87/X (sky130_fd_sc_hd__clkbuf_1)
                                                         net87 (net)
                      0.047804    0.000102   11.138299 v hold2/A (sky130_fd_sc_hd__dlygate4sd3_1)
     1    0.002991    0.107224    1.117069   12.255367 v hold2/X (sky130_fd_sc_hd__dlygate4sd3_1)
                                                         net276 (net)
                      0.107224    0.000115   12.255484 v _044_/A (sky130_fd_sc_hd__or4_1)
     1    0.003993    0.194989    1.243928   13.499411 v _044_/X (sky130_fd_sc_hd__or4_1)
                                                         _035_ (net)
                      0.194989    0.000284   13.499695 v hold3/A (sky130_fd_sc_hd__dlygate4sd3_1)
     1    0.004746    0.128095    1.214724   14.714419 v hold3/X (sky130_fd_sc_hd__dlygate4sd3_1)
                                                         net277 (net)
                      0.128095    0.000214   14.714634 v _048_/A (sky130_fd_sc_hd__nor4_1)
     1    0.008002    0.690605    0.745210   15.459844 ^ _048_/Y (sky130_fd_sc_hd__nor4_1)
                                                         _039_ (net)
                      0.690605    0.000671   15.460515 ^ hold4/A (sky130_fd_sc_hd__dlygate4sd3_1)
     1    0.007909    0.160480    1.310856   16.771370 ^ hold4/X (sky130_fd_sc_hd__dlygate4sd3_1)
                                                         net278 (net)
                      0.160480    0.000648   16.772018 ^ wire262/A (sky130_fd_sc_hd__buf_2)
     1    0.013392    0.119967    0.273221   17.045240 ^ wire262/X (sky130_fd_sc_hd__buf_2)
                                                         net262 (net)
                      0.119977    0.001181   17.046421 ^ hold5/A (sky130_fd_sc_hd__dlygate4sd3_1)
     7    0.053556    0.808000    1.608807   18.655230 ^ hold5/X (sky130_fd_sc_hd__dlygate4sd3_1)
                                                         net279 (net)
                      0.808082    0.008406   18.663635 ^ fanout261/A (sky130_fd_sc_hd__buf_4)
    33    0.134555    0.588365    0.835723   19.499357 ^ fanout261/X (sky130_fd_sc_hd__buf_4)
                                                         net261 (net)
                      0.594483    0.048551   19.547909 ^ _102_/C (sky130_fd_sc_hd__and3_1)
     1    0.002820    0.091605    0.460252   20.008162 ^ _102_/X (sky130_fd_sc_hd__and3_1)
                                                         _029_ (net)
                      0.091605    0.000181   20.008343 ^ _135_/D (sky130_fd_sc_hd__dfrtp_4)
                                             20.008343   data arrival time

                                 25.000000   25.000000   clock clk (rise edge)
                                  4.650000   29.650000   clock source latency
     2    0.032618    0.610000    0.000000   29.650000 ^ clk (in)
                                                         clk (net)
                      0.618647    0.004324   29.654322 ^ wire3/A (sky130_fd_sc_hd__buf_4)
     3    0.036079    0.177169    0.513397   30.167721 ^ wire3/X (sky130_fd_sc_hd__buf_4)
                                                         net274 (net)
                      0.177570    0.007450   30.175169 ^ wire2/A (sky130_fd_sc_hd__buf_6)
     3    0.079273    0.256679    0.360075   30.535244 ^ wire2/X (sky130_fd_sc_hd__buf_6)
                                                         net273 (net)
                      0.259705    0.022300   30.557545 ^ wire1/A (sky130_fd_sc_hd__buf_6)
     3    0.081766    0.264549    0.398330   30.955875 ^ wire1/X (sky130_fd_sc_hd__buf_6)
                                                         net272 (net)
                      0.267818    0.023530   30.979404 ^ clkbuf_0_clk/A (sky130_fd_sc_hd__clkbuf_16)
     9    0.101201    0.179146    0.400721   31.380127 ^ clkbuf_0_clk/X (sky130_fd_sc_hd__clkbuf_16)
                                                         clknet_0_clk (net)
                      0.180426    0.012061   31.392187 ^ clkbuf_2_0__f_clk/A (sky130_fd_sc_hd__clkbuf_16)
    17    0.092920    0.166980    0.352255   31.744442 ^ clkbuf_2_0__f_clk/X (sky130_fd_sc_hd__clkbuf_16)
                                                         clknet_2_0__leaf_clk (net)
                      0.169082    0.014833   31.759275 ^ _135_/CLK (sky130_fd_sc_hd__dfrtp_4)
                                 -0.250000   31.509274   clock uncertainty
                                  0.000000   31.509274   clock reconvergence pessimism
                                 -0.124676   31.384600   library setup time
                                             31.384600   data required time
---------------------------------------------------------------------------------------------
                                             31.384600   data required time
                                            -20.008343   data arrival time
---------------------------------------------------------------------------------------------
                                             11.376257   slack (MET)


Startpoint: wbs_adr_i[17] (input port clocked by clk)
Endpoint: _140_ (rising edge-triggered flip-flop clocked by clk)
Path Group: clk
Path Type: max

Fanout         Cap        Slew       Delay        Time   Description
---------------------------------------------------------------------------------------------
                                  0.000000    0.000000   clock clk (rise edge)
                                  5.570000    5.570000   clock network delay (propagated)
                                  3.890000    9.460000 v input external delay
     2    0.004217    0.920000    0.000000    9.460000 v wbs_adr_i[17] (in)
                                                         wbs_adr_i[17] (net)
                      0.920179    0.000090    9.460090 v hold1/A (sky130_fd_sc_hd__dlygate4sd3_1)
     1    0.002669    0.105062    1.504043   10.964133 v hold1/X (sky130_fd_sc_hd__dlygate4sd3_1)
                                                         net275 (net)
                      0.105062    0.000195   10.964328 v input87/A (sky130_fd_sc_hd__clkbuf_1)
     1    0.002534    0.047804    0.173869   11.138196 v input87/X (sky130_fd_sc_hd__clkbuf_1)
                                                         net87 (net)
                      0.047804    0.000102   11.138299 v hold2/A (sky130_fd_sc_hd__dlygate4sd3_1)
     1    0.002991    0.107224    1.117069   12.255367 v hold2/X (sky130_fd_sc_hd__dlygate4sd3_1)
                                                         net276 (net)
                      0.107224    0.000115   12.255484 v _044_/A (sky130_fd_sc_hd__or4_1)
     1    0.003993    0.194989    1.243928   13.499411 v _044_/X (sky130_fd_sc_hd__or4_1)
                                                         _035_ (net)
                      0.194989    0.000284   13.499695 v hold3/A (sky130_fd_sc_hd__dlygate4sd3_1)
     1    0.004746    0.128095    1.214724   14.714419 v hold3/X (sky130_fd_sc_hd__dlygate4sd3_1)
                                                         net277 (net)
                      0.128095    0.000214   14.714634 v _048_/A (sky130_fd_sc_hd__nor4_1)
     1    0.008002    0.690605    0.745210   15.459844 ^ _048_/Y (sky130_fd_sc_hd__nor4_1)
                                                         _039_ (net)
                      0.690605    0.000671   15.460515 ^ hold4/A (sky130_fd_sc_hd__dlygate4sd3_1)
     1    0.007909    0.160480    1.310856   16.771370 ^ hold4/X (sky130_fd_sc_hd__dlygate4sd3_1)
                                                         net278 (net)
                      0.160480    0.000648   16.772018 ^ wire262/A (sky130_fd_sc_hd__buf_2)
     1    0.013392    0.119967    0.273221   17.045240 ^ wire262/X (sky130_fd_sc_hd__buf_2)
                                                         net262 (net)
                      0.119977    0.001181   17.046421 ^ hold5/A (sky130_fd_sc_hd__dlygate4sd3_1)
     7    0.053556    0.808000    1.608807   18.655230 ^ hold5/X (sky130_fd_sc_hd__dlygate4sd3_1)
                                                         net279 (net)
                      0.808082    0.008406   18.663635 ^ fanout261/A (sky130_fd_sc_hd__buf_4)
    33    0.134555    0.588365    0.835723   19.499357 ^ fanout261/X (sky130_fd_sc_hd__buf_4)
                                                         net261 (net)
                      0.592869    0.041981   19.541338 ^ _107_/C (sky130_fd_sc_hd__and3_1)
     1    0.002199    0.084133    0.450187   19.991526 ^ _107_/X (sky130_fd_sc_hd__and3_1)
                                                         _003_ (net)
                      0.084133    0.000160   19.991686 ^ _140_/D (sky130_fd_sc_hd__dfrtp_2)
                                             19.991686   data arrival time

                                 25.000000   25.000000   clock clk (rise edge)
                                  4.650000   29.650000   clock source latency
     2    0.032618    0.610000    0.000000   29.650000 ^ clk (in)
                                                         clk (net)
                      0.618647    0.004324   29.654322 ^ wire3/A (sky130_fd_sc_hd__buf_4)
     3    0.036079    0.177169    0.513397   30.167721 ^ wire3/X (sky130_fd_sc_hd__buf_4)
                                                         net274 (net)
                      0.177570    0.007450   30.175169 ^ wire2/A (sky130_fd_sc_hd__buf_6)
     3    0.079273    0.256679    0.360075   30.535244 ^ wire2/X (sky130_fd_sc_hd__buf_6)
                                                         net273 (net)
                      0.259705    0.022300   30.557545 ^ wire1/A (sky130_fd_sc_hd__buf_6)
     3    0.081766    0.264549    0.398330   30.955875 ^ wire1/X (sky130_fd_sc_hd__buf_6)
                                                         net272 (net)
                      0.267818    0.023530   30.979404 ^ clkbuf_0_clk/A (sky130_fd_sc_hd__clkbuf_16)
     9    0.101201    0.179146    0.400721   31.380127 ^ clkbuf_0_clk/X (sky130_fd_sc_hd__clkbuf_16)
                                                         clknet_0_clk (net)
                      0.180362    0.011763   31.391890 ^ clkbuf_2_1__f_clk/A (sky130_fd_sc_hd__clkbuf_16)
    21    0.086026    0.158258    0.342755   31.734644 ^ clkbuf_2_1__f_clk/X (sky130_fd_sc_hd__clkbuf_16)
                                                         clknet_2_1__leaf_clk (net)
                      0.160047    0.013220   31.747864 ^ _140_/CLK (sky130_fd_sc_hd__dfrtp_2)
                                 -0.250000   31.497864   clock uncertainty
                                  0.000000   31.497864   clock reconvergence pessimism
                                 -0.126056   31.371805   library setup time
                                             31.371805   data required time
---------------------------------------------------------------------------------------------
                                             31.371805   data required time
                                            -19.991686   data arrival time
---------------------------------------------------------------------------------------------
                                             11.380120   slack (MET)


Startpoint: wbs_adr_i[17] (input port clocked by clk)
Endpoint: _141_ (rising edge-triggered flip-flop clocked by clk)
Path Group: clk
Path Type: max

Fanout         Cap        Slew       Delay        Time   Description
---------------------------------------------------------------------------------------------
                                  0.000000    0.000000   clock clk (rise edge)
                                  5.570000    5.570000   clock network delay (propagated)
                                  3.890000    9.460000 v input external delay
     2    0.004217    0.920000    0.000000    9.460000 v wbs_adr_i[17] (in)
                                                         wbs_adr_i[17] (net)
                      0.920179    0.000090    9.460090 v hold1/A (sky130_fd_sc_hd__dlygate4sd3_1)
     1    0.002669    0.105062    1.504043   10.964133 v hold1/X (sky130_fd_sc_hd__dlygate4sd3_1)
                                                         net275 (net)
                      0.105062    0.000195   10.964328 v input87/A (sky130_fd_sc_hd__clkbuf_1)
     1    0.002534    0.047804    0.173869   11.138196 v input87/X (sky130_fd_sc_hd__clkbuf_1)
                                                         net87 (net)
                      0.047804    0.000102   11.138299 v hold2/A (sky130_fd_sc_hd__dlygate4sd3_1)
     1    0.002991    0.107224    1.117069   12.255367 v hold2/X (sky130_fd_sc_hd__dlygate4sd3_1)
                                                         net276 (net)
                      0.107224    0.000115   12.255484 v _044_/A (sky130_fd_sc_hd__or4_1)
     1    0.003993    0.194989    1.243928   13.499411 v _044_/X (sky130_fd_sc_hd__or4_1)
                                                         _035_ (net)
                      0.194989    0.000284   13.499695 v hold3/A (sky130_fd_sc_hd__dlygate4sd3_1)
     1    0.004746    0.128095    1.214724   14.714419 v hold3/X (sky130_fd_sc_hd__dlygate4sd3_1)
                                                         net277 (net)
                      0.128095    0.000214   14.714634 v _048_/A (sky130_fd_sc_hd__nor4_1)
     1    0.008002    0.690605    0.745210   15.459844 ^ _048_/Y (sky130_fd_sc_hd__nor4_1)
                                                         _039_ (net)
                      0.690605    0.000671   15.460515 ^ hold4/A (sky130_fd_sc_hd__dlygate4sd3_1)
     1    0.007909    0.160480    1.310856   16.771370 ^ hold4/X (sky130_fd_sc_hd__dlygate4sd3_1)
                                                         net278 (net)
                      0.160480    0.000648   16.772018 ^ wire262/A (sky130_fd_sc_hd__buf_2)
     1    0.013392    0.119967    0.273221   17.045240 ^ wire262/X (sky130_fd_sc_hd__buf_2)
                                                         net262 (net)
                      0.119977    0.001181   17.046421 ^ hold5/A (sky130_fd_sc_hd__dlygate4sd3_1)
     7    0.053556    0.808000    1.608807   18.655230 ^ hold5/X (sky130_fd_sc_hd__dlygate4sd3_1)
                                                         net279 (net)
                      0.808082    0.008406   18.663635 ^ fanout261/A (sky130_fd_sc_hd__buf_4)
    33    0.134555    0.588365    0.835723   19.499357 ^ fanout261/X (sky130_fd_sc_hd__buf_4)
                                                         net261 (net)
                      0.591163    0.033488   19.532845 ^ _108_/C (sky130_fd_sc_hd__and3_1)
     1    0.002910    0.092659    0.460687   19.993532 ^ _108_/X (sky130_fd_sc_hd__and3_1)
                                                         _004_ (net)
                      0.092659    0.000187   19.993719 ^ _141_/D (sky130_fd_sc_hd__dfrtp_2)
                                             19.993719   data arrival time

                                 25.000000   25.000000   clock clk (rise edge)
                                  4.650000   29.650000   clock source latency
     2    0.032618    0.610000    0.000000   29.650000 ^ clk (in)
                                                         clk (net)
                      0.618647    0.004324   29.654322 ^ wire3/A (sky130_fd_sc_hd__buf_4)
     3    0.036079    0.177169    0.513397   30.167721 ^ wire3/X (sky130_fd_sc_hd__buf_4)
                                                         net274 (net)
                      0.177570    0.007450   30.175169 ^ wire2/A (sky130_fd_sc_hd__buf_6)
     3    0.079273    0.256679    0.360075   30.535244 ^ wire2/X (sky130_fd_sc_hd__buf_6)
                                                         net273 (net)
                      0.259705    0.022300   30.557545 ^ wire1/A (sky130_fd_sc_hd__buf_6)
     3    0.081766    0.264549    0.398330   30.955875 ^ wire1/X (sky130_fd_sc_hd__buf_6)
                                                         net272 (net)
                      0.267818    0.023530   30.979404 ^ clkbuf_0_clk/A (sky130_fd_sc_hd__clkbuf_16)
     9    0.101201    0.179146    0.400721   31.380127 ^ clkbuf_0_clk/X (sky130_fd_sc_hd__clkbuf_16)
                                                         clknet_0_clk (net)
                      0.180426    0.012061   31.392187 ^ clkbuf_2_0__f_clk/A (sky130_fd_sc_hd__clkbuf_16)
    17    0.092920    0.166980    0.352255   31.744442 ^ clkbuf_2_0__f_clk/X (sky130_fd_sc_hd__clkbuf_16)
                                                         clknet_2_0__leaf_clk (net)
                      0.167573    0.008022   31.752464 ^ _141_/CLK (sky130_fd_sc_hd__dfrtp_2)
                                 -0.250000   31.502464   clock uncertainty
                                  0.000000   31.502464   clock reconvergence pessimism
                                 -0.126871   31.375593   library setup time
                                             31.375593   data required time
---------------------------------------------------------------------------------------------
                                             31.375593   data required time
                                            -19.993719   data arrival time
---------------------------------------------------------------------------------------------
                                             11.381873   slack (MET)


Startpoint: wbs_adr_i[17] (input port clocked by clk)
Endpoint: _142_ (rising edge-triggered flip-flop clocked by clk)
Path Group: clk
Path Type: max

Fanout         Cap        Slew       Delay        Time   Description
---------------------------------------------------------------------------------------------
                                  0.000000    0.000000   clock clk (rise edge)
                                  5.570000    5.570000   clock network delay (propagated)
                                  3.890000    9.460000 v input external delay
     2    0.004217    0.920000    0.000000    9.460000 v wbs_adr_i[17] (in)
                                                         wbs_adr_i[17] (net)
                      0.920179    0.000090    9.460090 v hold1/A (sky130_fd_sc_hd__dlygate4sd3_1)
     1    0.002669    0.105062    1.504043   10.964133 v hold1/X (sky130_fd_sc_hd__dlygate4sd3_1)
                                                         net275 (net)
                      0.105062    0.000195   10.964328 v input87/A (sky130_fd_sc_hd__clkbuf_1)
     1    0.002534    0.047804    0.173869   11.138196 v input87/X (sky130_fd_sc_hd__clkbuf_1)
                                                         net87 (net)
                      0.047804    0.000102   11.138299 v hold2/A (sky130_fd_sc_hd__dlygate4sd3_1)
     1    0.002991    0.107224    1.117069   12.255367 v hold2/X (sky130_fd_sc_hd__dlygate4sd3_1)
                                                         net276 (net)
                      0.107224    0.000115   12.255484 v _044_/A (sky130_fd_sc_hd__or4_1)
     1    0.003993    0.194989    1.243928   13.499411 v _044_/X (sky130_fd_sc_hd__or4_1)
                                                         _035_ (net)
                      0.194989    0.000284   13.499695 v hold3/A (sky130_fd_sc_hd__dlygate4sd3_1)
     1    0.004746    0.128095    1.214724   14.714419 v hold3/X (sky130_fd_sc_hd__dlygate4sd3_1)
                                                         net277 (net)
                      0.128095    0.000214   14.714634 v _048_/A (sky130_fd_sc_hd__nor4_1)
     1    0.008002    0.690605    0.745210   15.459844 ^ _048_/Y (sky130_fd_sc_hd__nor4_1)
                                                         _039_ (net)
                      0.690605    0.000671   15.460515 ^ hold4/A (sky130_fd_sc_hd__dlygate4sd3_1)
     1    0.007909    0.160480    1.310856   16.771370 ^ hold4/X (sky130_fd_sc_hd__dlygate4sd3_1)
                                                         net278 (net)
                      0.160480    0.000648   16.772018 ^ wire262/A (sky130_fd_sc_hd__buf_2)
     1    0.013392    0.119967    0.273221   17.045240 ^ wire262/X (sky130_fd_sc_hd__buf_2)
                                                         net262 (net)
                      0.119977    0.001181   17.046421 ^ hold5/A (sky130_fd_sc_hd__dlygate4sd3_1)
     7    0.053556    0.808000    1.608807   18.655230 ^ hold5/X (sky130_fd_sc_hd__dlygate4sd3_1)
                                                         net279 (net)
                      0.808082    0.008406   18.663635 ^ fanout261/A (sky130_fd_sc_hd__buf_4)
    33    0.134555    0.588365    0.835723   19.499357 ^ fanout261/X (sky130_fd_sc_hd__buf_4)
                                                         net261 (net)
                      0.589552    0.022215   19.521572 ^ _109_/C (sky130_fd_sc_hd__and3_1)
     1    0.003250    0.096961    0.465478   19.987051 ^ _109_/X (sky130_fd_sc_hd__and3_1)
                                                         _005_ (net)
                      0.096961    0.000206   19.987257 ^ _142_/D (sky130_fd_sc_hd__dfrtp_2)
                                             19.987257   data arrival time

                                 25.000000   25.000000   clock clk (rise edge)
                                  4.650000   29.650000   clock source latency
     2    0.032618    0.610000    0.000000   29.650000 ^ clk (in)
                                                         clk (net)
                      0.618647    0.004324   29.654322 ^ wire3/A (sky130_fd_sc_hd__buf_4)
     3    0.036079    0.177169    0.513397   30.167721 ^ wire3/X (sky130_fd_sc_hd__buf_4)
                                                         net274 (net)
                      0.177570    0.007450   30.175169 ^ wire2/A (sky130_fd_sc_hd__buf_6)
     3    0.079273    0.256679    0.360075   30.535244 ^ wire2/X (sky130_fd_sc_hd__buf_6)
                                                         net273 (net)
                      0.259705    0.022300   30.557545 ^ wire1/A (sky130_fd_sc_hd__buf_6)
     3    0.081766    0.264549    0.398330   30.955875 ^ wire1/X (sky130_fd_sc_hd__buf_6)
                                                         net272 (net)
                      0.267818    0.023530   30.979404 ^ clkbuf_0_clk/A (sky130_fd_sc_hd__clkbuf_16)
     9    0.101201    0.179146    0.400721   31.380127 ^ clkbuf_0_clk/X (sky130_fd_sc_hd__clkbuf_16)
                                                         clknet_0_clk (net)
                      0.180426    0.012061   31.392187 ^ clkbuf_2_0__f_clk/A (sky130_fd_sc_hd__clkbuf_16)
    17    0.092920    0.166980    0.352255   31.744442 ^ clkbuf_2_0__f_clk/X (sky130_fd_sc_hd__clkbuf_16)
                                                         clknet_2_0__leaf_clk (net)
                      0.167782    0.009269   31.753712 ^ _142_/CLK (sky130_fd_sc_hd__dfrtp_2)
                                 -0.250000   31.503712   clock uncertainty
                                  0.000000   31.503712   clock reconvergence pessimism
                                 -0.127917   31.375795   library setup time
                                             31.375795   data required time
---------------------------------------------------------------------------------------------
                                             31.375795   data required time
                                            -19.987257   data arrival time
---------------------------------------------------------------------------------------------
                                             11.388538   slack (MET)


Startpoint: wbs_adr_i[17] (input port clocked by clk)
Endpoint: _143_ (rising edge-triggered flip-flop clocked by clk)
Path Group: clk
Path Type: max

Fanout         Cap        Slew       Delay        Time   Description
---------------------------------------------------------------------------------------------
                                  0.000000    0.000000   clock clk (rise edge)
                                  5.570000    5.570000   clock network delay (propagated)
                                  3.890000    9.460000 v input external delay
     2    0.004217    0.920000    0.000000    9.460000 v wbs_adr_i[17] (in)
                                                         wbs_adr_i[17] (net)
                      0.920179    0.000090    9.460090 v hold1/A (sky130_fd_sc_hd__dlygate4sd3_1)
     1    0.002669    0.105062    1.504043   10.964133 v hold1/X (sky130_fd_sc_hd__dlygate4sd3_1)
                                                         net275 (net)
                      0.105062    0.000195   10.964328 v input87/A (sky130_fd_sc_hd__clkbuf_1)
     1    0.002534    0.047804    0.173869   11.138196 v input87/X (sky130_fd_sc_hd__clkbuf_1)
                                                         net87 (net)
                      0.047804    0.000102   11.138299 v hold2/A (sky130_fd_sc_hd__dlygate4sd3_1)
     1    0.002991    0.107224    1.117069   12.255367 v hold2/X (sky130_fd_sc_hd__dlygate4sd3_1)
                                                         net276 (net)
                      0.107224    0.000115   12.255484 v _044_/A (sky130_fd_sc_hd__or4_1)
     1    0.003993    0.194989    1.243928   13.499411 v _044_/X (sky130_fd_sc_hd__or4_1)
                                                         _035_ (net)
                      0.194989    0.000284   13.499695 v hold3/A (sky130_fd_sc_hd__dlygate4sd3_1)
     1    0.004746    0.128095    1.214724   14.714419 v hold3/X (sky130_fd_sc_hd__dlygate4sd3_1)
                                                         net277 (net)
                      0.128095    0.000214   14.714634 v _048_/A (sky130_fd_sc_hd__nor4_1)
     1    0.008002    0.690605    0.745210   15.459844 ^ _048_/Y (sky130_fd_sc_hd__nor4_1)
                                                         _039_ (net)
                      0.690605    0.000671   15.460515 ^ hold4/A (sky130_fd_sc_hd__dlygate4sd3_1)
     1    0.007909    0.160480    1.310856   16.771370 ^ hold4/X (sky130_fd_sc_hd__dlygate4sd3_1)
                                                         net278 (net)
                      0.160480    0.000648   16.772018 ^ wire262/A (sky130_fd_sc_hd__buf_2)
     1    0.013392    0.119967    0.273221   17.045240 ^ wire262/X (sky130_fd_sc_hd__buf_2)
                                                         net262 (net)
                      0.119977    0.001181   17.046421 ^ hold5/A (sky130_fd_sc_hd__dlygate4sd3_1)
     7    0.053556    0.808000    1.608807   18.655230 ^ hold5/X (sky130_fd_sc_hd__dlygate4sd3_1)
                                                         net279 (net)
                      0.808082    0.008406   18.663635 ^ fanout261/A (sky130_fd_sc_hd__buf_4)
    33    0.134555    0.588365    0.835723   19.499357 ^ fanout261/X (sky130_fd_sc_hd__buf_4)
                                                         net261 (net)
                      0.588495    0.007532   19.506889 ^ _110_/C (sky130_fd_sc_hd__and3_1)
     1    0.002560    0.088413    0.454511   19.961401 ^ _110_/X (sky130_fd_sc_hd__and3_1)
                                                         _006_ (net)
                      0.088413    0.000167   19.961567 ^ _143_/D (sky130_fd_sc_hd__dfrtp_2)
                                             19.961567   data arrival time

                                 25.000000   25.000000   clock clk (rise edge)
                                  4.650000   29.650000   clock source latency
     2    0.032618    0.610000    0.000000   29.650000 ^ clk (in)
                                                         clk (net)
                      0.618647    0.004324   29.654322 ^ wire3/A (sky130_fd_sc_hd__buf_4)
     3    0.036079    0.177169    0.513397   30.167721 ^ wire3/X (sky130_fd_sc_hd__buf_4)
                                                         net274 (net)
                      0.177570    0.007450   30.175169 ^ wire2/A (sky130_fd_sc_hd__buf_6)
     3    0.079273    0.256679    0.360075   30.535244 ^ wire2/X (sky130_fd_sc_hd__buf_6)
                                                         net273 (net)
                      0.259705    0.022300   30.557545 ^ wire1/A (sky130_fd_sc_hd__buf_6)
     3    0.081766    0.264549    0.398330   30.955875 ^ wire1/X (sky130_fd_sc_hd__buf_6)
                                                         net272 (net)
                      0.267818    0.023530   30.979404 ^ clkbuf_0_clk/A (sky130_fd_sc_hd__clkbuf_16)
     9    0.101201    0.179146    0.400721   31.380127 ^ clkbuf_0_clk/X (sky130_fd_sc_hd__clkbuf_16)
                                                         clknet_0_clk (net)
                      0.180426    0.012061   31.392187 ^ clkbuf_2_0__f_clk/A (sky130_fd_sc_hd__clkbuf_16)
    17    0.092920    0.166980    0.352255   31.744442 ^ clkbuf_2_0__f_clk/X (sky130_fd_sc_hd__clkbuf_16)
                                                         clknet_2_0__leaf_clk (net)
                      0.167960    0.010207   31.754650 ^ _143_/CLK (sky130_fd_sc_hd__dfrtp_2)
                                 -0.250000   31.504648   clock uncertainty
                                  0.000000   31.504648   clock reconvergence pessimism
                                 -0.125733   31.378914   library setup time
                                             31.378914   data required time
---------------------------------------------------------------------------------------------
                                             31.378914   data required time
                                            -19.961567   data arrival time
---------------------------------------------------------------------------------------------
                                             11.417347   slack (MET)


Startpoint: rst_n (input port clocked by clk)
Endpoint: _152_ (recovery check against rising-edge clock clk)
Path Group: asynchronous
Path Type: max

Fanout         Cap        Slew       Delay        Time   Description
---------------------------------------------------------------------------------------------
                                  0.000000    0.000000   clock clk (rise edge)
                                  5.570000    5.570000   clock network delay (propagated)
                                 12.500000   18.070000 ^ input external delay
     2    0.011551    0.000000    0.000000   18.070000 ^ rst_n (in)
                                                         rst_n (net)
                      0.000639    0.000320   18.070318 ^ input79/A (sky130_fd_sc_hd__buf_12)
     7    0.294549    0.459627    0.248681   18.319000 ^ input79/X (sky130_fd_sc_hd__buf_12)
                                                         net79 (net)
                      0.841498    0.362055   18.681055 ^ fanout267/A (sky130_fd_sc_hd__buf_6)
    33    0.149860    0.472112    0.694346   19.375401 ^ fanout267/X (sky130_fd_sc_hd__buf_6)
                                                         net267 (net)
                      0.484298    0.060282   19.435684 ^ _152_/RESET_B (sky130_fd_sc_hd__dfrtp_4)
                                             19.435684   data arrival time

                                 25.000000   25.000000   clock clk (rise edge)
                                  4.650000   29.650000   clock source latency
     2    0.032618    0.610000    0.000000   29.650000 ^ clk (in)
                                                         clk (net)
                      0.618647    0.004324   29.654322 ^ wire3/A (sky130_fd_sc_hd__buf_4)
     3    0.036079    0.177169    0.513397   30.167721 ^ wire3/X (sky130_fd_sc_hd__buf_4)
                                                         net274 (net)
                      0.177570    0.007450   30.175169 ^ wire2/A (sky130_fd_sc_hd__buf_6)
     3    0.079273    0.256679    0.360075   30.535244 ^ wire2/X (sky130_fd_sc_hd__buf_6)
                                                         net273 (net)
                      0.259705    0.022300   30.557545 ^ wire1/A (sky130_fd_sc_hd__buf_6)
     3    0.081766    0.264549    0.398330   30.955875 ^ wire1/X (sky130_fd_sc_hd__buf_6)
                                                         net272 (net)
                      0.267818    0.023530   30.979404 ^ clkbuf_0_clk/A (sky130_fd_sc_hd__clkbuf_16)
     9    0.101201    0.179146    0.400721   31.380127 ^ clkbuf_0_clk/X (sky130_fd_sc_hd__clkbuf_16)
                                                         clknet_0_clk (net)
                      0.180071    0.010285   31.390411 ^ clkbuf_2_3__f_clk/A (sky130_fd_sc_hd__clkbuf_16)
    21    0.075270    0.142724    0.332449   31.722860 ^ clkbuf_2_3__f_clk/X (sky130_fd_sc_hd__clkbuf_16)
                                                         clknet_2_3__leaf_clk (net)
                      0.145791    0.016364   31.739223 ^ _152_/CLK (sky130_fd_sc_hd__dfrtp_4)
                                 -0.250000   31.489223   clock uncertainty
                                  0.000000   31.489223   clock reconvergence pessimism
                                  0.275989   31.765211   library recovery time
                                             31.765211   data required time
---------------------------------------------------------------------------------------------
                                             31.765211   data required time
                                            -19.435684   data arrival time
---------------------------------------------------------------------------------------------
                                             12.329528   slack (MET)


Startpoint: rst_n (input port clocked by clk)
Endpoint: _155_ (recovery check against rising-edge clock clk)
Path Group: asynchronous
Path Type: max

Fanout         Cap        Slew       Delay        Time   Description
---------------------------------------------------------------------------------------------
                                  0.000000    0.000000   clock clk (rise edge)
                                  5.570000    5.570000   clock network delay (propagated)
                                 12.500000   18.070000 ^ input external delay
     2    0.011551    0.000000    0.000000   18.070000 ^ rst_n (in)
                                                         rst_n (net)
                      0.000639    0.000320   18.070318 ^ input79/A (sky130_fd_sc_hd__buf_12)
     7    0.294549    0.459627    0.248681   18.319000 ^ input79/X (sky130_fd_sc_hd__buf_12)
                                                         net79 (net)
                      0.841498    0.362055   18.681055 ^ fanout267/A (sky130_fd_sc_hd__buf_6)
    33    0.149860    0.472112    0.694346   19.375401 ^ fanout267/X (sky130_fd_sc_hd__buf_6)
                                                         net267 (net)
                      0.484259    0.060190   19.435591 ^ _155_/RESET_B (sky130_fd_sc_hd__dfrtp_4)
                                             19.435591   data arrival time

                                 25.000000   25.000000   clock clk (rise edge)
                                  4.650000   29.650000   clock source latency
     2    0.032618    0.610000    0.000000   29.650000 ^ clk (in)
                                                         clk (net)
                      0.618647    0.004324   29.654322 ^ wire3/A (sky130_fd_sc_hd__buf_4)
     3    0.036079    0.177169    0.513397   30.167721 ^ wire3/X (sky130_fd_sc_hd__buf_4)
                                                         net274 (net)
                      0.177570    0.007450   30.175169 ^ wire2/A (sky130_fd_sc_hd__buf_6)
     3    0.079273    0.256679    0.360075   30.535244 ^ wire2/X (sky130_fd_sc_hd__buf_6)
                                                         net273 (net)
                      0.259705    0.022300   30.557545 ^ wire1/A (sky130_fd_sc_hd__buf_6)
     3    0.081766    0.264549    0.398330   30.955875 ^ wire1/X (sky130_fd_sc_hd__buf_6)
                                                         net272 (net)
                      0.267818    0.023530   30.979404 ^ clkbuf_0_clk/A (sky130_fd_sc_hd__clkbuf_16)
     9    0.101201    0.179146    0.400721   31.380127 ^ clkbuf_0_clk/X (sky130_fd_sc_hd__clkbuf_16)
                                                         clknet_0_clk (net)
                      0.180071    0.010285   31.390411 ^ clkbuf_2_3__f_clk/A (sky130_fd_sc_hd__clkbuf_16)
    21    0.075270    0.142724    0.332449   31.722860 ^ clkbuf_2_3__f_clk/X (sky130_fd_sc_hd__clkbuf_16)
                                                         clknet_2_3__leaf_clk (net)
                      0.145795    0.016374   31.739235 ^ _155_/CLK (sky130_fd_sc_hd__dfrtp_4)
                                 -0.250000   31.489233   clock uncertainty
                                  0.000000   31.489233   clock reconvergence pessimism
                                  0.276009   31.765244   library recovery time
                                             31.765244   data required time
---------------------------------------------------------------------------------------------
                                             31.765244   data required time
                                            -19.435591   data arrival time
---------------------------------------------------------------------------------------------
                                             12.329653   slack (MET)


Startpoint: rst_n (input port clocked by clk)
Endpoint: _154_ (recovery check against rising-edge clock clk)
Path Group: asynchronous
Path Type: max

Fanout         Cap        Slew       Delay        Time   Description
---------------------------------------------------------------------------------------------
                                  0.000000    0.000000   clock clk (rise edge)
                                  5.570000    5.570000   clock network delay (propagated)
                                 12.500000   18.070000 ^ input external delay
     2    0.011551    0.000000    0.000000   18.070000 ^ rst_n (in)
                                                         rst_n (net)
                      0.000639    0.000320   18.070318 ^ input79/A (sky130_fd_sc_hd__buf_12)
     7    0.294549    0.459627    0.248681   18.319000 ^ input79/X (sky130_fd_sc_hd__buf_12)
                                                         net79 (net)
                      0.841498    0.362055   18.681055 ^ fanout267/A (sky130_fd_sc_hd__buf_6)
    33    0.149860    0.472112    0.694346   19.375401 ^ fanout267/X (sky130_fd_sc_hd__buf_6)
                                                         net267 (net)
                      0.484089    0.059787   19.435188 ^ _154_/RESET_B (sky130_fd_sc_hd__dfrtp_4)
                                             19.435188   data arrival time

                                 25.000000   25.000000   clock clk (rise edge)
                                  4.650000   29.650000   clock source latency
     2    0.032618    0.610000    0.000000   29.650000 ^ clk (in)
                                                         clk (net)
                      0.618647    0.004324   29.654322 ^ wire3/A (sky130_fd_sc_hd__buf_4)
     3    0.036079    0.177169    0.513397   30.167721 ^ wire3/X (sky130_fd_sc_hd__buf_4)
                                                         net274 (net)
                      0.177570    0.007450   30.175169 ^ wire2/A (sky130_fd_sc_hd__buf_6)
     3    0.079273    0.256679    0.360075   30.535244 ^ wire2/X (sky130_fd_sc_hd__buf_6)
                                                         net273 (net)
                      0.259705    0.022300   30.557545 ^ wire1/A (sky130_fd_sc_hd__buf_6)
     3    0.081766    0.264549    0.398330   30.955875 ^ wire1/X (sky130_fd_sc_hd__buf_6)
                                                         net272 (net)
                      0.267818    0.023530   30.979404 ^ clkbuf_0_clk/A (sky130_fd_sc_hd__clkbuf_16)
     9    0.101201    0.179146    0.400721   31.380127 ^ clkbuf_0_clk/X (sky130_fd_sc_hd__clkbuf_16)
                                                         clknet_0_clk (net)
                      0.180071    0.010285   31.390411 ^ clkbuf_2_3__f_clk/A (sky130_fd_sc_hd__clkbuf_16)
    21    0.075270    0.142724    0.332449   31.722860 ^ clkbuf_2_3__f_clk/X (sky130_fd_sc_hd__clkbuf_16)
                                                         clknet_2_3__leaf_clk (net)
                      0.145765    0.016293   31.739153 ^ _154_/CLK (sky130_fd_sc_hd__dfrtp_4)
                                 -0.250000   31.489151   clock uncertainty
                                  0.000000   31.489151   clock reconvergence pessimism
                                  0.276077   31.765230   library recovery time
                                             31.765230   data required time
---------------------------------------------------------------------------------------------
                                             31.765230   data required time
                                            -19.435188   data arrival time
---------------------------------------------------------------------------------------------
                                             12.330041   slack (MET)


Startpoint: rst_n (input port clocked by clk)
Endpoint: _153_ (recovery check against rising-edge clock clk)
Path Group: asynchronous
Path Type: max

Fanout         Cap        Slew       Delay        Time   Description
---------------------------------------------------------------------------------------------
                                  0.000000    0.000000   clock clk (rise edge)
                                  5.570000    5.570000   clock network delay (propagated)
                                 12.500000   18.070000 ^ input external delay
     2    0.011551    0.000000    0.000000   18.070000 ^ rst_n (in)
                                                         rst_n (net)
                      0.000639    0.000320   18.070318 ^ input79/A (sky130_fd_sc_hd__buf_12)
     7    0.294549    0.459627    0.248681   18.319000 ^ input79/X (sky130_fd_sc_hd__buf_12)
                                                         net79 (net)
                      0.841498    0.362055   18.681055 ^ fanout267/A (sky130_fd_sc_hd__buf_6)
    33    0.149860    0.472112    0.694346   19.375401 ^ fanout267/X (sky130_fd_sc_hd__buf_6)
                                                         net267 (net)
                      0.483758    0.058991   19.434393 ^ _153_/RESET_B (sky130_fd_sc_hd__dfrtp_4)
                                             19.434393   data arrival time

                                 25.000000   25.000000   clock clk (rise edge)
                                  4.650000   29.650000   clock source latency
     2    0.032618    0.610000    0.000000   29.650000 ^ clk (in)
                                                         clk (net)
                      0.618647    0.004324   29.654322 ^ wire3/A (sky130_fd_sc_hd__buf_4)
     3    0.036079    0.177169    0.513397   30.167721 ^ wire3/X (sky130_fd_sc_hd__buf_4)
                                                         net274 (net)
                      0.177570    0.007450   30.175169 ^ wire2/A (sky130_fd_sc_hd__buf_6)
     3    0.079273    0.256679    0.360075   30.535244 ^ wire2/X (sky130_fd_sc_hd__buf_6)
                                                         net273 (net)
                      0.259705    0.022300   30.557545 ^ wire1/A (sky130_fd_sc_hd__buf_6)
     3    0.081766    0.264549    0.398330   30.955875 ^ wire1/X (sky130_fd_sc_hd__buf_6)
                                                         net272 (net)
                      0.267818    0.023530   30.979404 ^ clkbuf_0_clk/A (sky130_fd_sc_hd__clkbuf_16)
     9    0.101201    0.179146    0.400721   31.380127 ^ clkbuf_0_clk/X (sky130_fd_sc_hd__clkbuf_16)
                                                         clknet_0_clk (net)
                      0.180071    0.010285   31.390411 ^ clkbuf_2_3__f_clk/A (sky130_fd_sc_hd__clkbuf_16)
    21    0.075270    0.142724    0.332449   31.722860 ^ clkbuf_2_3__f_clk/X (sky130_fd_sc_hd__clkbuf_16)
                                                         clknet_2_3__leaf_clk (net)
                      0.145653    0.015977   31.738836 ^ _153_/CLK (sky130_fd_sc_hd__dfrtp_4)
                                 -0.250000   31.488836   clock uncertainty
                                  0.000000   31.488836   clock reconvergence pessimism
                                  0.276193   31.765028   library recovery time
                                             31.765028   data required time
---------------------------------------------------------------------------------------------
                                             31.765028   data required time
                                            -19.434393   data arrival time
---------------------------------------------------------------------------------------------
                                             12.330635   slack (MET)


Startpoint: rst_n (input port clocked by clk)
Endpoint: _158_ (recovery check against rising-edge clock clk)
Path Group: asynchronous
Path Type: max

Fanout         Cap        Slew       Delay        Time   Description
---------------------------------------------------------------------------------------------
                                  0.000000    0.000000   clock clk (rise edge)
                                  5.570000    5.570000   clock network delay (propagated)
                                 12.500000   18.070000 ^ input external delay
     2    0.011551    0.000000    0.000000   18.070000 ^ rst_n (in)
                                                         rst_n (net)
                      0.000639    0.000320   18.070318 ^ input79/A (sky130_fd_sc_hd__buf_12)
     7    0.294549    0.459627    0.248681   18.319000 ^ input79/X (sky130_fd_sc_hd__buf_12)
                                                         net79 (net)
                      0.841498    0.362055   18.681055 ^ fanout267/A (sky130_fd_sc_hd__buf_6)
    33    0.149860    0.472112    0.694346   19.375401 ^ fanout267/X (sky130_fd_sc_hd__buf_6)
                                                         net267 (net)
                      0.482469    0.055783   19.431185 ^ _158_/RESET_B (sky130_fd_sc_hd__dfrtp_4)
                                             19.431185   data arrival time

                                 25.000000   25.000000   clock clk (rise edge)
                                  4.650000   29.650000   clock source latency
     2    0.032618    0.610000    0.000000   29.650000 ^ clk (in)
                                                         clk (net)
                      0.618647    0.004324   29.654322 ^ wire3/A (sky130_fd_sc_hd__buf_4)
     3    0.036079    0.177169    0.513397   30.167721 ^ wire3/X (sky130_fd_sc_hd__buf_4)
                                                         net274 (net)
                      0.177570    0.007450   30.175169 ^ wire2/A (sky130_fd_sc_hd__buf_6)
     3    0.079273    0.256679    0.360075   30.535244 ^ wire2/X (sky130_fd_sc_hd__buf_6)
                                                         net273 (net)
                      0.259705    0.022300   30.557545 ^ wire1/A (sky130_fd_sc_hd__buf_6)
     3    0.081766    0.264549    0.398330   30.955875 ^ wire1/X (sky130_fd_sc_hd__buf_6)
                                                         net272 (net)
                      0.267818    0.023530   30.979404 ^ clkbuf_0_clk/A (sky130_fd_sc_hd__clkbuf_16)
     9    0.101201    0.179146    0.400721   31.380127 ^ clkbuf_0_clk/X (sky130_fd_sc_hd__clkbuf_16)
                                                         clknet_0_clk (net)
                      0.180071    0.010285   31.390411 ^ clkbuf_2_3__f_clk/A (sky130_fd_sc_hd__clkbuf_16)
    21    0.075270    0.142724    0.332449   31.722860 ^ clkbuf_2_3__f_clk/X (sky130_fd_sc_hd__clkbuf_16)
                                                         clknet_2_3__leaf_clk (net)
                      0.145274    0.014875   31.737736 ^ _158_/CLK (sky130_fd_sc_hd__dfrtp_4)
                                 -0.250000   31.487734   clock uncertainty
                                  0.000000   31.487734   clock reconvergence pessimism
                                  0.276663   31.764399   library recovery time
                                             31.764399   data required time
---------------------------------------------------------------------------------------------
                                             31.764399   data required time
                                            -19.431185   data arrival time
---------------------------------------------------------------------------------------------
                                             12.333214   slack (MET)


Startpoint: rst_n (input port clocked by clk)
Endpoint: _156_ (recovery check against rising-edge clock clk)
Path Group: asynchronous
Path Type: max

Fanout         Cap        Slew       Delay        Time   Description
---------------------------------------------------------------------------------------------
                                  0.000000    0.000000   clock clk (rise edge)
                                  5.570000    5.570000   clock network delay (propagated)
                                 12.500000   18.070000 ^ input external delay
     2    0.011551    0.000000    0.000000   18.070000 ^ rst_n (in)
                                                         rst_n (net)
                      0.000639    0.000320   18.070318 ^ input79/A (sky130_fd_sc_hd__buf_12)
     7    0.294549    0.459627    0.248681   18.319000 ^ input79/X (sky130_fd_sc_hd__buf_12)
                                                         net79 (net)
                      0.841498    0.362055   18.681055 ^ fanout267/A (sky130_fd_sc_hd__buf_6)
    33    0.149860    0.472112    0.694346   19.375401 ^ fanout267/X (sky130_fd_sc_hd__buf_6)
                                                         net267 (net)
                      0.481895    0.054296   19.429697 ^ _156_/RESET_B (sky130_fd_sc_hd__dfrtp_4)
                                             19.429697   data arrival time

                                 25.000000   25.000000   clock clk (rise edge)
                                  4.650000   29.650000   clock source latency
     2    0.032618    0.610000    0.000000   29.650000 ^ clk (in)
                                                         clk (net)
                      0.618647    0.004324   29.654322 ^ wire3/A (sky130_fd_sc_hd__buf_4)
     3    0.036079    0.177169    0.513397   30.167721 ^ wire3/X (sky130_fd_sc_hd__buf_4)
                                                         net274 (net)
                      0.177570    0.007450   30.175169 ^ wire2/A (sky130_fd_sc_hd__buf_6)
     3    0.079273    0.256679    0.360075   30.535244 ^ wire2/X (sky130_fd_sc_hd__buf_6)
                                                         net273 (net)
                      0.259705    0.022300   30.557545 ^ wire1/A (sky130_fd_sc_hd__buf_6)
     3    0.081766    0.264549    0.398330   30.955875 ^ wire1/X (sky130_fd_sc_hd__buf_6)
                                                         net272 (net)
                      0.267818    0.023530   30.979404 ^ clkbuf_0_clk/A (sky130_fd_sc_hd__clkbuf_16)
     9    0.101201    0.179146    0.400721   31.380127 ^ clkbuf_0_clk/X (sky130_fd_sc_hd__clkbuf_16)
                                                         clknet_0_clk (net)
                      0.180071    0.010285   31.390411 ^ clkbuf_2_3__f_clk/A (sky130_fd_sc_hd__clkbuf_16)
    21    0.075270    0.142724    0.332449   31.722860 ^ clkbuf_2_3__f_clk/X (sky130_fd_sc_hd__clkbuf_16)
                                                         clknet_2_3__leaf_clk (net)
                      0.145167    0.014552   31.737411 ^ _156_/CLK (sky130_fd_sc_hd__dfrtp_4)
                                 -0.250000   31.487411   clock uncertainty
                                  0.000000   31.487411   clock reconvergence pessimism
                                  0.276893   31.764305   library recovery time
                                             31.764305   data required time
---------------------------------------------------------------------------------------------
                                             31.764305   data required time
                                            -19.429697   data arrival time
---------------------------------------------------------------------------------------------
                                             12.334608   slack (MET)


Startpoint: rst_n (input port clocked by clk)
Endpoint: _151_ (recovery check against rising-edge clock clk)
Path Group: asynchronous
Path Type: max

Fanout         Cap        Slew       Delay        Time   Description
---------------------------------------------------------------------------------------------
                                  0.000000    0.000000   clock clk (rise edge)
                                  5.570000    5.570000   clock network delay (propagated)
                                 12.500000   18.070000 ^ input external delay
     2    0.011551    0.000000    0.000000   18.070000 ^ rst_n (in)
                                                         rst_n (net)
                      0.000639    0.000320   18.070318 ^ input79/A (sky130_fd_sc_hd__buf_12)
     7    0.294549    0.459627    0.248681   18.319000 ^ input79/X (sky130_fd_sc_hd__buf_12)
                                                         net79 (net)
                      0.841498    0.362055   18.681055 ^ fanout267/A (sky130_fd_sc_hd__buf_6)
    33    0.149860    0.472112    0.694346   19.375401 ^ fanout267/X (sky130_fd_sc_hd__buf_6)
                                                         net267 (net)
                      0.482448    0.055731   19.431133 ^ _151_/RESET_B (sky130_fd_sc_hd__dfrtp_4)
                                             19.431133   data arrival time

                                 25.000000   25.000000   clock clk (rise edge)
                                  4.650000   29.650000   clock source latency
     2    0.032618    0.610000    0.000000   29.650000 ^ clk (in)
                                                         clk (net)
                      0.618647    0.004324   29.654322 ^ wire3/A (sky130_fd_sc_hd__buf_4)
     3    0.036079    0.177169    0.513397   30.167721 ^ wire3/X (sky130_fd_sc_hd__buf_4)
                                                         net274 (net)
                      0.177570    0.007450   30.175169 ^ wire2/A (sky130_fd_sc_hd__buf_6)
     3    0.079273    0.256679    0.360075   30.535244 ^ wire2/X (sky130_fd_sc_hd__buf_6)
                                                         net273 (net)
                      0.259705    0.022300   30.557545 ^ wire1/A (sky130_fd_sc_hd__buf_6)
     3    0.081766    0.264549    0.398330   30.955875 ^ wire1/X (sky130_fd_sc_hd__buf_6)
                                                         net272 (net)
                      0.267818    0.023530   30.979404 ^ clkbuf_0_clk/A (sky130_fd_sc_hd__clkbuf_16)
     9    0.101201    0.179146    0.400721   31.380127 ^ clkbuf_0_clk/X (sky130_fd_sc_hd__clkbuf_16)
                                                         clknet_0_clk (net)
                      0.180071    0.010285   31.390411 ^ clkbuf_2_3__f_clk/A (sky130_fd_sc_hd__clkbuf_16)
    21    0.075270    0.142724    0.332449   31.722860 ^ clkbuf_2_3__f_clk/X (sky130_fd_sc_hd__clkbuf_16)
                                                         clknet_2_3__leaf_clk (net)
                      0.145811    0.016417   31.739277 ^ _151_/CLK (sky130_fd_sc_hd__dfrtp_4)
                                 -0.250000   31.489277   clock uncertainty
                                  0.000000   31.489277   clock reconvergence pessimism
                                  0.276859   31.766136   library recovery time
                                             31.766136   data required time
---------------------------------------------------------------------------------------------
                                             31.766136   data required time
                                            -19.431133   data arrival time
---------------------------------------------------------------------------------------------
                                             12.335003   slack (MET)


Startpoint: rst_n (input port clocked by clk)
Endpoint: _157_ (recovery check against rising-edge clock clk)
Path Group: asynchronous
Path Type: max

Fanout         Cap        Slew       Delay        Time   Description
---------------------------------------------------------------------------------------------
                                  0.000000    0.000000   clock clk (rise edge)
                                  5.570000    5.570000   clock network delay (propagated)
                                 12.500000   18.070000 ^ input external delay
     2    0.011551    0.000000    0.000000   18.070000 ^ rst_n (in)
                                                         rst_n (net)
                      0.000639    0.000320   18.070318 ^ input79/A (sky130_fd_sc_hd__buf_12)
     7    0.294549    0.459627    0.248681   18.319000 ^ input79/X (sky130_fd_sc_hd__buf_12)
                                                         net79 (net)
                      0.841498    0.362055   18.681055 ^ fanout267/A (sky130_fd_sc_hd__buf_6)
    33    0.149860    0.472112    0.694346   19.375401 ^ fanout267/X (sky130_fd_sc_hd__buf_6)
                                                         net267 (net)
                      0.480971    0.051806   19.427208 ^ _157_/RESET_B (sky130_fd_sc_hd__dfrtp_4)
                                             19.427208   data arrival time

                                 25.000000   25.000000   clock clk (rise edge)
                                  4.650000   29.650000   clock source latency
     2    0.032618    0.610000    0.000000   29.650000 ^ clk (in)
                                                         clk (net)
                      0.618647    0.004324   29.654322 ^ wire3/A (sky130_fd_sc_hd__buf_4)
     3    0.036079    0.177169    0.513397   30.167721 ^ wire3/X (sky130_fd_sc_hd__buf_4)
                                                         net274 (net)
                      0.177570    0.007450   30.175169 ^ wire2/A (sky130_fd_sc_hd__buf_6)
     3    0.079273    0.256679    0.360075   30.535244 ^ wire2/X (sky130_fd_sc_hd__buf_6)
                                                         net273 (net)
                      0.259705    0.022300   30.557545 ^ wire1/A (sky130_fd_sc_hd__buf_6)
     3    0.081766    0.264549    0.398330   30.955875 ^ wire1/X (sky130_fd_sc_hd__buf_6)
                                                         net272 (net)
                      0.267818    0.023530   30.979404 ^ clkbuf_0_clk/A (sky130_fd_sc_hd__clkbuf_16)
     9    0.101201    0.179146    0.400721   31.380127 ^ clkbuf_0_clk/X (sky130_fd_sc_hd__clkbuf_16)
                                                         clknet_0_clk (net)
                      0.180071    0.010285   31.390411 ^ clkbuf_2_3__f_clk/A (sky130_fd_sc_hd__clkbuf_16)
    21    0.075270    0.142724    0.332449   31.722860 ^ clkbuf_2_3__f_clk/X (sky130_fd_sc_hd__clkbuf_16)
                                                         clknet_2_3__leaf_clk (net)
                      0.144994    0.014015   31.736876 ^ _157_/CLK (sky130_fd_sc_hd__dfrtp_4)
                                 -0.250000   31.486874   clock uncertainty
                                  0.000000   31.486874   clock reconvergence pessimism
                                  0.277264   31.764139   library recovery time
                                             31.764139   data required time
---------------------------------------------------------------------------------------------
                                             31.764139   data required time
                                            -19.427208   data arrival time
---------------------------------------------------------------------------------------------
                                             12.336932   slack (MET)


Startpoint: rst_n (input port clocked by clk)
Endpoint: _159_ (recovery check against rising-edge clock clk)
Path Group: asynchronous
Path Type: max

Fanout         Cap        Slew       Delay        Time   Description
---------------------------------------------------------------------------------------------
                                  0.000000    0.000000   clock clk (rise edge)
                                  5.570000    5.570000   clock network delay (propagated)
                                 12.500000   18.070000 ^ input external delay
     2    0.011551    0.000000    0.000000   18.070000 ^ rst_n (in)
                                                         rst_n (net)
                      0.000639    0.000320   18.070318 ^ input79/A (sky130_fd_sc_hd__buf_12)
     7    0.294549    0.459627    0.248681   18.319000 ^ input79/X (sky130_fd_sc_hd__buf_12)
                                                         net79 (net)
                      0.841498    0.362055   18.681055 ^ fanout267/A (sky130_fd_sc_hd__buf_6)
    33    0.149860    0.472112    0.694346   19.375401 ^ fanout267/X (sky130_fd_sc_hd__buf_6)
                                                         net267 (net)
                      0.484259    0.060190   19.435591 ^ _159_/RESET_B (sky130_fd_sc_hd__dfrtp_4)
                                             19.435591   data arrival time

                                 25.000000   25.000000   clock clk (rise edge)
                                  4.650000   29.650000   clock source latency
     2    0.032618    0.610000    0.000000   29.650000 ^ clk (in)
                                                         clk (net)
                      0.618647    0.004324   29.654322 ^ wire3/A (sky130_fd_sc_hd__buf_4)
     3    0.036079    0.177169    0.513397   30.167721 ^ wire3/X (sky130_fd_sc_hd__buf_4)
                                                         net274 (net)
                      0.177570    0.007450   30.175169 ^ wire2/A (sky130_fd_sc_hd__buf_6)
     3    0.079273    0.256679    0.360075   30.535244 ^ wire2/X (sky130_fd_sc_hd__buf_6)
                                                         net273 (net)
                      0.259705    0.022300   30.557545 ^ wire1/A (sky130_fd_sc_hd__buf_6)
     3    0.081766    0.264549    0.398330   30.955875 ^ wire1/X (sky130_fd_sc_hd__buf_6)
                                                         net272 (net)
                      0.267818    0.023530   30.979404 ^ clkbuf_0_clk/A (sky130_fd_sc_hd__clkbuf_16)
     9    0.101201    0.179146    0.400721   31.380127 ^ clkbuf_0_clk/X (sky130_fd_sc_hd__clkbuf_16)
                                                         clknet_0_clk (net)
                      0.180074    0.010303   31.390429 ^ clkbuf_2_2__f_clk/A (sky130_fd_sc_hd__clkbuf_16)
    17    0.094181    0.168784    0.354227   31.744656 ^ clkbuf_2_2__f_clk/X (sky130_fd_sc_hd__clkbuf_16)
                                                         clknet_2_2__leaf_clk (net)
                      0.170743    0.014424   31.759079 ^ _159_/CLK (sky130_fd_sc_hd__dfrtp_4)
                                 -0.250000   31.509079   clock uncertainty
                                  0.000000   31.509079   clock reconvergence pessimism
                                  0.284649   31.793730   library recovery time
                                             31.793730   data required time
---------------------------------------------------------------------------------------------
                                             31.793730   data required time
                                            -19.435591   data arrival time
---------------------------------------------------------------------------------------------
                                             12.358138   slack (MET)


Startpoint: rst_n (input port clocked by clk)
Endpoint: _146_ (recovery check against rising-edge clock clk)
Path Group: asynchronous
Path Type: max

Fanout         Cap        Slew       Delay        Time   Description
---------------------------------------------------------------------------------------------
                                  0.000000    0.000000   clock clk (rise edge)
                                  5.570000    5.570000   clock network delay (propagated)
                                 12.500000   18.070000 ^ input external delay
     2    0.011551    0.000000    0.000000   18.070000 ^ rst_n (in)
                                                         rst_n (net)
                      0.000639    0.000320   18.070318 ^ input79/A (sky130_fd_sc_hd__buf_12)
     7    0.294549    0.459627    0.248681   18.319000 ^ input79/X (sky130_fd_sc_hd__buf_12)
                                                         net79 (net)
                      0.841498    0.362055   18.681055 ^ fanout267/A (sky130_fd_sc_hd__buf_6)
    33    0.149860    0.472112    0.694346   19.375401 ^ fanout267/X (sky130_fd_sc_hd__buf_6)
                                                         net267 (net)
                      0.476413    0.036923   19.412325 ^ _146_/RESET_B (sky130_fd_sc_hd__dfrtp_2)
                                             19.412325   data arrival time

                                 25.000000   25.000000   clock clk (rise edge)
                                  4.650000   29.650000   clock source latency
     2    0.032618    0.610000    0.000000   29.650000 ^ clk (in)
                                                         clk (net)
                      0.618647    0.004324   29.654322 ^ wire3/A (sky130_fd_sc_hd__buf_4)
     3    0.036079    0.177169    0.513397   30.167721 ^ wire3/X (sky130_fd_sc_hd__buf_4)
                                                         net274 (net)
                      0.177570    0.007450   30.175169 ^ wire2/A (sky130_fd_sc_hd__buf_6)
     3    0.079273    0.256679    0.360075   30.535244 ^ wire2/X (sky130_fd_sc_hd__buf_6)
                                                         net273 (net)
                      0.259705    0.022300   30.557545 ^ wire1/A (sky130_fd_sc_hd__buf_6)
     3    0.081766    0.264549    0.398330   30.955875 ^ wire1/X (sky130_fd_sc_hd__buf_6)
                                                         net272 (net)
                      0.267818    0.023530   30.979404 ^ clkbuf_0_clk/A (sky130_fd_sc_hd__clkbuf_16)
     9    0.101201    0.179146    0.400721   31.380127 ^ clkbuf_0_clk/X (sky130_fd_sc_hd__clkbuf_16)
                                                         clknet_0_clk (net)
                      0.180071    0.010285   31.390411 ^ clkbuf_2_3__f_clk/A (sky130_fd_sc_hd__clkbuf_16)
    21    0.075270    0.142724    0.332449   31.722860 ^ clkbuf_2_3__f_clk/X (sky130_fd_sc_hd__clkbuf_16)
                                                         clknet_2_3__leaf_clk (net)
                      0.143129    0.006079   31.728939 ^ _146_/CLK (sky130_fd_sc_hd__dfrtp_2)
                                 -0.250000   31.478937   clock uncertainty
                                  0.000000   31.478937   clock reconvergence pessimism
                                  0.296181   31.775120   library recovery time
                                             31.775120   data required time
---------------------------------------------------------------------------------------------
                                             31.775120   data required time
                                            -19.412325   data arrival time
---------------------------------------------------------------------------------------------
                                             12.362796   slack (MET)


Startpoint: rst_n (input port clocked by clk)
Endpoint: _150_ (recovery check against rising-edge clock clk)
Path Group: asynchronous
Path Type: max

Fanout         Cap        Slew       Delay        Time   Description
---------------------------------------------------------------------------------------------
                                  0.000000    0.000000   clock clk (rise edge)
                                  5.570000    5.570000   clock network delay (propagated)
                                 12.500000   18.070000 ^ input external delay
     2    0.011551    0.000000    0.000000   18.070000 ^ rst_n (in)
                                                         rst_n (net)
                      0.000639    0.000320   18.070318 ^ input79/A (sky130_fd_sc_hd__buf_12)
     7    0.294549    0.459627    0.248681   18.319000 ^ input79/X (sky130_fd_sc_hd__buf_12)
                                                         net79 (net)
                      0.841498    0.362055   18.681055 ^ fanout267/A (sky130_fd_sc_hd__buf_6)
    33    0.149860    0.472112    0.694346   19.375401 ^ fanout267/X (sky130_fd_sc_hd__buf_6)
                                                         net267 (net)
                      0.482146    0.054950   19.430351 ^ _150_/RESET_B (sky130_fd_sc_hd__dfrtp_4)
                                             19.430351   data arrival time

                                 25.000000   25.000000   clock clk (rise edge)
                                  4.650000   29.650000   clock source latency
     2    0.032618    0.610000    0.000000   29.650000 ^ clk (in)
                                                         clk (net)
                      0.618647    0.004324   29.654322 ^ wire3/A (sky130_fd_sc_hd__buf_4)
     3    0.036079    0.177169    0.513397   30.167721 ^ wire3/X (sky130_fd_sc_hd__buf_4)
                                                         net274 (net)
                      0.177570    0.007450   30.175169 ^ wire2/A (sky130_fd_sc_hd__buf_6)
     3    0.079273    0.256679    0.360075   30.535244 ^ wire2/X (sky130_fd_sc_hd__buf_6)
                                                         net273 (net)
                      0.259705    0.022300   30.557545 ^ wire1/A (sky130_fd_sc_hd__buf_6)
     3    0.081766    0.264549    0.398330   30.955875 ^ wire1/X (sky130_fd_sc_hd__buf_6)
                                                         net272 (net)
                      0.267818    0.023530   30.979404 ^ clkbuf_0_clk/A (sky130_fd_sc_hd__clkbuf_16)
     9    0.101201    0.179146    0.400721   31.380127 ^ clkbuf_0_clk/X (sky130_fd_sc_hd__clkbuf_16)
                                                         clknet_0_clk (net)
                      0.180074    0.010303   31.390429 ^ clkbuf_2_2__f_clk/A (sky130_fd_sc_hd__clkbuf_16)
    17    0.094181    0.168784    0.354227   31.744656 ^ clkbuf_2_2__f_clk/X (sky130_fd_sc_hd__clkbuf_16)
                                                         clknet_2_2__leaf_clk (net)
                      0.170653    0.014094   31.758749 ^ _150_/CLK (sky130_fd_sc_hd__dfrtp_4)
                                 -0.250000   31.508749   clock uncertainty
                                  0.000000   31.508749   clock reconvergence pessimism
                                  0.285601   31.794352   library recovery time
                                             31.794352   data required time
---------------------------------------------------------------------------------------------
                                             31.794352   data required time
                                            -19.430351   data arrival time
---------------------------------------------------------------------------------------------
                                             12.364000   slack (MET)


Startpoint: rst_n (input port clocked by clk)
Endpoint: _149_ (recovery check against rising-edge clock clk)
Path Group: asynchronous
Path Type: max

Fanout         Cap        Slew       Delay        Time   Description
---------------------------------------------------------------------------------------------
                                  0.000000    0.000000   clock clk (rise edge)
                                  5.570000    5.570000   clock network delay (propagated)
                                 12.500000   18.070000 ^ input external delay
     2    0.011551    0.000000    0.000000   18.070000 ^ rst_n (in)
                                                         rst_n (net)
                      0.000639    0.000320   18.070318 ^ input79/A (sky130_fd_sc_hd__buf_12)
     7    0.294549    0.459627    0.248681   18.319000 ^ input79/X (sky130_fd_sc_hd__buf_12)
                                                         net79 (net)
                      0.841498    0.362055   18.681055 ^ fanout267/A (sky130_fd_sc_hd__buf_6)
    33    0.149860    0.472112    0.694346   19.375401 ^ fanout267/X (sky130_fd_sc_hd__buf_6)
                                                         net267 (net)
                      0.481570    0.053433   19.428835 ^ _149_/RESET_B (sky130_fd_sc_hd__dfrtp_4)
                                             19.428835   data arrival time

                                 25.000000   25.000000   clock clk (rise edge)
                                  4.650000   29.650000   clock source latency
     2    0.032618    0.610000    0.000000   29.650000 ^ clk (in)
                                                         clk (net)
                      0.618647    0.004324   29.654322 ^ wire3/A (sky130_fd_sc_hd__buf_4)
     3    0.036079    0.177169    0.513397   30.167721 ^ wire3/X (sky130_fd_sc_hd__buf_4)
                                                         net274 (net)
                      0.177570    0.007450   30.175169 ^ wire2/A (sky130_fd_sc_hd__buf_6)
     3    0.079273    0.256679    0.360075   30.535244 ^ wire2/X (sky130_fd_sc_hd__buf_6)
                                                         net273 (net)
                      0.259705    0.022300   30.557545 ^ wire1/A (sky130_fd_sc_hd__buf_6)
     3    0.081766    0.264549    0.398330   30.955875 ^ wire1/X (sky130_fd_sc_hd__buf_6)
                                                         net272 (net)
                      0.267818    0.023530   30.979404 ^ clkbuf_0_clk/A (sky130_fd_sc_hd__clkbuf_16)
     9    0.101201    0.179146    0.400721   31.380127 ^ clkbuf_0_clk/X (sky130_fd_sc_hd__clkbuf_16)
                                                         clknet_0_clk (net)
                      0.180074    0.010303   31.390429 ^ clkbuf_2_2__f_clk/A (sky130_fd_sc_hd__clkbuf_16)
    17    0.094181    0.168784    0.354227   31.744656 ^ clkbuf_2_2__f_clk/X (sky130_fd_sc_hd__clkbuf_16)
                                                         clknet_2_2__leaf_clk (net)
                      0.170489    0.013461   31.758118 ^ _149_/CLK (sky130_fd_sc_hd__dfrtp_4)
                                 -0.250000   31.508116   clock uncertainty
                                  0.000000   31.508116   clock reconvergence pessimism
                                  0.285813   31.793928   library recovery time
                                             31.793928   data required time
---------------------------------------------------------------------------------------------
                                             31.793928   data required time
                                            -19.428835   data arrival time
---------------------------------------------------------------------------------------------
                                             12.365094   slack (MET)


Startpoint: rst_n (input port clocked by clk)
Endpoint: _148_ (recovery check against rising-edge clock clk)
Path Group: asynchronous
Path Type: max

Fanout         Cap        Slew       Delay        Time   Description
---------------------------------------------------------------------------------------------
                                  0.000000    0.000000   clock clk (rise edge)
                                  5.570000    5.570000   clock network delay (propagated)
                                 12.500000   18.070000 ^ input external delay
     2    0.011551    0.000000    0.000000   18.070000 ^ rst_n (in)
                                                         rst_n (net)
                      0.000639    0.000320   18.070318 ^ input79/A (sky130_fd_sc_hd__buf_12)
     7    0.294549    0.459627    0.248681   18.319000 ^ input79/X (sky130_fd_sc_hd__buf_12)
                                                         net79 (net)
                      0.841498    0.362055   18.681055 ^ fanout267/A (sky130_fd_sc_hd__buf_6)
    33    0.149860    0.472112    0.694346   19.375401 ^ fanout267/X (sky130_fd_sc_hd__buf_6)
                                                         net267 (net)
                      0.480921    0.051665   19.427067 ^ _148_/RESET_B (sky130_fd_sc_hd__dfrtp_4)
                                             19.427067   data arrival time

                                 25.000000   25.000000   clock clk (rise edge)
                                  4.650000   29.650000   clock source latency
     2    0.032618    0.610000    0.000000   29.650000 ^ clk (in)
                                                         clk (net)
                      0.618647    0.004324   29.654322 ^ wire3/A (sky130_fd_sc_hd__buf_4)
     3    0.036079    0.177169    0.513397   30.167721 ^ wire3/X (sky130_fd_sc_hd__buf_4)
                                                         net274 (net)
                      0.177570    0.007450   30.175169 ^ wire2/A (sky130_fd_sc_hd__buf_6)
     3    0.079273    0.256679    0.360075   30.535244 ^ wire2/X (sky130_fd_sc_hd__buf_6)
                                                         net273 (net)
                      0.259705    0.022300   30.557545 ^ wire1/A (sky130_fd_sc_hd__buf_6)
     3    0.081766    0.264549    0.398330   30.955875 ^ wire1/X (sky130_fd_sc_hd__buf_6)
                                                         net272 (net)
                      0.267818    0.023530   30.979404 ^ clkbuf_0_clk/A (sky130_fd_sc_hd__clkbuf_16)
     9    0.101201    0.179146    0.400721   31.380127 ^ clkbuf_0_clk/X (sky130_fd_sc_hd__clkbuf_16)
                                                         clknet_0_clk (net)
                      0.180074    0.010303   31.390429 ^ clkbuf_2_2__f_clk/A (sky130_fd_sc_hd__clkbuf_16)
    17    0.094181    0.168784    0.354227   31.744656 ^ clkbuf_2_2__f_clk/X (sky130_fd_sc_hd__clkbuf_16)
                                                         clknet_2_2__leaf_clk (net)
                      0.170310    0.012740   31.757397 ^ _148_/CLK (sky130_fd_sc_hd__dfrtp_4)
                                 -0.250000   31.507395   clock uncertainty
                                  0.000000   31.507395   clock reconvergence pessimism
                                  0.286052   31.793449   library recovery time
                                             31.793449   data required time
---------------------------------------------------------------------------------------------
                                             31.793449   data required time
                                            -19.427067   data arrival time
---------------------------------------------------------------------------------------------
                                             12.366382   slack (MET)


Startpoint: rst_n (input port clocked by clk)
Endpoint: _147_ (recovery check against rising-edge clock clk)
Path Group: asynchronous
Path Type: max

Fanout         Cap        Slew       Delay        Time   Description
---------------------------------------------------------------------------------------------
                                  0.000000    0.000000   clock clk (rise edge)
                                  5.570000    5.570000   clock network delay (propagated)
                                 12.500000   18.070000 ^ input external delay
     2    0.011551    0.000000    0.000000   18.070000 ^ rst_n (in)
                                                         rst_n (net)
                      0.000639    0.000320   18.070318 ^ input79/A (sky130_fd_sc_hd__buf_12)
     7    0.294549    0.459627    0.248681   18.319000 ^ input79/X (sky130_fd_sc_hd__buf_12)
                                                         net79 (net)
                      0.841498    0.362055   18.681055 ^ fanout267/A (sky130_fd_sc_hd__buf_6)
    33    0.149860    0.472112    0.694346   19.375401 ^ fanout267/X (sky130_fd_sc_hd__buf_6)
                                                         net267 (net)
                      0.479032    0.046128   19.421530 ^ _147_/RESET_B (sky130_fd_sc_hd__dfrtp_2)
                                             19.421530   data arrival time

                                 25.000000   25.000000   clock clk (rise edge)
                                  4.650000   29.650000   clock source latency
     2    0.032618    0.610000    0.000000   29.650000 ^ clk (in)
                                                         clk (net)
                      0.618647    0.004324   29.654322 ^ wire3/A (sky130_fd_sc_hd__buf_4)
     3    0.036079    0.177169    0.513397   30.167721 ^ wire3/X (sky130_fd_sc_hd__buf_4)
                                                         net274 (net)
                      0.177570    0.007450   30.175169 ^ wire2/A (sky130_fd_sc_hd__buf_6)
     3    0.079273    0.256679    0.360075   30.535244 ^ wire2/X (sky130_fd_sc_hd__buf_6)
                                                         net273 (net)
                      0.259705    0.022300   30.557545 ^ wire1/A (sky130_fd_sc_hd__buf_6)
     3    0.081766    0.264549    0.398330   30.955875 ^ wire1/X (sky130_fd_sc_hd__buf_6)
                                                         net272 (net)
                      0.267818    0.023530   30.979404 ^ clkbuf_0_clk/A (sky130_fd_sc_hd__clkbuf_16)
     9    0.101201    0.179146    0.400721   31.380127 ^ clkbuf_0_clk/X (sky130_fd_sc_hd__clkbuf_16)
                                                         clknet_0_clk (net)
                      0.180074    0.010303   31.390429 ^ clkbuf_2_2__f_clk/A (sky130_fd_sc_hd__clkbuf_16)
    17    0.094181    0.168784    0.354227   31.744656 ^ clkbuf_2_2__f_clk/X (sky130_fd_sc_hd__clkbuf_16)
                                                         clknet_2_2__leaf_clk (net)
                      0.170031    0.011536   31.756191 ^ _147_/CLK (sky130_fd_sc_hd__dfrtp_2)
                                 -0.250000   31.506191   clock uncertainty
                                  0.000000   31.506191   clock reconvergence pessimism
                                  0.304392   31.810583   library recovery time
                                             31.810583   data required time
---------------------------------------------------------------------------------------------
                                             31.810583   data required time
                                            -19.421530   data arrival time
---------------------------------------------------------------------------------------------
                                             12.389053   slack (MET)


Startpoint: rst_n (input port clocked by clk)
Endpoint: _145_ (recovery check against rising-edge clock clk)
Path Group: asynchronous
Path Type: max

Fanout         Cap        Slew       Delay        Time   Description
---------------------------------------------------------------------------------------------
                                  0.000000    0.000000   clock clk (rise edge)
                                  5.570000    5.570000   clock network delay (propagated)
                                 12.500000   18.070000 ^ input external delay
     2    0.011551    0.000000    0.000000   18.070000 ^ rst_n (in)
                                                         rst_n (net)
                      0.000639    0.000320   18.070318 ^ input79/A (sky130_fd_sc_hd__buf_12)
     7    0.294549    0.459627    0.248681   18.319000 ^ input79/X (sky130_fd_sc_hd__buf_12)
                                                         net79 (net)
                      0.841498    0.362055   18.681055 ^ fanout267/A (sky130_fd_sc_hd__buf_6)
    33    0.149860    0.472112    0.694346   19.375401 ^ fanout267/X (sky130_fd_sc_hd__buf_6)
                                                         net267 (net)
                      0.473242    0.019648   19.395050 ^ _145_/RESET_B (sky130_fd_sc_hd__dfrtp_2)
                                             19.395050   data arrival time

                                 25.000000   25.000000   clock clk (rise edge)
                                  4.650000   29.650000   clock source latency
     2    0.032618    0.610000    0.000000   29.650000 ^ clk (in)
                                                         clk (net)
                      0.618647    0.004324   29.654322 ^ wire3/A (sky130_fd_sc_hd__buf_4)
     3    0.036079    0.177169    0.513397   30.167721 ^ wire3/X (sky130_fd_sc_hd__buf_4)
                                                         net274 (net)
                      0.177570    0.007450   30.175169 ^ wire2/A (sky130_fd_sc_hd__buf_6)
     3    0.079273    0.256679    0.360075   30.535244 ^ wire2/X (sky130_fd_sc_hd__buf_6)
                                                         net273 (net)
                      0.259705    0.022300   30.557545 ^ wire1/A (sky130_fd_sc_hd__buf_6)
     3    0.081766    0.264549    0.398330   30.955875 ^ wire1/X (sky130_fd_sc_hd__buf_6)
                                                         net272 (net)
                      0.267818    0.023530   30.979404 ^ clkbuf_0_clk/A (sky130_fd_sc_hd__clkbuf_16)
     9    0.101201    0.179146    0.400721   31.380127 ^ clkbuf_0_clk/X (sky130_fd_sc_hd__clkbuf_16)
                                                         clknet_0_clk (net)
                      0.180074    0.010303   31.390429 ^ clkbuf_2_2__f_clk/A (sky130_fd_sc_hd__clkbuf_16)
    17    0.094181    0.168784    0.354227   31.744656 ^ clkbuf_2_2__f_clk/X (sky130_fd_sc_hd__clkbuf_16)
                                                         clknet_2_2__leaf_clk (net)
                      0.169366    0.007979   31.752636 ^ _145_/CLK (sky130_fd_sc_hd__dfrtp_2)
                                 -0.250000   31.502634   clock uncertainty
                                  0.000000   31.502634   clock reconvergence pessimism
                                  0.306619   31.809256   library recovery time
                                             31.809256   data required time
---------------------------------------------------------------------------------------------
                                             31.809256   data required time
                                            -19.395050   data arrival time
---------------------------------------------------------------------------------------------
                                             12.414206   slack (MET)


Startpoint: rst_n (input port clocked by clk)
Endpoint: _144_ (recovery check against rising-edge clock clk)
Path Group: asynchronous
Path Type: max

Fanout         Cap        Slew       Delay        Time   Description
---------------------------------------------------------------------------------------------
                                  0.000000    0.000000   clock clk (rise edge)
                                  5.570000    5.570000   clock network delay (propagated)
                                 12.500000   18.070000 ^ input external delay
     2    0.011551    0.000000    0.000000   18.070000 ^ rst_n (in)
                                                         rst_n (net)
                      0.000639    0.000320   18.070318 ^ input79/A (sky130_fd_sc_hd__buf_12)
     7    0.294549    0.459627    0.248681   18.319000 ^ input79/X (sky130_fd_sc_hd__buf_12)
                                                         net79 (net)
                      0.841498    0.362055   18.681055 ^ fanout267/A (sky130_fd_sc_hd__buf_6)
    33    0.149860    0.472112    0.694346   19.375401 ^ fanout267/X (sky130_fd_sc_hd__buf_6)
                                                         net267 (net)
                      0.472244    0.006894   19.382296 ^ _144_/RESET_B (sky130_fd_sc_hd__dfrtp_2)
                                             19.382296   data arrival time

                                 25.000000   25.000000   clock clk (rise edge)
                                  4.650000   29.650000   clock source latency
     2    0.032618    0.610000    0.000000   29.650000 ^ clk (in)
                                                         clk (net)
                      0.618647    0.004324   29.654322 ^ wire3/A (sky130_fd_sc_hd__buf_4)
     3    0.036079    0.177169    0.513397   30.167721 ^ wire3/X (sky130_fd_sc_hd__buf_4)
                                                         net274 (net)
                      0.177570    0.007450   30.175169 ^ wire2/A (sky130_fd_sc_hd__buf_6)
     3    0.079273    0.256679    0.360075   30.535244 ^ wire2/X (sky130_fd_sc_hd__buf_6)
                                                         net273 (net)
                      0.259705    0.022300   30.557545 ^ wire1/A (sky130_fd_sc_hd__buf_6)
     3    0.081766    0.264549    0.398330   30.955875 ^ wire1/X (sky130_fd_sc_hd__buf_6)
                                                         net272 (net)
                      0.267818    0.023530   30.979404 ^ clkbuf_0_clk/A (sky130_fd_sc_hd__clkbuf_16)
     9    0.101201    0.179146    0.400721   31.380127 ^ clkbuf_0_clk/X (sky130_fd_sc_hd__clkbuf_16)
                                                         clknet_0_clk (net)
                      0.180074    0.010303   31.390429 ^ clkbuf_2_2__f_clk/A (sky130_fd_sc_hd__clkbuf_16)
    17    0.094181    0.168784    0.354227   31.744656 ^ clkbuf_2_2__f_clk/X (sky130_fd_sc_hd__clkbuf_16)
                                                         clknet_2_2__leaf_clk (net)
                      0.169608    0.009429   31.754086 ^ _144_/CLK (sky130_fd_sc_hd__dfrtp_2)
                                 -0.250000   31.504084   clock uncertainty
                                  0.000000   31.504084   clock reconvergence pessimism
                                  0.307126   31.811209   library recovery time
                                             31.811209   data required time
---------------------------------------------------------------------------------------------
                                             31.811209   data required time
                                            -19.382296   data arrival time
---------------------------------------------------------------------------------------------
                                             12.428913   slack (MET)


Startpoint: rst_n (input port clocked by clk)
Endpoint: _131_ (recovery check against rising-edge clock clk)
Path Group: asynchronous
Path Type: max

Fanout         Cap        Slew       Delay        Time   Description
---------------------------------------------------------------------------------------------
                                  0.000000    0.000000   clock clk (rise edge)
                                  5.570000    5.570000   clock network delay (propagated)
                                 12.500000   18.070000 ^ input external delay
     2    0.011551    0.000000    0.000000   18.070000 ^ rst_n (in)
                                                         rst_n (net)
                      0.000639    0.000320   18.070318 ^ input79/A (sky130_fd_sc_hd__buf_12)
     7    0.294549    0.459627    0.248681   18.319000 ^ input79/X (sky130_fd_sc_hd__buf_12)
                                                         net79 (net)
                      0.775667    0.316255   18.635256 ^ fanout268/A (sky130_fd_sc_hd__buf_8)
    33    0.168198    0.428094    0.639242   19.274498 ^ fanout268/X (sky130_fd_sc_hd__buf_8)
                                                         net268 (net)
                      0.438444    0.052969   19.327467 ^ _131_/RESET_B (sky130_fd_sc_hd__dfrtp_4)
                                             19.327467   data arrival time

                                 25.000000   25.000000   clock clk (rise edge)
                                  4.650000   29.650000   clock source latency
     2    0.032618    0.610000    0.000000   29.650000 ^ clk (in)
                                                         clk (net)
                      0.618647    0.004324   29.654322 ^ wire3/A (sky130_fd_sc_hd__buf_4)
     3    0.036079    0.177169    0.513397   30.167721 ^ wire3/X (sky130_fd_sc_hd__buf_4)
                                                         net274 (net)
                      0.177570    0.007450   30.175169 ^ wire2/A (sky130_fd_sc_hd__buf_6)
     3    0.079273    0.256679    0.360075   30.535244 ^ wire2/X (sky130_fd_sc_hd__buf_6)
                                                         net273 (net)
                      0.259705    0.022300   30.557545 ^ wire1/A (sky130_fd_sc_hd__buf_6)
     3    0.081766    0.264549    0.398330   30.955875 ^ wire1/X (sky130_fd_sc_hd__buf_6)
                                                         net272 (net)
                      0.267818    0.023530   30.979404 ^ clkbuf_0_clk/A (sky130_fd_sc_hd__clkbuf_16)
     9    0.101201    0.179146    0.400721   31.380127 ^ clkbuf_0_clk/X (sky130_fd_sc_hd__clkbuf_16)
                                                         clknet_0_clk (net)
                      0.180362    0.011763   31.391890 ^ clkbuf_2_1__f_clk/A (sky130_fd_sc_hd__clkbuf_16)
    21    0.086026    0.158258    0.342755   31.734644 ^ clkbuf_2_1__f_clk/X (sky130_fd_sc_hd__clkbuf_16)
                                                         clknet_2_1__leaf_clk (net)
                      0.162087    0.019345   31.753988 ^ _131_/CLK (sky130_fd_sc_hd__dfrtp_4)
                                 -0.250000   31.503988   clock uncertainty
                                  0.000000   31.503988   clock reconvergence pessimism
                                  0.302988   31.806974   library recovery time
                                             31.806974   data required time
---------------------------------------------------------------------------------------------
                                             31.806974   data required time
                                            -19.327467   data arrival time
---------------------------------------------------------------------------------------------
                                             12.479507   slack (MET)


Startpoint: rst_n (input port clocked by clk)
Endpoint: _132_ (recovery check against rising-edge clock clk)
Path Group: asynchronous
Path Type: max

Fanout         Cap        Slew       Delay        Time   Description
---------------------------------------------------------------------------------------------
                                  0.000000    0.000000   clock clk (rise edge)
                                  5.570000    5.570000   clock network delay (propagated)
                                 12.500000   18.070000 ^ input external delay
     2    0.011551    0.000000    0.000000   18.070000 ^ rst_n (in)
                                                         rst_n (net)
                      0.000639    0.000320   18.070318 ^ input79/A (sky130_fd_sc_hd__buf_12)
     7    0.294549    0.459627    0.248681   18.319000 ^ input79/X (sky130_fd_sc_hd__buf_12)
                                                         net79 (net)
                      0.775667    0.316255   18.635256 ^ fanout268/A (sky130_fd_sc_hd__buf_8)
    33    0.168198    0.428094    0.639242   19.274498 ^ fanout268/X (sky130_fd_sc_hd__buf_8)
                                                         net268 (net)
                      0.438411    0.052889   19.327387 ^ _132_/RESET_B (sky130_fd_sc_hd__dfrtp_4)
                                             19.327387   data arrival time

                                 25.000000   25.000000   clock clk (rise edge)
                                  4.650000   29.650000   clock source latency
     2    0.032618    0.610000    0.000000   29.650000 ^ clk (in)
                                                         clk (net)
                      0.618647    0.004324   29.654322 ^ wire3/A (sky130_fd_sc_hd__buf_4)
     3    0.036079    0.177169    0.513397   30.167721 ^ wire3/X (sky130_fd_sc_hd__buf_4)
                                                         net274 (net)
                      0.177570    0.007450   30.175169 ^ wire2/A (sky130_fd_sc_hd__buf_6)
     3    0.079273    0.256679    0.360075   30.535244 ^ wire2/X (sky130_fd_sc_hd__buf_6)
                                                         net273 (net)
                      0.259705    0.022300   30.557545 ^ wire1/A (sky130_fd_sc_hd__buf_6)
     3    0.081766    0.264549    0.398330   30.955875 ^ wire1/X (sky130_fd_sc_hd__buf_6)
                                                         net272 (net)
                      0.267818    0.023530   30.979404 ^ clkbuf_0_clk/A (sky130_fd_sc_hd__clkbuf_16)
     9    0.101201    0.179146    0.400721   31.380127 ^ clkbuf_0_clk/X (sky130_fd_sc_hd__clkbuf_16)
                                                         clknet_0_clk (net)
                      0.180362    0.011763   31.391890 ^ clkbuf_2_1__f_clk/A (sky130_fd_sc_hd__clkbuf_16)
    21    0.086026    0.158258    0.342755   31.734644 ^ clkbuf_2_1__f_clk/X (sky130_fd_sc_hd__clkbuf_16)
                                                         clknet_2_1__leaf_clk (net)
                      0.162150    0.019504   31.754148 ^ _132_/CLK (sky130_fd_sc_hd__dfrtp_4)
                                 -0.250000   31.504148   clock uncertainty
                                  0.000000   31.504148   clock reconvergence pessimism
                                  0.303024   31.807173   library recovery time
                                             31.807173   data required time
---------------------------------------------------------------------------------------------
                                             31.807173   data required time
                                            -19.327387   data arrival time
---------------------------------------------------------------------------------------------
                                             12.479787   slack (MET)


Startpoint: rst_n (input port clocked by clk)
Endpoint: _133_ (recovery check against rising-edge clock clk)
Path Group: asynchronous
Path Type: max

Fanout         Cap        Slew       Delay        Time   Description
---------------------------------------------------------------------------------------------
                                  0.000000    0.000000   clock clk (rise edge)
                                  5.570000    5.570000   clock network delay (propagated)
                                 12.500000   18.070000 ^ input external delay
     2    0.011551    0.000000    0.000000   18.070000 ^ rst_n (in)
                                                         rst_n (net)
                      0.000639    0.000320   18.070318 ^ input79/A (sky130_fd_sc_hd__buf_12)
     7    0.294549    0.459627    0.248681   18.319000 ^ input79/X (sky130_fd_sc_hd__buf_12)
                                                         net79 (net)
                      0.775667    0.316255   18.635256 ^ fanout268/A (sky130_fd_sc_hd__buf_8)
    33    0.168198    0.428094    0.639242   19.274498 ^ fanout268/X (sky130_fd_sc_hd__buf_8)
                                                         net268 (net)
                      0.438413    0.052893   19.327391 ^ _133_/RESET_B (sky130_fd_sc_hd__dfrtp_4)
                                             19.327391   data arrival time

                                 25.000000   25.000000   clock clk (rise edge)
                                  4.650000   29.650000   clock source latency
     2    0.032618    0.610000    0.000000   29.650000 ^ clk (in)
                                                         clk (net)
                      0.618647    0.004324   29.654322 ^ wire3/A (sky130_fd_sc_hd__buf_4)
     3    0.036079    0.177169    0.513397   30.167721 ^ wire3/X (sky130_fd_sc_hd__buf_4)
                                                         net274 (net)
                      0.177570    0.007450   30.175169 ^ wire2/A (sky130_fd_sc_hd__buf_6)
     3    0.079273    0.256679    0.360075   30.535244 ^ wire2/X (sky130_fd_sc_hd__buf_6)
                                                         net273 (net)
                      0.259705    0.022300   30.557545 ^ wire1/A (sky130_fd_sc_hd__buf_6)
     3    0.081766    0.264549    0.398330   30.955875 ^ wire1/X (sky130_fd_sc_hd__buf_6)
                                                         net272 (net)
                      0.267818    0.023530   30.979404 ^ clkbuf_0_clk/A (sky130_fd_sc_hd__clkbuf_16)
     9    0.101201    0.179146    0.400721   31.380127 ^ clkbuf_0_clk/X (sky130_fd_sc_hd__clkbuf_16)
                                                         clknet_0_clk (net)
                      0.180362    0.011763   31.391890 ^ clkbuf_2_1__f_clk/A (sky130_fd_sc_hd__clkbuf_16)
    21    0.086026    0.158258    0.342755   31.734644 ^ clkbuf_2_1__f_clk/X (sky130_fd_sc_hd__clkbuf_16)
                                                         clknet_2_1__leaf_clk (net)
                      0.162230    0.019707   31.754351 ^ _133_/CLK (sky130_fd_sc_hd__dfrtp_4)
                                 -0.250000   31.504351   clock uncertainty
                                  0.000000   31.504351   clock reconvergence pessimism
                                  0.303051   31.807400   library recovery time
                                             31.807400   data required time
---------------------------------------------------------------------------------------------
                                             31.807400   data required time
                                            -19.327391   data arrival time
---------------------------------------------------------------------------------------------
                                             12.480010   slack (MET)


Startpoint: rst_n (input port clocked by clk)
Endpoint: _130_ (recovery check against rising-edge clock clk)
Path Group: asynchronous
Path Type: max

Fanout         Cap        Slew       Delay        Time   Description
---------------------------------------------------------------------------------------------
                                  0.000000    0.000000   clock clk (rise edge)
                                  5.570000    5.570000   clock network delay (propagated)
                                 12.500000   18.070000 ^ input external delay
     2    0.011551    0.000000    0.000000   18.070000 ^ rst_n (in)
                                                         rst_n (net)
                      0.000639    0.000320   18.070318 ^ input79/A (sky130_fd_sc_hd__buf_12)
     7    0.294549    0.459627    0.248681   18.319000 ^ input79/X (sky130_fd_sc_hd__buf_12)
                                                         net79 (net)
                      0.775667    0.316255   18.635256 ^ fanout268/A (sky130_fd_sc_hd__buf_8)
    33    0.168198    0.428094    0.639242   19.274498 ^ fanout268/X (sky130_fd_sc_hd__buf_8)
                                                         net268 (net)
                      0.438194    0.052353   19.326851 ^ _130_/RESET_B (sky130_fd_sc_hd__dfrtp_4)
                                             19.326851   data arrival time

                                 25.000000   25.000000   clock clk (rise edge)
                                  4.650000   29.650000   clock source latency
     2    0.032618    0.610000    0.000000   29.650000 ^ clk (in)
                                                         clk (net)
                      0.618647    0.004324   29.654322 ^ wire3/A (sky130_fd_sc_hd__buf_4)
     3    0.036079    0.177169    0.513397   30.167721 ^ wire3/X (sky130_fd_sc_hd__buf_4)
                                                         net274 (net)
                      0.177570    0.007450   30.175169 ^ wire2/A (sky130_fd_sc_hd__buf_6)
     3    0.079273    0.256679    0.360075   30.535244 ^ wire2/X (sky130_fd_sc_hd__buf_6)
                                                         net273 (net)
                      0.259705    0.022300   30.557545 ^ wire1/A (sky130_fd_sc_hd__buf_6)
     3    0.081766    0.264549    0.398330   30.955875 ^ wire1/X (sky130_fd_sc_hd__buf_6)
                                                         net272 (net)
                      0.267818    0.023530   30.979404 ^ clkbuf_0_clk/A (sky130_fd_sc_hd__clkbuf_16)
     9    0.101201    0.179146    0.400721   31.380127 ^ clkbuf_0_clk/X (sky130_fd_sc_hd__clkbuf_16)
                                                         clknet_0_clk (net)
                      0.180362    0.011763   31.391890 ^ clkbuf_2_1__f_clk/A (sky130_fd_sc_hd__clkbuf_16)
    21    0.086026    0.158258    0.342755   31.734644 ^ clkbuf_2_1__f_clk/X (sky130_fd_sc_hd__clkbuf_16)
                                                         clknet_2_1__leaf_clk (net)
                      0.162094    0.019359   31.754004 ^ _130_/CLK (sky130_fd_sc_hd__dfrtp_4)
                                 -0.250000   31.504002   clock uncertainty
                                  0.000000   31.504002   clock reconvergence pessimism
                                  0.303106   31.807110   library recovery time
                                             31.807110   data required time
---------------------------------------------------------------------------------------------
                                             31.807110   data required time
                                            -19.326851   data arrival time
---------------------------------------------------------------------------------------------
                                             12.480259   slack (MET)


Startpoint: rst_n (input port clocked by clk)
Endpoint: _138_ (recovery check against rising-edge clock clk)
Path Group: asynchronous
Path Type: max

Fanout         Cap        Slew       Delay        Time   Description
---------------------------------------------------------------------------------------------
                                  0.000000    0.000000   clock clk (rise edge)
                                  5.570000    5.570000   clock network delay (propagated)
                                 12.500000   18.070000 ^ input external delay
     2    0.011551    0.000000    0.000000   18.070000 ^ rst_n (in)
                                                         rst_n (net)
                      0.000639    0.000320   18.070318 ^ input79/A (sky130_fd_sc_hd__buf_12)
     7    0.294549    0.459627    0.248681   18.319000 ^ input79/X (sky130_fd_sc_hd__buf_12)
                                                         net79 (net)
                      0.775667    0.316255   18.635256 ^ fanout268/A (sky130_fd_sc_hd__buf_8)
    33    0.168198    0.428094    0.639242   19.274498 ^ fanout268/X (sky130_fd_sc_hd__buf_8)
                                                         net268 (net)
                      0.436063    0.046763   19.321260 ^ _138_/RESET_B (sky130_fd_sc_hd__dfrtp_4)
                                             19.321260   data arrival time

                                 25.000000   25.000000   clock clk (rise edge)
                                  4.650000   29.650000   clock source latency
     2    0.032618    0.610000    0.000000   29.650000 ^ clk (in)
                                                         clk (net)
                      0.618647    0.004324   29.654322 ^ wire3/A (sky130_fd_sc_hd__buf_4)
     3    0.036079    0.177169    0.513397   30.167721 ^ wire3/X (sky130_fd_sc_hd__buf_4)
                                                         net274 (net)
                      0.177570    0.007450   30.175169 ^ wire2/A (sky130_fd_sc_hd__buf_6)
     3    0.079273    0.256679    0.360075   30.535244 ^ wire2/X (sky130_fd_sc_hd__buf_6)
                                                         net273 (net)
                      0.259705    0.022300   30.557545 ^ wire1/A (sky130_fd_sc_hd__buf_6)
     3    0.081766    0.264549    0.398330   30.955875 ^ wire1/X (sky130_fd_sc_hd__buf_6)
                                                         net272 (net)
                      0.267818    0.023530   30.979404 ^ clkbuf_0_clk/A (sky130_fd_sc_hd__clkbuf_16)
     9    0.101201    0.179146    0.400721   31.380127 ^ clkbuf_0_clk/X (sky130_fd_sc_hd__clkbuf_16)
                                                         clknet_0_clk (net)
                      0.180362    0.011763   31.391890 ^ clkbuf_2_1__f_clk/A (sky130_fd_sc_hd__clkbuf_16)
    21    0.086026    0.158258    0.342755   31.734644 ^ clkbuf_2_1__f_clk/X (sky130_fd_sc_hd__clkbuf_16)
                                                         clknet_2_1__leaf_clk (net)
                      0.161569    0.017963   31.752607 ^ _138_/CLK (sky130_fd_sc_hd__dfrtp_4)
                                 -0.250000   31.502605   clock uncertainty
                                  0.000000   31.502605   clock reconvergence pessimism
                                  0.303918   31.806522   library recovery time
                                             31.806522   data required time
---------------------------------------------------------------------------------------------
                                             31.806522   data required time
                                            -19.321260   data arrival time
---------------------------------------------------------------------------------------------
                                             12.485263   slack (MET)


Startpoint: rst_n (input port clocked by clk)
Endpoint: _129_ (recovery check against rising-edge clock clk)
Path Group: asynchronous
Path Type: max

Fanout         Cap        Slew       Delay        Time   Description
---------------------------------------------------------------------------------------------
                                  0.000000    0.000000   clock clk (rise edge)
                                  5.570000    5.570000   clock network delay (propagated)
                                 12.500000   18.070000 ^ input external delay
     2    0.011551    0.000000    0.000000   18.070000 ^ rst_n (in)
                                                         rst_n (net)
                      0.000639    0.000320   18.070318 ^ input79/A (sky130_fd_sc_hd__buf_12)
     7    0.294549    0.459627    0.248681   18.319000 ^ input79/X (sky130_fd_sc_hd__buf_12)
                                                         net79 (net)
                      0.775667    0.316255   18.635256 ^ fanout268/A (sky130_fd_sc_hd__buf_8)
    33    0.168198    0.428094    0.639242   19.274498 ^ fanout268/X (sky130_fd_sc_hd__buf_8)
                                                         net268 (net)
                      0.435165    0.044189   19.318686 ^ _129_/RESET_B (sky130_fd_sc_hd__dfrtp_4)
                                             19.318686   data arrival time

                                 25.000000   25.000000   clock clk (rise edge)
                                  4.650000   29.650000   clock source latency
     2    0.032618    0.610000    0.000000   29.650000 ^ clk (in)
                                                         clk (net)
                      0.618647    0.004324   29.654322 ^ wire3/A (sky130_fd_sc_hd__buf_4)
     3    0.036079    0.177169    0.513397   30.167721 ^ wire3/X (sky130_fd_sc_hd__buf_4)
                                                         net274 (net)
                      0.177570    0.007450   30.175169 ^ wire2/A (sky130_fd_sc_hd__buf_6)
     3    0.079273    0.256679    0.360075   30.535244 ^ wire2/X (sky130_fd_sc_hd__buf_6)
                                                         net273 (net)
                      0.259705    0.022300   30.557545 ^ wire1/A (sky130_fd_sc_hd__buf_6)
     3    0.081766    0.264549    0.398330   30.955875 ^ wire1/X (sky130_fd_sc_hd__buf_6)
                                                         net272 (net)
                      0.267818    0.023530   30.979404 ^ clkbuf_0_clk/A (sky130_fd_sc_hd__clkbuf_16)
     9    0.101201    0.179146    0.400721   31.380127 ^ clkbuf_0_clk/X (sky130_fd_sc_hd__clkbuf_16)
                                                         clknet_0_clk (net)
                      0.180362    0.011763   31.391890 ^ clkbuf_2_1__f_clk/A (sky130_fd_sc_hd__clkbuf_16)
    21    0.086026    0.158258    0.342755   31.734644 ^ clkbuf_2_1__f_clk/X (sky130_fd_sc_hd__clkbuf_16)
                                                         clknet_2_1__leaf_clk (net)
                      0.161067    0.016538   31.751183 ^ _129_/CLK (sky130_fd_sc_hd__dfrtp_4)
                                 -0.250000   31.501181   clock uncertainty
                                  0.000000   31.501181   clock reconvergence pessimism
                                  0.304163   31.805344   library recovery time
                                             31.805344   data required time
---------------------------------------------------------------------------------------------
                                             31.805344   data required time
                                            -19.318686   data arrival time
---------------------------------------------------------------------------------------------
                                             12.486657   slack (MET)


Startpoint: rst_n (input port clocked by clk)
Endpoint: _134_ (recovery check against rising-edge clock clk)
Path Group: asynchronous
Path Type: max

Fanout         Cap        Slew       Delay        Time   Description
---------------------------------------------------------------------------------------------
                                  0.000000    0.000000   clock clk (rise edge)
                                  5.570000    5.570000   clock network delay (propagated)
                                 12.500000   18.070000 ^ input external delay
     2    0.011551    0.000000    0.000000   18.070000 ^ rst_n (in)
                                                         rst_n (net)
                      0.000639    0.000320   18.070318 ^ input79/A (sky130_fd_sc_hd__buf_12)
     7    0.294549    0.459627    0.248681   18.319000 ^ input79/X (sky130_fd_sc_hd__buf_12)
                                                         net79 (net)
                      0.775667    0.316255   18.635256 ^ fanout268/A (sky130_fd_sc_hd__buf_8)
    33    0.168198    0.428094    0.639242   19.274498 ^ fanout268/X (sky130_fd_sc_hd__buf_8)
                                                         net268 (net)
                      0.438507    0.053124   19.327621 ^ _134_/RESET_B (sky130_fd_sc_hd__dfrtp_4)
                                             19.327621   data arrival time

                                 25.000000   25.000000   clock clk (rise edge)
                                  4.650000   29.650000   clock source latency
     2    0.032618    0.610000    0.000000   29.650000 ^ clk (in)
                                                         clk (net)
                      0.618647    0.004324   29.654322 ^ wire3/A (sky130_fd_sc_hd__buf_4)
     3    0.036079    0.177169    0.513397   30.167721 ^ wire3/X (sky130_fd_sc_hd__buf_4)
                                                         net274 (net)
                      0.177570    0.007450   30.175169 ^ wire2/A (sky130_fd_sc_hd__buf_6)
     3    0.079273    0.256679    0.360075   30.535244 ^ wire2/X (sky130_fd_sc_hd__buf_6)
                                                         net273 (net)
                      0.259705    0.022300   30.557545 ^ wire1/A (sky130_fd_sc_hd__buf_6)
     3    0.081766    0.264549    0.398330   30.955875 ^ wire1/X (sky130_fd_sc_hd__buf_6)
                                                         net272 (net)
                      0.267818    0.023530   30.979404 ^ clkbuf_0_clk/A (sky130_fd_sc_hd__clkbuf_16)
     9    0.101201    0.179146    0.400721   31.380127 ^ clkbuf_0_clk/X (sky130_fd_sc_hd__clkbuf_16)
                                                         clknet_0_clk (net)
                      0.180426    0.012061   31.392187 ^ clkbuf_2_0__f_clk/A (sky130_fd_sc_hd__clkbuf_16)
    17    0.092920    0.166980    0.352255   31.744442 ^ clkbuf_2_0__f_clk/X (sky130_fd_sc_hd__clkbuf_16)
                                                         clknet_2_0__leaf_clk (net)
                      0.169456    0.016101   31.760544 ^ _134_/CLK (sky130_fd_sc_hd__dfrtp_4)
                                 -0.250000   31.510542   clock uncertainty
                                  0.000000   31.510542   clock reconvergence pessimism
                                  0.305500   31.816044   library recovery time
                                             31.816044   data required time
---------------------------------------------------------------------------------------------
                                             31.816044   data required time
                                            -19.327621   data arrival time
---------------------------------------------------------------------------------------------
                                             12.488423   slack (MET)


Startpoint: rst_n (input port clocked by clk)
Endpoint: _136_ (recovery check against rising-edge clock clk)
Path Group: asynchronous
Path Type: max

Fanout         Cap        Slew       Delay        Time   Description
---------------------------------------------------------------------------------------------
                                  0.000000    0.000000   clock clk (rise edge)
                                  5.570000    5.570000   clock network delay (propagated)
                                 12.500000   18.070000 ^ input external delay
     2    0.011551    0.000000    0.000000   18.070000 ^ rst_n (in)
                                                         rst_n (net)
                      0.000639    0.000320   18.070318 ^ input79/A (sky130_fd_sc_hd__buf_12)
     7    0.294549    0.459627    0.248681   18.319000 ^ input79/X (sky130_fd_sc_hd__buf_12)
                                                         net79 (net)
                      0.775667    0.316255   18.635256 ^ fanout268/A (sky130_fd_sc_hd__buf_8)
    33    0.168198    0.428094    0.639242   19.274498 ^ fanout268/X (sky130_fd_sc_hd__buf_8)
                                                         net268 (net)
                      0.437583    0.050816   19.325314 ^ _136_/RESET_B (sky130_fd_sc_hd__dfrtp_4)
                                             19.325314   data arrival time

                                 25.000000   25.000000   clock clk (rise edge)
                                  4.650000   29.650000   clock source latency
     2    0.032618    0.610000    0.000000   29.650000 ^ clk (in)
                                                         clk (net)
                      0.618647    0.004324   29.654322 ^ wire3/A (sky130_fd_sc_hd__buf_4)
     3    0.036079    0.177169    0.513397   30.167721 ^ wire3/X (sky130_fd_sc_hd__buf_4)
                                                         net274 (net)
                      0.177570    0.007450   30.175169 ^ wire2/A (sky130_fd_sc_hd__buf_6)
     3    0.079273    0.256679    0.360075   30.535244 ^ wire2/X (sky130_fd_sc_hd__buf_6)
                                                         net273 (net)
                      0.259705    0.022300   30.557545 ^ wire1/A (sky130_fd_sc_hd__buf_6)
     3    0.081766    0.264549    0.398330   30.955875 ^ wire1/X (sky130_fd_sc_hd__buf_6)
                                                         net272 (net)
                      0.267818    0.023530   30.979404 ^ clkbuf_0_clk/A (sky130_fd_sc_hd__clkbuf_16)
     9    0.101201    0.179146    0.400721   31.380127 ^ clkbuf_0_clk/X (sky130_fd_sc_hd__clkbuf_16)
                                                         clknet_0_clk (net)
                      0.180426    0.012061   31.392187 ^ clkbuf_2_0__f_clk/A (sky130_fd_sc_hd__clkbuf_16)
    17    0.092920    0.166980    0.352255   31.744442 ^ clkbuf_2_0__f_clk/X (sky130_fd_sc_hd__clkbuf_16)
                                                         clknet_2_0__leaf_clk (net)
                      0.169419    0.015977   31.760420 ^ _136_/CLK (sky130_fd_sc_hd__dfrtp_4)
                                 -0.250000   31.510418   clock uncertainty
                                  0.000000   31.510418   clock reconvergence pessimism
                                  0.305917   31.816336   library recovery time
                                             31.816336   data required time
---------------------------------------------------------------------------------------------
                                             31.816336   data required time
                                            -19.325314   data arrival time
---------------------------------------------------------------------------------------------
                                             12.491022   slack (MET)


Startpoint: rst_n (input port clocked by clk)
Endpoint: _139_ (recovery check against rising-edge clock clk)
Path Group: asynchronous
Path Type: max

Fanout         Cap        Slew       Delay        Time   Description
---------------------------------------------------------------------------------------------
                                  0.000000    0.000000   clock clk (rise edge)
                                  5.570000    5.570000   clock network delay (propagated)
                                 12.500000   18.070000 ^ input external delay
     2    0.011551    0.000000    0.000000   18.070000 ^ rst_n (in)
                                                         rst_n (net)
                      0.000639    0.000320   18.070318 ^ input79/A (sky130_fd_sc_hd__buf_12)
     7    0.294549    0.459627    0.248681   18.319000 ^ input79/X (sky130_fd_sc_hd__buf_12)
                                                         net79 (net)
                      0.775667    0.316255   18.635256 ^ fanout268/A (sky130_fd_sc_hd__buf_8)
    33    0.168198    0.428094    0.639242   19.274498 ^ fanout268/X (sky130_fd_sc_hd__buf_8)
                                                         net268 (net)
                      0.433439    0.038733   19.313231 ^ _139_/RESET_B (sky130_fd_sc_hd__dfrtp_4)
                                             19.313231   data arrival time

                                 25.000000   25.000000   clock clk (rise edge)
                                  4.650000   29.650000   clock source latency
     2    0.032618    0.610000    0.000000   29.650000 ^ clk (in)
                                                         clk (net)
                      0.618647    0.004324   29.654322 ^ wire3/A (sky130_fd_sc_hd__buf_4)
     3    0.036079    0.177169    0.513397   30.167721 ^ wire3/X (sky130_fd_sc_hd__buf_4)
                                                         net274 (net)
                      0.177570    0.007450   30.175169 ^ wire2/A (sky130_fd_sc_hd__buf_6)
     3    0.079273    0.256679    0.360075   30.535244 ^ wire2/X (sky130_fd_sc_hd__buf_6)
                                                         net273 (net)
                      0.259705    0.022300   30.557545 ^ wire1/A (sky130_fd_sc_hd__buf_6)
     3    0.081766    0.264549    0.398330   30.955875 ^ wire1/X (sky130_fd_sc_hd__buf_6)
                                                         net272 (net)
                      0.267818    0.023530   30.979404 ^ clkbuf_0_clk/A (sky130_fd_sc_hd__clkbuf_16)
     9    0.101201    0.179146    0.400721   31.380127 ^ clkbuf_0_clk/X (sky130_fd_sc_hd__clkbuf_16)
                                                         clknet_0_clk (net)
                      0.180362    0.011763   31.391890 ^ clkbuf_2_1__f_clk/A (sky130_fd_sc_hd__clkbuf_16)
    21    0.086026    0.158258    0.342755   31.734644 ^ clkbuf_2_1__f_clk/X (sky130_fd_sc_hd__clkbuf_16)
                                                         clknet_2_1__leaf_clk (net)
                      0.160995    0.016321   31.750965 ^ _139_/CLK (sky130_fd_sc_hd__dfrtp_4)
                                 -0.250000   31.500965   clock uncertainty
                                  0.000000   31.500965   clock reconvergence pessimism
                                  0.304942   31.805904   library recovery time
                                             31.805904   data required time
---------------------------------------------------------------------------------------------
                                             31.805904   data required time
                                            -19.313231   data arrival time
---------------------------------------------------------------------------------------------
                                             12.492674   slack (MET)


Startpoint: rst_n (input port clocked by clk)
Endpoint: _137_ (recovery check against rising-edge clock clk)
Path Group: asynchronous
Path Type: max

Fanout         Cap        Slew       Delay        Time   Description
---------------------------------------------------------------------------------------------
                                  0.000000    0.000000   clock clk (rise edge)
                                  5.570000    5.570000   clock network delay (propagated)
                                 12.500000   18.070000 ^ input external delay
     2    0.011551    0.000000    0.000000   18.070000 ^ rst_n (in)
                                                         rst_n (net)
                      0.000639    0.000320   18.070318 ^ input79/A (sky130_fd_sc_hd__buf_12)
     7    0.294549    0.459627    0.248681   18.319000 ^ input79/X (sky130_fd_sc_hd__buf_12)
                                                         net79 (net)
                      0.775667    0.316255   18.635256 ^ fanout268/A (sky130_fd_sc_hd__buf_8)
    33    0.168198    0.428094    0.639242   19.274498 ^ fanout268/X (sky130_fd_sc_hd__buf_8)
                                                         net268 (net)
                      0.436816    0.048814   19.323311 ^ _137_/RESET_B (sky130_fd_sc_hd__dfrtp_4)
                                             19.323311   data arrival time

                                 25.000000   25.000000   clock clk (rise edge)
                                  4.650000   29.650000   clock source latency
     2    0.032618    0.610000    0.000000   29.650000 ^ clk (in)
                                                         clk (net)
                      0.618647    0.004324   29.654322 ^ wire3/A (sky130_fd_sc_hd__buf_4)
     3    0.036079    0.177169    0.513397   30.167721 ^ wire3/X (sky130_fd_sc_hd__buf_4)
                                                         net274 (net)
                      0.177570    0.007450   30.175169 ^ wire2/A (sky130_fd_sc_hd__buf_6)
     3    0.079273    0.256679    0.360075   30.535244 ^ wire2/X (sky130_fd_sc_hd__buf_6)
                                                         net273 (net)
                      0.259705    0.022300   30.557545 ^ wire1/A (sky130_fd_sc_hd__buf_6)
     3    0.081766    0.264549    0.398330   30.955875 ^ wire1/X (sky130_fd_sc_hd__buf_6)
                                                         net272 (net)
                      0.267818    0.023530   30.979404 ^ clkbuf_0_clk/A (sky130_fd_sc_hd__clkbuf_16)
     9    0.101201    0.179146    0.400721   31.380127 ^ clkbuf_0_clk/X (sky130_fd_sc_hd__clkbuf_16)
                                                         clknet_0_clk (net)
                      0.180426    0.012061   31.392187 ^ clkbuf_2_0__f_clk/A (sky130_fd_sc_hd__clkbuf_16)
    17    0.092920    0.166980    0.352255   31.744442 ^ clkbuf_2_0__f_clk/X (sky130_fd_sc_hd__clkbuf_16)
                                                         clknet_2_0__leaf_clk (net)
                      0.169320    0.015650   31.760092 ^ _137_/CLK (sky130_fd_sc_hd__dfrtp_4)
                                 -0.250000   31.510092   clock uncertainty
                                  0.000000   31.510092   clock reconvergence pessimism
                                  0.306240   31.816332   library recovery time
                                             31.816332   data required time
---------------------------------------------------------------------------------------------
                                             31.816332   data required time
                                            -19.323311   data arrival time
---------------------------------------------------------------------------------------------
                                             12.493020   slack (MET)


Startpoint: rst_n (input port clocked by clk)
Endpoint: _135_ (recovery check against rising-edge clock clk)
Path Group: asynchronous
Path Type: max

Fanout         Cap        Slew       Delay        Time   Description
---------------------------------------------------------------------------------------------
                                  0.000000    0.000000   clock clk (rise edge)
                                  5.570000    5.570000   clock network delay (propagated)
                                 12.500000   18.070000 ^ input external delay
     2    0.011551    0.000000    0.000000   18.070000 ^ rst_n (in)
                                                         rst_n (net)
                      0.000639    0.000320   18.070318 ^ input79/A (sky130_fd_sc_hd__buf_12)
     7    0.294549    0.459627    0.248681   18.319000 ^ input79/X (sky130_fd_sc_hd__buf_12)
                                                         net79 (net)
                      0.775667    0.316255   18.635256 ^ fanout268/A (sky130_fd_sc_hd__buf_8)
    33    0.168198    0.428094    0.639242   19.274498 ^ fanout268/X (sky130_fd_sc_hd__buf_8)
                                                         net268 (net)
                      0.434216    0.041284   19.315781 ^ _135_/RESET_B (sky130_fd_sc_hd__dfrtp_4)
                                             19.315781   data arrival time

                                 25.000000   25.000000   clock clk (rise edge)
                                  4.650000   29.650000   clock source latency
     2    0.032618    0.610000    0.000000   29.650000 ^ clk (in)
                                                         clk (net)
                      0.618647    0.004324   29.654322 ^ wire3/A (sky130_fd_sc_hd__buf_4)
     3    0.036079    0.177169    0.513397   30.167721 ^ wire3/X (sky130_fd_sc_hd__buf_4)
                                                         net274 (net)
                      0.177570    0.007450   30.175169 ^ wire2/A (sky130_fd_sc_hd__buf_6)
     3    0.079273    0.256679    0.360075   30.535244 ^ wire2/X (sky130_fd_sc_hd__buf_6)
                                                         net273 (net)
                      0.259705    0.022300   30.557545 ^ wire1/A (sky130_fd_sc_hd__buf_6)
     3    0.081766    0.264549    0.398330   30.955875 ^ wire1/X (sky130_fd_sc_hd__buf_6)
                                                         net272 (net)
                      0.267818    0.023530   30.979404 ^ clkbuf_0_clk/A (sky130_fd_sc_hd__clkbuf_16)
     9    0.101201    0.179146    0.400721   31.380127 ^ clkbuf_0_clk/X (sky130_fd_sc_hd__clkbuf_16)
                                                         clknet_0_clk (net)
                      0.180426    0.012061   31.392187 ^ clkbuf_2_0__f_clk/A (sky130_fd_sc_hd__clkbuf_16)
    17    0.092920    0.166980    0.352255   31.744442 ^ clkbuf_2_0__f_clk/X (sky130_fd_sc_hd__clkbuf_16)
                                                         clknet_2_0__leaf_clk (net)
                      0.169082    0.014833   31.759275 ^ _135_/CLK (sky130_fd_sc_hd__dfrtp_4)
                                 -0.250000   31.509274   clock uncertainty
                                  0.000000   31.509274   clock reconvergence pessimism
                                  0.307368   31.816641   library recovery time
                                             31.816641   data required time
---------------------------------------------------------------------------------------------
                                             31.816641   data required time
                                            -19.315781   data arrival time
---------------------------------------------------------------------------------------------
                                             12.500859   slack (MET)


Startpoint: rst_n (input port clocked by clk)
Endpoint: _143_ (recovery check against rising-edge clock clk)
Path Group: asynchronous
Path Type: max

Fanout         Cap        Slew       Delay        Time   Description
---------------------------------------------------------------------------------------------
                                  0.000000    0.000000   clock clk (rise edge)
                                  5.570000    5.570000   clock network delay (propagated)
                                 12.500000   18.070000 ^ input external delay
     2    0.011551    0.000000    0.000000   18.070000 ^ rst_n (in)
                                                         rst_n (net)
                      0.000639    0.000320   18.070318 ^ input79/A (sky130_fd_sc_hd__buf_12)
     7    0.294549    0.459627    0.248681   18.319000 ^ input79/X (sky130_fd_sc_hd__buf_12)
                                                         net79 (net)
                      0.775667    0.316255   18.635256 ^ fanout268/A (sky130_fd_sc_hd__buf_8)
    33    0.168198    0.428094    0.639242   19.274498 ^ fanout268/X (sky130_fd_sc_hd__buf_8)
                                                         net268 (net)
                      0.435098    0.043991   19.318489 ^ _143_/RESET_B (sky130_fd_sc_hd__dfrtp_2)
                                             19.318489   data arrival time

                                 25.000000   25.000000   clock clk (rise edge)
                                  4.650000   29.650000   clock source latency
     2    0.032618    0.610000    0.000000   29.650000 ^ clk (in)
                                                         clk (net)
                      0.618647    0.004324   29.654322 ^ wire3/A (sky130_fd_sc_hd__buf_4)
     3    0.036079    0.177169    0.513397   30.167721 ^ wire3/X (sky130_fd_sc_hd__buf_4)
                                                         net274 (net)
                      0.177570    0.007450   30.175169 ^ wire2/A (sky130_fd_sc_hd__buf_6)
     3    0.079273    0.256679    0.360075   30.535244 ^ wire2/X (sky130_fd_sc_hd__buf_6)
                                                         net273 (net)
                      0.259705    0.022300   30.557545 ^ wire1/A (sky130_fd_sc_hd__buf_6)
     3    0.081766    0.264549    0.398330   30.955875 ^ wire1/X (sky130_fd_sc_hd__buf_6)
                                                         net272 (net)
                      0.267818    0.023530   30.979404 ^ clkbuf_0_clk/A (sky130_fd_sc_hd__clkbuf_16)
     9    0.101201    0.179146    0.400721   31.380127 ^ clkbuf_0_clk/X (sky130_fd_sc_hd__clkbuf_16)
                                                         clknet_0_clk (net)
                      0.180426    0.012061   31.392187 ^ clkbuf_2_0__f_clk/A (sky130_fd_sc_hd__clkbuf_16)
    17    0.092920    0.166980    0.352255   31.744442 ^ clkbuf_2_0__f_clk/X (sky130_fd_sc_hd__clkbuf_16)
                                                         clknet_2_0__leaf_clk (net)
                      0.167960    0.010207   31.754650 ^ _143_/CLK (sky130_fd_sc_hd__dfrtp_2)
                                 -0.250000   31.504648   clock uncertainty
                                  0.000000   31.504648   clock reconvergence pessimism
                                  0.322321   31.826969   library recovery time
                                             31.826969   data required time
---------------------------------------------------------------------------------------------
                                             31.826969   data required time
                                            -19.318489   data arrival time
---------------------------------------------------------------------------------------------
                                             12.508480   slack (MET)


Startpoint: rst_n (input port clocked by clk)
Endpoint: _142_ (recovery check against rising-edge clock clk)
Path Group: asynchronous
Path Type: max

Fanout         Cap        Slew       Delay        Time   Description
---------------------------------------------------------------------------------------------
                                  0.000000    0.000000   clock clk (rise edge)
                                  5.570000    5.570000   clock network delay (propagated)
                                 12.500000   18.070000 ^ input external delay
     2    0.011551    0.000000    0.000000   18.070000 ^ rst_n (in)
                                                         rst_n (net)
                      0.000639    0.000320   18.070318 ^ input79/A (sky130_fd_sc_hd__buf_12)
     7    0.294549    0.459627    0.248681   18.319000 ^ input79/X (sky130_fd_sc_hd__buf_12)
                                                         net79 (net)
                      0.775667    0.316255   18.635256 ^ fanout268/A (sky130_fd_sc_hd__buf_8)
    33    0.168198    0.428094    0.639242   19.274498 ^ fanout268/X (sky130_fd_sc_hd__buf_8)
                                                         net268 (net)
                      0.434460    0.042053   19.316551 ^ _142_/RESET_B (sky130_fd_sc_hd__dfrtp_2)
                                             19.316551   data arrival time

                                 25.000000   25.000000   clock clk (rise edge)
                                  4.650000   29.650000   clock source latency
     2    0.032618    0.610000    0.000000   29.650000 ^ clk (in)
                                                         clk (net)
                      0.618647    0.004324   29.654322 ^ wire3/A (sky130_fd_sc_hd__buf_4)
     3    0.036079    0.177169    0.513397   30.167721 ^ wire3/X (sky130_fd_sc_hd__buf_4)
                                                         net274 (net)
                      0.177570    0.007450   30.175169 ^ wire2/A (sky130_fd_sc_hd__buf_6)
     3    0.079273    0.256679    0.360075   30.535244 ^ wire2/X (sky130_fd_sc_hd__buf_6)
                                                         net273 (net)
                      0.259705    0.022300   30.557545 ^ wire1/A (sky130_fd_sc_hd__buf_6)
     3    0.081766    0.264549    0.398330   30.955875 ^ wire1/X (sky130_fd_sc_hd__buf_6)
                                                         net272 (net)
                      0.267818    0.023530   30.979404 ^ clkbuf_0_clk/A (sky130_fd_sc_hd__clkbuf_16)
     9    0.101201    0.179146    0.400721   31.380127 ^ clkbuf_0_clk/X (sky130_fd_sc_hd__clkbuf_16)
                                                         clknet_0_clk (net)
                      0.180426    0.012061   31.392187 ^ clkbuf_2_0__f_clk/A (sky130_fd_sc_hd__clkbuf_16)
    17    0.092920    0.166980    0.352255   31.744442 ^ clkbuf_2_0__f_clk/X (sky130_fd_sc_hd__clkbuf_16)
                                                         clknet_2_0__leaf_clk (net)
                      0.167782    0.009269   31.753712 ^ _142_/CLK (sky130_fd_sc_hd__dfrtp_2)
                                 -0.250000   31.503712   clock uncertainty
                                  0.000000   31.503712   clock reconvergence pessimism
                                  0.322531   31.826241   library recovery time
                                             31.826241   data required time
---------------------------------------------------------------------------------------------
                                             31.826241   data required time
                                            -19.316551   data arrival time
---------------------------------------------------------------------------------------------
                                             12.509689   slack (MET)


Startpoint: rst_n (input port clocked by clk)
Endpoint: _140_ (recovery check against rising-edge clock clk)
Path Group: asynchronous
Path Type: max

Fanout         Cap        Slew       Delay        Time   Description
---------------------------------------------------------------------------------------------
                                  0.000000    0.000000   clock clk (rise edge)
                                  5.570000    5.570000   clock network delay (propagated)
                                 12.500000   18.070000 ^ input external delay
     2    0.011551    0.000000    0.000000   18.070000 ^ rst_n (in)
                                                         rst_n (net)
                      0.000639    0.000320   18.070318 ^ input79/A (sky130_fd_sc_hd__buf_12)
     7    0.294549    0.459627    0.248681   18.319000 ^ input79/X (sky130_fd_sc_hd__buf_12)
                                                         net79 (net)
                      0.775667    0.316255   18.635256 ^ fanout268/A (sky130_fd_sc_hd__buf_8)
    33    0.168198    0.428094    0.639242   19.274498 ^ fanout268/X (sky130_fd_sc_hd__buf_8)
                                                         net268 (net)
                      0.431974    0.033332   19.307829 ^ _140_/RESET_B (sky130_fd_sc_hd__dfrtp_2)
                                             19.307829   data arrival time

                                 25.000000   25.000000   clock clk (rise edge)
                                  4.650000   29.650000   clock source latency
     2    0.032618    0.610000    0.000000   29.650000 ^ clk (in)
                                                         clk (net)
                      0.618647    0.004324   29.654322 ^ wire3/A (sky130_fd_sc_hd__buf_4)
     3    0.036079    0.177169    0.513397   30.167721 ^ wire3/X (sky130_fd_sc_hd__buf_4)
                                                         net274 (net)
                      0.177570    0.007450   30.175169 ^ wire2/A (sky130_fd_sc_hd__buf_6)
     3    0.079273    0.256679    0.360075   30.535244 ^ wire2/X (sky130_fd_sc_hd__buf_6)
                                                         net273 (net)
                      0.259705    0.022300   30.557545 ^ wire1/A (sky130_fd_sc_hd__buf_6)
     3    0.081766    0.264549    0.398330   30.955875 ^ wire1/X (sky130_fd_sc_hd__buf_6)
                                                         net272 (net)
                      0.267818    0.023530   30.979404 ^ clkbuf_0_clk/A (sky130_fd_sc_hd__clkbuf_16)
     9    0.101201    0.179146    0.400721   31.380127 ^ clkbuf_0_clk/X (sky130_fd_sc_hd__clkbuf_16)
                                                         clknet_0_clk (net)
                      0.180362    0.011763   31.391890 ^ clkbuf_2_1__f_clk/A (sky130_fd_sc_hd__clkbuf_16)
    21    0.086026    0.158258    0.342755   31.734644 ^ clkbuf_2_1__f_clk/X (sky130_fd_sc_hd__clkbuf_16)
                                                         clknet_2_1__leaf_clk (net)
                      0.160047    0.013220   31.747864 ^ _140_/CLK (sky130_fd_sc_hd__dfrtp_2)
                                 -0.250000   31.497864   clock uncertainty
                                  0.000000   31.497864   clock reconvergence pessimism
                                  0.320916   31.818779   library recovery time
                                             31.818779   data required time
---------------------------------------------------------------------------------------------
                                             31.818779   data required time
                                            -19.307829   data arrival time
---------------------------------------------------------------------------------------------
                                             12.510951   slack (MET)


Startpoint: rst_n (input port clocked by clk)
Endpoint: _141_ (recovery check against rising-edge clock clk)
Path Group: asynchronous
Path Type: max

Fanout         Cap        Slew       Delay        Time   Description
---------------------------------------------------------------------------------------------
                                  0.000000    0.000000   clock clk (rise edge)
                                  5.570000    5.570000   clock network delay (propagated)
                                 12.500000   18.070000 ^ input external delay
     2    0.011551    0.000000    0.000000   18.070000 ^ rst_n (in)
                                                         rst_n (net)
                      0.000639    0.000320   18.070318 ^ input79/A (sky130_fd_sc_hd__buf_12)
     7    0.294549    0.459627    0.248681   18.319000 ^ input79/X (sky130_fd_sc_hd__buf_12)
                                                         net79 (net)
                      0.775667    0.316255   18.635256 ^ fanout268/A (sky130_fd_sc_hd__buf_8)
    33    0.168198    0.428094    0.639242   19.274498 ^ fanout268/X (sky130_fd_sc_hd__buf_8)
                                                         net268 (net)
                      0.433278    0.038179   19.312677 ^ _141_/RESET_B (sky130_fd_sc_hd__dfrtp_2)
                                             19.312677   data arrival time

                                 25.000000   25.000000   clock clk (rise edge)
                                  4.650000   29.650000   clock source latency
     2    0.032618    0.610000    0.000000   29.650000 ^ clk (in)
                                                         clk (net)
                      0.618647    0.004324   29.654322 ^ wire3/A (sky130_fd_sc_hd__buf_4)
     3    0.036079    0.177169    0.513397   30.167721 ^ wire3/X (sky130_fd_sc_hd__buf_4)
                                                         net274 (net)
                      0.177570    0.007450   30.175169 ^ wire2/A (sky130_fd_sc_hd__buf_6)
     3    0.079273    0.256679    0.360075   30.535244 ^ wire2/X (sky130_fd_sc_hd__buf_6)
                                                         net273 (net)
                      0.259705    0.022300   30.557545 ^ wire1/A (sky130_fd_sc_hd__buf_6)
     3    0.081766    0.264549    0.398330   30.955875 ^ wire1/X (sky130_fd_sc_hd__buf_6)
                                                         net272 (net)
                      0.267818    0.023530   30.979404 ^ clkbuf_0_clk/A (sky130_fd_sc_hd__clkbuf_16)
     9    0.101201    0.179146    0.400721   31.380127 ^ clkbuf_0_clk/X (sky130_fd_sc_hd__clkbuf_16)
                                                         clknet_0_clk (net)
                      0.180426    0.012061   31.392187 ^ clkbuf_2_0__f_clk/A (sky130_fd_sc_hd__clkbuf_16)
    17    0.092920    0.166980    0.352255   31.744442 ^ clkbuf_2_0__f_clk/X (sky130_fd_sc_hd__clkbuf_16)
                                                         clknet_2_0__leaf_clk (net)
                      0.167573    0.008022   31.752464 ^ _141_/CLK (sky130_fd_sc_hd__dfrtp_2)
                                 -0.250000   31.502464   clock uncertainty
                                  0.000000   31.502464   clock reconvergence pessimism
                                  0.322960   31.825422   library recovery time
                                             31.825422   data required time
---------------------------------------------------------------------------------------------
                                             31.825422   data required time
                                            -19.312677   data arrival time
---------------------------------------------------------------------------------------------
                                             12.512747   slack (MET)


Startpoint: rst_n (input port clocked by clk)
Endpoint: _128_ (recovery check against rising-edge clock clk)
Path Group: asynchronous
Path Type: max

Fanout         Cap        Slew       Delay        Time   Description
---------------------------------------------------------------------------------------------
                                  0.000000    0.000000   clock clk (rise edge)
                                  5.570000    5.570000   clock network delay (propagated)
                                 12.500000   18.070000 ^ input external delay
     2    0.011551    0.000000    0.000000   18.070000 ^ rst_n (in)
                                                         rst_n (net)
                      0.000639    0.000320   18.070318 ^ input79/A (sky130_fd_sc_hd__buf_12)
     7    0.294549    0.459627    0.248681   18.319000 ^ input79/X (sky130_fd_sc_hd__buf_12)
                                                         net79 (net)
                      0.775667    0.316255   18.635256 ^ fanout268/A (sky130_fd_sc_hd__buf_8)
    33    0.168198    0.428094    0.639242   19.274498 ^ fanout268/X (sky130_fd_sc_hd__buf_8)
                                                         net268 (net)
                      0.428278    0.007701   19.282198 ^ _128_/RESET_B (sky130_fd_sc_hd__dfrtp_4)
                                             19.282198   data arrival time

                                 25.000000   25.000000   clock clk (rise edge)
                                  4.650000   29.650000   clock source latency
     2    0.032618    0.610000    0.000000   29.650000 ^ clk (in)
                                                         clk (net)
                      0.618647    0.004324   29.654322 ^ wire3/A (sky130_fd_sc_hd__buf_4)
     3    0.036079    0.177169    0.513397   30.167721 ^ wire3/X (sky130_fd_sc_hd__buf_4)
                                                         net274 (net)
                      0.177570    0.007450   30.175169 ^ wire2/A (sky130_fd_sc_hd__buf_6)
     3    0.079273    0.256679    0.360075   30.535244 ^ wire2/X (sky130_fd_sc_hd__buf_6)
                                                         net273 (net)
                      0.259705    0.022300   30.557545 ^ wire1/A (sky130_fd_sc_hd__buf_6)
     3    0.081766    0.264549    0.398330   30.955875 ^ wire1/X (sky130_fd_sc_hd__buf_6)
                                                         net272 (net)
                      0.267818    0.023530   30.979404 ^ clkbuf_0_clk/A (sky130_fd_sc_hd__clkbuf_16)
     9    0.101201    0.179146    0.400721   31.380127 ^ clkbuf_0_clk/X (sky130_fd_sc_hd__clkbuf_16)
                                                         clknet_0_clk (net)
                      0.180362    0.011763   31.391890 ^ clkbuf_2_1__f_clk/A (sky130_fd_sc_hd__clkbuf_16)
    21    0.086026    0.158258    0.342755   31.734644 ^ clkbuf_2_1__f_clk/X (sky130_fd_sc_hd__clkbuf_16)
                                                         clknet_2_1__leaf_clk (net)
                      0.159821    0.012378   31.747023 ^ _128_/CLK (sky130_fd_sc_hd__dfrtp_4)
                                 -0.250000   31.497021   clock uncertainty
                                  0.000000   31.497021   clock reconvergence pessimism
                                  0.306941   31.803961   library recovery time
                                             31.803961   data required time
---------------------------------------------------------------------------------------------
                                             31.803961   data required time
                                            -19.282198   data arrival time
---------------------------------------------------------------------------------------------
                                             12.521764   slack (MET)


Startpoint: rst_n (input port clocked by clk)
Endpoint: _160_ (recovery check against rising-edge clock clk)
Path Group: asynchronous
Path Type: max

Fanout         Cap        Slew       Delay        Time   Description
---------------------------------------------------------------------------------------------
                                  0.000000    0.000000   clock clk (rise edge)
                                  5.570000    5.570000   clock network delay (propagated)
                                 12.500000   18.070000 ^ input external delay
     2    0.011551    0.000000    0.000000   18.070000 ^ rst_n (in)
                                                         rst_n (net)
                      0.000639    0.000320   18.070318 ^ input79/A (sky130_fd_sc_hd__buf_12)
     7    0.294549    0.459627    0.248681   18.319000 ^ input79/X (sky130_fd_sc_hd__buf_12)
                                                         net79 (net)
                      0.863930    0.377469   18.696468 ^ _160_/RESET_B (sky130_fd_sc_hd__dfrtp_4)
                                             18.696468   data arrival time

                                 25.000000   25.000000   clock clk (rise edge)
                                  4.650000   29.650000   clock source latency
     2    0.032618    0.610000    0.000000   29.650000 ^ clk (in)
                                                         clk (net)
                      0.618647    0.004324   29.654322 ^ wire3/A (sky130_fd_sc_hd__buf_4)
     3    0.036079    0.177169    0.513397   30.167721 ^ wire3/X (sky130_fd_sc_hd__buf_4)
                                                         net274 (net)
                      0.177570    0.007450   30.175169 ^ wire2/A (sky130_fd_sc_hd__buf_6)
     3    0.079273    0.256679    0.360075   30.535244 ^ wire2/X (sky130_fd_sc_hd__buf_6)
                                                         net273 (net)
                      0.259705    0.022300   30.557545 ^ wire1/A (sky130_fd_sc_hd__buf_6)
     3    0.081766    0.264549    0.398330   30.955875 ^ wire1/X (sky130_fd_sc_hd__buf_6)
                                                         net272 (net)
                      0.267818    0.023530   30.979404 ^ clkbuf_0_clk/A (sky130_fd_sc_hd__clkbuf_16)
     9    0.101201    0.179146    0.400721   31.380127 ^ clkbuf_0_clk/X (sky130_fd_sc_hd__clkbuf_16)
                                                         clknet_0_clk (net)
                      0.180071    0.010285   31.390411 ^ clkbuf_2_3__f_clk/A (sky130_fd_sc_hd__clkbuf_16)
    21    0.075270    0.142724    0.332449   31.722860 ^ clkbuf_2_3__f_clk/X (sky130_fd_sc_hd__clkbuf_16)
                                                         clknet_2_3__leaf_clk (net)
                      0.145171    0.014563   31.737423 ^ _160_/CLK (sky130_fd_sc_hd__dfrtp_4)
                                 -0.250000   31.487421   clock uncertainty
                                  0.000000   31.487421   clock reconvergence pessimism
                                  0.098777   31.586197   library recovery time
                                             31.586197   data required time
---------------------------------------------------------------------------------------------
                                             31.586197   data required time
                                            -18.696468   data arrival time
---------------------------------------------------------------------------------------------
                                             12.889729   slack (MET)


Startpoint: _159_ (rising edge-triggered flip-flop clocked by clk)
Endpoint: wbs_dat_o[30] (output port clocked by clk)
Path Group: clk
Path Type: max

Fanout         Cap        Slew       Delay        Time   Description
---------------------------------------------------------------------------------------------
                                  0.000000    0.000000   clock clk (rise edge)
                                  5.570000    5.570000   clock source latency
     2    0.032618    0.610000    0.000000    5.570000 ^ clk (in)
                                                         clk (net)
                      0.618647    0.004324    5.574324 ^ wire3/A (sky130_fd_sc_hd__buf_4)
     3    0.036079    0.177169    0.513396    6.087720 ^ wire3/X (sky130_fd_sc_hd__buf_4)
                                                         net274 (net)
                      0.177570    0.007451    6.095171 ^ wire2/A (sky130_fd_sc_hd__buf_6)
     3    0.079273    0.256679    0.360074    6.455245 ^ wire2/X (sky130_fd_sc_hd__buf_6)
                                                         net273 (net)
                      0.259705    0.022300    6.477546 ^ wire1/A (sky130_fd_sc_hd__buf_6)
     3    0.081766    0.264549    0.398330    6.875875 ^ wire1/X (sky130_fd_sc_hd__buf_6)
                                                         net272 (net)
                      0.267818    0.023531    6.899406 ^ clkbuf_0_clk/A (sky130_fd_sc_hd__clkbuf_16)
     9    0.101201    0.179146    0.400720    7.300127 ^ clkbuf_0_clk/X (sky130_fd_sc_hd__clkbuf_16)
                                                         clknet_0_clk (net)
                      0.180074    0.010305    7.310431 ^ clkbuf_2_2__f_clk/A (sky130_fd_sc_hd__clkbuf_16)
    17    0.094181    0.168784    0.354225    7.664657 ^ clkbuf_2_2__f_clk/X (sky130_fd_sc_hd__clkbuf_16)
                                                         clknet_2_2__leaf_clk (net)
                      0.170743    0.014426    7.679082 ^ _159_/CLK (sky130_fd_sc_hd__dfrtp_4)
     3    0.163985    0.734666    1.348828    9.027910 ^ _159_/Q (sky130_fd_sc_hd__dfrtp_4)
                                                         net251 (net)
                      0.753177    0.092109    9.120020 ^ output251/A (sky130_fd_sc_hd__buf_12)
     1    0.191272    0.350947    0.617137    9.737157 ^ output251/X (sky130_fd_sc_hd__buf_12)
                                                         wbs_dat_o[30] (net)
                      0.351267    0.009531    9.746688 ^ wbs_dat_o[30] (out)
                                              9.746688   data arrival time

                                 25.000000   25.000000   clock clk (rise edge)
                                  4.650000   29.650000   clock network delay (propagated)
                                 -0.250000   29.400000   clock uncertainty
                                  0.000000   29.400000   clock reconvergence pessimism
                                 -3.620000   25.779999   output external delay
                                             25.779999   data required time
---------------------------------------------------------------------------------------------
                                             25.779999   data required time
                                             -9.746688   data arrival time
---------------------------------------------------------------------------------------------
                                             16.033312   slack (MET)


Startpoint: _160_ (rising edge-triggered flip-flop clocked by clk)
Endpoint: wbs_dat_o[31] (output port clocked by clk)
Path Group: clk
Path Type: max

Fanout         Cap        Slew       Delay        Time   Description
---------------------------------------------------------------------------------------------
                                  0.000000    0.000000   clock clk (rise edge)
                                  5.570000    5.570000   clock source latency
     2    0.032618    0.610000    0.000000    5.570000 ^ clk (in)
                                                         clk (net)
                      0.618647    0.004324    5.574324 ^ wire3/A (sky130_fd_sc_hd__buf_4)
     3    0.036079    0.177169    0.513396    6.087720 ^ wire3/X (sky130_fd_sc_hd__buf_4)
                                                         net274 (net)
                      0.177570    0.007451    6.095171 ^ wire2/A (sky130_fd_sc_hd__buf_6)
     3    0.079273    0.256679    0.360074    6.455245 ^ wire2/X (sky130_fd_sc_hd__buf_6)
                                                         net273 (net)
                      0.259705    0.022300    6.477546 ^ wire1/A (sky130_fd_sc_hd__buf_6)
     3    0.081766    0.264549    0.398330    6.875875 ^ wire1/X (sky130_fd_sc_hd__buf_6)
                                                         net272 (net)
                      0.267818    0.023531    6.899406 ^ clkbuf_0_clk/A (sky130_fd_sc_hd__clkbuf_16)
     9    0.101201    0.179146    0.400720    7.300127 ^ clkbuf_0_clk/X (sky130_fd_sc_hd__clkbuf_16)
                                                         clknet_0_clk (net)
                      0.180071    0.010286    7.310413 ^ clkbuf_2_3__f_clk/A (sky130_fd_sc_hd__clkbuf_16)
    21    0.075270    0.142724    0.332447    7.642861 ^ clkbuf_2_3__f_clk/X (sky130_fd_sc_hd__clkbuf_16)
                                                         clknet_2_3__leaf_clk (net)
                      0.145171    0.014563    7.657423 ^ _160_/CLK (sky130_fd_sc_hd__dfrtp_4)
     3    0.151942    0.687593    1.285162    8.942586 ^ _160_/Q (sky130_fd_sc_hd__dfrtp_4)
                                                         net252 (net)
                      0.717854    0.112715    9.055301 ^ output252/A (sky130_fd_sc_hd__buf_12)
     1    0.191251    0.350663    0.609740    9.665041 ^ output252/X (sky130_fd_sc_hd__buf_12)
                                                         wbs_dat_o[31] (net)
                      0.350983    0.009530    9.674571 ^ wbs_dat_o[31] (out)
                                              9.674571   data arrival time

                                 25.000000   25.000000   clock clk (rise edge)
                                  4.650000   29.650000   clock network delay (propagated)
                                 -0.250000   29.400000   clock uncertainty
                                  0.000000   29.400000   clock reconvergence pessimism
                                 -3.620000   25.779999   output external delay
                                             25.779999   data required time
---------------------------------------------------------------------------------------------
                                             25.779999   data required time
                                             -9.674571   data arrival time
---------------------------------------------------------------------------------------------
                                             16.105429   slack (MET)


Startpoint: _158_ (rising edge-triggered flip-flop clocked by clk)
Endpoint: wbs_dat_o[29] (output port clocked by clk)
Path Group: clk
Path Type: max

Fanout         Cap        Slew       Delay        Time   Description
---------------------------------------------------------------------------------------------
                                  0.000000    0.000000   clock clk (rise edge)
                                  5.570000    5.570000   clock source latency
     2    0.032618    0.610000    0.000000    5.570000 ^ clk (in)
                                                         clk (net)
                      0.618647    0.004324    5.574324 ^ wire3/A (sky130_fd_sc_hd__buf_4)
     3    0.036079    0.177169    0.513396    6.087720 ^ wire3/X (sky130_fd_sc_hd__buf_4)
                                                         net274 (net)
                      0.177570    0.007451    6.095171 ^ wire2/A (sky130_fd_sc_hd__buf_6)
     3    0.079273    0.256679    0.360074    6.455245 ^ wire2/X (sky130_fd_sc_hd__buf_6)
                                                         net273 (net)
                      0.259705    0.022300    6.477546 ^ wire1/A (sky130_fd_sc_hd__buf_6)
     3    0.081766    0.264549    0.398330    6.875875 ^ wire1/X (sky130_fd_sc_hd__buf_6)
                                                         net272 (net)
                      0.267818    0.023531    6.899406 ^ clkbuf_0_clk/A (sky130_fd_sc_hd__clkbuf_16)
     9    0.101201    0.179146    0.400720    7.300127 ^ clkbuf_0_clk/X (sky130_fd_sc_hd__clkbuf_16)
                                                         clknet_0_clk (net)
                      0.180071    0.010286    7.310413 ^ clkbuf_2_3__f_clk/A (sky130_fd_sc_hd__clkbuf_16)
    21    0.075270    0.142724    0.332447    7.642861 ^ clkbuf_2_3__f_clk/X (sky130_fd_sc_hd__clkbuf_16)
                                                         clknet_2_3__leaf_clk (net)
                      0.145274    0.014875    7.657736 ^ _158_/CLK (sky130_fd_sc_hd__dfrtp_4)
     3    0.139045    0.633261    1.259131    8.916866 ^ _158_/Q (sky130_fd_sc_hd__dfrtp_4)
                                                         net249 (net)
                      0.653555    0.089285    9.006151 ^ output249/A (sky130_fd_sc_hd__buf_12)
     1    0.191353    0.350444    0.596486    9.602638 ^ output249/X (sky130_fd_sc_hd__buf_12)
                                                         wbs_dat_o[29] (net)
                      0.350765    0.009536    9.612174 ^ wbs_dat_o[29] (out)
                                              9.612174   data arrival time

                                 25.000000   25.000000   clock clk (rise edge)
                                  4.650000   29.650000   clock network delay (propagated)
                                 -0.250000   29.400000   clock uncertainty
                                  0.000000   29.400000   clock reconvergence pessimism
                                 -3.620000   25.779999   output external delay
                                             25.779999   data required time
---------------------------------------------------------------------------------------------
                                             25.779999   data required time
                                             -9.612174   data arrival time
---------------------------------------------------------------------------------------------
                                             16.167826   slack (MET)


Startpoint: _129_ (rising edge-triggered flip-flop clocked by clk)
Endpoint: wbs_dat_o[0] (output port clocked by clk)
Path Group: clk
Path Type: max

Fanout         Cap        Slew       Delay        Time   Description
---------------------------------------------------------------------------------------------
                                  0.000000    0.000000   clock clk (rise edge)
                                  5.570000    5.570000   clock source latency
     2    0.032618    0.610000    0.000000    5.570000 ^ clk (in)
                                                         clk (net)
                      0.618647    0.004324    5.574324 ^ wire3/A (sky130_fd_sc_hd__buf_4)
     3    0.036079    0.177169    0.513396    6.087720 ^ wire3/X (sky130_fd_sc_hd__buf_4)
                                                         net274 (net)
                      0.177570    0.007451    6.095171 ^ wire2/A (sky130_fd_sc_hd__buf_6)
     3    0.079273    0.256679    0.360074    6.455245 ^ wire2/X (sky130_fd_sc_hd__buf_6)
                                                         net273 (net)
                      0.259705    0.022300    6.477546 ^ wire1/A (sky130_fd_sc_hd__buf_6)
     3    0.081766    0.264549    0.398330    6.875875 ^ wire1/X (sky130_fd_sc_hd__buf_6)
                                                         net272 (net)
                      0.267818    0.023531    6.899406 ^ clkbuf_0_clk/A (sky130_fd_sc_hd__clkbuf_16)
     9    0.101201    0.179146    0.400720    7.300127 ^ clkbuf_0_clk/X (sky130_fd_sc_hd__clkbuf_16)
                                                         clknet_0_clk (net)
                      0.180362    0.011763    7.311890 ^ clkbuf_2_1__f_clk/A (sky130_fd_sc_hd__clkbuf_16)
    21    0.086026    0.158258    0.342756    7.654646 ^ clkbuf_2_1__f_clk/X (sky130_fd_sc_hd__clkbuf_16)
                                                         clknet_2_1__leaf_clk (net)
                      0.161067    0.016536    7.671182 ^ _129_/CLK (sky130_fd_sc_hd__dfrtp_4)
     3    0.133011    0.606432    1.256025    8.927207 ^ _129_/Q (sky130_fd_sc_hd__dfrtp_4)
                                                         net228 (net)
                      0.624454    0.082368    9.009575 ^ output228/A (sky130_fd_sc_hd__buf_12)
     1    0.191017    0.342663    0.585165    9.594740 ^ output228/X (sky130_fd_sc_hd__buf_12)
                                                         wbs_dat_o[0] (net)
                      0.342961    0.009103    9.603843 ^ wbs_dat_o[0] (out)
                                              9.603843   data arrival time

                                 25.000000   25.000000   clock clk (rise edge)
                                  4.650000   29.650000   clock network delay (propagated)
                                 -0.250000   29.400000   clock uncertainty
                                  0.000000   29.400000   clock reconvergence pessimism
                                 -3.620000   25.779999   output external delay
                                             25.779999   data required time
---------------------------------------------------------------------------------------------
                                             25.779999   data required time
                                             -9.603843   data arrival time
---------------------------------------------------------------------------------------------
                                             16.176155   slack (MET)


Startpoint: _131_ (rising edge-triggered flip-flop clocked by clk)
Endpoint: wbs_dat_o[2] (output port clocked by clk)
Path Group: clk
Path Type: max

Fanout         Cap        Slew       Delay        Time   Description
---------------------------------------------------------------------------------------------
                                  0.000000    0.000000   clock clk (rise edge)
                                  5.570000    5.570000   clock source latency
     2    0.032618    0.610000    0.000000    5.570000 ^ clk (in)
                                                         clk (net)
                      0.618647    0.004324    5.574324 ^ wire3/A (sky130_fd_sc_hd__buf_4)
     3    0.036079    0.177169    0.513396    6.087720 ^ wire3/X (sky130_fd_sc_hd__buf_4)
                                                         net274 (net)
                      0.177570    0.007451    6.095171 ^ wire2/A (sky130_fd_sc_hd__buf_6)
     3    0.079273    0.256679    0.360074    6.455245 ^ wire2/X (sky130_fd_sc_hd__buf_6)
                                                         net273 (net)
                      0.259705    0.022300    6.477546 ^ wire1/A (sky130_fd_sc_hd__buf_6)
     3    0.081766    0.264549    0.398330    6.875875 ^ wire1/X (sky130_fd_sc_hd__buf_6)
                                                         net272 (net)
                      0.267818    0.023531    6.899406 ^ clkbuf_0_clk/A (sky130_fd_sc_hd__clkbuf_16)
     9    0.101201    0.179146    0.400720    7.300127 ^ clkbuf_0_clk/X (sky130_fd_sc_hd__clkbuf_16)
                                                         clknet_0_clk (net)
                      0.180362    0.011763    7.311890 ^ clkbuf_2_1__f_clk/A (sky130_fd_sc_hd__clkbuf_16)
    21    0.086026    0.158258    0.342756    7.654646 ^ clkbuf_2_1__f_clk/X (sky130_fd_sc_hd__clkbuf_16)
                                                         clknet_2_1__leaf_clk (net)
                      0.162087    0.019343    7.673989 ^ _131_/CLK (sky130_fd_sc_hd__dfrtp_4)
     3    0.130013    0.595701    1.243693    8.917682 ^ _131_/Q (sky130_fd_sc_hd__dfrtp_4)
                                                         net250 (net)
                      0.611401    0.076517    8.994200 ^ output250/A (sky130_fd_sc_hd__buf_12)
     1    0.191017    0.342633    0.580774    9.574973 ^ output250/X (sky130_fd_sc_hd__buf_12)
                                                         wbs_dat_o[2] (net)
                      0.342931    0.009103    9.584076 ^ wbs_dat_o[2] (out)
                                              9.584076   data arrival time

                                 25.000000   25.000000   clock clk (rise edge)
                                  4.650000   29.650000   clock network delay (propagated)
                                 -0.250000   29.400000   clock uncertainty
                                  0.000000   29.400000   clock reconvergence pessimism
                                 -3.620000   25.779999   output external delay
                                             25.779999   data required time
---------------------------------------------------------------------------------------------
                                             25.779999   data required time
                                             -9.584076   data arrival time
---------------------------------------------------------------------------------------------
                                             16.195923   slack (MET)


Startpoint: _132_ (rising edge-triggered flip-flop clocked by clk)
Endpoint: wbs_dat_o[3] (output port clocked by clk)
Path Group: clk
Path Type: max

Fanout         Cap        Slew       Delay        Time   Description
---------------------------------------------------------------------------------------------
                                  0.000000    0.000000   clock clk (rise edge)
                                  5.570000    5.570000   clock source latency
     2    0.032618    0.610000    0.000000    5.570000 ^ clk (in)
                                                         clk (net)
                      0.618647    0.004324    5.574324 ^ wire3/A (sky130_fd_sc_hd__buf_4)
     3    0.036079    0.177169    0.513396    6.087720 ^ wire3/X (sky130_fd_sc_hd__buf_4)
                                                         net274 (net)
                      0.177570    0.007451    6.095171 ^ wire2/A (sky130_fd_sc_hd__buf_6)
     3    0.079273    0.256679    0.360074    6.455245 ^ wire2/X (sky130_fd_sc_hd__buf_6)
                                                         net273 (net)
                      0.259705    0.022300    6.477546 ^ wire1/A (sky130_fd_sc_hd__buf_6)
     3    0.081766    0.264549    0.398330    6.875875 ^ wire1/X (sky130_fd_sc_hd__buf_6)
                                                         net272 (net)
                      0.267818    0.023531    6.899406 ^ clkbuf_0_clk/A (sky130_fd_sc_hd__clkbuf_16)
     9    0.101201    0.179146    0.400720    7.300127 ^ clkbuf_0_clk/X (sky130_fd_sc_hd__clkbuf_16)
                                                         clknet_0_clk (net)
                      0.180362    0.011763    7.311890 ^ clkbuf_2_1__f_clk/A (sky130_fd_sc_hd__clkbuf_16)
    21    0.086026    0.158258    0.342756    7.654646 ^ clkbuf_2_1__f_clk/X (sky130_fd_sc_hd__clkbuf_16)
                                                         clknet_2_1__leaf_clk (net)
                      0.162150    0.019504    7.674150 ^ _132_/CLK (sky130_fd_sc_hd__dfrtp_4)
     3    0.130419    0.598432    1.241382    8.915532 ^ _132_/Q (sky130_fd_sc_hd__dfrtp_4)
                                                         net253 (net)
                      0.613273    0.074734    8.990266 ^ output253/A (sky130_fd_sc_hd__buf_12)
     1    0.191007    0.342621    0.581394    9.571660 ^ output253/X (sky130_fd_sc_hd__buf_12)
                                                         wbs_dat_o[3] (net)
                      0.342919    0.009100    9.580760 ^ wbs_dat_o[3] (out)
                                              9.580760   data arrival time

                                 25.000000   25.000000   clock clk (rise edge)
                                  4.650000   29.650000   clock network delay (propagated)
                                 -0.250000   29.400000   clock uncertainty
                                  0.000000   29.400000   clock reconvergence pessimism
                                 -3.620000   25.779999   output external delay
                                             25.779999   data required time
---------------------------------------------------------------------------------------------
                                             25.779999   data required time
                                             -9.580760   data arrival time
---------------------------------------------------------------------------------------------
                                             16.199238   slack (MET)


Startpoint: _157_ (rising edge-triggered flip-flop clocked by clk)
Endpoint: wbs_dat_o[28] (output port clocked by clk)
Path Group: clk
Path Type: max

Fanout         Cap        Slew       Delay        Time   Description
---------------------------------------------------------------------------------------------
                                  0.000000    0.000000   clock clk (rise edge)
                                  5.570000    5.570000   clock source latency
     2    0.032618    0.610000    0.000000    5.570000 ^ clk (in)
                                                         clk (net)
                      0.618647    0.004324    5.574324 ^ wire3/A (sky130_fd_sc_hd__buf_4)
     3    0.036079    0.177169    0.513396    6.087720 ^ wire3/X (sky130_fd_sc_hd__buf_4)
                                                         net274 (net)
                      0.177570    0.007451    6.095171 ^ wire2/A (sky130_fd_sc_hd__buf_6)
     3    0.079273    0.256679    0.360074    6.455245 ^ wire2/X (sky130_fd_sc_hd__buf_6)
                                                         net273 (net)
                      0.259705    0.022300    6.477546 ^ wire1/A (sky130_fd_sc_hd__buf_6)
     3    0.081766    0.264549    0.398330    6.875875 ^ wire1/X (sky130_fd_sc_hd__buf_6)
                                                         net272 (net)
                      0.267818    0.023531    6.899406 ^ clkbuf_0_clk/A (sky130_fd_sc_hd__clkbuf_16)
     9    0.101201    0.179146    0.400720    7.300127 ^ clkbuf_0_clk/X (sky130_fd_sc_hd__clkbuf_16)
                                                         clknet_0_clk (net)
                      0.180071    0.010286    7.310413 ^ clkbuf_2_3__f_clk/A (sky130_fd_sc_hd__clkbuf_16)
    21    0.075270    0.142724    0.332447    7.642861 ^ clkbuf_2_3__f_clk/X (sky130_fd_sc_hd__clkbuf_16)
                                                         clknet_2_3__leaf_clk (net)
                      0.144994    0.014014    7.656875 ^ _157_/CLK (sky130_fd_sc_hd__dfrtp_4)
     3    0.125811    0.577562    1.225194    8.882069 ^ _157_/Q (sky130_fd_sc_hd__dfrtp_4)
                                                         net248 (net)
                      0.594309    0.077544    8.959613 ^ output248/A (sky130_fd_sc_hd__buf_12)
     1    0.191312    0.350079    0.579474    9.539087 ^ output248/X (sky130_fd_sc_hd__buf_12)
                                                         wbs_dat_o[28] (net)
                      0.350582    0.009533    9.548620 ^ wbs_dat_o[28] (out)
                                              9.548620   data arrival time

                                 25.000000   25.000000   clock clk (rise edge)
                                  4.650000   29.650000   clock network delay (propagated)
                                 -0.250000   29.400000   clock uncertainty
                                  0.000000   29.400000   clock reconvergence pessimism
                                 -3.620000   25.779999   output external delay
                                             25.779999   data required time
---------------------------------------------------------------------------------------------
                                             25.779999   data required time
                                             -9.548620   data arrival time
---------------------------------------------------------------------------------------------
                                             16.231379   slack (MET)


Startpoint: _130_ (rising edge-triggered flip-flop clocked by clk)
Endpoint: wbs_dat_o[1] (output port clocked by clk)
Path Group: clk
Path Type: max

Fanout         Cap        Slew       Delay        Time   Description
---------------------------------------------------------------------------------------------
                                  0.000000    0.000000   clock clk (rise edge)
                                  5.570000    5.570000   clock source latency
     2    0.032618    0.610000    0.000000    5.570000 ^ clk (in)
                                                         clk (net)
                      0.618647    0.004324    5.574324 ^ wire3/A (sky130_fd_sc_hd__buf_4)
     3    0.036079    0.177169    0.513396    6.087720 ^ wire3/X (sky130_fd_sc_hd__buf_4)
                                                         net274 (net)
                      0.177570    0.007451    6.095171 ^ wire2/A (sky130_fd_sc_hd__buf_6)
     3    0.079273    0.256679    0.360074    6.455245 ^ wire2/X (sky130_fd_sc_hd__buf_6)
                                                         net273 (net)
                      0.259705    0.022300    6.477546 ^ wire1/A (sky130_fd_sc_hd__buf_6)
     3    0.081766    0.264549    0.398330    6.875875 ^ wire1/X (sky130_fd_sc_hd__buf_6)
                                                         net272 (net)
                      0.267818    0.023531    6.899406 ^ clkbuf_0_clk/A (sky130_fd_sc_hd__clkbuf_16)
     9    0.101201    0.179146    0.400720    7.300127 ^ clkbuf_0_clk/X (sky130_fd_sc_hd__clkbuf_16)
                                                         clknet_0_clk (net)
                      0.180362    0.011763    7.311890 ^ clkbuf_2_1__f_clk/A (sky130_fd_sc_hd__clkbuf_16)
    21    0.086026    0.158258    0.342756    7.654646 ^ clkbuf_2_1__f_clk/X (sky130_fd_sc_hd__clkbuf_16)
                                                         clknet_2_1__leaf_clk (net)
                      0.162094    0.019360    7.674006 ^ _130_/CLK (sky130_fd_sc_hd__dfrtp_4)
     3    0.116527    0.356210    1.303840    8.977845 v _130_/Q (sky130_fd_sc_hd__dfrtp_4)
                                                         net239 (net)
                      0.376897    0.065969    9.043815 v output239/A (sky130_fd_sc_hd__buf_12)
     1    0.191017    0.177188    0.484528    9.528343 v output239/X (sky130_fd_sc_hd__buf_12)
                                                         wbs_dat_o[1] (net)
                      0.177812    0.009067    9.537410 v wbs_dat_o[1] (out)
                                              9.537410   data arrival time

                                 25.000000   25.000000   clock clk (rise edge)
                                  4.650000   29.650000   clock network delay (propagated)
                                 -0.250000   29.400000   clock uncertainty
                                  0.000000   29.400000   clock reconvergence pessimism
                                 -3.620000   25.779999   output external delay
                                             25.779999   data required time
---------------------------------------------------------------------------------------------
                                             25.779999   data required time
                                             -9.537410   data arrival time
---------------------------------------------------------------------------------------------
                                             16.242590   slack (MET)


Startpoint: _156_ (rising edge-triggered flip-flop clocked by clk)
Endpoint: wbs_dat_o[27] (output port clocked by clk)
Path Group: clk
Path Type: max

Fanout         Cap        Slew       Delay        Time   Description
---------------------------------------------------------------------------------------------
                                  0.000000    0.000000   clock clk (rise edge)
                                  5.570000    5.570000   clock source latency
     2    0.032618    0.610000    0.000000    5.570000 ^ clk (in)
                                                         clk (net)
                      0.618647    0.004324    5.574324 ^ wire3/A (sky130_fd_sc_hd__buf_4)
     3    0.036079    0.177169    0.513396    6.087720 ^ wire3/X (sky130_fd_sc_hd__buf_4)
                                                         net274 (net)
                      0.177570    0.007451    6.095171 ^ wire2/A (sky130_fd_sc_hd__buf_6)
     3    0.079273    0.256679    0.360074    6.455245 ^ wire2/X (sky130_fd_sc_hd__buf_6)
                                                         net273 (net)
                      0.259705    0.022300    6.477546 ^ wire1/A (sky130_fd_sc_hd__buf_6)
     3    0.081766    0.264549    0.398330    6.875875 ^ wire1/X (sky130_fd_sc_hd__buf_6)
                                                         net272 (net)
                      0.267818    0.023531    6.899406 ^ clkbuf_0_clk/A (sky130_fd_sc_hd__clkbuf_16)
     9    0.101201    0.179146    0.400720    7.300127 ^ clkbuf_0_clk/X (sky130_fd_sc_hd__clkbuf_16)
                                                         clknet_0_clk (net)
                      0.180071    0.010286    7.310413 ^ clkbuf_2_3__f_clk/A (sky130_fd_sc_hd__clkbuf_16)
    21    0.075270    0.142724    0.332447    7.642861 ^ clkbuf_2_3__f_clk/X (sky130_fd_sc_hd__clkbuf_16)
                                                         clknet_2_3__leaf_clk (net)
                      0.145167    0.014552    7.657413 ^ _156_/CLK (sky130_fd_sc_hd__dfrtp_4)
     3    0.110941    0.344817    1.288026    8.945438 v _156_/Q (sky130_fd_sc_hd__dfrtp_4)
                                                         net247 (net)
                      0.362484    0.059961    9.005400 v output247/A (sky130_fd_sc_hd__buf_12)
     1    0.191596    0.177781    0.477442    9.482841 v output247/X (sky130_fd_sc_hd__buf_12)
                                                         wbs_dat_o[27] (net)
                      0.178516    0.009814    9.492656 v wbs_dat_o[27] (out)
                                              9.492656   data arrival time

                                 25.000000   25.000000   clock clk (rise edge)
                                  4.650000   29.650000   clock network delay (propagated)
                                 -0.250000   29.400000   clock uncertainty
                                  0.000000   29.400000   clock reconvergence pessimism
                                 -3.620000   25.779999   output external delay
                                             25.779999   data required time
---------------------------------------------------------------------------------------------
                                             25.779999   data required time
                                             -9.492656   data arrival time
---------------------------------------------------------------------------------------------
                                             16.287344   slack (MET)


Startpoint: _133_ (rising edge-triggered flip-flop clocked by clk)
Endpoint: wbs_dat_o[4] (output port clocked by clk)
Path Group: clk
Path Type: max

Fanout         Cap        Slew       Delay        Time   Description
---------------------------------------------------------------------------------------------
                                  0.000000    0.000000   clock clk (rise edge)
                                  5.570000    5.570000   clock source latency
     2    0.032618    0.610000    0.000000    5.570000 ^ clk (in)
                                                         clk (net)
                      0.618647    0.004324    5.574324 ^ wire3/A (sky130_fd_sc_hd__buf_4)
     3    0.036079    0.177169    0.513396    6.087720 ^ wire3/X (sky130_fd_sc_hd__buf_4)
                                                         net274 (net)
                      0.177570    0.007451    6.095171 ^ wire2/A (sky130_fd_sc_hd__buf_6)
     3    0.079273    0.256679    0.360074    6.455245 ^ wire2/X (sky130_fd_sc_hd__buf_6)
                                                         net273 (net)
                      0.259705    0.022300    6.477546 ^ wire1/A (sky130_fd_sc_hd__buf_6)
     3    0.081766    0.264549    0.398330    6.875875 ^ wire1/X (sky130_fd_sc_hd__buf_6)
                                                         net272 (net)
                      0.267818    0.023531    6.899406 ^ clkbuf_0_clk/A (sky130_fd_sc_hd__clkbuf_16)
     9    0.101201    0.179146    0.400720    7.300127 ^ clkbuf_0_clk/X (sky130_fd_sc_hd__clkbuf_16)
                                                         clknet_0_clk (net)
                      0.180362    0.011763    7.311890 ^ clkbuf_2_1__f_clk/A (sky130_fd_sc_hd__clkbuf_16)
    21    0.086026    0.158258    0.342756    7.654646 ^ clkbuf_2_1__f_clk/X (sky130_fd_sc_hd__clkbuf_16)
                                                         clknet_2_1__leaf_clk (net)
                      0.162230    0.019706    7.674352 ^ _133_/CLK (sky130_fd_sc_hd__dfrtp_4)
     3    0.089066    0.298026    1.257420    8.931772 v _133_/Q (sky130_fd_sc_hd__dfrtp_4)
                                                         net254 (net)
                      0.307626    0.040793    8.972565 v output254/A (sky130_fd_sc_hd__buf_12)
     1    0.191057    0.176730    0.451561    9.424127 v output254/X (sky130_fd_sc_hd__buf_12)
                                                         wbs_dat_o[4] (net)
                      0.177355    0.009067    9.433194 v wbs_dat_o[4] (out)
                                              9.433194   data arrival time

                                 25.000000   25.000000   clock clk (rise edge)
                                  4.650000   29.650000   clock network delay (propagated)
                                 -0.250000   29.400000   clock uncertainty
                                  0.000000   29.400000   clock reconvergence pessimism
                                 -3.620000   25.779999   output external delay
                                             25.779999   data required time
---------------------------------------------------------------------------------------------
                                             25.779999   data required time
                                             -9.433194   data arrival time
---------------------------------------------------------------------------------------------
                                             16.346806   slack (MET)


Startpoint: _153_ (rising edge-triggered flip-flop clocked by clk)
Endpoint: wbs_dat_o[24] (output port clocked by clk)
Path Group: clk
Path Type: max

Fanout         Cap        Slew       Delay        Time   Description
---------------------------------------------------------------------------------------------
                                  0.000000    0.000000   clock clk (rise edge)
                                  5.570000    5.570000   clock source latency
     2    0.032618    0.610000    0.000000    5.570000 ^ clk (in)
                                                         clk (net)
                      0.618647    0.004324    5.574324 ^ wire3/A (sky130_fd_sc_hd__buf_4)
     3    0.036079    0.177169    0.513396    6.087720 ^ wire3/X (sky130_fd_sc_hd__buf_4)
                                                         net274 (net)
                      0.177570    0.007451    6.095171 ^ wire2/A (sky130_fd_sc_hd__buf_6)
     3    0.079273    0.256679    0.360074    6.455245 ^ wire2/X (sky130_fd_sc_hd__buf_6)
                                                         net273 (net)
                      0.259705    0.022300    6.477546 ^ wire1/A (sky130_fd_sc_hd__buf_6)
     3    0.081766    0.264549    0.398330    6.875875 ^ wire1/X (sky130_fd_sc_hd__buf_6)
                                                         net272 (net)
                      0.267818    0.023531    6.899406 ^ clkbuf_0_clk/A (sky130_fd_sc_hd__clkbuf_16)
     9    0.101201    0.179146    0.400720    7.300127 ^ clkbuf_0_clk/X (sky130_fd_sc_hd__clkbuf_16)
                                                         clknet_0_clk (net)
                      0.180071    0.010286    7.310413 ^ clkbuf_2_3__f_clk/A (sky130_fd_sc_hd__clkbuf_16)
    21    0.075270    0.142724    0.332447    7.642861 ^ clkbuf_2_3__f_clk/X (sky130_fd_sc_hd__clkbuf_16)
                                                         clknet_2_3__leaf_clk (net)
                      0.145653    0.015977    7.658838 ^ _153_/CLK (sky130_fd_sc_hd__dfrtp_4)
     3    0.092762    0.306367    1.259724    8.918562 v _153_/Q (sky130_fd_sc_hd__dfrtp_4)
                                                         net244 (net)
                      0.314920    0.039216    8.957778 v output244/A (sky130_fd_sc_hd__buf_12)
     1    0.191616    0.177461    0.454800    9.412578 v output244/X (sky130_fd_sc_hd__buf_12)
                                                         wbs_dat_o[24] (net)
                      0.178197    0.009815    9.422393 v wbs_dat_o[24] (out)
                                              9.422393   data arrival time

                                 25.000000   25.000000   clock clk (rise edge)
                                  4.650000   29.650000   clock network delay (propagated)
                                 -0.250000   29.400000   clock uncertainty
                                  0.000000   29.400000   clock reconvergence pessimism
                                 -3.620000   25.779999   output external delay
                                             25.779999   data required time
---------------------------------------------------------------------------------------------
                                             25.779999   data required time
                                             -9.422393   data arrival time
---------------------------------------------------------------------------------------------
                                             16.357607   slack (MET)


Startpoint: _155_ (rising edge-triggered flip-flop clocked by clk)
Endpoint: wbs_dat_o[26] (output port clocked by clk)
Path Group: clk
Path Type: max

Fanout         Cap        Slew       Delay        Time   Description
---------------------------------------------------------------------------------------------
                                  0.000000    0.000000   clock clk (rise edge)
                                  5.570000    5.570000   clock source latency
     2    0.032618    0.610000    0.000000    5.570000 ^ clk (in)
                                                         clk (net)
                      0.618647    0.004324    5.574324 ^ wire3/A (sky130_fd_sc_hd__buf_4)
     3    0.036079    0.177169    0.513396    6.087720 ^ wire3/X (sky130_fd_sc_hd__buf_4)
                                                         net274 (net)
                      0.177570    0.007451    6.095171 ^ wire2/A (sky130_fd_sc_hd__buf_6)
     3    0.079273    0.256679    0.360074    6.455245 ^ wire2/X (sky130_fd_sc_hd__buf_6)
                                                         net273 (net)
                      0.259705    0.022300    6.477546 ^ wire1/A (sky130_fd_sc_hd__buf_6)
     3    0.081766    0.264549    0.398330    6.875875 ^ wire1/X (sky130_fd_sc_hd__buf_6)
                                                         net272 (net)
                      0.267818    0.023531    6.899406 ^ clkbuf_0_clk/A (sky130_fd_sc_hd__clkbuf_16)
     9    0.101201    0.179146    0.400720    7.300127 ^ clkbuf_0_clk/X (sky130_fd_sc_hd__clkbuf_16)
                                                         clknet_0_clk (net)
                      0.180071    0.010286    7.310413 ^ clkbuf_2_3__f_clk/A (sky130_fd_sc_hd__clkbuf_16)
    21    0.075270    0.142724    0.332447    7.642861 ^ clkbuf_2_3__f_clk/X (sky130_fd_sc_hd__clkbuf_16)
                                                         clknet_2_3__leaf_clk (net)
                      0.145795    0.016374    7.659235 ^ _155_/CLK (sky130_fd_sc_hd__dfrtp_4)
     3    0.090547    0.299276    1.256832    8.916066 v _155_/Q (sky130_fd_sc_hd__dfrtp_4)
                                                         net246 (net)
                      0.308388    0.039686    8.955752 v output246/A (sky130_fd_sc_hd__buf_12)
     1    0.191507    0.181240    0.456756    9.412508 v output246/X (sky130_fd_sc_hd__buf_12)
                                                         wbs_dat_o[26] (net)
                      0.181912    0.009508    9.422016 v wbs_dat_o[26] (out)
                                              9.422016   data arrival time

                                 25.000000   25.000000   clock clk (rise edge)
                                  4.650000   29.650000   clock network delay (propagated)
                                 -0.250000   29.400000   clock uncertainty
                                  0.000000   29.400000   clock reconvergence pessimism
                                 -3.620000   25.779999   output external delay
                                             25.779999   data required time
---------------------------------------------------------------------------------------------
                                             25.779999   data required time
                                             -9.422016   data arrival time
---------------------------------------------------------------------------------------------
                                             16.357985   slack (MET)


Startpoint: _154_ (rising edge-triggered flip-flop clocked by clk)
Endpoint: wbs_dat_o[25] (output port clocked by clk)
Path Group: clk
Path Type: max

Fanout         Cap        Slew       Delay        Time   Description
---------------------------------------------------------------------------------------------
                                  0.000000    0.000000   clock clk (rise edge)
                                  5.570000    5.570000   clock source latency
     2    0.032618    0.610000    0.000000    5.570000 ^ clk (in)
                                                         clk (net)
                      0.618647    0.004324    5.574324 ^ wire3/A (sky130_fd_sc_hd__buf_4)
     3    0.036079    0.177169    0.513396    6.087720 ^ wire3/X (sky130_fd_sc_hd__buf_4)
                                                         net274 (net)
                      0.177570    0.007451    6.095171 ^ wire2/A (sky130_fd_sc_hd__buf_6)
     3    0.079273    0.256679    0.360074    6.455245 ^ wire2/X (sky130_fd_sc_hd__buf_6)
                                                         net273 (net)
                      0.259705    0.022300    6.477546 ^ wire1/A (sky130_fd_sc_hd__buf_6)
     3    0.081766    0.264549    0.398330    6.875875 ^ wire1/X (sky130_fd_sc_hd__buf_6)
                                                         net272 (net)
                      0.267818    0.023531    6.899406 ^ clkbuf_0_clk/A (sky130_fd_sc_hd__clkbuf_16)
     9    0.101201    0.179146    0.400720    7.300127 ^ clkbuf_0_clk/X (sky130_fd_sc_hd__clkbuf_16)
                                                         clknet_0_clk (net)
                      0.180071    0.010286    7.310413 ^ clkbuf_2_3__f_clk/A (sky130_fd_sc_hd__clkbuf_16)
    21    0.075270    0.142724    0.332447    7.642861 ^ clkbuf_2_3__f_clk/X (sky130_fd_sc_hd__clkbuf_16)
                                                         clknet_2_3__leaf_clk (net)
                      0.145765    0.016292    7.659153 ^ _154_/CLK (sky130_fd_sc_hd__dfrtp_4)
     3    0.087577    0.324176    1.248131    8.907284 v _154_/Q (sky130_fd_sc_hd__dfrtp_4)
                                                         net245 (net)
                      0.330692    0.035991    8.943274 v output245/A (sky130_fd_sc_hd__buf_12)
     1    0.191616    0.177574    0.462312    9.405587 v output245/X (sky130_fd_sc_hd__buf_12)
                                                         wbs_dat_o[25] (net)
                      0.178310    0.009815    9.415402 v wbs_dat_o[25] (out)
                                              9.415402   data arrival time

                                 25.000000   25.000000   clock clk (rise edge)
                                  4.650000   29.650000   clock network delay (propagated)
                                 -0.250000   29.400000   clock uncertainty
                                  0.000000   29.400000   clock reconvergence pessimism
                                 -3.620000   25.779999   output external delay
                                             25.779999   data required time
---------------------------------------------------------------------------------------------
                                             25.779999   data required time
                                             -9.415402   data arrival time
---------------------------------------------------------------------------------------------
                                             16.364597   slack (MET)


Startpoint: _152_ (rising edge-triggered flip-flop clocked by clk)
Endpoint: wbs_dat_o[23] (output port clocked by clk)
Path Group: clk
Path Type: max

Fanout         Cap        Slew       Delay        Time   Description
---------------------------------------------------------------------------------------------
                                  0.000000    0.000000   clock clk (rise edge)
                                  5.570000    5.570000   clock source latency
     2    0.032618    0.610000    0.000000    5.570000 ^ clk (in)
                                                         clk (net)
                      0.618647    0.004324    5.574324 ^ wire3/A (sky130_fd_sc_hd__buf_4)
     3    0.036079    0.177169    0.513396    6.087720 ^ wire3/X (sky130_fd_sc_hd__buf_4)
                                                         net274 (net)
                      0.177570    0.007451    6.095171 ^ wire2/A (sky130_fd_sc_hd__buf_6)
     3    0.079273    0.256679    0.360074    6.455245 ^ wire2/X (sky130_fd_sc_hd__buf_6)
                                                         net273 (net)
                      0.259705    0.022300    6.477546 ^ wire1/A (sky130_fd_sc_hd__buf_6)
     3    0.081766    0.264549    0.398330    6.875875 ^ wire1/X (sky130_fd_sc_hd__buf_6)
                                                         net272 (net)
                      0.267818    0.023531    6.899406 ^ clkbuf_0_clk/A (sky130_fd_sc_hd__clkbuf_16)
     9    0.101201    0.179146    0.400720    7.300127 ^ clkbuf_0_clk/X (sky130_fd_sc_hd__clkbuf_16)
                                                         clknet_0_clk (net)
                      0.180071    0.010286    7.310413 ^ clkbuf_2_3__f_clk/A (sky130_fd_sc_hd__clkbuf_16)
    21    0.075270    0.142724    0.332447    7.642861 ^ clkbuf_2_3__f_clk/X (sky130_fd_sc_hd__clkbuf_16)
                                                         clknet_2_3__leaf_clk (net)
                      0.145791    0.016363    7.659224 ^ _152_/CLK (sky130_fd_sc_hd__dfrtp_4)
     3    0.081420    0.304877    1.237889    8.897113 v _152_/Q (sky130_fd_sc_hd__dfrtp_4)
                                                         net243 (net)
                      0.307931    0.025807    8.922919 v output243/A (sky130_fd_sc_hd__buf_12)
     1    0.191616    0.177414    0.451471    9.374391 v output243/X (sky130_fd_sc_hd__buf_12)
                                                         wbs_dat_o[23] (net)
                      0.178150    0.009815    9.384206 v wbs_dat_o[23] (out)
                                              9.384206   data arrival time

                                 25.000000   25.000000   clock clk (rise edge)
                                  4.650000   29.650000   clock network delay (propagated)
                                 -0.250000   29.400000   clock uncertainty
                                  0.000000   29.400000   clock reconvergence pessimism
                                 -3.620000   25.779999   output external delay
                                             25.779999   data required time
---------------------------------------------------------------------------------------------
                                             25.779999   data required time
                                             -9.384206   data arrival time
---------------------------------------------------------------------------------------------
                                             16.395794   slack (MET)


Startpoint: _135_ (rising edge-triggered flip-flop clocked by clk)
Endpoint: wbs_dat_o[6] (output port clocked by clk)
Path Group: clk
Path Type: max

Fanout         Cap        Slew       Delay        Time   Description
---------------------------------------------------------------------------------------------
                                  0.000000    0.000000   clock clk (rise edge)
                                  5.570000    5.570000   clock source latency
     2    0.032618    0.610000    0.000000    5.570000 ^ clk (in)
                                                         clk (net)
                      0.618647    0.004324    5.574324 ^ wire3/A (sky130_fd_sc_hd__buf_4)
     3    0.036079    0.177169    0.513396    6.087720 ^ wire3/X (sky130_fd_sc_hd__buf_4)
                                                         net274 (net)
                      0.177570    0.007451    6.095171 ^ wire2/A (sky130_fd_sc_hd__buf_6)
     3    0.079273    0.256679    0.360074    6.455245 ^ wire2/X (sky130_fd_sc_hd__buf_6)
                                                         net273 (net)
                      0.259705    0.022300    6.477546 ^ wire1/A (sky130_fd_sc_hd__buf_6)
     3    0.081766    0.264549    0.398330    6.875875 ^ wire1/X (sky130_fd_sc_hd__buf_6)
                                                         net272 (net)
                      0.267818    0.023531    6.899406 ^ clkbuf_0_clk/A (sky130_fd_sc_hd__clkbuf_16)
     9    0.101201    0.179146    0.400720    7.300127 ^ clkbuf_0_clk/X (sky130_fd_sc_hd__clkbuf_16)
                                                         clknet_0_clk (net)
                      0.180426    0.012061    7.312188 ^ clkbuf_2_0__f_clk/A (sky130_fd_sc_hd__clkbuf_16)
    17    0.092920    0.166980    0.352254    7.664442 ^ clkbuf_2_0__f_clk/X (sky130_fd_sc_hd__clkbuf_16)
                                                         clknet_2_0__leaf_clk (net)
                      0.169082    0.014834    7.679276 ^ _135_/CLK (sky130_fd_sc_hd__dfrtp_4)
     3    0.072843    0.282549    1.226674    8.905950 v _135_/Q (sky130_fd_sc_hd__dfrtp_4)
                                                         net256 (net)
                      0.285574    0.024600    8.930550 v output256/A (sky130_fd_sc_hd__buf_12)
     1    0.191047    0.176565    0.441055    9.371605 v output256/X (sky130_fd_sc_hd__buf_12)
                                                         wbs_dat_o[6] (net)
                      0.177191    0.009066    9.380671 v wbs_dat_o[6] (out)
                                              9.380671   data arrival time

                                 25.000000   25.000000   clock clk (rise edge)
                                  4.650000   29.650000   clock network delay (propagated)
                                 -0.250000   29.400000   clock uncertainty
                                  0.000000   29.400000   clock reconvergence pessimism
                                 -3.620000   25.779999   output external delay
                                             25.779999   data required time
---------------------------------------------------------------------------------------------
                                             25.779999   data required time
                                             -9.380671   data arrival time
---------------------------------------------------------------------------------------------
                                             16.399328   slack (MET)


Startpoint: _134_ (rising edge-triggered flip-flop clocked by clk)
Endpoint: wbs_dat_o[5] (output port clocked by clk)
Path Group: clk
Path Type: max

Fanout         Cap        Slew       Delay        Time   Description
---------------------------------------------------------------------------------------------
                                  0.000000    0.000000   clock clk (rise edge)
                                  5.570000    5.570000   clock source latency
     2    0.032618    0.610000    0.000000    5.570000 ^ clk (in)
                                                         clk (net)
                      0.618647    0.004324    5.574324 ^ wire3/A (sky130_fd_sc_hd__buf_4)
     3    0.036079    0.177169    0.513396    6.087720 ^ wire3/X (sky130_fd_sc_hd__buf_4)
                                                         net274 (net)
                      0.177570    0.007451    6.095171 ^ wire2/A (sky130_fd_sc_hd__buf_6)
     3    0.079273    0.256679    0.360074    6.455245 ^ wire2/X (sky130_fd_sc_hd__buf_6)
                                                         net273 (net)
                      0.259705    0.022300    6.477546 ^ wire1/A (sky130_fd_sc_hd__buf_6)
     3    0.081766    0.264549    0.398330    6.875875 ^ wire1/X (sky130_fd_sc_hd__buf_6)
                                                         net272 (net)
                      0.267818    0.023531    6.899406 ^ clkbuf_0_clk/A (sky130_fd_sc_hd__clkbuf_16)
     9    0.101201    0.179146    0.400720    7.300127 ^ clkbuf_0_clk/X (sky130_fd_sc_hd__clkbuf_16)
                                                         clknet_0_clk (net)
                      0.180426    0.012061    7.312188 ^ clkbuf_2_0__f_clk/A (sky130_fd_sc_hd__clkbuf_16)
    17    0.092920    0.166980    0.352254    7.664442 ^ clkbuf_2_0__f_clk/X (sky130_fd_sc_hd__clkbuf_16)
                                                         clknet_2_0__leaf_clk (net)
                      0.169456    0.016101    7.680542 ^ _134_/CLK (sky130_fd_sc_hd__dfrtp_4)
     3    0.068323    0.268963    1.218098    8.898641 v _134_/Q (sky130_fd_sc_hd__dfrtp_4)
                                                         net255 (net)
                      0.271416    0.021890    8.920530 v output255/A (sky130_fd_sc_hd__buf_12)
     1    0.191050    0.176470    0.434313    9.354843 v output255/X (sky130_fd_sc_hd__buf_12)
                                                         wbs_dat_o[5] (net)
                      0.177096    0.009066    9.363909 v wbs_dat_o[5] (out)
                                              9.363909   data arrival time

                                 25.000000   25.000000   clock clk (rise edge)
                                  4.650000   29.650000   clock network delay (propagated)
                                 -0.250000   29.400000   clock uncertainty
                                  0.000000   29.400000   clock reconvergence pessimism
                                 -3.620000   25.779999   output external delay
                                             25.779999   data required time
---------------------------------------------------------------------------------------------
                                             25.779999   data required time
                                             -9.363909   data arrival time
---------------------------------------------------------------------------------------------
                                             16.416090   slack (MET)


Startpoint: _151_ (rising edge-triggered flip-flop clocked by clk)
Endpoint: wbs_dat_o[22] (output port clocked by clk)
Path Group: clk
Path Type: max

Fanout         Cap        Slew       Delay        Time   Description
---------------------------------------------------------------------------------------------
                                  0.000000    0.000000   clock clk (rise edge)
                                  5.570000    5.570000   clock source latency
     2    0.032618    0.610000    0.000000    5.570000 ^ clk (in)
                                                         clk (net)
                      0.618647    0.004324    5.574324 ^ wire3/A (sky130_fd_sc_hd__buf_4)
     3    0.036079    0.177169    0.513396    6.087720 ^ wire3/X (sky130_fd_sc_hd__buf_4)
                                                         net274 (net)
                      0.177570    0.007451    6.095171 ^ wire2/A (sky130_fd_sc_hd__buf_6)
     3    0.079273    0.256679    0.360074    6.455245 ^ wire2/X (sky130_fd_sc_hd__buf_6)
                                                         net273 (net)
                      0.259705    0.022300    6.477546 ^ wire1/A (sky130_fd_sc_hd__buf_6)
     3    0.081766    0.264549    0.398330    6.875875 ^ wire1/X (sky130_fd_sc_hd__buf_6)
                                                         net272 (net)
                      0.267818    0.023531    6.899406 ^ clkbuf_0_clk/A (sky130_fd_sc_hd__clkbuf_16)
     9    0.101201    0.179146    0.400720    7.300127 ^ clkbuf_0_clk/X (sky130_fd_sc_hd__clkbuf_16)
                                                         clknet_0_clk (net)
                      0.180071    0.010286    7.310413 ^ clkbuf_2_3__f_clk/A (sky130_fd_sc_hd__clkbuf_16)
    21    0.075270    0.142724    0.332447    7.642861 ^ clkbuf_2_3__f_clk/X (sky130_fd_sc_hd__clkbuf_16)
                                                         clknet_2_3__leaf_clk (net)
                      0.145811    0.016419    7.659280 ^ _151_/CLK (sky130_fd_sc_hd__dfrtp_4)
     3    0.071303    0.277750    1.213410    8.872689 v _151_/Q (sky130_fd_sc_hd__dfrtp_4)
                                                         net242 (net)
                      0.280186    0.022097    8.894787 v output242/A (sky130_fd_sc_hd__buf_12)
     1    0.191576    0.177185    0.438233    9.333019 v output242/X (sky130_fd_sc_hd__buf_12)
                                                         wbs_dat_o[22] (net)
                      0.177922    0.009813    9.342833 v wbs_dat_o[22] (out)
                                              9.342833   data arrival time

                                 25.000000   25.000000   clock clk (rise edge)
                                  4.650000   29.650000   clock network delay (propagated)
                                 -0.250000   29.400000   clock uncertainty
                                  0.000000   29.400000   clock reconvergence pessimism
                                 -3.620000   25.779999   output external delay
                                             25.779999   data required time
---------------------------------------------------------------------------------------------
                                             25.779999   data required time
                                             -9.342833   data arrival time
---------------------------------------------------------------------------------------------
                                             16.437166   slack (MET)


Startpoint: _150_ (rising edge-triggered flip-flop clocked by clk)
Endpoint: wbs_dat_o[21] (output port clocked by clk)
Path Group: clk
Path Type: max

Fanout         Cap        Slew       Delay        Time   Description
---------------------------------------------------------------------------------------------
                                  0.000000    0.000000   clock clk (rise edge)
                                  5.570000    5.570000   clock source latency
     2    0.032618    0.610000    0.000000    5.570000 ^ clk (in)
                                                         clk (net)
                      0.618647    0.004324    5.574324 ^ wire3/A (sky130_fd_sc_hd__buf_4)
     3    0.036079    0.177169    0.513396    6.087720 ^ wire3/X (sky130_fd_sc_hd__buf_4)
                                                         net274 (net)
                      0.177570    0.007451    6.095171 ^ wire2/A (sky130_fd_sc_hd__buf_6)
     3    0.079273    0.256679    0.360074    6.455245 ^ wire2/X (sky130_fd_sc_hd__buf_6)
                                                         net273 (net)
                      0.259705    0.022300    6.477546 ^ wire1/A (sky130_fd_sc_hd__buf_6)
     3    0.081766    0.264549    0.398330    6.875875 ^ wire1/X (sky130_fd_sc_hd__buf_6)
                                                         net272 (net)
                      0.267818    0.023531    6.899406 ^ clkbuf_0_clk/A (sky130_fd_sc_hd__clkbuf_16)
     9    0.101201    0.179146    0.400720    7.300127 ^ clkbuf_0_clk/X (sky130_fd_sc_hd__clkbuf_16)
                                                         clknet_0_clk (net)
                      0.180074    0.010305    7.310431 ^ clkbuf_2_2__f_clk/A (sky130_fd_sc_hd__clkbuf_16)
    17    0.094181    0.168784    0.354225    7.664657 ^ clkbuf_2_2__f_clk/X (sky130_fd_sc_hd__clkbuf_16)
                                                         clknet_2_2__leaf_clk (net)
                      0.170653    0.014093    7.678750 ^ _150_/CLK (sky130_fd_sc_hd__dfrtp_4)
     3    0.055482    0.234977    1.188321    8.867070 v _150_/Q (sky130_fd_sc_hd__dfrtp_4)
                                                         net241 (net)
                      0.236382    0.014647    8.881717 v output241/A (sky130_fd_sc_hd__buf_12)
     1    0.191572    0.180825    0.422501    9.304218 v output241/X (sky130_fd_sc_hd__buf_12)
                                                         wbs_dat_o[21] (net)
                      0.181500    0.009511    9.313728 v wbs_dat_o[21] (out)
                                              9.313728   data arrival time

                                 25.000000   25.000000   clock clk (rise edge)
                                  4.650000   29.650000   clock network delay (propagated)
                                 -0.250000   29.400000   clock uncertainty
                                  0.000000   29.400000   clock reconvergence pessimism
                                 -3.620000   25.779999   output external delay
                                             25.779999   data required time
---------------------------------------------------------------------------------------------
                                             25.779999   data required time
                                             -9.313728   data arrival time
---------------------------------------------------------------------------------------------
                                             16.466270   slack (MET)


Startpoint: _136_ (rising edge-triggered flip-flop clocked by clk)
Endpoint: wbs_dat_o[7] (output port clocked by clk)
Path Group: clk
Path Type: max

Fanout         Cap        Slew       Delay        Time   Description
---------------------------------------------------------------------------------------------
                                  0.000000    0.000000   clock clk (rise edge)
                                  5.570000    5.570000   clock source latency
     2    0.032618    0.610000    0.000000    5.570000 ^ clk (in)
                                                         clk (net)
                      0.618647    0.004324    5.574324 ^ wire3/A (sky130_fd_sc_hd__buf_4)
     3    0.036079    0.177169    0.513396    6.087720 ^ wire3/X (sky130_fd_sc_hd__buf_4)
                                                         net274 (net)
                      0.177570    0.007451    6.095171 ^ wire2/A (sky130_fd_sc_hd__buf_6)
     3    0.079273    0.256679    0.360074    6.455245 ^ wire2/X (sky130_fd_sc_hd__buf_6)
                                                         net273 (net)
                      0.259705    0.022300    6.477546 ^ wire1/A (sky130_fd_sc_hd__buf_6)
     3    0.081766    0.264549    0.398330    6.875875 ^ wire1/X (sky130_fd_sc_hd__buf_6)
                                                         net272 (net)
                      0.267818    0.023531    6.899406 ^ clkbuf_0_clk/A (sky130_fd_sc_hd__clkbuf_16)
     9    0.101201    0.179146    0.400720    7.300127 ^ clkbuf_0_clk/X (sky130_fd_sc_hd__clkbuf_16)
                                                         clknet_0_clk (net)
                      0.180426    0.012061    7.312188 ^ clkbuf_2_0__f_clk/A (sky130_fd_sc_hd__clkbuf_16)
    17    0.092920    0.166980    0.352254    7.664442 ^ clkbuf_2_0__f_clk/X (sky130_fd_sc_hd__clkbuf_16)
                                                         clknet_2_0__leaf_clk (net)
                      0.169419    0.015979    7.680421 ^ _136_/CLK (sky130_fd_sc_hd__dfrtp_4)
     3    0.049015    0.218711    1.172189    8.852611 v _136_/Q (sky130_fd_sc_hd__dfrtp_4)
                                                         net257 (net)
                      0.219872    0.012848    8.865458 v output257/A (sky130_fd_sc_hd__buf_12)
     1    0.191077    0.176148    0.409735    9.275194 v output257/X (sky130_fd_sc_hd__buf_12)
                                                         wbs_dat_o[7] (net)
                      0.176776    0.009067    9.284262 v wbs_dat_o[7] (out)
                                              9.284262   data arrival time

                                 25.000000   25.000000   clock clk (rise edge)
                                  4.650000   29.650000   clock network delay (propagated)
                                 -0.250000   29.400000   clock uncertainty
                                  0.000000   29.400000   clock reconvergence pessimism
                                 -3.620000   25.779999   output external delay
                                             25.779999   data required time
---------------------------------------------------------------------------------------------
                                             25.779999   data required time
                                             -9.284262   data arrival time
---------------------------------------------------------------------------------------------
                                             16.495737   slack (MET)


Startpoint: _137_ (rising edge-triggered flip-flop clocked by clk)
Endpoint: wbs_dat_o[8] (output port clocked by clk)
Path Group: clk
Path Type: max

Fanout         Cap        Slew       Delay        Time   Description
---------------------------------------------------------------------------------------------
                                  0.000000    0.000000   clock clk (rise edge)
                                  5.570000    5.570000   clock source latency
     2    0.032618    0.610000    0.000000    5.570000 ^ clk (in)
                                                         clk (net)
                      0.618647    0.004324    5.574324 ^ wire3/A (sky130_fd_sc_hd__buf_4)
     3    0.036079    0.177169    0.513396    6.087720 ^ wire3/X (sky130_fd_sc_hd__buf_4)
                                                         net274 (net)
                      0.177570    0.007451    6.095171 ^ wire2/A (sky130_fd_sc_hd__buf_6)
     3    0.079273    0.256679    0.360074    6.455245 ^ wire2/X (sky130_fd_sc_hd__buf_6)
                                                         net273 (net)
                      0.259705    0.022300    6.477546 ^ wire1/A (sky130_fd_sc_hd__buf_6)
     3    0.081766    0.264549    0.398330    6.875875 ^ wire1/X (sky130_fd_sc_hd__buf_6)
                                                         net272 (net)
                      0.267818    0.023531    6.899406 ^ clkbuf_0_clk/A (sky130_fd_sc_hd__clkbuf_16)
     9    0.101201    0.179146    0.400720    7.300127 ^ clkbuf_0_clk/X (sky130_fd_sc_hd__clkbuf_16)
                                                         clknet_0_clk (net)
                      0.180426    0.012061    7.312188 ^ clkbuf_2_0__f_clk/A (sky130_fd_sc_hd__clkbuf_16)
    17    0.092920    0.166980    0.352254    7.664442 ^ clkbuf_2_0__f_clk/X (sky130_fd_sc_hd__clkbuf_16)
                                                         clknet_2_0__leaf_clk (net)
                      0.169320    0.015651    7.680092 ^ _137_/CLK (sky130_fd_sc_hd__dfrtp_4)
     3    0.049557    0.219035    1.173953    8.854045 v _137_/Q (sky130_fd_sc_hd__dfrtp_4)
                                                         net258 (net)
                      0.219942    0.011187    8.865232 v output258/A (sky130_fd_sc_hd__buf_12)
     1    0.191077    0.176148    0.409769    9.275002 v output258/X (sky130_fd_sc_hd__buf_12)
                                                         wbs_dat_o[8] (net)
                      0.176776    0.009067    9.284069 v wbs_dat_o[8] (out)
                                              9.284069   data arrival time

                                 25.000000   25.000000   clock clk (rise edge)
                                  4.650000   29.650000   clock network delay (propagated)
                                 -0.250000   29.400000   clock uncertainty
                                  0.000000   29.400000   clock reconvergence pessimism
                                 -3.620000   25.779999   output external delay
                                             25.779999   data required time
---------------------------------------------------------------------------------------------
                                             25.779999   data required time
                                             -9.284069   data arrival time
---------------------------------------------------------------------------------------------
                                             16.495930   slack (MET)


Startpoint: _149_ (rising edge-triggered flip-flop clocked by clk)
Endpoint: wbs_dat_o[20] (output port clocked by clk)
Path Group: clk
Path Type: max

Fanout         Cap        Slew       Delay        Time   Description
---------------------------------------------------------------------------------------------
                                  0.000000    0.000000   clock clk (rise edge)
                                  5.570000    5.570000   clock source latency
     2    0.032618    0.610000    0.000000    5.570000 ^ clk (in)
                                                         clk (net)
                      0.618647    0.004324    5.574324 ^ wire3/A (sky130_fd_sc_hd__buf_4)
     3    0.036079    0.177169    0.513396    6.087720 ^ wire3/X (sky130_fd_sc_hd__buf_4)
                                                         net274 (net)
                      0.177570    0.007451    6.095171 ^ wire2/A (sky130_fd_sc_hd__buf_6)
     3    0.079273    0.256679    0.360074    6.455245 ^ wire2/X (sky130_fd_sc_hd__buf_6)
                                                         net273 (net)
                      0.259705    0.022300    6.477546 ^ wire1/A (sky130_fd_sc_hd__buf_6)
     3    0.081766    0.264549    0.398330    6.875875 ^ wire1/X (sky130_fd_sc_hd__buf_6)
                                                         net272 (net)
                      0.267818    0.023531    6.899406 ^ clkbuf_0_clk/A (sky130_fd_sc_hd__clkbuf_16)
     9    0.101201    0.179146    0.400720    7.300127 ^ clkbuf_0_clk/X (sky130_fd_sc_hd__clkbuf_16)
                                                         clknet_0_clk (net)
                      0.180074    0.010305    7.310431 ^ clkbuf_2_2__f_clk/A (sky130_fd_sc_hd__clkbuf_16)
    17    0.094181    0.168784    0.354225    7.664657 ^ clkbuf_2_2__f_clk/X (sky130_fd_sc_hd__clkbuf_16)
                                                         clknet_2_2__leaf_clk (net)
                      0.170489    0.013462    7.678119 ^ _149_/CLK (sky130_fd_sc_hd__dfrtp_4)
     3    0.044725    0.207627    1.162441    8.840560 v _149_/Q (sky130_fd_sc_hd__dfrtp_4)
                                                         net240 (net)
                      0.208404    0.010069    8.850629 v output240/A (sky130_fd_sc_hd__buf_12)
     1    0.191388    0.180538    0.408854    9.259483 v output240/X (sky130_fd_sc_hd__buf_12)
                                                         wbs_dat_o[20] (net)
                      0.181212    0.009501    9.268984 v wbs_dat_o[20] (out)
                                              9.268984   data arrival time

                                 25.000000   25.000000   clock clk (rise edge)
                                  4.650000   29.650000   clock network delay (propagated)
                                 -0.250000   29.400000   clock uncertainty
                                  0.000000   29.400000   clock reconvergence pessimism
                                 -3.620000   25.779999   output external delay
                                             25.779999   data required time
---------------------------------------------------------------------------------------------
                                             25.779999   data required time
                                             -9.268984   data arrival time
---------------------------------------------------------------------------------------------
                                             16.511015   slack (MET)


Startpoint: _138_ (rising edge-triggered flip-flop clocked by clk)
Endpoint: wbs_dat_o[9] (output port clocked by clk)
Path Group: clk
Path Type: max

Fanout         Cap        Slew       Delay        Time   Description
---------------------------------------------------------------------------------------------
                                  0.000000    0.000000   clock clk (rise edge)
                                  5.570000    5.570000   clock source latency
     2    0.032618    0.610000    0.000000    5.570000 ^ clk (in)
                                                         clk (net)
                      0.618647    0.004324    5.574324 ^ wire3/A (sky130_fd_sc_hd__buf_4)
     3    0.036079    0.177169    0.513396    6.087720 ^ wire3/X (sky130_fd_sc_hd__buf_4)
                                                         net274 (net)
                      0.177570    0.007451    6.095171 ^ wire2/A (sky130_fd_sc_hd__buf_6)
     3    0.079273    0.256679    0.360074    6.455245 ^ wire2/X (sky130_fd_sc_hd__buf_6)
                                                         net273 (net)
                      0.259705    0.022300    6.477546 ^ wire1/A (sky130_fd_sc_hd__buf_6)
     3    0.081766    0.264549    0.398330    6.875875 ^ wire1/X (sky130_fd_sc_hd__buf_6)
                                                         net272 (net)
                      0.267818    0.023531    6.899406 ^ clkbuf_0_clk/A (sky130_fd_sc_hd__clkbuf_16)
     9    0.101201    0.179146    0.400720    7.300127 ^ clkbuf_0_clk/X (sky130_fd_sc_hd__clkbuf_16)
                                                         clknet_0_clk (net)
                      0.180362    0.011763    7.311890 ^ clkbuf_2_1__f_clk/A (sky130_fd_sc_hd__clkbuf_16)
    21    0.086026    0.158258    0.342756    7.654646 ^ clkbuf_2_1__f_clk/X (sky130_fd_sc_hd__clkbuf_16)
                                                         clknet_2_1__leaf_clk (net)
                      0.161569    0.017964    7.672610 ^ _138_/CLK (sky130_fd_sc_hd__dfrtp_4)
     3    0.038120    0.192571    1.142396    8.815007 v _138_/Q (sky130_fd_sc_hd__dfrtp_4)
                                                         net259 (net)
                      0.192995    0.006950    8.821957 v output259/A (sky130_fd_sc_hd__buf_12)
     1    0.191077    0.176101    0.396617    9.218574 v output259/X (sky130_fd_sc_hd__buf_12)
                                                         wbs_dat_o[9] (net)
                      0.176730    0.009067    9.227641 v wbs_dat_o[9] (out)
                                              9.227641   data arrival time

                                 25.000000   25.000000   clock clk (rise edge)
                                  4.650000   29.650000   clock network delay (propagated)
                                 -0.250000   29.400000   clock uncertainty
                                  0.000000   29.400000   clock reconvergence pessimism
                                 -3.620000   25.779999   output external delay
                                             25.779999   data required time
---------------------------------------------------------------------------------------------
                                             25.779999   data required time
                                             -9.227641   data arrival time
---------------------------------------------------------------------------------------------
                                             16.552359   slack (MET)


Startpoint: _148_ (rising edge-triggered flip-flop clocked by clk)
Endpoint: wbs_dat_o[19] (output port clocked by clk)
Path Group: clk
Path Type: max

Fanout         Cap        Slew       Delay        Time   Description
---------------------------------------------------------------------------------------------
                                  0.000000    0.000000   clock clk (rise edge)
                                  5.570000    5.570000   clock source latency
     2    0.032618    0.610000    0.000000    5.570000 ^ clk (in)
                                                         clk (net)
                      0.618647    0.004324    5.574324 ^ wire3/A (sky130_fd_sc_hd__buf_4)
     3    0.036079    0.177169    0.513396    6.087720 ^ wire3/X (sky130_fd_sc_hd__buf_4)
                                                         net274 (net)
                      0.177570    0.007451    6.095171 ^ wire2/A (sky130_fd_sc_hd__buf_6)
     3    0.079273    0.256679    0.360074    6.455245 ^ wire2/X (sky130_fd_sc_hd__buf_6)
                                                         net273 (net)
                      0.259705    0.022300    6.477546 ^ wire1/A (sky130_fd_sc_hd__buf_6)
     3    0.081766    0.264549    0.398330    6.875875 ^ wire1/X (sky130_fd_sc_hd__buf_6)
                                                         net272 (net)
                      0.267818    0.023531    6.899406 ^ clkbuf_0_clk/A (sky130_fd_sc_hd__clkbuf_16)
     9    0.101201    0.179146    0.400720    7.300127 ^ clkbuf_0_clk/X (sky130_fd_sc_hd__clkbuf_16)
                                                         clknet_0_clk (net)
                      0.180074    0.010305    7.310431 ^ clkbuf_2_2__f_clk/A (sky130_fd_sc_hd__clkbuf_16)
    17    0.094181    0.168784    0.354225    7.664657 ^ clkbuf_2_2__f_clk/X (sky130_fd_sc_hd__clkbuf_16)
                                                         clknet_2_2__leaf_clk (net)
                      0.170310    0.012739    7.677396 ^ _148_/CLK (sky130_fd_sc_hd__dfrtp_4)
     3    0.033262    0.182085    1.133982    8.811378 v _148_/Q (sky130_fd_sc_hd__dfrtp_4)
                                                         net238 (net)
                      0.182467    0.006149    8.817527 v output238/A (sky130_fd_sc_hd__buf_12)
     1    0.191426    0.180528    0.396215    9.213741 v output238/X (sky130_fd_sc_hd__buf_12)
                                                         wbs_dat_o[19] (net)
                      0.181342    0.009503    9.223244 v wbs_dat_o[19] (out)
                                              9.223244   data arrival time

                                 25.000000   25.000000   clock clk (rise edge)
                                  4.650000   29.650000   clock network delay (propagated)
                                 -0.250000   29.400000   clock uncertainty
                                  0.000000   29.400000   clock reconvergence pessimism
                                 -3.620000   25.779999   output external delay
                                             25.779999   data required time
---------------------------------------------------------------------------------------------
                                             25.779999   data required time
                                             -9.223244   data arrival time
---------------------------------------------------------------------------------------------
                                             16.556755   slack (MET)


Startpoint: _139_ (rising edge-triggered flip-flop clocked by clk)
Endpoint: wbs_dat_o[10] (output port clocked by clk)
Path Group: clk
Path Type: max

Fanout         Cap        Slew       Delay        Time   Description
---------------------------------------------------------------------------------------------
                                  0.000000    0.000000   clock clk (rise edge)
                                  5.570000    5.570000   clock source latency
     2    0.032618    0.610000    0.000000    5.570000 ^ clk (in)
                                                         clk (net)
                      0.618647    0.004324    5.574324 ^ wire3/A (sky130_fd_sc_hd__buf_4)
     3    0.036079    0.177169    0.513396    6.087720 ^ wire3/X (sky130_fd_sc_hd__buf_4)
                                                         net274 (net)
                      0.177570    0.007451    6.095171 ^ wire2/A (sky130_fd_sc_hd__buf_6)
     3    0.079273    0.256679    0.360074    6.455245 ^ wire2/X (sky130_fd_sc_hd__buf_6)
                                                         net273 (net)
                      0.259705    0.022300    6.477546 ^ wire1/A (sky130_fd_sc_hd__buf_6)
     3    0.081766    0.264549    0.398330    6.875875 ^ wire1/X (sky130_fd_sc_hd__buf_6)
                                                         net272 (net)
                      0.267818    0.023531    6.899406 ^ clkbuf_0_clk/A (sky130_fd_sc_hd__clkbuf_16)
     9    0.101201    0.179146    0.400720    7.300127 ^ clkbuf_0_clk/X (sky130_fd_sc_hd__clkbuf_16)
                                                         clknet_0_clk (net)
                      0.180362    0.011763    7.311890 ^ clkbuf_2_1__f_clk/A (sky130_fd_sc_hd__clkbuf_16)
    21    0.086026    0.158258    0.342756    7.654646 ^ clkbuf_2_1__f_clk/X (sky130_fd_sc_hd__clkbuf_16)
                                                         clknet_2_1__leaf_clk (net)
                      0.160995    0.016321    7.670967 ^ _139_/CLK (sky130_fd_sc_hd__dfrtp_4)
     3    0.029396    0.174942    1.119964    8.790931 v _139_/Q (sky130_fd_sc_hd__dfrtp_4)
                                                         net229 (net)
                      0.174942    0.004722    8.795653 v output229/A (sky130_fd_sc_hd__buf_12)
     1    0.191017    0.176025    0.387767    9.183420 v output229/X (sky130_fd_sc_hd__buf_12)
                                                         wbs_dat_o[10] (net)
                      0.176653    0.009067    9.192487 v wbs_dat_o[10] (out)
                                              9.192487   data arrival time

                                 25.000000   25.000000   clock clk (rise edge)
                                  4.650000   29.650000   clock network delay (propagated)
                                 -0.250000   29.400000   clock uncertainty
                                  0.000000   29.400000   clock reconvergence pessimism
                                 -3.620000   25.779999   output external delay
                                             25.779999   data required time
---------------------------------------------------------------------------------------------
                                             25.779999   data required time
                                             -9.192487   data arrival time
---------------------------------------------------------------------------------------------
                                             16.587513   slack (MET)


Startpoint: _147_ (rising edge-triggered flip-flop clocked by clk)
Endpoint: wbs_dat_o[18] (output port clocked by clk)
Path Group: clk
Path Type: max

Fanout         Cap        Slew       Delay        Time   Description
---------------------------------------------------------------------------------------------
                                  0.000000    0.000000   clock clk (rise edge)
                                  5.570000    5.570000   clock source latency
     2    0.032618    0.610000    0.000000    5.570000 ^ clk (in)
                                                         clk (net)
                      0.618647    0.004324    5.574324 ^ wire3/A (sky130_fd_sc_hd__buf_4)
     3    0.036079    0.177169    0.513396    6.087720 ^ wire3/X (sky130_fd_sc_hd__buf_4)
                                                         net274 (net)
                      0.177570    0.007451    6.095171 ^ wire2/A (sky130_fd_sc_hd__buf_6)
     3    0.079273    0.256679    0.360074    6.455245 ^ wire2/X (sky130_fd_sc_hd__buf_6)
                                                         net273 (net)
                      0.259705    0.022300    6.477546 ^ wire1/A (sky130_fd_sc_hd__buf_6)
     3    0.081766    0.264549    0.398330    6.875875 ^ wire1/X (sky130_fd_sc_hd__buf_6)
                                                         net272 (net)
                      0.267818    0.023531    6.899406 ^ clkbuf_0_clk/A (sky130_fd_sc_hd__clkbuf_16)
     9    0.101201    0.179146    0.400720    7.300127 ^ clkbuf_0_clk/X (sky130_fd_sc_hd__clkbuf_16)
                                                         clknet_0_clk (net)
                      0.180074    0.010305    7.310431 ^ clkbuf_2_2__f_clk/A (sky130_fd_sc_hd__clkbuf_16)
    17    0.094181    0.168784    0.354225    7.664657 ^ clkbuf_2_2__f_clk/X (sky130_fd_sc_hd__clkbuf_16)
                                                         clknet_2_2__leaf_clk (net)
                      0.170031    0.011536    7.676192 ^ _147_/CLK (sky130_fd_sc_hd__dfrtp_2)
     3    0.028039    0.182982    0.979495    8.655687 v _147_/Q (sky130_fd_sc_hd__dfrtp_2)
                                                         net237 (net)
                      0.183098    0.004271    8.659958 v output237/A (sky130_fd_sc_hd__buf_12)
     1    0.191426    0.180528    0.396523    9.056481 v output237/X (sky130_fd_sc_hd__buf_12)
                                                         wbs_dat_o[18] (net)
                      0.181342    0.009503    9.065984 v wbs_dat_o[18] (out)
                                              9.065984   data arrival time

                                 25.000000   25.000000   clock clk (rise edge)
                                  4.650000   29.650000   clock network delay (propagated)
                                 -0.250000   29.400000   clock uncertainty
                                  0.000000   29.400000   clock reconvergence pessimism
                                 -3.620000   25.779999   output external delay
                                             25.779999   data required time
---------------------------------------------------------------------------------------------
                                             25.779999   data required time
                                             -9.065984   data arrival time
---------------------------------------------------------------------------------------------
                                             16.714016   slack (MET)


Startpoint: _144_ (rising edge-triggered flip-flop clocked by clk)
Endpoint: wbs_dat_o[15] (output port clocked by clk)
Path Group: clk
Path Type: max

Fanout         Cap        Slew       Delay        Time   Description
---------------------------------------------------------------------------------------------
                                  0.000000    0.000000   clock clk (rise edge)
                                  5.570000    5.570000   clock source latency
     2    0.032618    0.610000    0.000000    5.570000 ^ clk (in)
                                                         clk (net)
                      0.618647    0.004324    5.574324 ^ wire3/A (sky130_fd_sc_hd__buf_4)
     3    0.036079    0.177169    0.513396    6.087720 ^ wire3/X (sky130_fd_sc_hd__buf_4)
                                                         net274 (net)
                      0.177570    0.007451    6.095171 ^ wire2/A (sky130_fd_sc_hd__buf_6)
     3    0.079273    0.256679    0.360074    6.455245 ^ wire2/X (sky130_fd_sc_hd__buf_6)
                                                         net273 (net)
                      0.259705    0.022300    6.477546 ^ wire1/A (sky130_fd_sc_hd__buf_6)
     3    0.081766    0.264549    0.398330    6.875875 ^ wire1/X (sky130_fd_sc_hd__buf_6)
                                                         net272 (net)
                      0.267818    0.023531    6.899406 ^ clkbuf_0_clk/A (sky130_fd_sc_hd__clkbuf_16)
     9    0.101201    0.179146    0.400720    7.300127 ^ clkbuf_0_clk/X (sky130_fd_sc_hd__clkbuf_16)
                                                         clknet_0_clk (net)
                      0.180074    0.010305    7.310431 ^ clkbuf_2_2__f_clk/A (sky130_fd_sc_hd__clkbuf_16)
    17    0.094181    0.168784    0.354225    7.664657 ^ clkbuf_2_2__f_clk/X (sky130_fd_sc_hd__clkbuf_16)
                                                         clknet_2_2__leaf_clk (net)
                      0.169608    0.009430    7.674087 ^ _144_/CLK (sky130_fd_sc_hd__dfrtp_2)
     3    0.028224    0.183719    0.980039    8.654125 v _144_/Q (sky130_fd_sc_hd__dfrtp_2)
                                                         net234 (net)
                      0.183834    0.004256    8.658381 v output234/A (sky130_fd_sc_hd__buf_12)
     1    0.191000    0.176026    0.392098    9.050480 v output234/X (sky130_fd_sc_hd__buf_12)
                                                         wbs_dat_o[15] (net)
                      0.176654    0.009066    9.059546 v wbs_dat_o[15] (out)
                                              9.059546   data arrival time

                                 25.000000   25.000000   clock clk (rise edge)
                                  4.650000   29.650000   clock network delay (propagated)
                                 -0.250000   29.400000   clock uncertainty
                                  0.000000   29.400000   clock reconvergence pessimism
                                 -3.620000   25.779999   output external delay
                                             25.779999   data required time
---------------------------------------------------------------------------------------------
                                             25.779999   data required time
                                             -9.059546   data arrival time
---------------------------------------------------------------------------------------------
                                             16.720453   slack (MET)


Startpoint: _143_ (rising edge-triggered flip-flop clocked by clk)
Endpoint: wbs_dat_o[14] (output port clocked by clk)
Path Group: clk
Path Type: max

Fanout         Cap        Slew       Delay        Time   Description
---------------------------------------------------------------------------------------------
                                  0.000000    0.000000   clock clk (rise edge)
                                  5.570000    5.570000   clock source latency
     2    0.032618    0.610000    0.000000    5.570000 ^ clk (in)
                                                         clk (net)
                      0.618647    0.004324    5.574324 ^ wire3/A (sky130_fd_sc_hd__buf_4)
     3    0.036079    0.177169    0.513396    6.087720 ^ wire3/X (sky130_fd_sc_hd__buf_4)
                                                         net274 (net)
                      0.177570    0.007451    6.095171 ^ wire2/A (sky130_fd_sc_hd__buf_6)
     3    0.079273    0.256679    0.360074    6.455245 ^ wire2/X (sky130_fd_sc_hd__buf_6)
                                                         net273 (net)
                      0.259705    0.022300    6.477546 ^ wire1/A (sky130_fd_sc_hd__buf_6)
     3    0.081766    0.264549    0.398330    6.875875 ^ wire1/X (sky130_fd_sc_hd__buf_6)
                                                         net272 (net)
                      0.267818    0.023531    6.899406 ^ clkbuf_0_clk/A (sky130_fd_sc_hd__clkbuf_16)
     9    0.101201    0.179146    0.400720    7.300127 ^ clkbuf_0_clk/X (sky130_fd_sc_hd__clkbuf_16)
                                                         clknet_0_clk (net)
                      0.180426    0.012061    7.312188 ^ clkbuf_2_0__f_clk/A (sky130_fd_sc_hd__clkbuf_16)
    17    0.092920    0.166980    0.352254    7.664442 ^ clkbuf_2_0__f_clk/X (sky130_fd_sc_hd__clkbuf_16)
                                                         clknet_2_0__leaf_clk (net)
                      0.167960    0.010209    7.674651 ^ _143_/CLK (sky130_fd_sc_hd__dfrtp_2)
     3    0.027985    0.182757    0.978345    8.652996 v _143_/Q (sky130_fd_sc_hd__dfrtp_2)
                                                         net233 (net)
                      0.182871    0.004243    8.657239 v output233/A (sky130_fd_sc_hd__buf_12)
     1    0.190990    0.176018    0.391623    9.048862 v output233/X (sky130_fd_sc_hd__buf_12)
                                                         wbs_dat_o[14] (net)
                      0.176646    0.009065    9.057926 v wbs_dat_o[14] (out)
                                              9.057926   data arrival time

                                 25.000000   25.000000   clock clk (rise edge)
                                  4.650000   29.650000   clock network delay (propagated)
                                 -0.250000   29.400000   clock uncertainty
                                  0.000000   29.400000   clock reconvergence pessimism
                                 -3.620000   25.779999   output external delay
                                             25.779999   data required time
---------------------------------------------------------------------------------------------
                                             25.779999   data required time
                                             -9.057926   data arrival time
---------------------------------------------------------------------------------------------
                                             16.722073   slack (MET)


Startpoint: _142_ (rising edge-triggered flip-flop clocked by clk)
Endpoint: wbs_dat_o[13] (output port clocked by clk)
Path Group: clk
Path Type: max

Fanout         Cap        Slew       Delay        Time   Description
---------------------------------------------------------------------------------------------
                                  0.000000    0.000000   clock clk (rise edge)
                                  5.570000    5.570000   clock source latency
     2    0.032618    0.610000    0.000000    5.570000 ^ clk (in)
                                                         clk (net)
                      0.618647    0.004324    5.574324 ^ wire3/A (sky130_fd_sc_hd__buf_4)
     3    0.036079    0.177169    0.513396    6.087720 ^ wire3/X (sky130_fd_sc_hd__buf_4)
                                                         net274 (net)
                      0.177570    0.007451    6.095171 ^ wire2/A (sky130_fd_sc_hd__buf_6)
     3    0.079273    0.256679    0.360074    6.455245 ^ wire2/X (sky130_fd_sc_hd__buf_6)
                                                         net273 (net)
                      0.259705    0.022300    6.477546 ^ wire1/A (sky130_fd_sc_hd__buf_6)
     3    0.081766    0.264549    0.398330    6.875875 ^ wire1/X (sky130_fd_sc_hd__buf_6)
                                                         net272 (net)
                      0.267818    0.023531    6.899406 ^ clkbuf_0_clk/A (sky130_fd_sc_hd__clkbuf_16)
     9    0.101201    0.179146    0.400720    7.300127 ^ clkbuf_0_clk/X (sky130_fd_sc_hd__clkbuf_16)
                                                         clknet_0_clk (net)
                      0.180426    0.012061    7.312188 ^ clkbuf_2_0__f_clk/A (sky130_fd_sc_hd__clkbuf_16)
    17    0.092920    0.166980    0.352254    7.664442 ^ clkbuf_2_0__f_clk/X (sky130_fd_sc_hd__clkbuf_16)
                                                         clknet_2_0__leaf_clk (net)
                      0.167782    0.009271    7.673713 ^ _142_/CLK (sky130_fd_sc_hd__dfrtp_2)
     3    0.027133    0.179144    0.975025    8.648738 v _142_/Q (sky130_fd_sc_hd__dfrtp_2)
                                                         net232 (net)
                      0.179409    0.004022    8.652760 v output232/A (sky130_fd_sc_hd__buf_12)
     1    0.191251    0.180335    0.394574    9.047334 v output232/X (sky130_fd_sc_hd__buf_12)
                                                         wbs_dat_o[13] (net)
                      0.181148    0.009492    9.056826 v wbs_dat_o[13] (out)
                                              9.056826   data arrival time

                                 25.000000   25.000000   clock clk (rise edge)
                                  4.650000   29.650000   clock network delay (propagated)
                                 -0.250000   29.400000   clock uncertainty
                                  0.000000   29.400000   clock reconvergence pessimism
                                 -3.620000   25.779999   output external delay
                                             25.779999   data required time
---------------------------------------------------------------------------------------------
                                             25.779999   data required time
                                             -9.056826   data arrival time
---------------------------------------------------------------------------------------------
                                             16.723175   slack (MET)


Startpoint: _145_ (rising edge-triggered flip-flop clocked by clk)
Endpoint: wbs_dat_o[16] (output port clocked by clk)
Path Group: clk
Path Type: max

Fanout         Cap        Slew       Delay        Time   Description
---------------------------------------------------------------------------------------------
                                  0.000000    0.000000   clock clk (rise edge)
                                  5.570000    5.570000   clock source latency
     2    0.032618    0.610000    0.000000    5.570000 ^ clk (in)
                                                         clk (net)
                      0.618647    0.004324    5.574324 ^ wire3/A (sky130_fd_sc_hd__buf_4)
     3    0.036079    0.177169    0.513396    6.087720 ^ wire3/X (sky130_fd_sc_hd__buf_4)
                                                         net274 (net)
                      0.177570    0.007451    6.095171 ^ wire2/A (sky130_fd_sc_hd__buf_6)
     3    0.079273    0.256679    0.360074    6.455245 ^ wire2/X (sky130_fd_sc_hd__buf_6)
                                                         net273 (net)
                      0.259705    0.022300    6.477546 ^ wire1/A (sky130_fd_sc_hd__buf_6)
     3    0.081766    0.264549    0.398330    6.875875 ^ wire1/X (sky130_fd_sc_hd__buf_6)
                                                         net272 (net)
                      0.267818    0.023531    6.899406 ^ clkbuf_0_clk/A (sky130_fd_sc_hd__clkbuf_16)
     9    0.101201    0.179146    0.400720    7.300127 ^ clkbuf_0_clk/X (sky130_fd_sc_hd__clkbuf_16)
                                                         clknet_0_clk (net)
                      0.180074    0.010305    7.310431 ^ clkbuf_2_2__f_clk/A (sky130_fd_sc_hd__clkbuf_16)
    17    0.094181    0.168784    0.354225    7.664657 ^ clkbuf_2_2__f_clk/X (sky130_fd_sc_hd__clkbuf_16)
                                                         clknet_2_2__leaf_clk (net)
                      0.169366    0.007978    7.672634 ^ _145_/CLK (sky130_fd_sc_hd__dfrtp_2)
     3    0.027162    0.179255    0.975898    8.648532 v _145_/Q (sky130_fd_sc_hd__dfrtp_2)
                                                         net235 (net)
                      0.179518    0.003979    8.652511 v output235/A (sky130_fd_sc_hd__buf_12)
     1    0.191360    0.180493    0.394752    9.047263 v output235/X (sky130_fd_sc_hd__buf_12)
                                                         wbs_dat_o[16] (net)
                      0.181307    0.009501    9.056764 v wbs_dat_o[16] (out)
                                              9.056764   data arrival time

                                 25.000000   25.000000   clock clk (rise edge)
                                  4.650000   29.650000   clock network delay (propagated)
                                 -0.250000   29.400000   clock uncertainty
                                  0.000000   29.400000   clock reconvergence pessimism
                                 -3.620000   25.779999   output external delay
                                             25.779999   data required time
---------------------------------------------------------------------------------------------
                                             25.779999   data required time
                                             -9.056764   data arrival time
---------------------------------------------------------------------------------------------
                                             16.723234   slack (MET)


Startpoint: _140_ (rising edge-triggered flip-flop clocked by clk)
Endpoint: wbs_dat_o[11] (output port clocked by clk)
Path Group: clk
Path Type: max

Fanout         Cap        Slew       Delay        Time   Description
---------------------------------------------------------------------------------------------
                                  0.000000    0.000000   clock clk (rise edge)
                                  5.570000    5.570000   clock source latency
     2    0.032618    0.610000    0.000000    5.570000 ^ clk (in)
                                                         clk (net)
                      0.618647    0.004324    5.574324 ^ wire3/A (sky130_fd_sc_hd__buf_4)
     3    0.036079    0.177169    0.513396    6.087720 ^ wire3/X (sky130_fd_sc_hd__buf_4)
                                                         net274 (net)
                      0.177570    0.007451    6.095171 ^ wire2/A (sky130_fd_sc_hd__buf_6)
     3    0.079273    0.256679    0.360074    6.455245 ^ wire2/X (sky130_fd_sc_hd__buf_6)
                                                         net273 (net)
                      0.259705    0.022300    6.477546 ^ wire1/A (sky130_fd_sc_hd__buf_6)
     3    0.081766    0.264549    0.398330    6.875875 ^ wire1/X (sky130_fd_sc_hd__buf_6)
                                                         net272 (net)
                      0.267818    0.023531    6.899406 ^ clkbuf_0_clk/A (sky130_fd_sc_hd__clkbuf_16)
     9    0.101201    0.179146    0.400720    7.300127 ^ clkbuf_0_clk/X (sky130_fd_sc_hd__clkbuf_16)
                                                         clknet_0_clk (net)
                      0.180362    0.011763    7.311890 ^ clkbuf_2_1__f_clk/A (sky130_fd_sc_hd__clkbuf_16)
    21    0.086026    0.158258    0.342756    7.654646 ^ clkbuf_2_1__f_clk/X (sky130_fd_sc_hd__clkbuf_16)
                                                         clknet_2_1__leaf_clk (net)
                      0.160047    0.013220    7.667866 ^ _140_/CLK (sky130_fd_sc_hd__dfrtp_2)
     3    0.028933    0.186772    0.977779    8.645644 v _140_/Q (sky130_fd_sc_hd__dfrtp_2)
                                                         net230 (net)
                      0.186958    0.005312    8.650957 v output230/A (sky130_fd_sc_hd__buf_12)
     1    0.191017    0.176045    0.393632    9.044588 v output230/X (sky130_fd_sc_hd__buf_12)
                                                         wbs_dat_o[11] (net)
                      0.176674    0.009067    9.053655 v wbs_dat_o[11] (out)
                                              9.053655   data arrival time

                                 25.000000   25.000000   clock clk (rise edge)
                                  4.650000   29.650000   clock network delay (propagated)
                                 -0.250000   29.400000   clock uncertainty
                                  0.000000   29.400000   clock reconvergence pessimism
                                 -3.620000   25.779999   output external delay
                                             25.779999   data required time
---------------------------------------------------------------------------------------------
                                             25.779999   data required time
                                             -9.053655   data arrival time
---------------------------------------------------------------------------------------------
                                             16.726343   slack (MET)


Startpoint: _141_ (rising edge-triggered flip-flop clocked by clk)
Endpoint: wbs_dat_o[12] (output port clocked by clk)
Path Group: clk
Path Type: max

Fanout         Cap        Slew       Delay        Time   Description
---------------------------------------------------------------------------------------------
                                  0.000000    0.000000   clock clk (rise edge)
                                  5.570000    5.570000   clock source latency
     2    0.032618    0.610000    0.000000    5.570000 ^ clk (in)
                                                         clk (net)
                      0.618647    0.004324    5.574324 ^ wire3/A (sky130_fd_sc_hd__buf_4)
     3    0.036079    0.177169    0.513396    6.087720 ^ wire3/X (sky130_fd_sc_hd__buf_4)
                                                         net274 (net)
                      0.177570    0.007451    6.095171 ^ wire2/A (sky130_fd_sc_hd__buf_6)
     3    0.079273    0.256679    0.360074    6.455245 ^ wire2/X (sky130_fd_sc_hd__buf_6)
                                                         net273 (net)
                      0.259705    0.022300    6.477546 ^ wire1/A (sky130_fd_sc_hd__buf_6)
     3    0.081766    0.264549    0.398330    6.875875 ^ wire1/X (sky130_fd_sc_hd__buf_6)
                                                         net272 (net)
                      0.267818    0.023531    6.899406 ^ clkbuf_0_clk/A (sky130_fd_sc_hd__clkbuf_16)
     9    0.101201    0.179146    0.400720    7.300127 ^ clkbuf_0_clk/X (sky130_fd_sc_hd__clkbuf_16)
                                                         clknet_0_clk (net)
                      0.180426    0.012061    7.312188 ^ clkbuf_2_0__f_clk/A (sky130_fd_sc_hd__clkbuf_16)
    17    0.092920    0.166980    0.352254    7.664442 ^ clkbuf_2_0__f_clk/X (sky130_fd_sc_hd__clkbuf_16)
                                                         clknet_2_0__leaf_clk (net)
                      0.167573    0.008023    7.672465 ^ _141_/CLK (sky130_fd_sc_hd__dfrtp_2)
     3    0.026821    0.177921    0.973657    8.646121 v _141_/Q (sky130_fd_sc_hd__dfrtp_2)
                                                         net231 (net)
                      0.178183    0.004047    8.650167 v output231/A (sky130_fd_sc_hd__buf_12)
     1    0.191535    0.176675    0.389091    9.039259 v output231/X (sky130_fd_sc_hd__buf_12)
                                                         wbs_dat_o[12] (net)
                      0.177414    0.009812    9.049070 v wbs_dat_o[12] (out)
                                              9.049070   data arrival time

                                 25.000000   25.000000   clock clk (rise edge)
                                  4.650000   29.650000   clock network delay (propagated)
                                 -0.250000   29.400000   clock uncertainty
                                  0.000000   29.400000   clock reconvergence pessimism
                                 -3.620000   25.779999   output external delay
                                             25.779999   data required time
---------------------------------------------------------------------------------------------
                                             25.779999   data required time
                                             -9.049070   data arrival time
---------------------------------------------------------------------------------------------
                                             16.730930   slack (MET)


Startpoint: _146_ (rising edge-triggered flip-flop clocked by clk)
Endpoint: wbs_dat_o[17] (output port clocked by clk)
Path Group: clk
Path Type: max

Fanout         Cap        Slew       Delay        Time   Description
---------------------------------------------------------------------------------------------
                                  0.000000    0.000000   clock clk (rise edge)
                                  5.570000    5.570000   clock source latency
     2    0.032618    0.610000    0.000000    5.570000 ^ clk (in)
                                                         clk (net)
                      0.618647    0.004324    5.574324 ^ wire3/A (sky130_fd_sc_hd__buf_4)
     3    0.036079    0.177169    0.513396    6.087720 ^ wire3/X (sky130_fd_sc_hd__buf_4)
                                                         net274 (net)
                      0.177570    0.007451    6.095171 ^ wire2/A (sky130_fd_sc_hd__buf_6)
     3    0.079273    0.256679    0.360074    6.455245 ^ wire2/X (sky130_fd_sc_hd__buf_6)
                                                         net273 (net)
                      0.259705    0.022300    6.477546 ^ wire1/A (sky130_fd_sc_hd__buf_6)
     3    0.081766    0.264549    0.398330    6.875875 ^ wire1/X (sky130_fd_sc_hd__buf_6)
                                                         net272 (net)
                      0.267818    0.023531    6.899406 ^ clkbuf_0_clk/A (sky130_fd_sc_hd__clkbuf_16)
     9    0.101201    0.179146    0.400720    7.300127 ^ clkbuf_0_clk/X (sky130_fd_sc_hd__clkbuf_16)
                                                         clknet_0_clk (net)
                      0.180071    0.010286    7.310413 ^ clkbuf_2_3__f_clk/A (sky130_fd_sc_hd__clkbuf_16)
    21    0.075270    0.142724    0.332447    7.642861 ^ clkbuf_2_3__f_clk/X (sky130_fd_sc_hd__clkbuf_16)
                                                         clknet_2_3__leaf_clk (net)
                      0.143129    0.006078    7.648939 ^ _146_/CLK (sky130_fd_sc_hd__dfrtp_2)
     3    0.028700    0.185626    0.969592    8.618530 v _146_/Q (sky130_fd_sc_hd__dfrtp_2)
                                                         net236 (net)
                      0.185750    0.004455    8.622985 v output236/A (sky130_fd_sc_hd__buf_12)
     1    0.191040    0.176062    0.393058    9.016044 v output236/X (sky130_fd_sc_hd__buf_12)
                                                         wbs_dat_o[17] (net)
                      0.176690    0.009067    9.025110 v wbs_dat_o[17] (out)
                                              9.025110   data arrival time

                                 25.000000   25.000000   clock clk (rise edge)
                                  4.650000   29.650000   clock network delay (propagated)
                                 -0.250000   29.400000   clock uncertainty
                                  0.000000   29.400000   clock reconvergence pessimism
                                 -3.620000   25.779999   output external delay
                                             25.779999   data required time
---------------------------------------------------------------------------------------------
                                             25.779999   data required time
                                             -9.025110   data arrival time
---------------------------------------------------------------------------------------------
                                             16.754890   slack (MET)


Startpoint: _128_ (rising edge-triggered flip-flop clocked by clk)
Endpoint: wbs_ack_o (output port clocked by clk)
Path Group: clk
Path Type: max

Fanout         Cap        Slew       Delay        Time   Description
---------------------------------------------------------------------------------------------
                                  0.000000    0.000000   clock clk (rise edge)
                                  5.570000    5.570000   clock source latency
     2    0.032618    0.610000    0.000000    5.570000 ^ clk (in)
                                                         clk (net)
                      0.618647    0.004324    5.574324 ^ wire3/A (sky130_fd_sc_hd__buf_4)
     3    0.036079    0.177169    0.513396    6.087720 ^ wire3/X (sky130_fd_sc_hd__buf_4)
                                                         net274 (net)
                      0.177570    0.007451    6.095171 ^ wire2/A (sky130_fd_sc_hd__buf_6)
     3    0.079273    0.256679    0.360074    6.455245 ^ wire2/X (sky130_fd_sc_hd__buf_6)
                                                         net273 (net)
                      0.259705    0.022300    6.477546 ^ wire1/A (sky130_fd_sc_hd__buf_6)
     3    0.081766    0.264549    0.398330    6.875875 ^ wire1/X (sky130_fd_sc_hd__buf_6)
                                                         net272 (net)
                      0.267818    0.023531    6.899406 ^ clkbuf_0_clk/A (sky130_fd_sc_hd__clkbuf_16)
     9    0.101201    0.179146    0.400720    7.300127 ^ clkbuf_0_clk/X (sky130_fd_sc_hd__clkbuf_16)
                                                         clknet_0_clk (net)
                      0.180362    0.011763    7.311890 ^ clkbuf_2_1__f_clk/A (sky130_fd_sc_hd__clkbuf_16)
    21    0.086026    0.158258    0.342756    7.654646 ^ clkbuf_2_1__f_clk/X (sky130_fd_sc_hd__clkbuf_16)
                                                         clknet_2_1__leaf_clk (net)
                      0.159821    0.012377    7.667023 ^ _128_/CLK (sky130_fd_sc_hd__dfrtp_4)
     3    0.188199    0.839653    1.396580    9.063602 ^ _128_/Q (sky130_fd_sc_hd__dfrtp_4)
                                                         net227 (net)
                      0.869501    0.124634    9.188236 ^ output227/A (sky130_fd_sc_hd__buf_12)
     1    0.190987    0.344440    0.637010    9.825247 ^ output227/X (sky130_fd_sc_hd__buf_12)
                                                         wbs_ack_o (net)
                      0.344736    0.009100    9.834347 ^ wbs_ack_o (out)
                                              9.834347   data arrival time

                                 50.000000   50.000000   clock clk (rise edge)
                                  4.650000   54.650002   clock network delay (propagated)
                                 -0.250000   54.399998   clock uncertainty
                                  0.000000   54.399998   clock reconvergence pessimism
                                 -8.410000   45.990002   output external delay
                                             45.990002   data required time
---------------------------------------------------------------------------------------------
                                             45.990002   data required time
                                             -9.834347   data arrival time
---------------------------------------------------------------------------------------------
                                             36.155655   slack (MET)


Startpoint: wbs_cyc_i (input port clocked by clk)
Endpoint: _128_ (rising edge-triggered flip-flop clocked by clk)
Path Group: clk
Path Type: max

Fanout         Cap        Slew       Delay        Time   Description
---------------------------------------------------------------------------------------------
                                  0.000000    0.000000   clock clk (rise edge)
                                  5.570000    5.570000   clock network delay (propagated)
                                  4.740000   10.310000 ^ input external delay
     2    0.004224    0.170000    0.000000   10.310000 ^ wbs_cyc_i (in)
                                                         wbs_cyc_i (net)
                      0.170194    0.000097   10.310097 ^ hold12/A (sky130_fd_sc_hd__dlygate4sd3_1)
     1    0.007624    0.156544    1.143689   11.453786 ^ hold12/X (sky130_fd_sc_hd__dlygate4sd3_1)
                                                         net286 (net)
                      0.156544    0.000575   11.454360 ^ input110/A (sky130_fd_sc_hd__buf_8)
     3    0.163225    0.406448    0.405033   11.859394 ^ input110/X (sky130_fd_sc_hd__buf_8)
                                                         net110 (net)
                      0.460219    0.111859   11.971252 ^ _041_/A (sky130_fd_sc_hd__and2_4)
     5    0.088925    0.414054    0.707134   12.678387 ^ _041_/X (sky130_fd_sc_hd__and2_4)
                                                         _000_ (net)
                      0.414180    0.006157   12.684544 ^ hold13/A (sky130_fd_sc_hd__dlygate4sd3_1)
     1    0.002798    0.091664    1.162580   13.847124 ^ hold13/X (sky130_fd_sc_hd__dlygate4sd3_1)
                                                         net287 (net)
                      0.091664    0.000179   13.847302 ^ _128_/D (sky130_fd_sc_hd__dfrtp_4)
                                             13.847302   data arrival time

                                 50.000000   50.000000   clock clk (rise edge)
                                  4.650000   54.650002   clock source latency
     2    0.032618    0.610000    0.000000   54.650002 ^ clk (in)
                                                         clk (net)
                      0.618647    0.004324   54.654324 ^ wire3/A (sky130_fd_sc_hd__buf_4)
     3    0.036079    0.177169    0.513396   55.167721 ^ wire3/X (sky130_fd_sc_hd__buf_4)
                                                         net274 (net)
                      0.177570    0.007450   55.175171 ^ wire2/A (sky130_fd_sc_hd__buf_6)
     3    0.079273    0.256679    0.360075   55.535244 ^ wire2/X (sky130_fd_sc_hd__buf_6)
                                                         net273 (net)
                      0.259705    0.022300   55.557545 ^ wire1/A (sky130_fd_sc_hd__buf_6)
     3    0.081766    0.264549    0.398330   55.955875 ^ wire1/X (sky130_fd_sc_hd__buf_6)
                                                         net272 (net)
                      0.267818    0.023530   55.979404 ^ clkbuf_0_clk/A (sky130_fd_sc_hd__clkbuf_16)
     9    0.101201    0.179146    0.400721   56.380127 ^ clkbuf_0_clk/X (sky130_fd_sc_hd__clkbuf_16)
                                                         clknet_0_clk (net)
                      0.180362    0.011763   56.391888 ^ clkbuf_2_1__f_clk/A (sky130_fd_sc_hd__clkbuf_16)
    21    0.086026    0.158258    0.342755   56.734642 ^ clkbuf_2_1__f_clk/X (sky130_fd_sc_hd__clkbuf_16)
                                                         clknet_2_1__leaf_clk (net)
                      0.159821    0.012378   56.747021 ^ _128_/CLK (sky130_fd_sc_hd__dfrtp_4)
                                 -0.250000   56.497021   clock uncertainty
                                  0.000000   56.497021   clock reconvergence pessimism
                                 -0.126326   56.370693   library setup time
                                             56.370693   data required time
---------------------------------------------------------------------------------------------
                                             56.370693   data required time
                                            -13.847302   data arrival time
---------------------------------------------------------------------------------------------
                                             42.523392   slack (MET)



