
===========================================================================
report_checks -path_delay max (Setup)
============================================================================
======================= min_tt_025C_1v80 Corner ===================================

Startpoint: wbs_adr_i[31] (input port clocked by clk)
Endpoint: _153_ (rising edge-triggered flip-flop clocked by clk)
Path Group: clk
Path Type: max

Fanout         Cap        Slew       Delay        Time   Description
---------------------------------------------------------------------------------------------
                                  0.000000    0.000000   clock clk (rise edge)
                                  5.570000    5.570000   clock network delay (propagated)
                                  3.890000    9.460000 v input external delay
     2    0.003705    0.920000    0.000000    9.460000 v wbs_adr_i[31] (in)
                                                         wbs_adr_i[31] (net)
                      0.920051    0.000027    9.460027 v hold150/A (sky130_fd_sc_hd__dlygate4sd3_1)
     1    0.004102    0.059650    0.887806   10.347833 v hold150/X (sky130_fd_sc_hd__dlygate4sd3_1)
                                                         net424 (net)
                      0.059650    0.000040   10.347873 v input102/A (sky130_fd_sc_hd__clkbuf_8)
     3    0.065791    0.084788    0.191313   10.539186 v input102/X (sky130_fd_sc_hd__clkbuf_8)
                                                         net102 (net)
                      0.087773    0.012835   10.552021 v hold151/A (sky130_fd_sc_hd__dlygate4sd3_1)
     3    0.059288    0.293887    0.821154   11.373175 v hold151/X (sky130_fd_sc_hd__dlygate4sd3_1)
                                                         net425 (net)
                      0.294891    0.012944   11.386119 v _043_/A (sky130_fd_sc_hd__nor4b_1)
     1    0.003122    0.255770    0.386315   11.772434 ^ _043_/Y (sky130_fd_sc_hd__nor4b_1)
                                                         _034_ (net)
                      0.255770    0.000045   11.772479 ^ hold152/A (sky130_fd_sc_hd__dlygate4sd3_1)
     1    0.003182    0.056157    0.604022   12.376501 ^ hold152/X (sky130_fd_sc_hd__dlygate4sd3_1)
                                                         net426 (net)
                      0.056157    0.000044   12.376546 ^ wire266/A (sky130_fd_sc_hd__buf_2)
     1    0.011799    0.066212    0.130830   12.507376 ^ wire266/X (sky130_fd_sc_hd__buf_2)
                                                         net266 (net)
                      0.066214    0.000505   12.507881 ^ hold153/A (sky130_fd_sc_hd__dlygate4sd3_1)
     5    0.037165    0.368657    0.797859   13.305740 ^ hold153/X (sky130_fd_sc_hd__dlygate4sd3_1)
                                                         net427 (net)
                      0.368665    0.002403   13.308143 ^ fanout263/A (sky130_fd_sc_hd__buf_4)
     1    0.003748    0.033963    0.180500   13.488643 ^ fanout263/X (sky130_fd_sc_hd__buf_4)
                                                         net263 (net)
                      0.033963    0.000044   13.488687 ^ hold154/A (sky130_fd_sc_hd__dlygate4sd3_1)
    33    0.111427    1.072640    1.288535   14.777222 ^ hold154/X (sky130_fd_sc_hd__dlygate4sd3_1)
                                                         net428 (net)
                      1.072640    0.000834   14.778055 ^ _120_/B (sky130_fd_sc_hd__and3_1)
     1    0.004841    0.082620    0.304685   15.082741 ^ _120_/X (sky130_fd_sc_hd__and3_1)
                                                         _017_ (net)
                      0.082620    0.000098   15.082838 ^ _153_/D (sky130_fd_sc_hd__dfrtp_4)
                                             15.082838   data arrival time

                                 25.000000   25.000000   clock clk (rise edge)
                                  4.650000   29.650000   clock source latency
     2    0.029103    0.610000    0.000000   29.650000 ^ clk (in)
                                                         clk (net)
                      0.615127    0.002499   29.652498 ^ wire3/A (sky130_fd_sc_hd__buf_4)
     3    0.041253    0.126299    0.283869   29.936367 ^ wire3/X (sky130_fd_sc_hd__buf_4)
                                                         net274 (net)
                      0.126577    0.004661   29.941029 ^ wire2/A (sky130_fd_sc_hd__buf_6)
     3    0.070191    0.143372    0.191445   30.132473 ^ wire2/X (sky130_fd_sc_hd__buf_6)
                                                         net273 (net)
                      0.145294    0.012847   30.145321 ^ wire1/A (sky130_fd_sc_hd__buf_6)
     3    0.072553    0.147817    0.198046   30.343367 ^ wire1/X (sky130_fd_sc_hd__buf_6)
                                                         net272 (net)
                      0.149901    0.013582   30.356949 ^ clkbuf_0_clk/A (sky130_fd_sc_hd__clkbuf_16)
     9    0.092780    0.109733    0.210360   30.567308 ^ clkbuf_0_clk/X (sky130_fd_sc_hd__clkbuf_16)
                                                         clknet_0_clk (net)
                      0.110111    0.005059   30.572367 ^ clkbuf_2_3__f_clk/A (sky130_fd_sc_hd__clkbuf_16)
    21    0.067421    0.085790    0.177746   30.750113 ^ clkbuf_2_3__f_clk/X (sky130_fd_sc_hd__clkbuf_16)
                                                         clknet_2_3__leaf_clk (net)
                      0.087182    0.008356   30.758469 ^ _153_/CLK (sky130_fd_sc_hd__dfrtp_4)
                                 -0.087500   30.670969   clock uncertainty
                                  0.000000   30.670969   clock reconvergence pessimism
                                 -0.065772   30.605198   library setup time
                                             30.605198   data required time
---------------------------------------------------------------------------------------------
                                             30.605198   data required time
                                            -15.082838   data arrival time
---------------------------------------------------------------------------------------------
                                             15.522359   slack (MET)


Startpoint: wbs_adr_i[31] (input port clocked by clk)
Endpoint: _155_ (rising edge-triggered flip-flop clocked by clk)
Path Group: clk
Path Type: max

Fanout         Cap        Slew       Delay        Time   Description
---------------------------------------------------------------------------------------------
                                  0.000000    0.000000   clock clk (rise edge)
                                  5.570000    5.570000   clock network delay (propagated)
                                  3.890000    9.460000 v input external delay
     2    0.003705    0.920000    0.000000    9.460000 v wbs_adr_i[31] (in)
                                                         wbs_adr_i[31] (net)
                      0.920051    0.000027    9.460027 v hold150/A (sky130_fd_sc_hd__dlygate4sd3_1)
     1    0.004102    0.059650    0.887806   10.347833 v hold150/X (sky130_fd_sc_hd__dlygate4sd3_1)
                                                         net424 (net)
                      0.059650    0.000040   10.347873 v input102/A (sky130_fd_sc_hd__clkbuf_8)
     3    0.065791    0.084788    0.191313   10.539186 v input102/X (sky130_fd_sc_hd__clkbuf_8)
                                                         net102 (net)
                      0.087773    0.012835   10.552021 v hold151/A (sky130_fd_sc_hd__dlygate4sd3_1)
     3    0.059288    0.293887    0.821154   11.373175 v hold151/X (sky130_fd_sc_hd__dlygate4sd3_1)
                                                         net425 (net)
                      0.294891    0.012944   11.386119 v _043_/A (sky130_fd_sc_hd__nor4b_1)
     1    0.003122    0.255770    0.386315   11.772434 ^ _043_/Y (sky130_fd_sc_hd__nor4b_1)
                                                         _034_ (net)
                      0.255770    0.000045   11.772479 ^ hold152/A (sky130_fd_sc_hd__dlygate4sd3_1)
     1    0.003182    0.056157    0.604022   12.376501 ^ hold152/X (sky130_fd_sc_hd__dlygate4sd3_1)
                                                         net426 (net)
                      0.056157    0.000044   12.376546 ^ wire266/A (sky130_fd_sc_hd__buf_2)
     1    0.011799    0.066212    0.130830   12.507376 ^ wire266/X (sky130_fd_sc_hd__buf_2)
                                                         net266 (net)
                      0.066214    0.000505   12.507881 ^ hold153/A (sky130_fd_sc_hd__dlygate4sd3_1)
     5    0.037165    0.368657    0.797859   13.305740 ^ hold153/X (sky130_fd_sc_hd__dlygate4sd3_1)
                                                         net427 (net)
                      0.368665    0.002403   13.308143 ^ fanout263/A (sky130_fd_sc_hd__buf_4)
     1    0.003748    0.033963    0.180500   13.488643 ^ fanout263/X (sky130_fd_sc_hd__buf_4)
                                                         net263 (net)
                      0.033963    0.000044   13.488687 ^ hold154/A (sky130_fd_sc_hd__dlygate4sd3_1)
    33    0.111427    1.072640    1.288535   14.777222 ^ hold154/X (sky130_fd_sc_hd__dlygate4sd3_1)
                                                         net428 (net)
                      1.072641    0.001196   14.778418 ^ _122_/B (sky130_fd_sc_hd__and3_1)
     1    0.003586    0.073772    0.293867   15.072286 ^ _122_/X (sky130_fd_sc_hd__and3_1)
                                                         _019_ (net)
                      0.073772    0.000053   15.072338 ^ _155_/D (sky130_fd_sc_hd__dfrtp_4)
                                             15.072338   data arrival time

                                 25.000000   25.000000   clock clk (rise edge)
                                  4.650000   29.650000   clock source latency
     2    0.029103    0.610000    0.000000   29.650000 ^ clk (in)
                                                         clk (net)
                      0.615127    0.002499   29.652498 ^ wire3/A (sky130_fd_sc_hd__buf_4)
     3    0.041253    0.126299    0.283869   29.936367 ^ wire3/X (sky130_fd_sc_hd__buf_4)
                                                         net274 (net)
                      0.126577    0.004661   29.941029 ^ wire2/A (sky130_fd_sc_hd__buf_6)
     3    0.070191    0.143372    0.191445   30.132473 ^ wire2/X (sky130_fd_sc_hd__buf_6)
                                                         net273 (net)
                      0.145294    0.012847   30.145321 ^ wire1/A (sky130_fd_sc_hd__buf_6)
     3    0.072553    0.147817    0.198046   30.343367 ^ wire1/X (sky130_fd_sc_hd__buf_6)
                                                         net272 (net)
                      0.149901    0.013582   30.356949 ^ clkbuf_0_clk/A (sky130_fd_sc_hd__clkbuf_16)
     9    0.092780    0.109733    0.210360   30.567308 ^ clkbuf_0_clk/X (sky130_fd_sc_hd__clkbuf_16)
                                                         clknet_0_clk (net)
                      0.110111    0.005059   30.572367 ^ clkbuf_2_3__f_clk/A (sky130_fd_sc_hd__clkbuf_16)
    21    0.067421    0.085790    0.177746   30.750113 ^ clkbuf_2_3__f_clk/X (sky130_fd_sc_hd__clkbuf_16)
                                                         clknet_2_3__leaf_clk (net)
                      0.087212    0.008448   30.758560 ^ _155_/CLK (sky130_fd_sc_hd__dfrtp_4)
                                 -0.087500   30.671061   clock uncertainty
                                  0.000000   30.671061   clock reconvergence pessimism
                                 -0.063719   30.607344   library setup time
                                             30.607344   data required time
---------------------------------------------------------------------------------------------
                                             30.607344   data required time
                                            -15.072338   data arrival time
---------------------------------------------------------------------------------------------
                                             15.535005   slack (MET)


Startpoint: wbs_adr_i[31] (input port clocked by clk)
Endpoint: _157_ (rising edge-triggered flip-flop clocked by clk)
Path Group: clk
Path Type: max

Fanout         Cap        Slew       Delay        Time   Description
---------------------------------------------------------------------------------------------
                                  0.000000    0.000000   clock clk (rise edge)
                                  5.570000    5.570000   clock network delay (propagated)
                                  3.890000    9.460000 v input external delay
     2    0.003705    0.920000    0.000000    9.460000 v wbs_adr_i[31] (in)
                                                         wbs_adr_i[31] (net)
                      0.920051    0.000027    9.460027 v hold150/A (sky130_fd_sc_hd__dlygate4sd3_1)
     1    0.004102    0.059650    0.887806   10.347833 v hold150/X (sky130_fd_sc_hd__dlygate4sd3_1)
                                                         net424 (net)
                      0.059650    0.000040   10.347873 v input102/A (sky130_fd_sc_hd__clkbuf_8)
     3    0.065791    0.084788    0.191313   10.539186 v input102/X (sky130_fd_sc_hd__clkbuf_8)
                                                         net102 (net)
                      0.087773    0.012835   10.552021 v hold151/A (sky130_fd_sc_hd__dlygate4sd3_1)
     3    0.059288    0.293887    0.821154   11.373175 v hold151/X (sky130_fd_sc_hd__dlygate4sd3_1)
                                                         net425 (net)
                      0.294891    0.012944   11.386119 v _043_/A (sky130_fd_sc_hd__nor4b_1)
     1    0.003122    0.255770    0.386315   11.772434 ^ _043_/Y (sky130_fd_sc_hd__nor4b_1)
                                                         _034_ (net)
                      0.255770    0.000045   11.772479 ^ hold152/A (sky130_fd_sc_hd__dlygate4sd3_1)
     1    0.003182    0.056157    0.604022   12.376501 ^ hold152/X (sky130_fd_sc_hd__dlygate4sd3_1)
                                                         net426 (net)
                      0.056157    0.000044   12.376546 ^ wire266/A (sky130_fd_sc_hd__buf_2)
     1    0.011799    0.066212    0.130830   12.507376 ^ wire266/X (sky130_fd_sc_hd__buf_2)
                                                         net266 (net)
                      0.066214    0.000505   12.507881 ^ hold153/A (sky130_fd_sc_hd__dlygate4sd3_1)
     5    0.037165    0.368657    0.797859   13.305740 ^ hold153/X (sky130_fd_sc_hd__dlygate4sd3_1)
                                                         net427 (net)
                      0.368665    0.002403   13.308143 ^ fanout263/A (sky130_fd_sc_hd__buf_4)
     1    0.003748    0.033963    0.180500   13.488643 ^ fanout263/X (sky130_fd_sc_hd__buf_4)
                                                         net263 (net)
                      0.033963    0.000044   13.488687 ^ hold154/A (sky130_fd_sc_hd__dlygate4sd3_1)
    33    0.111427    1.072640    1.288535   14.777222 ^ hold154/X (sky130_fd_sc_hd__dlygate4sd3_1)
                                                         net428 (net)
                      1.072652    0.003187   14.780409 ^ _124_/B (sky130_fd_sc_hd__and3_1)
     1    0.003261    0.071200    0.290585   15.070993 ^ _124_/X (sky130_fd_sc_hd__and3_1)
                                                         _021_ (net)
                      0.071200    0.000044   15.071038 ^ _157_/D (sky130_fd_sc_hd__dfrtp_4)
                                             15.071038   data arrival time

                                 25.000000   25.000000   clock clk (rise edge)
                                  4.650000   29.650000   clock source latency
     2    0.029103    0.610000    0.000000   29.650000 ^ clk (in)
                                                         clk (net)
                      0.615127    0.002499   29.652498 ^ wire3/A (sky130_fd_sc_hd__buf_4)
     3    0.041253    0.126299    0.283869   29.936367 ^ wire3/X (sky130_fd_sc_hd__buf_4)
                                                         net274 (net)
                      0.126577    0.004661   29.941029 ^ wire2/A (sky130_fd_sc_hd__buf_6)
     3    0.070191    0.143372    0.191445   30.132473 ^ wire2/X (sky130_fd_sc_hd__buf_6)
                                                         net273 (net)
                      0.145294    0.012847   30.145321 ^ wire1/A (sky130_fd_sc_hd__buf_6)
     3    0.072553    0.147817    0.198046   30.343367 ^ wire1/X (sky130_fd_sc_hd__buf_6)
                                                         net272 (net)
                      0.149901    0.013582   30.356949 ^ clkbuf_0_clk/A (sky130_fd_sc_hd__clkbuf_16)
     9    0.092780    0.109733    0.210360   30.567308 ^ clkbuf_0_clk/X (sky130_fd_sc_hd__clkbuf_16)
                                                         clknet_0_clk (net)
                      0.110111    0.005059   30.572367 ^ clkbuf_2_3__f_clk/A (sky130_fd_sc_hd__clkbuf_16)
    21    0.067421    0.085790    0.177746   30.750113 ^ clkbuf_2_3__f_clk/X (sky130_fd_sc_hd__clkbuf_16)
                                                         clknet_2_3__leaf_clk (net)
                      0.086882    0.007393   30.757505 ^ _157_/CLK (sky130_fd_sc_hd__dfrtp_4)
                                 -0.087500   30.670006   clock uncertainty
                                  0.000000   30.670006   clock reconvergence pessimism
                                 -0.063175   30.606833   library setup time
                                             30.606833   data required time
---------------------------------------------------------------------------------------------
                                             30.606833   data required time
                                            -15.071038   data arrival time
---------------------------------------------------------------------------------------------
                                             15.535793   slack (MET)


Startpoint: wbs_adr_i[31] (input port clocked by clk)
Endpoint: _152_ (rising edge-triggered flip-flop clocked by clk)
Path Group: clk
Path Type: max

Fanout         Cap        Slew       Delay        Time   Description
---------------------------------------------------------------------------------------------
                                  0.000000    0.000000   clock clk (rise edge)
                                  5.570000    5.570000   clock network delay (propagated)
                                  3.890000    9.460000 v input external delay
     2    0.003705    0.920000    0.000000    9.460000 v wbs_adr_i[31] (in)
                                                         wbs_adr_i[31] (net)
                      0.920051    0.000027    9.460027 v hold150/A (sky130_fd_sc_hd__dlygate4sd3_1)
     1    0.004102    0.059650    0.887806   10.347833 v hold150/X (sky130_fd_sc_hd__dlygate4sd3_1)
                                                         net424 (net)
                      0.059650    0.000040   10.347873 v input102/A (sky130_fd_sc_hd__clkbuf_8)
     3    0.065791    0.084788    0.191313   10.539186 v input102/X (sky130_fd_sc_hd__clkbuf_8)
                                                         net102 (net)
                      0.087773    0.012835   10.552021 v hold151/A (sky130_fd_sc_hd__dlygate4sd3_1)
     3    0.059288    0.293887    0.821154   11.373175 v hold151/X (sky130_fd_sc_hd__dlygate4sd3_1)
                                                         net425 (net)
                      0.294891    0.012944   11.386119 v _043_/A (sky130_fd_sc_hd__nor4b_1)
     1    0.003122    0.255770    0.386315   11.772434 ^ _043_/Y (sky130_fd_sc_hd__nor4b_1)
                                                         _034_ (net)
                      0.255770    0.000045   11.772479 ^ hold152/A (sky130_fd_sc_hd__dlygate4sd3_1)
     1    0.003182    0.056157    0.604022   12.376501 ^ hold152/X (sky130_fd_sc_hd__dlygate4sd3_1)
                                                         net426 (net)
                      0.056157    0.000044   12.376546 ^ wire266/A (sky130_fd_sc_hd__buf_2)
     1    0.011799    0.066212    0.130830   12.507376 ^ wire266/X (sky130_fd_sc_hd__buf_2)
                                                         net266 (net)
                      0.066214    0.000505   12.507881 ^ hold153/A (sky130_fd_sc_hd__dlygate4sd3_1)
     5    0.037165    0.368657    0.797859   13.305740 ^ hold153/X (sky130_fd_sc_hd__dlygate4sd3_1)
                                                         net427 (net)
                      0.368665    0.002403   13.308143 ^ fanout263/A (sky130_fd_sc_hd__buf_4)
     1    0.003748    0.033963    0.180500   13.488643 ^ fanout263/X (sky130_fd_sc_hd__buf_4)
                                                         net263 (net)
                      0.033963    0.000044   13.488687 ^ hold154/A (sky130_fd_sc_hd__dlygate4sd3_1)
    33    0.111427    1.072640    1.288535   14.777222 ^ hold154/X (sky130_fd_sc_hd__dlygate4sd3_1)
                                                         net428 (net)
                      1.072640    0.000763   14.777985 ^ _119_/B (sky130_fd_sc_hd__and3_1)
     1    0.003540    0.073450    0.293469   15.071454 ^ _119_/X (sky130_fd_sc_hd__and3_1)
                                                         _016_ (net)
                      0.073450    0.000046   15.071500 ^ _152_/D (sky130_fd_sc_hd__dfrtp_4)
                                             15.071500   data arrival time

                                 25.000000   25.000000   clock clk (rise edge)
                                  4.650000   29.650000   clock source latency
     2    0.029103    0.610000    0.000000   29.650000 ^ clk (in)
                                                         clk (net)
                      0.615127    0.002499   29.652498 ^ wire3/A (sky130_fd_sc_hd__buf_4)
     3    0.041253    0.126299    0.283869   29.936367 ^ wire3/X (sky130_fd_sc_hd__buf_4)
                                                         net274 (net)
                      0.126577    0.004661   29.941029 ^ wire2/A (sky130_fd_sc_hd__buf_6)
     3    0.070191    0.143372    0.191445   30.132473 ^ wire2/X (sky130_fd_sc_hd__buf_6)
                                                         net273 (net)
                      0.145294    0.012847   30.145321 ^ wire1/A (sky130_fd_sc_hd__buf_6)
     3    0.072553    0.147817    0.198046   30.343367 ^ wire1/X (sky130_fd_sc_hd__buf_6)
                                                         net272 (net)
                      0.149901    0.013582   30.356949 ^ clkbuf_0_clk/A (sky130_fd_sc_hd__clkbuf_16)
     9    0.092780    0.109733    0.210360   30.567308 ^ clkbuf_0_clk/X (sky130_fd_sc_hd__clkbuf_16)
                                                         clknet_0_clk (net)
                      0.110111    0.005059   30.572367 ^ clkbuf_2_3__f_clk/A (sky130_fd_sc_hd__clkbuf_16)
    21    0.067421    0.085790    0.177746   30.750113 ^ clkbuf_2_3__f_clk/X (sky130_fd_sc_hd__clkbuf_16)
                                                         clknet_2_3__leaf_clk (net)
                      0.087218    0.008466   30.758579 ^ _152_/CLK (sky130_fd_sc_hd__dfrtp_4)
                                 -0.087500   30.671080   clock uncertainty
                                  0.000000   30.671080   clock reconvergence pessimism
                                 -0.063644   30.607435   library setup time
                                             30.607435   data required time
---------------------------------------------------------------------------------------------
                                             30.607435   data required time
                                            -15.071500   data arrival time
---------------------------------------------------------------------------------------------
                                             15.535935   slack (MET)


Startpoint: wbs_adr_i[31] (input port clocked by clk)
Endpoint: _156_ (rising edge-triggered flip-flop clocked by clk)
Path Group: clk
Path Type: max

Fanout         Cap        Slew       Delay        Time   Description
---------------------------------------------------------------------------------------------
                                  0.000000    0.000000   clock clk (rise edge)
                                  5.570000    5.570000   clock network delay (propagated)
                                  3.890000    9.460000 v input external delay
     2    0.003705    0.920000    0.000000    9.460000 v wbs_adr_i[31] (in)
                                                         wbs_adr_i[31] (net)
                      0.920051    0.000027    9.460027 v hold150/A (sky130_fd_sc_hd__dlygate4sd3_1)
     1    0.004102    0.059650    0.887806   10.347833 v hold150/X (sky130_fd_sc_hd__dlygate4sd3_1)
                                                         net424 (net)
                      0.059650    0.000040   10.347873 v input102/A (sky130_fd_sc_hd__clkbuf_8)
     3    0.065791    0.084788    0.191313   10.539186 v input102/X (sky130_fd_sc_hd__clkbuf_8)
                                                         net102 (net)
                      0.087773    0.012835   10.552021 v hold151/A (sky130_fd_sc_hd__dlygate4sd3_1)
     3    0.059288    0.293887    0.821154   11.373175 v hold151/X (sky130_fd_sc_hd__dlygate4sd3_1)
                                                         net425 (net)
                      0.294891    0.012944   11.386119 v _043_/A (sky130_fd_sc_hd__nor4b_1)
     1    0.003122    0.255770    0.386315   11.772434 ^ _043_/Y (sky130_fd_sc_hd__nor4b_1)
                                                         _034_ (net)
                      0.255770    0.000045   11.772479 ^ hold152/A (sky130_fd_sc_hd__dlygate4sd3_1)
     1    0.003182    0.056157    0.604022   12.376501 ^ hold152/X (sky130_fd_sc_hd__dlygate4sd3_1)
                                                         net426 (net)
                      0.056157    0.000044   12.376546 ^ wire266/A (sky130_fd_sc_hd__buf_2)
     1    0.011799    0.066212    0.130830   12.507376 ^ wire266/X (sky130_fd_sc_hd__buf_2)
                                                         net266 (net)
                      0.066214    0.000505   12.507881 ^ hold153/A (sky130_fd_sc_hd__dlygate4sd3_1)
     5    0.037165    0.368657    0.797859   13.305740 ^ hold153/X (sky130_fd_sc_hd__dlygate4sd3_1)
                                                         net427 (net)
                      0.368665    0.002403   13.308143 ^ fanout263/A (sky130_fd_sc_hd__buf_4)
     1    0.003748    0.033963    0.180500   13.488643 ^ fanout263/X (sky130_fd_sc_hd__buf_4)
                                                         net263 (net)
                      0.033963    0.000044   13.488687 ^ hold154/A (sky130_fd_sc_hd__dlygate4sd3_1)
    33    0.111427    1.072640    1.288535   14.777222 ^ hold154/X (sky130_fd_sc_hd__dlygate4sd3_1)
                                                         net428 (net)
                      1.072648    0.002693   14.779915 ^ _123_/B (sky130_fd_sc_hd__and3_1)
     1    0.003262    0.071211    0.290601   15.070516 ^ _123_/X (sky130_fd_sc_hd__and3_1)
                                                         _020_ (net)
                      0.071211    0.000043   15.070559 ^ _156_/D (sky130_fd_sc_hd__dfrtp_4)
                                             15.070559   data arrival time

                                 25.000000   25.000000   clock clk (rise edge)
                                  4.650000   29.650000   clock source latency
     2    0.029103    0.610000    0.000000   29.650000 ^ clk (in)
                                                         clk (net)
                      0.615127    0.002499   29.652498 ^ wire3/A (sky130_fd_sc_hd__buf_4)
     3    0.041253    0.126299    0.283869   29.936367 ^ wire3/X (sky130_fd_sc_hd__buf_4)
                                                         net274 (net)
                      0.126577    0.004661   29.941029 ^ wire2/A (sky130_fd_sc_hd__buf_6)
     3    0.070191    0.143372    0.191445   30.132473 ^ wire2/X (sky130_fd_sc_hd__buf_6)
                                                         net273 (net)
                      0.145294    0.012847   30.145321 ^ wire1/A (sky130_fd_sc_hd__buf_6)
     3    0.072553    0.147817    0.198046   30.343367 ^ wire1/X (sky130_fd_sc_hd__buf_6)
                                                         net272 (net)
                      0.149901    0.013582   30.356949 ^ clkbuf_0_clk/A (sky130_fd_sc_hd__clkbuf_16)
     9    0.092780    0.109733    0.210360   30.567308 ^ clkbuf_0_clk/X (sky130_fd_sc_hd__clkbuf_16)
                                                         clknet_0_clk (net)
                      0.110111    0.005059   30.572367 ^ clkbuf_2_3__f_clk/A (sky130_fd_sc_hd__clkbuf_16)
    21    0.067421    0.085790    0.177746   30.750113 ^ clkbuf_2_3__f_clk/X (sky130_fd_sc_hd__clkbuf_16)
                                                         clknet_2_3__leaf_clk (net)
                      0.086960    0.007653   30.757765 ^ _156_/CLK (sky130_fd_sc_hd__dfrtp_4)
                                 -0.087500   30.670265   clock uncertainty
                                  0.000000   30.670265   clock reconvergence pessimism
                                 -0.063166   30.607098   library setup time
                                             30.607098   data required time
---------------------------------------------------------------------------------------------
                                             30.607098   data required time
                                            -15.070559   data arrival time
---------------------------------------------------------------------------------------------
                                             15.536540   slack (MET)


Startpoint: wbs_adr_i[31] (input port clocked by clk)
Endpoint: _160_ (rising edge-triggered flip-flop clocked by clk)
Path Group: clk
Path Type: max

Fanout         Cap        Slew       Delay        Time   Description
---------------------------------------------------------------------------------------------
                                  0.000000    0.000000   clock clk (rise edge)
                                  5.570000    5.570000   clock network delay (propagated)
                                  3.890000    9.460000 v input external delay
     2    0.003705    0.920000    0.000000    9.460000 v wbs_adr_i[31] (in)
                                                         wbs_adr_i[31] (net)
                      0.920051    0.000027    9.460027 v hold150/A (sky130_fd_sc_hd__dlygate4sd3_1)
     1    0.004102    0.059650    0.887806   10.347833 v hold150/X (sky130_fd_sc_hd__dlygate4sd3_1)
                                                         net424 (net)
                      0.059650    0.000040   10.347873 v input102/A (sky130_fd_sc_hd__clkbuf_8)
     3    0.065791    0.084788    0.191313   10.539186 v input102/X (sky130_fd_sc_hd__clkbuf_8)
                                                         net102 (net)
                      0.087773    0.012835   10.552021 v hold151/A (sky130_fd_sc_hd__dlygate4sd3_1)
     3    0.059288    0.293887    0.821154   11.373175 v hold151/X (sky130_fd_sc_hd__dlygate4sd3_1)
                                                         net425 (net)
                      0.294891    0.012944   11.386119 v _043_/A (sky130_fd_sc_hd__nor4b_1)
     1    0.003122    0.255770    0.386315   11.772434 ^ _043_/Y (sky130_fd_sc_hd__nor4b_1)
                                                         _034_ (net)
                      0.255770    0.000045   11.772479 ^ hold152/A (sky130_fd_sc_hd__dlygate4sd3_1)
     1    0.003182    0.056157    0.604022   12.376501 ^ hold152/X (sky130_fd_sc_hd__dlygate4sd3_1)
                                                         net426 (net)
                      0.056157    0.000044   12.376546 ^ wire266/A (sky130_fd_sc_hd__buf_2)
     1    0.011799    0.066212    0.130830   12.507376 ^ wire266/X (sky130_fd_sc_hd__buf_2)
                                                         net266 (net)
                      0.066214    0.000505   12.507881 ^ hold153/A (sky130_fd_sc_hd__dlygate4sd3_1)
     5    0.037165    0.368657    0.797859   13.305740 ^ hold153/X (sky130_fd_sc_hd__dlygate4sd3_1)
                                                         net427 (net)
                      0.368665    0.002403   13.308143 ^ fanout263/A (sky130_fd_sc_hd__buf_4)
     1    0.003748    0.033963    0.180500   13.488643 ^ fanout263/X (sky130_fd_sc_hd__buf_4)
                                                         net263 (net)
                      0.033963    0.000044   13.488687 ^ hold154/A (sky130_fd_sc_hd__dlygate4sd3_1)
    33    0.111427    1.072640    1.288535   14.777222 ^ hold154/X (sky130_fd_sc_hd__dlygate4sd3_1)
                                                         net428 (net)
                      1.072646    0.002363   14.779585 ^ _127_/B (sky130_fd_sc_hd__and3_1)
     1    0.003207    0.070708    0.289936   15.069521 ^ _127_/X (sky130_fd_sc_hd__and3_1)
                                                         _025_ (net)
                      0.070708    0.000043   15.069564 ^ _160_/D (sky130_fd_sc_hd__dfrtp_4)
                                             15.069564   data arrival time

                                 25.000000   25.000000   clock clk (rise edge)
                                  4.650000   29.650000   clock source latency
     2    0.029103    0.610000    0.000000   29.650000 ^ clk (in)
                                                         clk (net)
                      0.615127    0.002499   29.652498 ^ wire3/A (sky130_fd_sc_hd__buf_4)
     3    0.041253    0.126299    0.283869   29.936367 ^ wire3/X (sky130_fd_sc_hd__buf_4)
                                                         net274 (net)
                      0.126577    0.004661   29.941029 ^ wire2/A (sky130_fd_sc_hd__buf_6)
     3    0.070191    0.143372    0.191445   30.132473 ^ wire2/X (sky130_fd_sc_hd__buf_6)
                                                         net273 (net)
                      0.145294    0.012847   30.145321 ^ wire1/A (sky130_fd_sc_hd__buf_6)
     3    0.072553    0.147817    0.198046   30.343367 ^ wire1/X (sky130_fd_sc_hd__buf_6)
                                                         net272 (net)
                      0.149901    0.013582   30.356949 ^ clkbuf_0_clk/A (sky130_fd_sc_hd__clkbuf_16)
     9    0.092780    0.109733    0.210360   30.567308 ^ clkbuf_0_clk/X (sky130_fd_sc_hd__clkbuf_16)
                                                         clknet_0_clk (net)
                      0.110111    0.005059   30.572367 ^ clkbuf_2_3__f_clk/A (sky130_fd_sc_hd__clkbuf_16)
    21    0.067421    0.085790    0.177746   30.750113 ^ clkbuf_2_3__f_clk/X (sky130_fd_sc_hd__clkbuf_16)
                                                         clknet_2_3__leaf_clk (net)
                      0.086960    0.007656   30.757769 ^ _160_/CLK (sky130_fd_sc_hd__dfrtp_4)
                                 -0.087500   30.670269   clock uncertainty
                                  0.000000   30.670269   clock reconvergence pessimism
                                 -0.063049   30.607220   library setup time
                                             30.607220   data required time
---------------------------------------------------------------------------------------------
                                             30.607220   data required time
                                            -15.069564   data arrival time
---------------------------------------------------------------------------------------------
                                             15.537655   slack (MET)


Startpoint: wbs_adr_i[31] (input port clocked by clk)
Endpoint: _158_ (rising edge-triggered flip-flop clocked by clk)
Path Group: clk
Path Type: max

Fanout         Cap        Slew       Delay        Time   Description
---------------------------------------------------------------------------------------------
                                  0.000000    0.000000   clock clk (rise edge)
                                  5.570000    5.570000   clock network delay (propagated)
                                  3.890000    9.460000 v input external delay
     2    0.003705    0.920000    0.000000    9.460000 v wbs_adr_i[31] (in)
                                                         wbs_adr_i[31] (net)
                      0.920051    0.000027    9.460027 v hold150/A (sky130_fd_sc_hd__dlygate4sd3_1)
     1    0.004102    0.059650    0.887806   10.347833 v hold150/X (sky130_fd_sc_hd__dlygate4sd3_1)
                                                         net424 (net)
                      0.059650    0.000040   10.347873 v input102/A (sky130_fd_sc_hd__clkbuf_8)
     3    0.065791    0.084788    0.191313   10.539186 v input102/X (sky130_fd_sc_hd__clkbuf_8)
                                                         net102 (net)
                      0.087773    0.012835   10.552021 v hold151/A (sky130_fd_sc_hd__dlygate4sd3_1)
     3    0.059288    0.293887    0.821154   11.373175 v hold151/X (sky130_fd_sc_hd__dlygate4sd3_1)
                                                         net425 (net)
                      0.294891    0.012944   11.386119 v _043_/A (sky130_fd_sc_hd__nor4b_1)
     1    0.003122    0.255770    0.386315   11.772434 ^ _043_/Y (sky130_fd_sc_hd__nor4b_1)
                                                         _034_ (net)
                      0.255770    0.000045   11.772479 ^ hold152/A (sky130_fd_sc_hd__dlygate4sd3_1)
     1    0.003182    0.056157    0.604022   12.376501 ^ hold152/X (sky130_fd_sc_hd__dlygate4sd3_1)
                                                         net426 (net)
                      0.056157    0.000044   12.376546 ^ wire266/A (sky130_fd_sc_hd__buf_2)
     1    0.011799    0.066212    0.130830   12.507376 ^ wire266/X (sky130_fd_sc_hd__buf_2)
                                                         net266 (net)
                      0.066214    0.000505   12.507881 ^ hold153/A (sky130_fd_sc_hd__dlygate4sd3_1)
     5    0.037165    0.368657    0.797859   13.305740 ^ hold153/X (sky130_fd_sc_hd__dlygate4sd3_1)
                                                         net427 (net)
                      0.368665    0.002403   13.308143 ^ fanout263/A (sky130_fd_sc_hd__buf_4)
     1    0.003748    0.033963    0.180500   13.488643 ^ fanout263/X (sky130_fd_sc_hd__buf_4)
                                                         net263 (net)
                      0.033963    0.000044   13.488687 ^ hold154/A (sky130_fd_sc_hd__dlygate4sd3_1)
    33    0.111427    1.072640    1.288535   14.777222 ^ hold154/X (sky130_fd_sc_hd__dlygate4sd3_1)
                                                         net428 (net)
                      1.072643    0.001741   14.778962 ^ _125_/B (sky130_fd_sc_hd__and3_1)
     1    0.003244    0.071049    0.290386   15.069349 ^ _125_/X (sky130_fd_sc_hd__and3_1)
                                                         _022_ (net)
                      0.071049    0.000044   15.069393 ^ _158_/D (sky130_fd_sc_hd__dfrtp_4)
                                             15.069393   data arrival time

                                 25.000000   25.000000   clock clk (rise edge)
                                  4.650000   29.650000   clock source latency
     2    0.029103    0.610000    0.000000   29.650000 ^ clk (in)
                                                         clk (net)
                      0.615127    0.002499   29.652498 ^ wire3/A (sky130_fd_sc_hd__buf_4)
     3    0.041253    0.126299    0.283869   29.936367 ^ wire3/X (sky130_fd_sc_hd__buf_4)
                                                         net274 (net)
                      0.126577    0.004661   29.941029 ^ wire2/A (sky130_fd_sc_hd__buf_6)
     3    0.070191    0.143372    0.191445   30.132473 ^ wire2/X (sky130_fd_sc_hd__buf_6)
                                                         net273 (net)
                      0.145294    0.012847   30.145321 ^ wire1/A (sky130_fd_sc_hd__buf_6)
     3    0.072553    0.147817    0.198046   30.343367 ^ wire1/X (sky130_fd_sc_hd__buf_6)
                                                         net272 (net)
                      0.149901    0.013582   30.356949 ^ clkbuf_0_clk/A (sky130_fd_sc_hd__clkbuf_16)
     9    0.092780    0.109733    0.210360   30.567308 ^ clkbuf_0_clk/X (sky130_fd_sc_hd__clkbuf_16)
                                                         clknet_0_clk (net)
                      0.110111    0.005059   30.572367 ^ clkbuf_2_3__f_clk/A (sky130_fd_sc_hd__clkbuf_16)
    21    0.067421    0.085790    0.177746   30.750113 ^ clkbuf_2_3__f_clk/X (sky130_fd_sc_hd__clkbuf_16)
                                                         clknet_2_3__leaf_clk (net)
                      0.087052    0.007951   30.758064 ^ _158_/CLK (sky130_fd_sc_hd__dfrtp_4)
                                 -0.087500   30.670565   clock uncertainty
                                  0.000000   30.670565   clock reconvergence pessimism
                                 -0.063114   30.607450   library setup time
                                             30.607450   data required time
---------------------------------------------------------------------------------------------
                                             30.607450   data required time
                                            -15.069393   data arrival time
---------------------------------------------------------------------------------------------
                                             15.538056   slack (MET)


Startpoint: wbs_adr_i[31] (input port clocked by clk)
Endpoint: _154_ (rising edge-triggered flip-flop clocked by clk)
Path Group: clk
Path Type: max

Fanout         Cap        Slew       Delay        Time   Description
---------------------------------------------------------------------------------------------
                                  0.000000    0.000000   clock clk (rise edge)
                                  5.570000    5.570000   clock network delay (propagated)
                                  3.890000    9.460000 v input external delay
     2    0.003705    0.920000    0.000000    9.460000 v wbs_adr_i[31] (in)
                                                         wbs_adr_i[31] (net)
                      0.920051    0.000027    9.460027 v hold150/A (sky130_fd_sc_hd__dlygate4sd3_1)
     1    0.004102    0.059650    0.887806   10.347833 v hold150/X (sky130_fd_sc_hd__dlygate4sd3_1)
                                                         net424 (net)
                      0.059650    0.000040   10.347873 v input102/A (sky130_fd_sc_hd__clkbuf_8)
     3    0.065791    0.084788    0.191313   10.539186 v input102/X (sky130_fd_sc_hd__clkbuf_8)
                                                         net102 (net)
                      0.087773    0.012835   10.552021 v hold151/A (sky130_fd_sc_hd__dlygate4sd3_1)
     3    0.059288    0.293887    0.821154   11.373175 v hold151/X (sky130_fd_sc_hd__dlygate4sd3_1)
                                                         net425 (net)
                      0.294891    0.012944   11.386119 v _043_/A (sky130_fd_sc_hd__nor4b_1)
     1    0.003122    0.255770    0.386315   11.772434 ^ _043_/Y (sky130_fd_sc_hd__nor4b_1)
                                                         _034_ (net)
                      0.255770    0.000045   11.772479 ^ hold152/A (sky130_fd_sc_hd__dlygate4sd3_1)
     1    0.003182    0.056157    0.604022   12.376501 ^ hold152/X (sky130_fd_sc_hd__dlygate4sd3_1)
                                                         net426 (net)
                      0.056157    0.000044   12.376546 ^ wire266/A (sky130_fd_sc_hd__buf_2)
     1    0.011799    0.066212    0.130830   12.507376 ^ wire266/X (sky130_fd_sc_hd__buf_2)
                                                         net266 (net)
                      0.066214    0.000505   12.507881 ^ hold153/A (sky130_fd_sc_hd__dlygate4sd3_1)
     5    0.037165    0.368657    0.797859   13.305740 ^ hold153/X (sky130_fd_sc_hd__dlygate4sd3_1)
                                                         net427 (net)
                      0.368665    0.002403   13.308143 ^ fanout263/A (sky130_fd_sc_hd__buf_4)
     1    0.003748    0.033963    0.180500   13.488643 ^ fanout263/X (sky130_fd_sc_hd__buf_4)
                                                         net263 (net)
                      0.033963    0.000044   13.488687 ^ hold154/A (sky130_fd_sc_hd__dlygate4sd3_1)
    33    0.111427    1.072640    1.288535   14.777222 ^ hold154/X (sky130_fd_sc_hd__dlygate4sd3_1)
                                                         net428 (net)
                      1.072640    0.000860   14.778081 ^ _121_/B (sky130_fd_sc_hd__and3_1)
     1    0.003156    0.070252    0.289331   15.067412 ^ _121_/X (sky130_fd_sc_hd__and3_1)
                                                         _018_ (net)
                      0.070252    0.000037   15.067450 ^ _154_/D (sky130_fd_sc_hd__dfrtp_4)
                                             15.067450   data arrival time

                                 25.000000   25.000000   clock clk (rise edge)
                                  4.650000   29.650000   clock source latency
     2    0.029103    0.610000    0.000000   29.650000 ^ clk (in)
                                                         clk (net)
                      0.615127    0.002499   29.652498 ^ wire3/A (sky130_fd_sc_hd__buf_4)
     3    0.041253    0.126299    0.283869   29.936367 ^ wire3/X (sky130_fd_sc_hd__buf_4)
                                                         net274 (net)
                      0.126577    0.004661   29.941029 ^ wire2/A (sky130_fd_sc_hd__buf_6)
     3    0.070191    0.143372    0.191445   30.132473 ^ wire2/X (sky130_fd_sc_hd__buf_6)
                                                         net273 (net)
                      0.145294    0.012847   30.145321 ^ wire1/A (sky130_fd_sc_hd__buf_6)
     3    0.072553    0.147817    0.198046   30.343367 ^ wire1/X (sky130_fd_sc_hd__buf_6)
                                                         net272 (net)
                      0.149901    0.013582   30.356949 ^ clkbuf_0_clk/A (sky130_fd_sc_hd__clkbuf_16)
     9    0.092780    0.109733    0.210360   30.567308 ^ clkbuf_0_clk/X (sky130_fd_sc_hd__clkbuf_16)
                                                         clknet_0_clk (net)
                      0.110111    0.005059   30.572367 ^ clkbuf_2_3__f_clk/A (sky130_fd_sc_hd__clkbuf_16)
    21    0.067421    0.085790    0.177746   30.750113 ^ clkbuf_2_3__f_clk/X (sky130_fd_sc_hd__clkbuf_16)
                                                         clknet_2_3__leaf_clk (net)
                      0.087202    0.008416   30.758530 ^ _154_/CLK (sky130_fd_sc_hd__dfrtp_4)
                                 -0.087500   30.671030   clock uncertainty
                                  0.000000   30.671030   clock reconvergence pessimism
                                 -0.062906   30.608122   library setup time
                                             30.608122   data required time
---------------------------------------------------------------------------------------------
                                             30.608122   data required time
                                            -15.067450   data arrival time
---------------------------------------------------------------------------------------------
                                             15.540671   slack (MET)


Startpoint: wbs_adr_i[31] (input port clocked by clk)
Endpoint: _144_ (rising edge-triggered flip-flop clocked by clk)
Path Group: clk
Path Type: max

Fanout         Cap        Slew       Delay        Time   Description
---------------------------------------------------------------------------------------------
                                  0.000000    0.000000   clock clk (rise edge)
                                  5.570000    5.570000   clock network delay (propagated)
                                  3.890000    9.460000 v input external delay
     2    0.003705    0.920000    0.000000    9.460000 v wbs_adr_i[31] (in)
                                                         wbs_adr_i[31] (net)
                      0.920051    0.000027    9.460027 v hold150/A (sky130_fd_sc_hd__dlygate4sd3_1)
     1    0.004102    0.059650    0.887806   10.347833 v hold150/X (sky130_fd_sc_hd__dlygate4sd3_1)
                                                         net424 (net)
                      0.059650    0.000040   10.347873 v input102/A (sky130_fd_sc_hd__clkbuf_8)
     3    0.065791    0.084788    0.191313   10.539186 v input102/X (sky130_fd_sc_hd__clkbuf_8)
                                                         net102 (net)
                      0.087773    0.012835   10.552021 v hold151/A (sky130_fd_sc_hd__dlygate4sd3_1)
     3    0.059288    0.293887    0.821154   11.373175 v hold151/X (sky130_fd_sc_hd__dlygate4sd3_1)
                                                         net425 (net)
                      0.294891    0.012944   11.386119 v _043_/A (sky130_fd_sc_hd__nor4b_1)
     1    0.003122    0.255770    0.386315   11.772434 ^ _043_/Y (sky130_fd_sc_hd__nor4b_1)
                                                         _034_ (net)
                      0.255770    0.000045   11.772479 ^ hold152/A (sky130_fd_sc_hd__dlygate4sd3_1)
     1    0.003182    0.056157    0.604022   12.376501 ^ hold152/X (sky130_fd_sc_hd__dlygate4sd3_1)
                                                         net426 (net)
                      0.056157    0.000044   12.376546 ^ wire266/A (sky130_fd_sc_hd__buf_2)
     1    0.011799    0.066212    0.130830   12.507376 ^ wire266/X (sky130_fd_sc_hd__buf_2)
                                                         net266 (net)
                      0.066214    0.000505   12.507881 ^ hold153/A (sky130_fd_sc_hd__dlygate4sd3_1)
     5    0.037165    0.368657    0.797859   13.305740 ^ hold153/X (sky130_fd_sc_hd__dlygate4sd3_1)
                                                         net427 (net)
                      0.368665    0.002403   13.308143 ^ fanout263/A (sky130_fd_sc_hd__buf_4)
     1    0.003748    0.033963    0.180500   13.488643 ^ fanout263/X (sky130_fd_sc_hd__buf_4)
                                                         net263 (net)
                      0.033963    0.000044   13.488687 ^ hold154/A (sky130_fd_sc_hd__dlygate4sd3_1)
    33    0.111427    1.072640    1.288535   14.777222 ^ hold154/X (sky130_fd_sc_hd__dlygate4sd3_1)
                                                         net428 (net)
                      1.072827    0.012170   14.789392 ^ _111_/B (sky130_fd_sc_hd__and3_1)
     1    0.003022    0.069056    0.287738   15.077129 ^ _111_/X (sky130_fd_sc_hd__and3_1)
                                                         _007_ (net)
                      0.069056    0.000037   15.077167 ^ _144_/D (sky130_fd_sc_hd__dfrtp_2)
                                             15.077167   data arrival time

                                 25.000000   25.000000   clock clk (rise edge)
                                  4.650000   29.650000   clock source latency
     2    0.029103    0.610000    0.000000   29.650000 ^ clk (in)
                                                         clk (net)
                      0.615127    0.002499   29.652498 ^ wire3/A (sky130_fd_sc_hd__buf_4)
     3    0.041253    0.126299    0.283869   29.936367 ^ wire3/X (sky130_fd_sc_hd__buf_4)
                                                         net274 (net)
                      0.126577    0.004661   29.941029 ^ wire2/A (sky130_fd_sc_hd__buf_6)
     3    0.070191    0.143372    0.191445   30.132473 ^ wire2/X (sky130_fd_sc_hd__buf_6)
                                                         net273 (net)
                      0.145294    0.012847   30.145321 ^ wire1/A (sky130_fd_sc_hd__buf_6)
     3    0.072553    0.147817    0.198046   30.343367 ^ wire1/X (sky130_fd_sc_hd__buf_6)
                                                         net272 (net)
                      0.149901    0.013582   30.356949 ^ clkbuf_0_clk/A (sky130_fd_sc_hd__clkbuf_16)
     9    0.092780    0.109733    0.210360   30.567308 ^ clkbuf_0_clk/X (sky130_fd_sc_hd__clkbuf_16)
                                                         clknet_0_clk (net)
                      0.110110    0.005056   30.572363 ^ clkbuf_2_2__f_clk/A (sky130_fd_sc_hd__clkbuf_16)
    17    0.087799    0.104699    0.193996   30.766359 ^ clkbuf_2_2__f_clk/X (sky130_fd_sc_hd__clkbuf_16)
                                                         clknet_2_2__leaf_clk (net)
                      0.104913    0.003755   30.770115 ^ _144_/CLK (sky130_fd_sc_hd__dfrtp_2)
                                 -0.087500   30.682615   clock uncertainty
                                  0.000000   30.682615   clock reconvergence pessimism
                                 -0.059907   30.622709   library setup time
                                             30.622709   data required time
---------------------------------------------------------------------------------------------
                                             30.622709   data required time
                                            -15.077167   data arrival time
---------------------------------------------------------------------------------------------
                                             15.545542   slack (MET)


Startpoint: wbs_adr_i[31] (input port clocked by clk)
Endpoint: _151_ (rising edge-triggered flip-flop clocked by clk)
Path Group: clk
Path Type: max

Fanout         Cap        Slew       Delay        Time   Description
---------------------------------------------------------------------------------------------
                                  0.000000    0.000000   clock clk (rise edge)
                                  5.570000    5.570000   clock network delay (propagated)
                                  3.890000    9.460000 v input external delay
     2    0.003705    0.920000    0.000000    9.460000 v wbs_adr_i[31] (in)
                                                         wbs_adr_i[31] (net)
                      0.920051    0.000027    9.460027 v hold150/A (sky130_fd_sc_hd__dlygate4sd3_1)
     1    0.004102    0.059650    0.887806   10.347833 v hold150/X (sky130_fd_sc_hd__dlygate4sd3_1)
                                                         net424 (net)
                      0.059650    0.000040   10.347873 v input102/A (sky130_fd_sc_hd__clkbuf_8)
     3    0.065791    0.084788    0.191313   10.539186 v input102/X (sky130_fd_sc_hd__clkbuf_8)
                                                         net102 (net)
                      0.087773    0.012835   10.552021 v hold151/A (sky130_fd_sc_hd__dlygate4sd3_1)
     3    0.059288    0.293887    0.821154   11.373175 v hold151/X (sky130_fd_sc_hd__dlygate4sd3_1)
                                                         net425 (net)
                      0.294891    0.012944   11.386119 v _043_/A (sky130_fd_sc_hd__nor4b_1)
     1    0.003122    0.255770    0.386315   11.772434 ^ _043_/Y (sky130_fd_sc_hd__nor4b_1)
                                                         _034_ (net)
                      0.255770    0.000045   11.772479 ^ hold152/A (sky130_fd_sc_hd__dlygate4sd3_1)
     1    0.003182    0.056157    0.604022   12.376501 ^ hold152/X (sky130_fd_sc_hd__dlygate4sd3_1)
                                                         net426 (net)
                      0.056157    0.000044   12.376546 ^ wire266/A (sky130_fd_sc_hd__buf_2)
     1    0.011799    0.066212    0.130830   12.507376 ^ wire266/X (sky130_fd_sc_hd__buf_2)
                                                         net266 (net)
                      0.066214    0.000505   12.507881 ^ hold153/A (sky130_fd_sc_hd__dlygate4sd3_1)
     5    0.037165    0.368657    0.797859   13.305740 ^ hold153/X (sky130_fd_sc_hd__dlygate4sd3_1)
                                                         net427 (net)
                      0.368665    0.002403   13.308143 ^ fanout263/A (sky130_fd_sc_hd__buf_4)
     1    0.003748    0.033963    0.180500   13.488643 ^ fanout263/X (sky130_fd_sc_hd__buf_4)
                                                         net263 (net)
                      0.033963    0.000044   13.488687 ^ hold154/A (sky130_fd_sc_hd__dlygate4sd3_1)
    33    0.111427    1.072640    1.288535   14.777222 ^ hold154/X (sky130_fd_sc_hd__dlygate4sd3_1)
                                                         net428 (net)
                      1.072642    0.001473   14.778694 ^ _118_/B (sky130_fd_sc_hd__and3_1)
     1    0.002704    0.066264    0.283917   15.062612 ^ _118_/X (sky130_fd_sc_hd__and3_1)
                                                         _015_ (net)
                      0.066264    0.000027   15.062637 ^ _151_/D (sky130_fd_sc_hd__dfrtp_4)
                                             15.062637   data arrival time

                                 25.000000   25.000000   clock clk (rise edge)
                                  4.650000   29.650000   clock source latency
     2    0.029103    0.610000    0.000000   29.650000 ^ clk (in)
                                                         clk (net)
                      0.615127    0.002499   29.652498 ^ wire3/A (sky130_fd_sc_hd__buf_4)
     3    0.041253    0.126299    0.283869   29.936367 ^ wire3/X (sky130_fd_sc_hd__buf_4)
                                                         net274 (net)
                      0.126577    0.004661   29.941029 ^ wire2/A (sky130_fd_sc_hd__buf_6)
     3    0.070191    0.143372    0.191445   30.132473 ^ wire2/X (sky130_fd_sc_hd__buf_6)
                                                         net273 (net)
                      0.145294    0.012847   30.145321 ^ wire1/A (sky130_fd_sc_hd__buf_6)
     3    0.072553    0.147817    0.198046   30.343367 ^ wire1/X (sky130_fd_sc_hd__buf_6)
                                                         net272 (net)
                      0.149901    0.013582   30.356949 ^ clkbuf_0_clk/A (sky130_fd_sc_hd__clkbuf_16)
     9    0.092780    0.109733    0.210360   30.567308 ^ clkbuf_0_clk/X (sky130_fd_sc_hd__clkbuf_16)
                                                         clknet_0_clk (net)
                      0.110111    0.005059   30.572367 ^ clkbuf_2_3__f_clk/A (sky130_fd_sc_hd__clkbuf_16)
    21    0.067421    0.085790    0.177746   30.750113 ^ clkbuf_2_3__f_clk/X (sky130_fd_sc_hd__clkbuf_16)
                                                         clknet_2_3__leaf_clk (net)
                      0.087224    0.008484   30.758596 ^ _151_/CLK (sky130_fd_sc_hd__dfrtp_4)
                                 -0.087500   30.671097   clock uncertainty
                                  0.000000   30.671097   clock reconvergence pessimism
                                 -0.061980   30.609116   library setup time
                                             30.609116   data required time
---------------------------------------------------------------------------------------------
                                             30.609116   data required time
                                            -15.062637   data arrival time
---------------------------------------------------------------------------------------------
                                             15.546478   slack (MET)


Startpoint: wbs_adr_i[31] (input port clocked by clk)
Endpoint: _147_ (rising edge-triggered flip-flop clocked by clk)
Path Group: clk
Path Type: max

Fanout         Cap        Slew       Delay        Time   Description
---------------------------------------------------------------------------------------------
                                  0.000000    0.000000   clock clk (rise edge)
                                  5.570000    5.570000   clock network delay (propagated)
                                  3.890000    9.460000 v input external delay
     2    0.003705    0.920000    0.000000    9.460000 v wbs_adr_i[31] (in)
                                                         wbs_adr_i[31] (net)
                      0.920051    0.000027    9.460027 v hold150/A (sky130_fd_sc_hd__dlygate4sd3_1)
     1    0.004102    0.059650    0.887806   10.347833 v hold150/X (sky130_fd_sc_hd__dlygate4sd3_1)
                                                         net424 (net)
                      0.059650    0.000040   10.347873 v input102/A (sky130_fd_sc_hd__clkbuf_8)
     3    0.065791    0.084788    0.191313   10.539186 v input102/X (sky130_fd_sc_hd__clkbuf_8)
                                                         net102 (net)
                      0.087773    0.012835   10.552021 v hold151/A (sky130_fd_sc_hd__dlygate4sd3_1)
     3    0.059288    0.293887    0.821154   11.373175 v hold151/X (sky130_fd_sc_hd__dlygate4sd3_1)
                                                         net425 (net)
                      0.294891    0.012944   11.386119 v _043_/A (sky130_fd_sc_hd__nor4b_1)
     1    0.003122    0.255770    0.386315   11.772434 ^ _043_/Y (sky130_fd_sc_hd__nor4b_1)
                                                         _034_ (net)
                      0.255770    0.000045   11.772479 ^ hold152/A (sky130_fd_sc_hd__dlygate4sd3_1)
     1    0.003182    0.056157    0.604022   12.376501 ^ hold152/X (sky130_fd_sc_hd__dlygate4sd3_1)
                                                         net426 (net)
                      0.056157    0.000044   12.376546 ^ wire266/A (sky130_fd_sc_hd__buf_2)
     1    0.011799    0.066212    0.130830   12.507376 ^ wire266/X (sky130_fd_sc_hd__buf_2)
                                                         net266 (net)
                      0.066214    0.000505   12.507881 ^ hold153/A (sky130_fd_sc_hd__dlygate4sd3_1)
     5    0.037165    0.368657    0.797859   13.305740 ^ hold153/X (sky130_fd_sc_hd__dlygate4sd3_1)
                                                         net427 (net)
                      0.368665    0.002403   13.308143 ^ fanout263/A (sky130_fd_sc_hd__buf_4)
     1    0.003748    0.033963    0.180500   13.488643 ^ fanout263/X (sky130_fd_sc_hd__buf_4)
                                                         net263 (net)
                      0.033963    0.000044   13.488687 ^ hold154/A (sky130_fd_sc_hd__dlygate4sd3_1)
    33    0.111427    1.072640    1.288535   14.777222 ^ hold154/X (sky130_fd_sc_hd__dlygate4sd3_1)
                                                         net428 (net)
                      1.072689    0.006291   14.783513 ^ _114_/B (sky130_fd_sc_hd__and3_1)
     1    0.003410    0.072544    0.292348   15.075861 ^ _114_/X (sky130_fd_sc_hd__and3_1)
                                                         _010_ (net)
                      0.072544    0.000046   15.075907 ^ _147_/D (sky130_fd_sc_hd__dfrtp_2)
                                             15.075907   data arrival time

                                 25.000000   25.000000   clock clk (rise edge)
                                  4.650000   29.650000   clock source latency
     2    0.029103    0.610000    0.000000   29.650000 ^ clk (in)
                                                         clk (net)
                      0.615127    0.002499   29.652498 ^ wire3/A (sky130_fd_sc_hd__buf_4)
     3    0.041253    0.126299    0.283869   29.936367 ^ wire3/X (sky130_fd_sc_hd__buf_4)
                                                         net274 (net)
                      0.126577    0.004661   29.941029 ^ wire2/A (sky130_fd_sc_hd__buf_6)
     3    0.070191    0.143372    0.191445   30.132473 ^ wire2/X (sky130_fd_sc_hd__buf_6)
                                                         net273 (net)
                      0.145294    0.012847   30.145321 ^ wire1/A (sky130_fd_sc_hd__buf_6)
     3    0.072553    0.147817    0.198046   30.343367 ^ wire1/X (sky130_fd_sc_hd__buf_6)
                                                         net272 (net)
                      0.149901    0.013582   30.356949 ^ clkbuf_0_clk/A (sky130_fd_sc_hd__clkbuf_16)
     9    0.092780    0.109733    0.210360   30.567308 ^ clkbuf_0_clk/X (sky130_fd_sc_hd__clkbuf_16)
                                                         clknet_0_clk (net)
                      0.110110    0.005056   30.572363 ^ clkbuf_2_2__f_clk/A (sky130_fd_sc_hd__clkbuf_16)
    17    0.087799    0.104699    0.193996   30.766359 ^ clkbuf_2_2__f_clk/X (sky130_fd_sc_hd__clkbuf_16)
                                                         clknet_2_2__leaf_clk (net)
                      0.105099    0.005073   30.771433 ^ _147_/CLK (sky130_fd_sc_hd__dfrtp_2)
                                 -0.087500   30.683933   clock uncertainty
                                  0.000000   30.683933   clock reconvergence pessimism
                                 -0.060683   30.623249   library setup time
                                             30.623249   data required time
---------------------------------------------------------------------------------------------
                                             30.623249   data required time
                                            -15.075907   data arrival time
---------------------------------------------------------------------------------------------
                                             15.547341   slack (MET)


Startpoint: wbs_adr_i[31] (input port clocked by clk)
Endpoint: _145_ (rising edge-triggered flip-flop clocked by clk)
Path Group: clk
Path Type: max

Fanout         Cap        Slew       Delay        Time   Description
---------------------------------------------------------------------------------------------
                                  0.000000    0.000000   clock clk (rise edge)
                                  5.570000    5.570000   clock network delay (propagated)
                                  3.890000    9.460000 v input external delay
     2    0.003705    0.920000    0.000000    9.460000 v wbs_adr_i[31] (in)
                                                         wbs_adr_i[31] (net)
                      0.920051    0.000027    9.460027 v hold150/A (sky130_fd_sc_hd__dlygate4sd3_1)
     1    0.004102    0.059650    0.887806   10.347833 v hold150/X (sky130_fd_sc_hd__dlygate4sd3_1)
                                                         net424 (net)
                      0.059650    0.000040   10.347873 v input102/A (sky130_fd_sc_hd__clkbuf_8)
     3    0.065791    0.084788    0.191313   10.539186 v input102/X (sky130_fd_sc_hd__clkbuf_8)
                                                         net102 (net)
                      0.087773    0.012835   10.552021 v hold151/A (sky130_fd_sc_hd__dlygate4sd3_1)
     3    0.059288    0.293887    0.821154   11.373175 v hold151/X (sky130_fd_sc_hd__dlygate4sd3_1)
                                                         net425 (net)
                      0.294891    0.012944   11.386119 v _043_/A (sky130_fd_sc_hd__nor4b_1)
     1    0.003122    0.255770    0.386315   11.772434 ^ _043_/Y (sky130_fd_sc_hd__nor4b_1)
                                                         _034_ (net)
                      0.255770    0.000045   11.772479 ^ hold152/A (sky130_fd_sc_hd__dlygate4sd3_1)
     1    0.003182    0.056157    0.604022   12.376501 ^ hold152/X (sky130_fd_sc_hd__dlygate4sd3_1)
                                                         net426 (net)
                      0.056157    0.000044   12.376546 ^ wire266/A (sky130_fd_sc_hd__buf_2)
     1    0.011799    0.066212    0.130830   12.507376 ^ wire266/X (sky130_fd_sc_hd__buf_2)
                                                         net266 (net)
                      0.066214    0.000505   12.507881 ^ hold153/A (sky130_fd_sc_hd__dlygate4sd3_1)
     5    0.037165    0.368657    0.797859   13.305740 ^ hold153/X (sky130_fd_sc_hd__dlygate4sd3_1)
                                                         net427 (net)
                      0.368665    0.002403   13.308143 ^ fanout263/A (sky130_fd_sc_hd__buf_4)
     1    0.003748    0.033963    0.180500   13.488643 ^ fanout263/X (sky130_fd_sc_hd__buf_4)
                                                         net263 (net)
                      0.033963    0.000044   13.488687 ^ hold154/A (sky130_fd_sc_hd__dlygate4sd3_1)
    33    0.111427    1.072640    1.288535   14.777222 ^ hold154/X (sky130_fd_sc_hd__dlygate4sd3_1)
                                                         net428 (net)
                      1.072799    0.011236   14.788458 ^ _112_/B (sky130_fd_sc_hd__and3_1)
     1    0.002765    0.066796    0.284655   15.073112 ^ _112_/X (sky130_fd_sc_hd__and3_1)
                                                         _008_ (net)
                      0.066796    0.000030   15.073143 ^ _145_/D (sky130_fd_sc_hd__dfrtp_2)
                                             15.073143   data arrival time

                                 25.000000   25.000000   clock clk (rise edge)
                                  4.650000   29.650000   clock source latency
     2    0.029103    0.610000    0.000000   29.650000 ^ clk (in)
                                                         clk (net)
                      0.615127    0.002499   29.652498 ^ wire3/A (sky130_fd_sc_hd__buf_4)
     3    0.041253    0.126299    0.283869   29.936367 ^ wire3/X (sky130_fd_sc_hd__buf_4)
                                                         net274 (net)
                      0.126577    0.004661   29.941029 ^ wire2/A (sky130_fd_sc_hd__buf_6)
     3    0.070191    0.143372    0.191445   30.132473 ^ wire2/X (sky130_fd_sc_hd__buf_6)
                                                         net273 (net)
                      0.145294    0.012847   30.145321 ^ wire1/A (sky130_fd_sc_hd__buf_6)
     3    0.072553    0.147817    0.198046   30.343367 ^ wire1/X (sky130_fd_sc_hd__buf_6)
                                                         net272 (net)
                      0.149901    0.013582   30.356949 ^ clkbuf_0_clk/A (sky130_fd_sc_hd__clkbuf_16)
     9    0.092780    0.109733    0.210360   30.567308 ^ clkbuf_0_clk/X (sky130_fd_sc_hd__clkbuf_16)
                                                         clknet_0_clk (net)
                      0.110110    0.005056   30.572363 ^ clkbuf_2_2__f_clk/A (sky130_fd_sc_hd__clkbuf_16)
    17    0.087799    0.104699    0.193996   30.766359 ^ clkbuf_2_2__f_clk/X (sky130_fd_sc_hd__clkbuf_16)
                                                         clknet_2_2__leaf_clk (net)
                      0.104837    0.003041   30.769400 ^ _145_/CLK (sky130_fd_sc_hd__dfrtp_2)
                                 -0.087500   30.681900   clock uncertainty
                                  0.000000   30.681900   clock reconvergence pessimism
                                 -0.059398   30.622503   library setup time
                                             30.622503   data required time
---------------------------------------------------------------------------------------------
                                             30.622503   data required time
                                            -15.073143   data arrival time
---------------------------------------------------------------------------------------------
                                             15.549359   slack (MET)


Startpoint: wbs_adr_i[31] (input port clocked by clk)
Endpoint: _159_ (rising edge-triggered flip-flop clocked by clk)
Path Group: clk
Path Type: max

Fanout         Cap        Slew       Delay        Time   Description
---------------------------------------------------------------------------------------------
                                  0.000000    0.000000   clock clk (rise edge)
                                  5.570000    5.570000   clock network delay (propagated)
                                  3.890000    9.460000 v input external delay
     2    0.003705    0.920000    0.000000    9.460000 v wbs_adr_i[31] (in)
                                                         wbs_adr_i[31] (net)
                      0.920051    0.000027    9.460027 v hold150/A (sky130_fd_sc_hd__dlygate4sd3_1)
     1    0.004102    0.059650    0.887806   10.347833 v hold150/X (sky130_fd_sc_hd__dlygate4sd3_1)
                                                         net424 (net)
                      0.059650    0.000040   10.347873 v input102/A (sky130_fd_sc_hd__clkbuf_8)
     3    0.065791    0.084788    0.191313   10.539186 v input102/X (sky130_fd_sc_hd__clkbuf_8)
                                                         net102 (net)
                      0.087773    0.012835   10.552021 v hold151/A (sky130_fd_sc_hd__dlygate4sd3_1)
     3    0.059288    0.293887    0.821154   11.373175 v hold151/X (sky130_fd_sc_hd__dlygate4sd3_1)
                                                         net425 (net)
                      0.294891    0.012944   11.386119 v _043_/A (sky130_fd_sc_hd__nor4b_1)
     1    0.003122    0.255770    0.386315   11.772434 ^ _043_/Y (sky130_fd_sc_hd__nor4b_1)
                                                         _034_ (net)
                      0.255770    0.000045   11.772479 ^ hold152/A (sky130_fd_sc_hd__dlygate4sd3_1)
     1    0.003182    0.056157    0.604022   12.376501 ^ hold152/X (sky130_fd_sc_hd__dlygate4sd3_1)
                                                         net426 (net)
                      0.056157    0.000044   12.376546 ^ wire266/A (sky130_fd_sc_hd__buf_2)
     1    0.011799    0.066212    0.130830   12.507376 ^ wire266/X (sky130_fd_sc_hd__buf_2)
                                                         net266 (net)
                      0.066214    0.000505   12.507881 ^ hold153/A (sky130_fd_sc_hd__dlygate4sd3_1)
     5    0.037165    0.368657    0.797859   13.305740 ^ hold153/X (sky130_fd_sc_hd__dlygate4sd3_1)
                                                         net427 (net)
                      0.368665    0.002403   13.308143 ^ fanout263/A (sky130_fd_sc_hd__buf_4)
     1    0.003748    0.033963    0.180500   13.488643 ^ fanout263/X (sky130_fd_sc_hd__buf_4)
                                                         net263 (net)
                      0.033963    0.000044   13.488687 ^ hold154/A (sky130_fd_sc_hd__dlygate4sd3_1)
    33    0.111427    1.072640    1.288535   14.777222 ^ hold154/X (sky130_fd_sc_hd__dlygate4sd3_1)
                                                         net428 (net)
                      1.072640    0.000851   14.778072 ^ _126_/B (sky130_fd_sc_hd__and3_1)
     1    0.003762    0.074995    0.295387   15.073460 ^ _126_/X (sky130_fd_sc_hd__and3_1)
                                                         _024_ (net)
                      0.074995    0.000052   15.073511 ^ _159_/D (sky130_fd_sc_hd__dfrtp_4)
                                             15.073511   data arrival time

                                 25.000000   25.000000   clock clk (rise edge)
                                  4.650000   29.650000   clock source latency
     2    0.029103    0.610000    0.000000   29.650000 ^ clk (in)
                                                         clk (net)
                      0.615127    0.002499   29.652498 ^ wire3/A (sky130_fd_sc_hd__buf_4)
     3    0.041253    0.126299    0.283869   29.936367 ^ wire3/X (sky130_fd_sc_hd__buf_4)
                                                         net274 (net)
                      0.126577    0.004661   29.941029 ^ wire2/A (sky130_fd_sc_hd__buf_6)
     3    0.070191    0.143372    0.191445   30.132473 ^ wire2/X (sky130_fd_sc_hd__buf_6)
                                                         net273 (net)
                      0.145294    0.012847   30.145321 ^ wire1/A (sky130_fd_sc_hd__buf_6)
     3    0.072553    0.147817    0.198046   30.343367 ^ wire1/X (sky130_fd_sc_hd__buf_6)
                                                         net272 (net)
                      0.149901    0.013582   30.356949 ^ clkbuf_0_clk/A (sky130_fd_sc_hd__clkbuf_16)
     9    0.092780    0.109733    0.210360   30.567308 ^ clkbuf_0_clk/X (sky130_fd_sc_hd__clkbuf_16)
                                                         clknet_0_clk (net)
                      0.110110    0.005056   30.572363 ^ clkbuf_2_2__f_clk/A (sky130_fd_sc_hd__clkbuf_16)
    17    0.087799    0.104699    0.193996   30.766359 ^ clkbuf_2_2__f_clk/X (sky130_fd_sc_hd__clkbuf_16)
                                                         clknet_2_2__leaf_clk (net)
                      0.105372    0.006541   30.772900 ^ _159_/CLK (sky130_fd_sc_hd__dfrtp_4)
                                 -0.087500   30.685400   clock uncertainty
                                  0.000000   30.685400   clock reconvergence pessimism
                                 -0.061206   30.624193   library setup time
                                             30.624193   data required time
---------------------------------------------------------------------------------------------
                                             30.624193   data required time
                                            -15.073511   data arrival time
---------------------------------------------------------------------------------------------
                                             15.550683   slack (MET)


Startpoint: wbs_adr_i[31] (input port clocked by clk)
Endpoint: _148_ (rising edge-triggered flip-flop clocked by clk)
Path Group: clk
Path Type: max

Fanout         Cap        Slew       Delay        Time   Description
---------------------------------------------------------------------------------------------
                                  0.000000    0.000000   clock clk (rise edge)
                                  5.570000    5.570000   clock network delay (propagated)
                                  3.890000    9.460000 v input external delay
     2    0.003705    0.920000    0.000000    9.460000 v wbs_adr_i[31] (in)
                                                         wbs_adr_i[31] (net)
                      0.920051    0.000027    9.460027 v hold150/A (sky130_fd_sc_hd__dlygate4sd3_1)
     1    0.004102    0.059650    0.887806   10.347833 v hold150/X (sky130_fd_sc_hd__dlygate4sd3_1)
                                                         net424 (net)
                      0.059650    0.000040   10.347873 v input102/A (sky130_fd_sc_hd__clkbuf_8)
     3    0.065791    0.084788    0.191313   10.539186 v input102/X (sky130_fd_sc_hd__clkbuf_8)
                                                         net102 (net)
                      0.087773    0.012835   10.552021 v hold151/A (sky130_fd_sc_hd__dlygate4sd3_1)
     3    0.059288    0.293887    0.821154   11.373175 v hold151/X (sky130_fd_sc_hd__dlygate4sd3_1)
                                                         net425 (net)
                      0.294891    0.012944   11.386119 v _043_/A (sky130_fd_sc_hd__nor4b_1)
     1    0.003122    0.255770    0.386315   11.772434 ^ _043_/Y (sky130_fd_sc_hd__nor4b_1)
                                                         _034_ (net)
                      0.255770    0.000045   11.772479 ^ hold152/A (sky130_fd_sc_hd__dlygate4sd3_1)
     1    0.003182    0.056157    0.604022   12.376501 ^ hold152/X (sky130_fd_sc_hd__dlygate4sd3_1)
                                                         net426 (net)
                      0.056157    0.000044   12.376546 ^ wire266/A (sky130_fd_sc_hd__buf_2)
     1    0.011799    0.066212    0.130830   12.507376 ^ wire266/X (sky130_fd_sc_hd__buf_2)
                                                         net266 (net)
                      0.066214    0.000505   12.507881 ^ hold153/A (sky130_fd_sc_hd__dlygate4sd3_1)
     5    0.037165    0.368657    0.797859   13.305740 ^ hold153/X (sky130_fd_sc_hd__dlygate4sd3_1)
                                                         net427 (net)
                      0.368665    0.002403   13.308143 ^ fanout263/A (sky130_fd_sc_hd__buf_4)
     1    0.003748    0.033963    0.180500   13.488643 ^ fanout263/X (sky130_fd_sc_hd__buf_4)
                                                         net263 (net)
                      0.033963    0.000044   13.488687 ^ hold154/A (sky130_fd_sc_hd__dlygate4sd3_1)
    33    0.111427    1.072640    1.288535   14.777222 ^ hold154/X (sky130_fd_sc_hd__dlygate4sd3_1)
                                                         net428 (net)
                      1.072660    0.004063   14.781285 ^ _115_/B (sky130_fd_sc_hd__and3_1)
     1    0.003318    0.071717    0.291267   15.072552 ^ _115_/X (sky130_fd_sc_hd__and3_1)
                                                         _011_ (net)
                      0.071717    0.000043   15.072595 ^ _148_/D (sky130_fd_sc_hd__dfrtp_4)
                                             15.072595   data arrival time

                                 25.000000   25.000000   clock clk (rise edge)
                                  4.650000   29.650000   clock source latency
     2    0.029103    0.610000    0.000000   29.650000 ^ clk (in)
                                                         clk (net)
                      0.615127    0.002499   29.652498 ^ wire3/A (sky130_fd_sc_hd__buf_4)
     3    0.041253    0.126299    0.283869   29.936367 ^ wire3/X (sky130_fd_sc_hd__buf_4)
                                                         net274 (net)
                      0.126577    0.004661   29.941029 ^ wire2/A (sky130_fd_sc_hd__buf_6)
     3    0.070191    0.143372    0.191445   30.132473 ^ wire2/X (sky130_fd_sc_hd__buf_6)
                                                         net273 (net)
                      0.145294    0.012847   30.145321 ^ wire1/A (sky130_fd_sc_hd__buf_6)
     3    0.072553    0.147817    0.198046   30.343367 ^ wire1/X (sky130_fd_sc_hd__buf_6)
                                                         net272 (net)
                      0.149901    0.013582   30.356949 ^ clkbuf_0_clk/A (sky130_fd_sc_hd__clkbuf_16)
     9    0.092780    0.109733    0.210360   30.567308 ^ clkbuf_0_clk/X (sky130_fd_sc_hd__clkbuf_16)
                                                         clknet_0_clk (net)
                      0.110110    0.005056   30.572363 ^ clkbuf_2_2__f_clk/A (sky130_fd_sc_hd__clkbuf_16)
    17    0.087799    0.104699    0.193996   30.766359 ^ clkbuf_2_2__f_clk/X (sky130_fd_sc_hd__clkbuf_16)
                                                         clknet_2_2__leaf_clk (net)
                      0.105247    0.005915   30.772274 ^ _148_/CLK (sky130_fd_sc_hd__dfrtp_4)
                                 -0.087500   30.684774   clock uncertainty
                                  0.000000   30.684774   clock reconvergence pessimism
                                 -0.060469   30.624304   library setup time
                                             30.624304   data required time
---------------------------------------------------------------------------------------------
                                             30.624304   data required time
                                            -15.072595   data arrival time
---------------------------------------------------------------------------------------------
                                             15.551710   slack (MET)


Startpoint: wbs_adr_i[31] (input port clocked by clk)
Endpoint: _150_ (rising edge-triggered flip-flop clocked by clk)
Path Group: clk
Path Type: max

Fanout         Cap        Slew       Delay        Time   Description
---------------------------------------------------------------------------------------------
                                  0.000000    0.000000   clock clk (rise edge)
                                  5.570000    5.570000   clock network delay (propagated)
                                  3.890000    9.460000 v input external delay
     2    0.003705    0.920000    0.000000    9.460000 v wbs_adr_i[31] (in)
                                                         wbs_adr_i[31] (net)
                      0.920051    0.000027    9.460027 v hold150/A (sky130_fd_sc_hd__dlygate4sd3_1)
     1    0.004102    0.059650    0.887806   10.347833 v hold150/X (sky130_fd_sc_hd__dlygate4sd3_1)
                                                         net424 (net)
                      0.059650    0.000040   10.347873 v input102/A (sky130_fd_sc_hd__clkbuf_8)
     3    0.065791    0.084788    0.191313   10.539186 v input102/X (sky130_fd_sc_hd__clkbuf_8)
                                                         net102 (net)
                      0.087773    0.012835   10.552021 v hold151/A (sky130_fd_sc_hd__dlygate4sd3_1)
     3    0.059288    0.293887    0.821154   11.373175 v hold151/X (sky130_fd_sc_hd__dlygate4sd3_1)
                                                         net425 (net)
                      0.294891    0.012944   11.386119 v _043_/A (sky130_fd_sc_hd__nor4b_1)
     1    0.003122    0.255770    0.386315   11.772434 ^ _043_/Y (sky130_fd_sc_hd__nor4b_1)
                                                         _034_ (net)
                      0.255770    0.000045   11.772479 ^ hold152/A (sky130_fd_sc_hd__dlygate4sd3_1)
     1    0.003182    0.056157    0.604022   12.376501 ^ hold152/X (sky130_fd_sc_hd__dlygate4sd3_1)
                                                         net426 (net)
                      0.056157    0.000044   12.376546 ^ wire266/A (sky130_fd_sc_hd__buf_2)
     1    0.011799    0.066212    0.130830   12.507376 ^ wire266/X (sky130_fd_sc_hd__buf_2)
                                                         net266 (net)
                      0.066214    0.000505   12.507881 ^ hold153/A (sky130_fd_sc_hd__dlygate4sd3_1)
     5    0.037165    0.368657    0.797859   13.305740 ^ hold153/X (sky130_fd_sc_hd__dlygate4sd3_1)
                                                         net427 (net)
                      0.368665    0.002403   13.308143 ^ fanout263/A (sky130_fd_sc_hd__buf_4)
     1    0.003748    0.033963    0.180500   13.488643 ^ fanout263/X (sky130_fd_sc_hd__buf_4)
                                                         net263 (net)
                      0.033963    0.000044   13.488687 ^ hold154/A (sky130_fd_sc_hd__dlygate4sd3_1)
    33    0.111427    1.072640    1.288535   14.777222 ^ hold154/X (sky130_fd_sc_hd__dlygate4sd3_1)
                                                         net428 (net)
                      1.072644    0.002002   14.779223 ^ _117_/B (sky130_fd_sc_hd__and3_1)
     1    0.003398    0.072451    0.292225   15.071448 ^ _117_/X (sky130_fd_sc_hd__and3_1)
                                                         _014_ (net)
                      0.072451    0.000046   15.071495 ^ _150_/D (sky130_fd_sc_hd__dfrtp_4)
                                             15.071495   data arrival time

                                 25.000000   25.000000   clock clk (rise edge)
                                  4.650000   29.650000   clock source latency
     2    0.029103    0.610000    0.000000   29.650000 ^ clk (in)
                                                         clk (net)
                      0.615127    0.002499   29.652498 ^ wire3/A (sky130_fd_sc_hd__buf_4)
     3    0.041253    0.126299    0.283869   29.936367 ^ wire3/X (sky130_fd_sc_hd__buf_4)
                                                         net274 (net)
                      0.126577    0.004661   29.941029 ^ wire2/A (sky130_fd_sc_hd__buf_6)
     3    0.070191    0.143372    0.191445   30.132473 ^ wire2/X (sky130_fd_sc_hd__buf_6)
                                                         net273 (net)
                      0.145294    0.012847   30.145321 ^ wire1/A (sky130_fd_sc_hd__buf_6)
     3    0.072553    0.147817    0.198046   30.343367 ^ wire1/X (sky130_fd_sc_hd__buf_6)
                                                         net272 (net)
                      0.149901    0.013582   30.356949 ^ clkbuf_0_clk/A (sky130_fd_sc_hd__clkbuf_16)
     9    0.092780    0.109733    0.210360   30.567308 ^ clkbuf_0_clk/X (sky130_fd_sc_hd__clkbuf_16)
                                                         clknet_0_clk (net)
                      0.110110    0.005056   30.572363 ^ clkbuf_2_2__f_clk/A (sky130_fd_sc_hd__clkbuf_16)
    17    0.087799    0.104699    0.193996   30.766359 ^ clkbuf_2_2__f_clk/X (sky130_fd_sc_hd__clkbuf_16)
                                                         clknet_2_2__leaf_clk (net)
                      0.105342    0.006395   30.772755 ^ _150_/CLK (sky130_fd_sc_hd__dfrtp_4)
                                 -0.087500   30.685255   clock uncertainty
                                  0.000000   30.685255   clock reconvergence pessimism
                                 -0.060624   30.624630   library setup time
                                             30.624630   data required time
---------------------------------------------------------------------------------------------
                                             30.624630   data required time
                                            -15.071495   data arrival time
---------------------------------------------------------------------------------------------
                                             15.553136   slack (MET)


Startpoint: wbs_adr_i[31] (input port clocked by clk)
Endpoint: _149_ (rising edge-triggered flip-flop clocked by clk)
Path Group: clk
Path Type: max

Fanout         Cap        Slew       Delay        Time   Description
---------------------------------------------------------------------------------------------
                                  0.000000    0.000000   clock clk (rise edge)
                                  5.570000    5.570000   clock network delay (propagated)
                                  3.890000    9.460000 v input external delay
     2    0.003705    0.920000    0.000000    9.460000 v wbs_adr_i[31] (in)
                                                         wbs_adr_i[31] (net)
                      0.920051    0.000027    9.460027 v hold150/A (sky130_fd_sc_hd__dlygate4sd3_1)
     1    0.004102    0.059650    0.887806   10.347833 v hold150/X (sky130_fd_sc_hd__dlygate4sd3_1)
                                                         net424 (net)
                      0.059650    0.000040   10.347873 v input102/A (sky130_fd_sc_hd__clkbuf_8)
     3    0.065791    0.084788    0.191313   10.539186 v input102/X (sky130_fd_sc_hd__clkbuf_8)
                                                         net102 (net)
                      0.087773    0.012835   10.552021 v hold151/A (sky130_fd_sc_hd__dlygate4sd3_1)
     3    0.059288    0.293887    0.821154   11.373175 v hold151/X (sky130_fd_sc_hd__dlygate4sd3_1)
                                                         net425 (net)
                      0.294891    0.012944   11.386119 v _043_/A (sky130_fd_sc_hd__nor4b_1)
     1    0.003122    0.255770    0.386315   11.772434 ^ _043_/Y (sky130_fd_sc_hd__nor4b_1)
                                                         _034_ (net)
                      0.255770    0.000045   11.772479 ^ hold152/A (sky130_fd_sc_hd__dlygate4sd3_1)
     1    0.003182    0.056157    0.604022   12.376501 ^ hold152/X (sky130_fd_sc_hd__dlygate4sd3_1)
                                                         net426 (net)
                      0.056157    0.000044   12.376546 ^ wire266/A (sky130_fd_sc_hd__buf_2)
     1    0.011799    0.066212    0.130830   12.507376 ^ wire266/X (sky130_fd_sc_hd__buf_2)
                                                         net266 (net)
                      0.066214    0.000505   12.507881 ^ hold153/A (sky130_fd_sc_hd__dlygate4sd3_1)
     5    0.037165    0.368657    0.797859   13.305740 ^ hold153/X (sky130_fd_sc_hd__dlygate4sd3_1)
                                                         net427 (net)
                      0.368665    0.002403   13.308143 ^ fanout263/A (sky130_fd_sc_hd__buf_4)
     1    0.003748    0.033963    0.180500   13.488643 ^ fanout263/X (sky130_fd_sc_hd__buf_4)
                                                         net263 (net)
                      0.033963    0.000044   13.488687 ^ hold154/A (sky130_fd_sc_hd__dlygate4sd3_1)
    33    0.111427    1.072640    1.288535   14.777222 ^ hold154/X (sky130_fd_sc_hd__dlygate4sd3_1)
                                                         net428 (net)
                      1.072648    0.002701   14.779922 ^ _116_/B (sky130_fd_sc_hd__and3_1)
     1    0.003293    0.071487    0.290965   15.070888 ^ _116_/X (sky130_fd_sc_hd__and3_1)
                                                         _013_ (net)
                      0.071487    0.000041   15.070928 ^ _149_/D (sky130_fd_sc_hd__dfrtp_4)
                                             15.070928   data arrival time

                                 25.000000   25.000000   clock clk (rise edge)
                                  4.650000   29.650000   clock source latency
     2    0.029103    0.610000    0.000000   29.650000 ^ clk (in)
                                                         clk (net)
                      0.615127    0.002499   29.652498 ^ wire3/A (sky130_fd_sc_hd__buf_4)
     3    0.041253    0.126299    0.283869   29.936367 ^ wire3/X (sky130_fd_sc_hd__buf_4)
                                                         net274 (net)
                      0.126577    0.004661   29.941029 ^ wire2/A (sky130_fd_sc_hd__buf_6)
     3    0.070191    0.143372    0.191445   30.132473 ^ wire2/X (sky130_fd_sc_hd__buf_6)
                                                         net273 (net)
                      0.145294    0.012847   30.145321 ^ wire1/A (sky130_fd_sc_hd__buf_6)
     3    0.072553    0.147817    0.198046   30.343367 ^ wire1/X (sky130_fd_sc_hd__buf_6)
                                                         net272 (net)
                      0.149901    0.013582   30.356949 ^ clkbuf_0_clk/A (sky130_fd_sc_hd__clkbuf_16)
     9    0.092780    0.109733    0.210360   30.567308 ^ clkbuf_0_clk/X (sky130_fd_sc_hd__clkbuf_16)
                                                         clknet_0_clk (net)
                      0.110110    0.005056   30.572363 ^ clkbuf_2_2__f_clk/A (sky130_fd_sc_hd__clkbuf_16)
    17    0.087799    0.104699    0.193996   30.766359 ^ clkbuf_2_2__f_clk/X (sky130_fd_sc_hd__clkbuf_16)
                                                         clknet_2_2__leaf_clk (net)
                      0.105306    0.006217   30.772577 ^ _149_/CLK (sky130_fd_sc_hd__dfrtp_4)
                                 -0.087500   30.685076   clock uncertainty
                                  0.000000   30.685076   clock reconvergence pessimism
                                 -0.060407   30.624670   library setup time
                                             30.624670   data required time
---------------------------------------------------------------------------------------------
                                             30.624670   data required time
                                            -15.070928   data arrival time
---------------------------------------------------------------------------------------------
                                             15.553741   slack (MET)


Startpoint: wbs_adr_i[17] (input port clocked by clk)
Endpoint: _146_ (rising edge-triggered flip-flop clocked by clk)
Path Group: clk
Path Type: max

Fanout         Cap        Slew       Delay        Time   Description
---------------------------------------------------------------------------------------------
                                  0.000000    0.000000   clock clk (rise edge)
                                  5.570000    5.570000   clock network delay (propagated)
                                  3.890000    9.460000 v input external delay
     2    0.003914    0.920000    0.000000    9.460000 v wbs_adr_i[17] (in)
                                                         wbs_adr_i[17] (net)
                      0.920046    0.000024    9.460024 v hold1/A (sky130_fd_sc_hd__dlygate4sd3_1)
     1    0.002606    0.052094    0.875831   10.335855 v hold1/X (sky130_fd_sc_hd__dlygate4sd3_1)
                                                         net275 (net)
                      0.052094    0.000028   10.335883 v input87/A (sky130_fd_sc_hd__clkbuf_1)
     1    0.002692    0.026016    0.092173   10.428056 v input87/X (sky130_fd_sc_hd__clkbuf_1)
                                                         net87 (net)
                      0.026016    0.000024   10.428080 v hold2/A (sky130_fd_sc_hd__dlygate4sd3_1)
     1    0.002838    0.053424    0.554668   10.982748 v hold2/X (sky130_fd_sc_hd__dlygate4sd3_1)
                                                         net276 (net)
                      0.053424    0.000029   10.982778 v _044_/A (sky130_fd_sc_hd__or4_1)
     1    0.003707    0.089331    0.537104   11.519881 v _044_/X (sky130_fd_sc_hd__or4_1)
                                                         _035_ (net)
                      0.089331    0.000061   11.519942 v hold3/A (sky130_fd_sc_hd__dlygate4sd3_1)
     1    0.004439    0.060709    0.594447   12.114389 v hold3/X (sky130_fd_sc_hd__dlygate4sd3_1)
                                                         net277 (net)
                      0.060709    0.000062   12.114452 v _048_/A (sky130_fd_sc_hd__nor4_1)
     1    0.007113    0.366559    0.395989   12.510441 ^ _048_/Y (sky130_fd_sc_hd__nor4_1)
                                                         _039_ (net)
                      0.366559    0.000233   12.510674 ^ hold4/A (sky130_fd_sc_hd__dlygate4sd3_1)
     1    0.007009    0.089707    0.650827   13.161501 ^ hold4/X (sky130_fd_sc_hd__dlygate4sd3_1)
                                                         net278 (net)
                      0.089707    0.000222   13.161723 ^ wire262/A (sky130_fd_sc_hd__buf_2)
     1    0.010410    0.060164    0.138529   13.300252 ^ wire262/X (sky130_fd_sc_hd__buf_2)
                                                         net262 (net)
                      0.060165    0.000395   13.300647 ^ hold5/A (sky130_fd_sc_hd__dlygate4sd3_1)
     7    0.052395    0.512207    0.899620   14.200267 ^ hold5/X (sky130_fd_sc_hd__dlygate4sd3_1)
                                                         net279 (net)
                      0.512207    0.000512   14.200780 ^ _113_/C (sky130_fd_sc_hd__and3_1)
     1    0.002418    0.052382    0.224767   14.425547 ^ _113_/X (sky130_fd_sc_hd__and3_1)
                                                         _009_ (net)
                      0.052382    0.000025   14.425571 ^ hold6/A (sky130_fd_sc_hd__dlygate4sd3_1)
     1    0.002304    0.048833    0.545898   14.971470 ^ hold6/X (sky130_fd_sc_hd__dlygate4sd3_1)
                                                         net280 (net)
                      0.048833    0.000020   14.971489 ^ _146_/D (sky130_fd_sc_hd__dfrtp_2)
                                             14.971489   data arrival time

                                 25.000000   25.000000   clock clk (rise edge)
                                  4.650000   29.650000   clock source latency
     2    0.029103    0.610000    0.000000   29.650000 ^ clk (in)
                                                         clk (net)
                      0.615127    0.002499   29.652498 ^ wire3/A (sky130_fd_sc_hd__buf_4)
     3    0.041253    0.126299    0.283869   29.936367 ^ wire3/X (sky130_fd_sc_hd__buf_4)
                                                         net274 (net)
                      0.126577    0.004661   29.941029 ^ wire2/A (sky130_fd_sc_hd__buf_6)
     3    0.070191    0.143372    0.191445   30.132473 ^ wire2/X (sky130_fd_sc_hd__buf_6)
                                                         net273 (net)
                      0.145294    0.012847   30.145321 ^ wire1/A (sky130_fd_sc_hd__buf_6)
     3    0.072553    0.147817    0.198046   30.343367 ^ wire1/X (sky130_fd_sc_hd__buf_6)
                                                         net272 (net)
                      0.149901    0.013582   30.356949 ^ clkbuf_0_clk/A (sky130_fd_sc_hd__clkbuf_16)
     9    0.092780    0.109733    0.210360   30.567308 ^ clkbuf_0_clk/X (sky130_fd_sc_hd__clkbuf_16)
                                                         clknet_0_clk (net)
                      0.110111    0.005059   30.572367 ^ clkbuf_2_3__f_clk/A (sky130_fd_sc_hd__clkbuf_16)
    21    0.067421    0.085790    0.177746   30.750113 ^ clkbuf_2_3__f_clk/X (sky130_fd_sc_hd__clkbuf_16)
                                                         clknet_2_3__leaf_clk (net)
                      0.085883    0.002292   30.752403 ^ _146_/CLK (sky130_fd_sc_hd__dfrtp_2)
                                 -0.087500   30.664904   clock uncertainty
                                  0.000000   30.664904   clock reconvergence pessimism
                                 -0.058150   30.606754   library setup time
                                             30.606754   data required time
---------------------------------------------------------------------------------------------
                                             30.606754   data required time
                                            -14.971489   data arrival time
---------------------------------------------------------------------------------------------
                                             15.635264   slack (MET)


Startpoint: wbs_adr_i[17] (input port clocked by clk)
Endpoint: _133_ (rising edge-triggered flip-flop clocked by clk)
Path Group: clk
Path Type: max

Fanout         Cap        Slew       Delay        Time   Description
---------------------------------------------------------------------------------------------
                                  0.000000    0.000000   clock clk (rise edge)
                                  5.570000    5.570000   clock network delay (propagated)
                                  3.890000    9.460000 v input external delay
     2    0.003914    0.920000    0.000000    9.460000 v wbs_adr_i[17] (in)
                                                         wbs_adr_i[17] (net)
                      0.920046    0.000024    9.460024 v hold1/A (sky130_fd_sc_hd__dlygate4sd3_1)
     1    0.002606    0.052094    0.875831   10.335855 v hold1/X (sky130_fd_sc_hd__dlygate4sd3_1)
                                                         net275 (net)
                      0.052094    0.000028   10.335883 v input87/A (sky130_fd_sc_hd__clkbuf_1)
     1    0.002692    0.026016    0.092173   10.428056 v input87/X (sky130_fd_sc_hd__clkbuf_1)
                                                         net87 (net)
                      0.026016    0.000024   10.428080 v hold2/A (sky130_fd_sc_hd__dlygate4sd3_1)
     1    0.002838    0.053424    0.554668   10.982748 v hold2/X (sky130_fd_sc_hd__dlygate4sd3_1)
                                                         net276 (net)
                      0.053424    0.000029   10.982778 v _044_/A (sky130_fd_sc_hd__or4_1)
     1    0.003707    0.089331    0.537104   11.519881 v _044_/X (sky130_fd_sc_hd__or4_1)
                                                         _035_ (net)
                      0.089331    0.000061   11.519942 v hold3/A (sky130_fd_sc_hd__dlygate4sd3_1)
     1    0.004439    0.060709    0.594447   12.114389 v hold3/X (sky130_fd_sc_hd__dlygate4sd3_1)
                                                         net277 (net)
                      0.060709    0.000062   12.114452 v _048_/A (sky130_fd_sc_hd__nor4_1)
     1    0.007113    0.366559    0.395989   12.510441 ^ _048_/Y (sky130_fd_sc_hd__nor4_1)
                                                         _039_ (net)
                      0.366559    0.000233   12.510674 ^ hold4/A (sky130_fd_sc_hd__dlygate4sd3_1)
     1    0.007009    0.089707    0.650827   13.161501 ^ hold4/X (sky130_fd_sc_hd__dlygate4sd3_1)
                                                         net278 (net)
                      0.089707    0.000222   13.161723 ^ wire262/A (sky130_fd_sc_hd__buf_2)
     1    0.010410    0.060164    0.138529   13.300252 ^ wire262/X (sky130_fd_sc_hd__buf_2)
                                                         net262 (net)
                      0.060165    0.000395   13.300647 ^ hold5/A (sky130_fd_sc_hd__dlygate4sd3_1)
     7    0.052395    0.512207    0.899620   14.200267 ^ hold5/X (sky130_fd_sc_hd__dlygate4sd3_1)
                                                         net279 (net)
                      0.512235    0.004414   14.204681 ^ fanout261/A (sky130_fd_sc_hd__buf_4)
    33    0.117885    0.325097    0.420362   14.625043 ^ fanout261/X (sky130_fd_sc_hd__buf_4)
                                                         net261 (net)
                      0.327141    0.021426   14.646469 ^ _100_/C (sky130_fd_sc_hd__and3_1)
     1    0.004080    0.064219    0.216471   14.862941 ^ _100_/X (sky130_fd_sc_hd__and3_1)
                                                         _027_ (net)
                      0.064219    0.000069   14.863009 ^ _133_/D (sky130_fd_sc_hd__dfrtp_4)
                                             14.863009   data arrival time

                                 25.000000   25.000000   clock clk (rise edge)
                                  4.650000   29.650000   clock source latency
     2    0.029103    0.610000    0.000000   29.650000 ^ clk (in)
                                                         clk (net)
                      0.615127    0.002499   29.652498 ^ wire3/A (sky130_fd_sc_hd__buf_4)
     3    0.041253    0.126299    0.283869   29.936367 ^ wire3/X (sky130_fd_sc_hd__buf_4)
                                                         net274 (net)
                      0.126577    0.004661   29.941029 ^ wire2/A (sky130_fd_sc_hd__buf_6)
     3    0.070191    0.143372    0.191445   30.132473 ^ wire2/X (sky130_fd_sc_hd__buf_6)
                                                         net273 (net)
                      0.145294    0.012847   30.145321 ^ wire1/A (sky130_fd_sc_hd__buf_6)
     3    0.072553    0.147817    0.198046   30.343367 ^ wire1/X (sky130_fd_sc_hd__buf_6)
                                                         net272 (net)
                      0.149901    0.013582   30.356949 ^ clkbuf_0_clk/A (sky130_fd_sc_hd__clkbuf_16)
     9    0.092780    0.109733    0.210360   30.567308 ^ clkbuf_0_clk/X (sky130_fd_sc_hd__clkbuf_16)
                                                         clknet_0_clk (net)
                      0.110186    0.005524   30.572832 ^ clkbuf_2_1__f_clk/A (sky130_fd_sc_hd__clkbuf_16)
    21    0.079358    0.096720    0.186489   30.759321 ^ clkbuf_2_1__f_clk/X (sky130_fd_sc_hd__clkbuf_16)
                                                         clknet_2_1__leaf_clk (net)
                      0.098157    0.009102   30.768423 ^ _133_/CLK (sky130_fd_sc_hd__dfrtp_4)
                                 -0.087500   30.680923   clock uncertainty
                                  0.000000   30.680923   clock reconvergence pessimism
                                 -0.059829   30.621096   library setup time
                                             30.621096   data required time
---------------------------------------------------------------------------------------------
                                             30.621096   data required time
                                            -14.863009   data arrival time
---------------------------------------------------------------------------------------------
                                             15.758087   slack (MET)


Startpoint: wbs_adr_i[17] (input port clocked by clk)
Endpoint: _132_ (rising edge-triggered flip-flop clocked by clk)
Path Group: clk
Path Type: max

Fanout         Cap        Slew       Delay        Time   Description
---------------------------------------------------------------------------------------------
                                  0.000000    0.000000   clock clk (rise edge)
                                  5.570000    5.570000   clock network delay (propagated)
                                  3.890000    9.460000 v input external delay
     2    0.003914    0.920000    0.000000    9.460000 v wbs_adr_i[17] (in)
                                                         wbs_adr_i[17] (net)
                      0.920046    0.000024    9.460024 v hold1/A (sky130_fd_sc_hd__dlygate4sd3_1)
     1    0.002606    0.052094    0.875831   10.335855 v hold1/X (sky130_fd_sc_hd__dlygate4sd3_1)
                                                         net275 (net)
                      0.052094    0.000028   10.335883 v input87/A (sky130_fd_sc_hd__clkbuf_1)
     1    0.002692    0.026016    0.092173   10.428056 v input87/X (sky130_fd_sc_hd__clkbuf_1)
                                                         net87 (net)
                      0.026016    0.000024   10.428080 v hold2/A (sky130_fd_sc_hd__dlygate4sd3_1)
     1    0.002838    0.053424    0.554668   10.982748 v hold2/X (sky130_fd_sc_hd__dlygate4sd3_1)
                                                         net276 (net)
                      0.053424    0.000029   10.982778 v _044_/A (sky130_fd_sc_hd__or4_1)
     1    0.003707    0.089331    0.537104   11.519881 v _044_/X (sky130_fd_sc_hd__or4_1)
                                                         _035_ (net)
                      0.089331    0.000061   11.519942 v hold3/A (sky130_fd_sc_hd__dlygate4sd3_1)
     1    0.004439    0.060709    0.594447   12.114389 v hold3/X (sky130_fd_sc_hd__dlygate4sd3_1)
                                                         net277 (net)
                      0.060709    0.000062   12.114452 v _048_/A (sky130_fd_sc_hd__nor4_1)
     1    0.007113    0.366559    0.395989   12.510441 ^ _048_/Y (sky130_fd_sc_hd__nor4_1)
                                                         _039_ (net)
                      0.366559    0.000233   12.510674 ^ hold4/A (sky130_fd_sc_hd__dlygate4sd3_1)
     1    0.007009    0.089707    0.650827   13.161501 ^ hold4/X (sky130_fd_sc_hd__dlygate4sd3_1)
                                                         net278 (net)
                      0.089707    0.000222   13.161723 ^ wire262/A (sky130_fd_sc_hd__buf_2)
     1    0.010410    0.060164    0.138529   13.300252 ^ wire262/X (sky130_fd_sc_hd__buf_2)
                                                         net262 (net)
                      0.060165    0.000395   13.300647 ^ hold5/A (sky130_fd_sc_hd__dlygate4sd3_1)
     7    0.052395    0.512207    0.899620   14.200267 ^ hold5/X (sky130_fd_sc_hd__dlygate4sd3_1)
                                                         net279 (net)
                      0.512235    0.004414   14.204681 ^ fanout261/A (sky130_fd_sc_hd__buf_4)
    33    0.117885    0.325097    0.420362   14.625043 ^ fanout261/X (sky130_fd_sc_hd__buf_4)
                                                         net261 (net)
                      0.327139    0.021412   14.646455 ^ _099_/C (sky130_fd_sc_hd__and3_1)
     1    0.003691    0.060592    0.213437   14.859893 ^ _099_/X (sky130_fd_sc_hd__and3_1)
                                                         _026_ (net)
                      0.060592    0.000054   14.859946 ^ _132_/D (sky130_fd_sc_hd__dfrtp_4)
                                             14.859946   data arrival time

                                 25.000000   25.000000   clock clk (rise edge)
                                  4.650000   29.650000   clock source latency
     2    0.029103    0.610000    0.000000   29.650000 ^ clk (in)
                                                         clk (net)
                      0.615127    0.002499   29.652498 ^ wire3/A (sky130_fd_sc_hd__buf_4)
     3    0.041253    0.126299    0.283869   29.936367 ^ wire3/X (sky130_fd_sc_hd__buf_4)
                                                         net274 (net)
                      0.126577    0.004661   29.941029 ^ wire2/A (sky130_fd_sc_hd__buf_6)
     3    0.070191    0.143372    0.191445   30.132473 ^ wire2/X (sky130_fd_sc_hd__buf_6)
                                                         net273 (net)
                      0.145294    0.012847   30.145321 ^ wire1/A (sky130_fd_sc_hd__buf_6)
     3    0.072553    0.147817    0.198046   30.343367 ^ wire1/X (sky130_fd_sc_hd__buf_6)
                                                         net272 (net)
                      0.149901    0.013582   30.356949 ^ clkbuf_0_clk/A (sky130_fd_sc_hd__clkbuf_16)
     9    0.092780    0.109733    0.210360   30.567308 ^ clkbuf_0_clk/X (sky130_fd_sc_hd__clkbuf_16)
                                                         clknet_0_clk (net)
                      0.110186    0.005524   30.572832 ^ clkbuf_2_1__f_clk/A (sky130_fd_sc_hd__clkbuf_16)
    21    0.079358    0.096720    0.186489   30.759321 ^ clkbuf_2_1__f_clk/X (sky130_fd_sc_hd__clkbuf_16)
                                                         clknet_2_1__leaf_clk (net)
                      0.098147    0.009070   30.768391 ^ _132_/CLK (sky130_fd_sc_hd__dfrtp_4)
                                 -0.087500   30.680891   clock uncertainty
                                  0.000000   30.680891   clock reconvergence pessimism
                                 -0.058993   30.621899   library setup time
                                             30.621899   data required time
---------------------------------------------------------------------------------------------
                                             30.621899   data required time
                                            -14.859946   data arrival time
---------------------------------------------------------------------------------------------
                                             15.761952   slack (MET)


Startpoint: wbs_adr_i[17] (input port clocked by clk)
Endpoint: _129_ (rising edge-triggered flip-flop clocked by clk)
Path Group: clk
Path Type: max

Fanout         Cap        Slew       Delay        Time   Description
---------------------------------------------------------------------------------------------
                                  0.000000    0.000000   clock clk (rise edge)
                                  5.570000    5.570000   clock network delay (propagated)
                                  3.890000    9.460000 v input external delay
     2    0.003914    0.920000    0.000000    9.460000 v wbs_adr_i[17] (in)
                                                         wbs_adr_i[17] (net)
                      0.920046    0.000024    9.460024 v hold1/A (sky130_fd_sc_hd__dlygate4sd3_1)
     1    0.002606    0.052094    0.875831   10.335855 v hold1/X (sky130_fd_sc_hd__dlygate4sd3_1)
                                                         net275 (net)
                      0.052094    0.000028   10.335883 v input87/A (sky130_fd_sc_hd__clkbuf_1)
     1    0.002692    0.026016    0.092173   10.428056 v input87/X (sky130_fd_sc_hd__clkbuf_1)
                                                         net87 (net)
                      0.026016    0.000024   10.428080 v hold2/A (sky130_fd_sc_hd__dlygate4sd3_1)
     1    0.002838    0.053424    0.554668   10.982748 v hold2/X (sky130_fd_sc_hd__dlygate4sd3_1)
                                                         net276 (net)
                      0.053424    0.000029   10.982778 v _044_/A (sky130_fd_sc_hd__or4_1)
     1    0.003707    0.089331    0.537104   11.519881 v _044_/X (sky130_fd_sc_hd__or4_1)
                                                         _035_ (net)
                      0.089331    0.000061   11.519942 v hold3/A (sky130_fd_sc_hd__dlygate4sd3_1)
     1    0.004439    0.060709    0.594447   12.114389 v hold3/X (sky130_fd_sc_hd__dlygate4sd3_1)
                                                         net277 (net)
                      0.060709    0.000062   12.114452 v _048_/A (sky130_fd_sc_hd__nor4_1)
     1    0.007113    0.366559    0.395989   12.510441 ^ _048_/Y (sky130_fd_sc_hd__nor4_1)
                                                         _039_ (net)
                      0.366559    0.000233   12.510674 ^ hold4/A (sky130_fd_sc_hd__dlygate4sd3_1)
     1    0.007009    0.089707    0.650827   13.161501 ^ hold4/X (sky130_fd_sc_hd__dlygate4sd3_1)
                                                         net278 (net)
                      0.089707    0.000222   13.161723 ^ wire262/A (sky130_fd_sc_hd__buf_2)
     1    0.010410    0.060164    0.138529   13.300252 ^ wire262/X (sky130_fd_sc_hd__buf_2)
                                                         net262 (net)
                      0.060165    0.000395   13.300647 ^ hold5/A (sky130_fd_sc_hd__dlygate4sd3_1)
     7    0.052395    0.512207    0.899620   14.200267 ^ hold5/X (sky130_fd_sc_hd__dlygate4sd3_1)
                                                         net279 (net)
                      0.512235    0.004414   14.204681 ^ fanout261/A (sky130_fd_sc_hd__buf_4)
    33    0.117885    0.325097    0.420362   14.625043 ^ fanout261/X (sky130_fd_sc_hd__buf_4)
                                                         net261 (net)
                      0.326870    0.020013   14.645057 ^ _096_/C (sky130_fd_sc_hd__and3_1)
     1    0.003291    0.057353    0.210074   14.855130 ^ _096_/X (sky130_fd_sc_hd__and3_1)
                                                         _001_ (net)
                      0.057353    0.000045   14.855175 ^ _129_/D (sky130_fd_sc_hd__dfrtp_4)
                                             14.855175   data arrival time

                                 25.000000   25.000000   clock clk (rise edge)
                                  4.650000   29.650000   clock source latency
     2    0.029103    0.610000    0.000000   29.650000 ^ clk (in)
                                                         clk (net)
                      0.615127    0.002499   29.652498 ^ wire3/A (sky130_fd_sc_hd__buf_4)
     3    0.041253    0.126299    0.283869   29.936367 ^ wire3/X (sky130_fd_sc_hd__buf_4)
                                                         net274 (net)
                      0.126577    0.004661   29.941029 ^ wire2/A (sky130_fd_sc_hd__buf_6)
     3    0.070191    0.143372    0.191445   30.132473 ^ wire2/X (sky130_fd_sc_hd__buf_6)
                                                         net273 (net)
                      0.145294    0.012847   30.145321 ^ wire1/A (sky130_fd_sc_hd__buf_6)
     3    0.072553    0.147817    0.198046   30.343367 ^ wire1/X (sky130_fd_sc_hd__buf_6)
                                                         net272 (net)
                      0.149901    0.013582   30.356949 ^ clkbuf_0_clk/A (sky130_fd_sc_hd__clkbuf_16)
     9    0.092780    0.109733    0.210360   30.567308 ^ clkbuf_0_clk/X (sky130_fd_sc_hd__clkbuf_16)
                                                         clknet_0_clk (net)
                      0.110186    0.005524   30.572832 ^ clkbuf_2_1__f_clk/A (sky130_fd_sc_hd__clkbuf_16)
    21    0.079358    0.096720    0.186489   30.759321 ^ clkbuf_2_1__f_clk/X (sky130_fd_sc_hd__clkbuf_16)
                                                         clknet_2_1__leaf_clk (net)
                      0.097780    0.007827   30.767147 ^ _129_/CLK (sky130_fd_sc_hd__dfrtp_4)
                                 -0.087500   30.679647   clock uncertainty
                                  0.000000   30.679647   clock reconvergence pessimism
                                 -0.058301   30.621347   library setup time
                                             30.621347   data required time
---------------------------------------------------------------------------------------------
                                             30.621347   data required time
                                            -14.855175   data arrival time
---------------------------------------------------------------------------------------------
                                             15.766172   slack (MET)


Startpoint: wbs_adr_i[17] (input port clocked by clk)
Endpoint: _130_ (rising edge-triggered flip-flop clocked by clk)
Path Group: clk
Path Type: max

Fanout         Cap        Slew       Delay        Time   Description
---------------------------------------------------------------------------------------------
                                  0.000000    0.000000   clock clk (rise edge)
                                  5.570000    5.570000   clock network delay (propagated)
                                  3.890000    9.460000 v input external delay
     2    0.003914    0.920000    0.000000    9.460000 v wbs_adr_i[17] (in)
                                                         wbs_adr_i[17] (net)
                      0.920046    0.000024    9.460024 v hold1/A (sky130_fd_sc_hd__dlygate4sd3_1)
     1    0.002606    0.052094    0.875831   10.335855 v hold1/X (sky130_fd_sc_hd__dlygate4sd3_1)
                                                         net275 (net)
                      0.052094    0.000028   10.335883 v input87/A (sky130_fd_sc_hd__clkbuf_1)
     1    0.002692    0.026016    0.092173   10.428056 v input87/X (sky130_fd_sc_hd__clkbuf_1)
                                                         net87 (net)
                      0.026016    0.000024   10.428080 v hold2/A (sky130_fd_sc_hd__dlygate4sd3_1)
     1    0.002838    0.053424    0.554668   10.982748 v hold2/X (sky130_fd_sc_hd__dlygate4sd3_1)
                                                         net276 (net)
                      0.053424    0.000029   10.982778 v _044_/A (sky130_fd_sc_hd__or4_1)
     1    0.003707    0.089331    0.537104   11.519881 v _044_/X (sky130_fd_sc_hd__or4_1)
                                                         _035_ (net)
                      0.089331    0.000061   11.519942 v hold3/A (sky130_fd_sc_hd__dlygate4sd3_1)
     1    0.004439    0.060709    0.594447   12.114389 v hold3/X (sky130_fd_sc_hd__dlygate4sd3_1)
                                                         net277 (net)
                      0.060709    0.000062   12.114452 v _048_/A (sky130_fd_sc_hd__nor4_1)
     1    0.007113    0.366559    0.395989   12.510441 ^ _048_/Y (sky130_fd_sc_hd__nor4_1)
                                                         _039_ (net)
                      0.366559    0.000233   12.510674 ^ hold4/A (sky130_fd_sc_hd__dlygate4sd3_1)
     1    0.007009    0.089707    0.650827   13.161501 ^ hold4/X (sky130_fd_sc_hd__dlygate4sd3_1)
                                                         net278 (net)
                      0.089707    0.000222   13.161723 ^ wire262/A (sky130_fd_sc_hd__buf_2)
     1    0.010410    0.060164    0.138529   13.300252 ^ wire262/X (sky130_fd_sc_hd__buf_2)
                                                         net262 (net)
                      0.060165    0.000395   13.300647 ^ hold5/A (sky130_fd_sc_hd__dlygate4sd3_1)
     7    0.052395    0.512207    0.899620   14.200267 ^ hold5/X (sky130_fd_sc_hd__dlygate4sd3_1)
                                                         net279 (net)
                      0.512235    0.004414   14.204681 ^ fanout261/A (sky130_fd_sc_hd__buf_4)
    33    0.117885    0.325097    0.420362   14.625043 ^ fanout261/X (sky130_fd_sc_hd__buf_4)
                                                         net261 (net)
                      0.327110    0.021266   14.646309 ^ _097_/C (sky130_fd_sc_hd__and3_1)
     1    0.003192    0.056489    0.209152   14.855460 ^ _097_/X (sky130_fd_sc_hd__and3_1)
                                                         _012_ (net)
                      0.056489    0.000040   14.855500 ^ _130_/D (sky130_fd_sc_hd__dfrtp_4)
                                             14.855500   data arrival time

                                 25.000000   25.000000   clock clk (rise edge)
                                  4.650000   29.650000   clock source latency
     2    0.029103    0.610000    0.000000   29.650000 ^ clk (in)
                                                         clk (net)
                      0.615127    0.002499   29.652498 ^ wire3/A (sky130_fd_sc_hd__buf_4)
     3    0.041253    0.126299    0.283869   29.936367 ^ wire3/X (sky130_fd_sc_hd__buf_4)
                                                         net274 (net)
                      0.126577    0.004661   29.941029 ^ wire2/A (sky130_fd_sc_hd__buf_6)
     3    0.070191    0.143372    0.191445   30.132473 ^ wire2/X (sky130_fd_sc_hd__buf_6)
                                                         net273 (net)
                      0.145294    0.012847   30.145321 ^ wire1/A (sky130_fd_sc_hd__buf_6)
     3    0.072553    0.147817    0.198046   30.343367 ^ wire1/X (sky130_fd_sc_hd__buf_6)
                                                         net272 (net)
                      0.149901    0.013582   30.356949 ^ clkbuf_0_clk/A (sky130_fd_sc_hd__clkbuf_16)
     9    0.092780    0.109733    0.210360   30.567308 ^ clkbuf_0_clk/X (sky130_fd_sc_hd__clkbuf_16)
                                                         clknet_0_clk (net)
                      0.110186    0.005524   30.572832 ^ clkbuf_2_1__f_clk/A (sky130_fd_sc_hd__clkbuf_16)
    21    0.079358    0.096720    0.186489   30.759321 ^ clkbuf_2_1__f_clk/X (sky130_fd_sc_hd__clkbuf_16)
                                                         clknet_2_1__leaf_clk (net)
                      0.098141    0.009049   30.768370 ^ _130_/CLK (sky130_fd_sc_hd__dfrtp_4)
                                 -0.087500   30.680870   clock uncertainty
                                  0.000000   30.680870   clock reconvergence pessimism
                                 -0.058046   30.622822   library setup time
                                             30.622822   data required time
---------------------------------------------------------------------------------------------
                                             30.622822   data required time
                                            -14.855500   data arrival time
---------------------------------------------------------------------------------------------
                                             15.767323   slack (MET)


Startpoint: wbs_adr_i[17] (input port clocked by clk)
Endpoint: _139_ (rising edge-triggered flip-flop clocked by clk)
Path Group: clk
Path Type: max

Fanout         Cap        Slew       Delay        Time   Description
---------------------------------------------------------------------------------------------
                                  0.000000    0.000000   clock clk (rise edge)
                                  5.570000    5.570000   clock network delay (propagated)
                                  3.890000    9.460000 v input external delay
     2    0.003914    0.920000    0.000000    9.460000 v wbs_adr_i[17] (in)
                                                         wbs_adr_i[17] (net)
                      0.920046    0.000024    9.460024 v hold1/A (sky130_fd_sc_hd__dlygate4sd3_1)
     1    0.002606    0.052094    0.875831   10.335855 v hold1/X (sky130_fd_sc_hd__dlygate4sd3_1)
                                                         net275 (net)
                      0.052094    0.000028   10.335883 v input87/A (sky130_fd_sc_hd__clkbuf_1)
     1    0.002692    0.026016    0.092173   10.428056 v input87/X (sky130_fd_sc_hd__clkbuf_1)
                                                         net87 (net)
                      0.026016    0.000024   10.428080 v hold2/A (sky130_fd_sc_hd__dlygate4sd3_1)
     1    0.002838    0.053424    0.554668   10.982748 v hold2/X (sky130_fd_sc_hd__dlygate4sd3_1)
                                                         net276 (net)
                      0.053424    0.000029   10.982778 v _044_/A (sky130_fd_sc_hd__or4_1)
     1    0.003707    0.089331    0.537104   11.519881 v _044_/X (sky130_fd_sc_hd__or4_1)
                                                         _035_ (net)
                      0.089331    0.000061   11.519942 v hold3/A (sky130_fd_sc_hd__dlygate4sd3_1)
     1    0.004439    0.060709    0.594447   12.114389 v hold3/X (sky130_fd_sc_hd__dlygate4sd3_1)
                                                         net277 (net)
                      0.060709    0.000062   12.114452 v _048_/A (sky130_fd_sc_hd__nor4_1)
     1    0.007113    0.366559    0.395989   12.510441 ^ _048_/Y (sky130_fd_sc_hd__nor4_1)
                                                         _039_ (net)
                      0.366559    0.000233   12.510674 ^ hold4/A (sky130_fd_sc_hd__dlygate4sd3_1)
     1    0.007009    0.089707    0.650827   13.161501 ^ hold4/X (sky130_fd_sc_hd__dlygate4sd3_1)
                                                         net278 (net)
                      0.089707    0.000222   13.161723 ^ wire262/A (sky130_fd_sc_hd__buf_2)
     1    0.010410    0.060164    0.138529   13.300252 ^ wire262/X (sky130_fd_sc_hd__buf_2)
                                                         net262 (net)
                      0.060165    0.000395   13.300647 ^ hold5/A (sky130_fd_sc_hd__dlygate4sd3_1)
     7    0.052395    0.512207    0.899620   14.200267 ^ hold5/X (sky130_fd_sc_hd__dlygate4sd3_1)
                                                         net279 (net)
                      0.512235    0.004414   14.204681 ^ fanout261/A (sky130_fd_sc_hd__buf_4)
    33    0.117885    0.325097    0.420362   14.625043 ^ fanout261/X (sky130_fd_sc_hd__buf_4)
                                                         net261 (net)
                      0.326766    0.019438   14.644481 ^ _106_/C (sky130_fd_sc_hd__and3_1)
     1    0.003092    0.055616    0.208151   14.852632 ^ _106_/X (sky130_fd_sc_hd__and3_1)
                                                         _002_ (net)
                      0.055616    0.000038   14.852670 ^ _139_/D (sky130_fd_sc_hd__dfrtp_4)
                                             14.852670   data arrival time

                                 25.000000   25.000000   clock clk (rise edge)
                                  4.650000   29.650000   clock source latency
     2    0.029103    0.610000    0.000000   29.650000 ^ clk (in)
                                                         clk (net)
                      0.615127    0.002499   29.652498 ^ wire3/A (sky130_fd_sc_hd__buf_4)
     3    0.041253    0.126299    0.283869   29.936367 ^ wire3/X (sky130_fd_sc_hd__buf_4)
                                                         net274 (net)
                      0.126577    0.004661   29.941029 ^ wire2/A (sky130_fd_sc_hd__buf_6)
     3    0.070191    0.143372    0.191445   30.132473 ^ wire2/X (sky130_fd_sc_hd__buf_6)
                                                         net273 (net)
                      0.145294    0.012847   30.145321 ^ wire1/A (sky130_fd_sc_hd__buf_6)
     3    0.072553    0.147817    0.198046   30.343367 ^ wire1/X (sky130_fd_sc_hd__buf_6)
                                                         net272 (net)
                      0.149901    0.013582   30.356949 ^ clkbuf_0_clk/A (sky130_fd_sc_hd__clkbuf_16)
     9    0.092780    0.109733    0.210360   30.567308 ^ clkbuf_0_clk/X (sky130_fd_sc_hd__clkbuf_16)
                                                         clknet_0_clk (net)
                      0.110186    0.005524   30.572832 ^ clkbuf_2_1__f_clk/A (sky130_fd_sc_hd__clkbuf_16)
    21    0.079358    0.096720    0.186489   30.759321 ^ clkbuf_2_1__f_clk/X (sky130_fd_sc_hd__clkbuf_16)
                                                         clknet_2_1__leaf_clk (net)
                      0.097742    0.007688   30.767010 ^ _139_/CLK (sky130_fd_sc_hd__dfrtp_4)
                                 -0.087500   30.679510   clock uncertainty
                                  0.000000   30.679510   clock reconvergence pessimism
                                 -0.057905   30.621603   library setup time
                                             30.621603   data required time
---------------------------------------------------------------------------------------------
                                             30.621603   data required time
                                            -14.852670   data arrival time
---------------------------------------------------------------------------------------------
                                             15.768933   slack (MET)


Startpoint: wbs_adr_i[17] (input port clocked by clk)
Endpoint: _138_ (rising edge-triggered flip-flop clocked by clk)
Path Group: clk
Path Type: max

Fanout         Cap        Slew       Delay        Time   Description
---------------------------------------------------------------------------------------------
                                  0.000000    0.000000   clock clk (rise edge)
                                  5.570000    5.570000   clock network delay (propagated)
                                  3.890000    9.460000 v input external delay
     2    0.003914    0.920000    0.000000    9.460000 v wbs_adr_i[17] (in)
                                                         wbs_adr_i[17] (net)
                      0.920046    0.000024    9.460024 v hold1/A (sky130_fd_sc_hd__dlygate4sd3_1)
     1    0.002606    0.052094    0.875831   10.335855 v hold1/X (sky130_fd_sc_hd__dlygate4sd3_1)
                                                         net275 (net)
                      0.052094    0.000028   10.335883 v input87/A (sky130_fd_sc_hd__clkbuf_1)
     1    0.002692    0.026016    0.092173   10.428056 v input87/X (sky130_fd_sc_hd__clkbuf_1)
                                                         net87 (net)
                      0.026016    0.000024   10.428080 v hold2/A (sky130_fd_sc_hd__dlygate4sd3_1)
     1    0.002838    0.053424    0.554668   10.982748 v hold2/X (sky130_fd_sc_hd__dlygate4sd3_1)
                                                         net276 (net)
                      0.053424    0.000029   10.982778 v _044_/A (sky130_fd_sc_hd__or4_1)
     1    0.003707    0.089331    0.537104   11.519881 v _044_/X (sky130_fd_sc_hd__or4_1)
                                                         _035_ (net)
                      0.089331    0.000061   11.519942 v hold3/A (sky130_fd_sc_hd__dlygate4sd3_1)
     1    0.004439    0.060709    0.594447   12.114389 v hold3/X (sky130_fd_sc_hd__dlygate4sd3_1)
                                                         net277 (net)
                      0.060709    0.000062   12.114452 v _048_/A (sky130_fd_sc_hd__nor4_1)
     1    0.007113    0.366559    0.395989   12.510441 ^ _048_/Y (sky130_fd_sc_hd__nor4_1)
                                                         _039_ (net)
                      0.366559    0.000233   12.510674 ^ hold4/A (sky130_fd_sc_hd__dlygate4sd3_1)
     1    0.007009    0.089707    0.650827   13.161501 ^ hold4/X (sky130_fd_sc_hd__dlygate4sd3_1)
                                                         net278 (net)
                      0.089707    0.000222   13.161723 ^ wire262/A (sky130_fd_sc_hd__buf_2)
     1    0.010410    0.060164    0.138529   13.300252 ^ wire262/X (sky130_fd_sc_hd__buf_2)
                                                         net262 (net)
                      0.060165    0.000395   13.300647 ^ hold5/A (sky130_fd_sc_hd__dlygate4sd3_1)
     7    0.052395    0.512207    0.899620   14.200267 ^ hold5/X (sky130_fd_sc_hd__dlygate4sd3_1)
                                                         net279 (net)
                      0.512235    0.004414   14.204681 ^ fanout261/A (sky130_fd_sc_hd__buf_4)
    33    0.117885    0.325097    0.420362   14.625043 ^ fanout261/X (sky130_fd_sc_hd__buf_4)
                                                         net261 (net)
                      0.326943    0.020403   14.645446 ^ _105_/C (sky130_fd_sc_hd__and3_1)
     1    0.002834    0.053389    0.205692   14.851138 ^ _105_/X (sky130_fd_sc_hd__and3_1)
                                                         _032_ (net)
                      0.053389    0.000031   14.851170 ^ _138_/D (sky130_fd_sc_hd__dfrtp_4)
                                             14.851170   data arrival time

                                 25.000000   25.000000   clock clk (rise edge)
                                  4.650000   29.650000   clock source latency
     2    0.029103    0.610000    0.000000   29.650000 ^ clk (in)
                                                         clk (net)
                      0.615127    0.002499   29.652498 ^ wire3/A (sky130_fd_sc_hd__buf_4)
     3    0.041253    0.126299    0.283869   29.936367 ^ wire3/X (sky130_fd_sc_hd__buf_4)
                                                         net274 (net)
                      0.126577    0.004661   29.941029 ^ wire2/A (sky130_fd_sc_hd__buf_6)
     3    0.070191    0.143372    0.191445   30.132473 ^ wire2/X (sky130_fd_sc_hd__buf_6)
                                                         net273 (net)
                      0.145294    0.012847   30.145321 ^ wire1/A (sky130_fd_sc_hd__buf_6)
     3    0.072553    0.147817    0.198046   30.343367 ^ wire1/X (sky130_fd_sc_hd__buf_6)
                                                         net272 (net)
                      0.149901    0.013582   30.356949 ^ clkbuf_0_clk/A (sky130_fd_sc_hd__clkbuf_16)
     9    0.092780    0.109733    0.210360   30.567308 ^ clkbuf_0_clk/X (sky130_fd_sc_hd__clkbuf_16)
                                                         clknet_0_clk (net)
                      0.110186    0.005524   30.572832 ^ clkbuf_2_1__f_clk/A (sky130_fd_sc_hd__clkbuf_16)
    21    0.079358    0.096720    0.186489   30.759321 ^ clkbuf_2_1__f_clk/X (sky130_fd_sc_hd__clkbuf_16)
                                                         clknet_2_1__leaf_clk (net)
                      0.097908    0.008278   30.767599 ^ _138_/CLK (sky130_fd_sc_hd__dfrtp_4)
                                 -0.087500   30.680099   clock uncertainty
                                  0.000000   30.680099   clock reconvergence pessimism
                                 -0.057366   30.622734   library setup time
                                             30.622734   data required time
---------------------------------------------------------------------------------------------
                                             30.622734   data required time
                                            -14.851170   data arrival time
---------------------------------------------------------------------------------------------
                                             15.771564   slack (MET)


Startpoint: wbs_adr_i[17] (input port clocked by clk)
Endpoint: _134_ (rising edge-triggered flip-flop clocked by clk)
Path Group: clk
Path Type: max

Fanout         Cap        Slew       Delay        Time   Description
---------------------------------------------------------------------------------------------
                                  0.000000    0.000000   clock clk (rise edge)
                                  5.570000    5.570000   clock network delay (propagated)
                                  3.890000    9.460000 v input external delay
     2    0.003914    0.920000    0.000000    9.460000 v wbs_adr_i[17] (in)
                                                         wbs_adr_i[17] (net)
                      0.920046    0.000024    9.460024 v hold1/A (sky130_fd_sc_hd__dlygate4sd3_1)
     1    0.002606    0.052094    0.875831   10.335855 v hold1/X (sky130_fd_sc_hd__dlygate4sd3_1)
                                                         net275 (net)
                      0.052094    0.000028   10.335883 v input87/A (sky130_fd_sc_hd__clkbuf_1)
     1    0.002692    0.026016    0.092173   10.428056 v input87/X (sky130_fd_sc_hd__clkbuf_1)
                                                         net87 (net)
                      0.026016    0.000024   10.428080 v hold2/A (sky130_fd_sc_hd__dlygate4sd3_1)
     1    0.002838    0.053424    0.554668   10.982748 v hold2/X (sky130_fd_sc_hd__dlygate4sd3_1)
                                                         net276 (net)
                      0.053424    0.000029   10.982778 v _044_/A (sky130_fd_sc_hd__or4_1)
     1    0.003707    0.089331    0.537104   11.519881 v _044_/X (sky130_fd_sc_hd__or4_1)
                                                         _035_ (net)
                      0.089331    0.000061   11.519942 v hold3/A (sky130_fd_sc_hd__dlygate4sd3_1)
     1    0.004439    0.060709    0.594447   12.114389 v hold3/X (sky130_fd_sc_hd__dlygate4sd3_1)
                                                         net277 (net)
                      0.060709    0.000062   12.114452 v _048_/A (sky130_fd_sc_hd__nor4_1)
     1    0.007113    0.366559    0.395989   12.510441 ^ _048_/Y (sky130_fd_sc_hd__nor4_1)
                                                         _039_ (net)
                      0.366559    0.000233   12.510674 ^ hold4/A (sky130_fd_sc_hd__dlygate4sd3_1)
     1    0.007009    0.089707    0.650827   13.161501 ^ hold4/X (sky130_fd_sc_hd__dlygate4sd3_1)
                                                         net278 (net)
                      0.089707    0.000222   13.161723 ^ wire262/A (sky130_fd_sc_hd__buf_2)
     1    0.010410    0.060164    0.138529   13.300252 ^ wire262/X (sky130_fd_sc_hd__buf_2)
                                                         net262 (net)
                      0.060165    0.000395   13.300647 ^ hold5/A (sky130_fd_sc_hd__dlygate4sd3_1)
     7    0.052395    0.512207    0.899620   14.200267 ^ hold5/X (sky130_fd_sc_hd__dlygate4sd3_1)
                                                         net279 (net)
                      0.512235    0.004414   14.204681 ^ fanout261/A (sky130_fd_sc_hd__buf_4)
    33    0.117885    0.325097    0.420362   14.625043 ^ fanout261/X (sky130_fd_sc_hd__buf_4)
                                                         net261 (net)
                      0.327119    0.021313   14.646356 ^ _101_/C (sky130_fd_sc_hd__and3_1)
     1    0.003516    0.059224    0.212069   14.858424 ^ _101_/X (sky130_fd_sc_hd__and3_1)
                                                         _028_ (net)
                      0.059224    0.000044   14.858469 ^ _134_/D (sky130_fd_sc_hd__dfrtp_4)
                                             14.858469   data arrival time

                                 25.000000   25.000000   clock clk (rise edge)
                                  4.650000   29.650000   clock source latency
     2    0.029103    0.610000    0.000000   29.650000 ^ clk (in)
                                                         clk (net)
                      0.615127    0.002499   29.652498 ^ wire3/A (sky130_fd_sc_hd__buf_4)
     3    0.041253    0.126299    0.283869   29.936367 ^ wire3/X (sky130_fd_sc_hd__buf_4)
                                                         net274 (net)
                      0.126577    0.004661   29.941029 ^ wire2/A (sky130_fd_sc_hd__buf_6)
     3    0.070191    0.143372    0.191445   30.132473 ^ wire2/X (sky130_fd_sc_hd__buf_6)
                                                         net273 (net)
                      0.145294    0.012847   30.145321 ^ wire1/A (sky130_fd_sc_hd__buf_6)
     3    0.072553    0.147817    0.198046   30.343367 ^ wire1/X (sky130_fd_sc_hd__buf_6)
                                                         net272 (net)
                      0.149901    0.013582   30.356949 ^ clkbuf_0_clk/A (sky130_fd_sc_hd__clkbuf_16)
     9    0.092780    0.109733    0.210360   30.567308 ^ clkbuf_0_clk/X (sky130_fd_sc_hd__clkbuf_16)
                                                         clknet_0_clk (net)
                      0.110198    0.005599   30.572906 ^ clkbuf_2_0__f_clk/A (sky130_fd_sc_hd__clkbuf_16)
    17    0.090087    0.106893    0.195577   30.768484 ^ clkbuf_2_0__f_clk/X (sky130_fd_sc_hd__clkbuf_16)
                                                         clknet_2_0__leaf_clk (net)
                      0.107594    0.006747   30.775230 ^ _134_/CLK (sky130_fd_sc_hd__dfrtp_4)
                                 -0.087500   30.687731   clock uncertainty
                                  0.000000   30.687731   clock reconvergence pessimism
                                 -0.057229   30.630501   library setup time
                                             30.630501   data required time
---------------------------------------------------------------------------------------------
                                             30.630501   data required time
                                            -14.858469   data arrival time
---------------------------------------------------------------------------------------------
                                             15.772031   slack (MET)


Startpoint: wbs_adr_i[17] (input port clocked by clk)
Endpoint: _131_ (rising edge-triggered flip-flop clocked by clk)
Path Group: clk
Path Type: max

Fanout         Cap        Slew       Delay        Time   Description
---------------------------------------------------------------------------------------------
                                  0.000000    0.000000   clock clk (rise edge)
                                  5.570000    5.570000   clock network delay (propagated)
                                  3.890000    9.460000 v input external delay
     2    0.003914    0.920000    0.000000    9.460000 v wbs_adr_i[17] (in)
                                                         wbs_adr_i[17] (net)
                      0.920046    0.000024    9.460024 v hold1/A (sky130_fd_sc_hd__dlygate4sd3_1)
     1    0.002606    0.052094    0.875831   10.335855 v hold1/X (sky130_fd_sc_hd__dlygate4sd3_1)
                                                         net275 (net)
                      0.052094    0.000028   10.335883 v input87/A (sky130_fd_sc_hd__clkbuf_1)
     1    0.002692    0.026016    0.092173   10.428056 v input87/X (sky130_fd_sc_hd__clkbuf_1)
                                                         net87 (net)
                      0.026016    0.000024   10.428080 v hold2/A (sky130_fd_sc_hd__dlygate4sd3_1)
     1    0.002838    0.053424    0.554668   10.982748 v hold2/X (sky130_fd_sc_hd__dlygate4sd3_1)
                                                         net276 (net)
                      0.053424    0.000029   10.982778 v _044_/A (sky130_fd_sc_hd__or4_1)
     1    0.003707    0.089331    0.537104   11.519881 v _044_/X (sky130_fd_sc_hd__or4_1)
                                                         _035_ (net)
                      0.089331    0.000061   11.519942 v hold3/A (sky130_fd_sc_hd__dlygate4sd3_1)
     1    0.004439    0.060709    0.594447   12.114389 v hold3/X (sky130_fd_sc_hd__dlygate4sd3_1)
                                                         net277 (net)
                      0.060709    0.000062   12.114452 v _048_/A (sky130_fd_sc_hd__nor4_1)
     1    0.007113    0.366559    0.395989   12.510441 ^ _048_/Y (sky130_fd_sc_hd__nor4_1)
                                                         _039_ (net)
                      0.366559    0.000233   12.510674 ^ hold4/A (sky130_fd_sc_hd__dlygate4sd3_1)
     1    0.007009    0.089707    0.650827   13.161501 ^ hold4/X (sky130_fd_sc_hd__dlygate4sd3_1)
                                                         net278 (net)
                      0.089707    0.000222   13.161723 ^ wire262/A (sky130_fd_sc_hd__buf_2)
     1    0.010410    0.060164    0.138529   13.300252 ^ wire262/X (sky130_fd_sc_hd__buf_2)
                                                         net262 (net)
                      0.060165    0.000395   13.300647 ^ hold5/A (sky130_fd_sc_hd__dlygate4sd3_1)
     7    0.052395    0.512207    0.899620   14.200267 ^ hold5/X (sky130_fd_sc_hd__dlygate4sd3_1)
                                                         net279 (net)
                      0.512235    0.004414   14.204681 ^ fanout261/A (sky130_fd_sc_hd__buf_4)
    33    0.117885    0.325097    0.420362   14.625043 ^ fanout261/X (sky130_fd_sc_hd__buf_4)
                                                         net261 (net)
                      0.327116    0.021300   14.646343 ^ _098_/C (sky130_fd_sc_hd__and3_1)
     1    0.002633    0.051658    0.203783   14.850126 ^ _098_/X (sky130_fd_sc_hd__and3_1)
                                                         _023_ (net)
                      0.051658    0.000028   14.850154 ^ _131_/D (sky130_fd_sc_hd__dfrtp_4)
                                             14.850154   data arrival time

                                 25.000000   25.000000   clock clk (rise edge)
                                  4.650000   29.650000   clock source latency
     2    0.029103    0.610000    0.000000   29.650000 ^ clk (in)
                                                         clk (net)
                      0.615127    0.002499   29.652498 ^ wire3/A (sky130_fd_sc_hd__buf_4)
     3    0.041253    0.126299    0.283869   29.936367 ^ wire3/X (sky130_fd_sc_hd__buf_4)
                                                         net274 (net)
                      0.126577    0.004661   29.941029 ^ wire2/A (sky130_fd_sc_hd__buf_6)
     3    0.070191    0.143372    0.191445   30.132473 ^ wire2/X (sky130_fd_sc_hd__buf_6)
                                                         net273 (net)
                      0.145294    0.012847   30.145321 ^ wire1/A (sky130_fd_sc_hd__buf_6)
     3    0.072553    0.147817    0.198046   30.343367 ^ wire1/X (sky130_fd_sc_hd__buf_6)
                                                         net272 (net)
                      0.149901    0.013582   30.356949 ^ clkbuf_0_clk/A (sky130_fd_sc_hd__clkbuf_16)
     9    0.092780    0.109733    0.210360   30.567308 ^ clkbuf_0_clk/X (sky130_fd_sc_hd__clkbuf_16)
                                                         clknet_0_clk (net)
                      0.110186    0.005524   30.572832 ^ clkbuf_2_1__f_clk/A (sky130_fd_sc_hd__clkbuf_16)
    21    0.079358    0.096720    0.186489   30.759321 ^ clkbuf_2_1__f_clk/X (sky130_fd_sc_hd__clkbuf_16)
                                                         clknet_2_1__leaf_clk (net)
                      0.098136    0.009035   30.768356 ^ _131_/CLK (sky130_fd_sc_hd__dfrtp_4)
                                 -0.087500   30.680857   clock uncertainty
                                  0.000000   30.680857   clock reconvergence pessimism
                                 -0.056931   30.623924   library setup time
                                             30.623924   data required time
---------------------------------------------------------------------------------------------
                                             30.623924   data required time
                                            -14.850154   data arrival time
---------------------------------------------------------------------------------------------
                                             15.773770   slack (MET)


Startpoint: wbs_adr_i[17] (input port clocked by clk)
Endpoint: _137_ (rising edge-triggered flip-flop clocked by clk)
Path Group: clk
Path Type: max

Fanout         Cap        Slew       Delay        Time   Description
---------------------------------------------------------------------------------------------
                                  0.000000    0.000000   clock clk (rise edge)
                                  5.570000    5.570000   clock network delay (propagated)
                                  3.890000    9.460000 v input external delay
     2    0.003914    0.920000    0.000000    9.460000 v wbs_adr_i[17] (in)
                                                         wbs_adr_i[17] (net)
                      0.920046    0.000024    9.460024 v hold1/A (sky130_fd_sc_hd__dlygate4sd3_1)
     1    0.002606    0.052094    0.875831   10.335855 v hold1/X (sky130_fd_sc_hd__dlygate4sd3_1)
                                                         net275 (net)
                      0.052094    0.000028   10.335883 v input87/A (sky130_fd_sc_hd__clkbuf_1)
     1    0.002692    0.026016    0.092173   10.428056 v input87/X (sky130_fd_sc_hd__clkbuf_1)
                                                         net87 (net)
                      0.026016    0.000024   10.428080 v hold2/A (sky130_fd_sc_hd__dlygate4sd3_1)
     1    0.002838    0.053424    0.554668   10.982748 v hold2/X (sky130_fd_sc_hd__dlygate4sd3_1)
                                                         net276 (net)
                      0.053424    0.000029   10.982778 v _044_/A (sky130_fd_sc_hd__or4_1)
     1    0.003707    0.089331    0.537104   11.519881 v _044_/X (sky130_fd_sc_hd__or4_1)
                                                         _035_ (net)
                      0.089331    0.000061   11.519942 v hold3/A (sky130_fd_sc_hd__dlygate4sd3_1)
     1    0.004439    0.060709    0.594447   12.114389 v hold3/X (sky130_fd_sc_hd__dlygate4sd3_1)
                                                         net277 (net)
                      0.060709    0.000062   12.114452 v _048_/A (sky130_fd_sc_hd__nor4_1)
     1    0.007113    0.366559    0.395989   12.510441 ^ _048_/Y (sky130_fd_sc_hd__nor4_1)
                                                         _039_ (net)
                      0.366559    0.000233   12.510674 ^ hold4/A (sky130_fd_sc_hd__dlygate4sd3_1)
     1    0.007009    0.089707    0.650827   13.161501 ^ hold4/X (sky130_fd_sc_hd__dlygate4sd3_1)
                                                         net278 (net)
                      0.089707    0.000222   13.161723 ^ wire262/A (sky130_fd_sc_hd__buf_2)
     1    0.010410    0.060164    0.138529   13.300252 ^ wire262/X (sky130_fd_sc_hd__buf_2)
                                                         net262 (net)
                      0.060165    0.000395   13.300647 ^ hold5/A (sky130_fd_sc_hd__dlygate4sd3_1)
     7    0.052395    0.512207    0.899620   14.200267 ^ hold5/X (sky130_fd_sc_hd__dlygate4sd3_1)
                                                         net279 (net)
                      0.512235    0.004414   14.204681 ^ fanout261/A (sky130_fd_sc_hd__buf_4)
    33    0.117885    0.325097    0.420362   14.625043 ^ fanout261/X (sky130_fd_sc_hd__buf_4)
                                                         net261 (net)
                      0.327026    0.020838   14.645882 ^ _104_/C (sky130_fd_sc_hd__and3_1)
     1    0.002950    0.054386    0.206815   14.852696 ^ _104_/X (sky130_fd_sc_hd__and3_1)
                                                         _031_ (net)
                      0.054386    0.000034   14.852730 ^ _137_/D (sky130_fd_sc_hd__dfrtp_4)
                                             14.852730   data arrival time

                                 25.000000   25.000000   clock clk (rise edge)
                                  4.650000   29.650000   clock source latency
     2    0.029103    0.610000    0.000000   29.650000 ^ clk (in)
                                                         clk (net)
                      0.615127    0.002499   29.652498 ^ wire3/A (sky130_fd_sc_hd__buf_4)
     3    0.041253    0.126299    0.283869   29.936367 ^ wire3/X (sky130_fd_sc_hd__buf_4)
                                                         net274 (net)
                      0.126577    0.004661   29.941029 ^ wire2/A (sky130_fd_sc_hd__buf_6)
     3    0.070191    0.143372    0.191445   30.132473 ^ wire2/X (sky130_fd_sc_hd__buf_6)
                                                         net273 (net)
                      0.145294    0.012847   30.145321 ^ wire1/A (sky130_fd_sc_hd__buf_6)
     3    0.072553    0.147817    0.198046   30.343367 ^ wire1/X (sky130_fd_sc_hd__buf_6)
                                                         net272 (net)
                      0.149901    0.013582   30.356949 ^ clkbuf_0_clk/A (sky130_fd_sc_hd__clkbuf_16)
     9    0.092780    0.109733    0.210360   30.567308 ^ clkbuf_0_clk/X (sky130_fd_sc_hd__clkbuf_16)
                                                         clknet_0_clk (net)
                      0.110198    0.005599   30.572906 ^ clkbuf_2_0__f_clk/A (sky130_fd_sc_hd__clkbuf_16)
    17    0.090087    0.106893    0.195577   30.768484 ^ clkbuf_2_0__f_clk/X (sky130_fd_sc_hd__clkbuf_16)
                                                         clknet_2_0__leaf_clk (net)
                      0.107553    0.006551   30.775036 ^ _137_/CLK (sky130_fd_sc_hd__dfrtp_4)
                                 -0.087500   30.687534   clock uncertainty
                                  0.000000   30.687534   clock reconvergence pessimism
                                 -0.056121   30.631413   library setup time
                                             30.631413   data required time
---------------------------------------------------------------------------------------------
                                             30.631413   data required time
                                            -14.852730   data arrival time
---------------------------------------------------------------------------------------------
                                             15.778682   slack (MET)


Startpoint: wbs_adr_i[17] (input port clocked by clk)
Endpoint: _140_ (rising edge-triggered flip-flop clocked by clk)
Path Group: clk
Path Type: max

Fanout         Cap        Slew       Delay        Time   Description
---------------------------------------------------------------------------------------------
                                  0.000000    0.000000   clock clk (rise edge)
                                  5.570000    5.570000   clock network delay (propagated)
                                  3.890000    9.460000 v input external delay
     2    0.003914    0.920000    0.000000    9.460000 v wbs_adr_i[17] (in)
                                                         wbs_adr_i[17] (net)
                      0.920046    0.000024    9.460024 v hold1/A (sky130_fd_sc_hd__dlygate4sd3_1)
     1    0.002606    0.052094    0.875831   10.335855 v hold1/X (sky130_fd_sc_hd__dlygate4sd3_1)
                                                         net275 (net)
                      0.052094    0.000028   10.335883 v input87/A (sky130_fd_sc_hd__clkbuf_1)
     1    0.002692    0.026016    0.092173   10.428056 v input87/X (sky130_fd_sc_hd__clkbuf_1)
                                                         net87 (net)
                      0.026016    0.000024   10.428080 v hold2/A (sky130_fd_sc_hd__dlygate4sd3_1)
     1    0.002838    0.053424    0.554668   10.982748 v hold2/X (sky130_fd_sc_hd__dlygate4sd3_1)
                                                         net276 (net)
                      0.053424    0.000029   10.982778 v _044_/A (sky130_fd_sc_hd__or4_1)
     1    0.003707    0.089331    0.537104   11.519881 v _044_/X (sky130_fd_sc_hd__or4_1)
                                                         _035_ (net)
                      0.089331    0.000061   11.519942 v hold3/A (sky130_fd_sc_hd__dlygate4sd3_1)
     1    0.004439    0.060709    0.594447   12.114389 v hold3/X (sky130_fd_sc_hd__dlygate4sd3_1)
                                                         net277 (net)
                      0.060709    0.000062   12.114452 v _048_/A (sky130_fd_sc_hd__nor4_1)
     1    0.007113    0.366559    0.395989   12.510441 ^ _048_/Y (sky130_fd_sc_hd__nor4_1)
                                                         _039_ (net)
                      0.366559    0.000233   12.510674 ^ hold4/A (sky130_fd_sc_hd__dlygate4sd3_1)
     1    0.007009    0.089707    0.650827   13.161501 ^ hold4/X (sky130_fd_sc_hd__dlygate4sd3_1)
                                                         net278 (net)
                      0.089707    0.000222   13.161723 ^ wire262/A (sky130_fd_sc_hd__buf_2)
     1    0.010410    0.060164    0.138529   13.300252 ^ wire262/X (sky130_fd_sc_hd__buf_2)
                                                         net262 (net)
                      0.060165    0.000395   13.300647 ^ hold5/A (sky130_fd_sc_hd__dlygate4sd3_1)
     7    0.052395    0.512207    0.899620   14.200267 ^ hold5/X (sky130_fd_sc_hd__dlygate4sd3_1)
                                                         net279 (net)
                      0.512235    0.004414   14.204681 ^ fanout261/A (sky130_fd_sc_hd__buf_4)
    33    0.117885    0.325097    0.420362   14.625043 ^ fanout261/X (sky130_fd_sc_hd__buf_4)
                                                         net261 (net)
                      0.326323    0.016765   14.641809 ^ _107_/C (sky130_fd_sc_hd__and3_1)
     1    0.002285    0.048814    0.200336   14.842144 ^ _107_/X (sky130_fd_sc_hd__and3_1)
                                                         _003_ (net)
                      0.048814    0.000020   14.842163 ^ _140_/D (sky130_fd_sc_hd__dfrtp_2)
                                             14.842163   data arrival time

                                 25.000000   25.000000   clock clk (rise edge)
                                  4.650000   29.650000   clock source latency
     2    0.029103    0.610000    0.000000   29.650000 ^ clk (in)
                                                         clk (net)
                      0.615127    0.002499   29.652498 ^ wire3/A (sky130_fd_sc_hd__buf_4)
     3    0.041253    0.126299    0.283869   29.936367 ^ wire3/X (sky130_fd_sc_hd__buf_4)
                                                         net274 (net)
                      0.126577    0.004661   29.941029 ^ wire2/A (sky130_fd_sc_hd__buf_6)
     3    0.070191    0.143372    0.191445   30.132473 ^ wire2/X (sky130_fd_sc_hd__buf_6)
                                                         net273 (net)
                      0.145294    0.012847   30.145321 ^ wire1/A (sky130_fd_sc_hd__buf_6)
     3    0.072553    0.147817    0.198046   30.343367 ^ wire1/X (sky130_fd_sc_hd__buf_6)
                                                         net272 (net)
                      0.149901    0.013582   30.356949 ^ clkbuf_0_clk/A (sky130_fd_sc_hd__clkbuf_16)
     9    0.092780    0.109733    0.210360   30.567308 ^ clkbuf_0_clk/X (sky130_fd_sc_hd__clkbuf_16)
                                                         clknet_0_clk (net)
                      0.110186    0.005524   30.572832 ^ clkbuf_2_1__f_clk/A (sky130_fd_sc_hd__clkbuf_16)
    21    0.079358    0.096720    0.186489   30.759321 ^ clkbuf_2_1__f_clk/X (sky130_fd_sc_hd__clkbuf_16)
                                                         clknet_2_1__leaf_clk (net)
                      0.097355    0.006104   30.765425 ^ _140_/CLK (sky130_fd_sc_hd__dfrtp_2)
                                 -0.087500   30.677925   clock uncertainty
                                  0.000000   30.677925   clock reconvergence pessimism
                                 -0.056394   30.621532   library setup time
                                             30.621532   data required time
---------------------------------------------------------------------------------------------
                                             30.621532   data required time
                                            -14.842163   data arrival time
---------------------------------------------------------------------------------------------
                                             15.779369   slack (MET)


Startpoint: wbs_adr_i[17] (input port clocked by clk)
Endpoint: _135_ (rising edge-triggered flip-flop clocked by clk)
Path Group: clk
Path Type: max

Fanout         Cap        Slew       Delay        Time   Description
---------------------------------------------------------------------------------------------
                                  0.000000    0.000000   clock clk (rise edge)
                                  5.570000    5.570000   clock network delay (propagated)
                                  3.890000    9.460000 v input external delay
     2    0.003914    0.920000    0.000000    9.460000 v wbs_adr_i[17] (in)
                                                         wbs_adr_i[17] (net)
                      0.920046    0.000024    9.460024 v hold1/A (sky130_fd_sc_hd__dlygate4sd3_1)
     1    0.002606    0.052094    0.875831   10.335855 v hold1/X (sky130_fd_sc_hd__dlygate4sd3_1)
                                                         net275 (net)
                      0.052094    0.000028   10.335883 v input87/A (sky130_fd_sc_hd__clkbuf_1)
     1    0.002692    0.026016    0.092173   10.428056 v input87/X (sky130_fd_sc_hd__clkbuf_1)
                                                         net87 (net)
                      0.026016    0.000024   10.428080 v hold2/A (sky130_fd_sc_hd__dlygate4sd3_1)
     1    0.002838    0.053424    0.554668   10.982748 v hold2/X (sky130_fd_sc_hd__dlygate4sd3_1)
                                                         net276 (net)
                      0.053424    0.000029   10.982778 v _044_/A (sky130_fd_sc_hd__or4_1)
     1    0.003707    0.089331    0.537104   11.519881 v _044_/X (sky130_fd_sc_hd__or4_1)
                                                         _035_ (net)
                      0.089331    0.000061   11.519942 v hold3/A (sky130_fd_sc_hd__dlygate4sd3_1)
     1    0.004439    0.060709    0.594447   12.114389 v hold3/X (sky130_fd_sc_hd__dlygate4sd3_1)
                                                         net277 (net)
                      0.060709    0.000062   12.114452 v _048_/A (sky130_fd_sc_hd__nor4_1)
     1    0.007113    0.366559    0.395989   12.510441 ^ _048_/Y (sky130_fd_sc_hd__nor4_1)
                                                         _039_ (net)
                      0.366559    0.000233   12.510674 ^ hold4/A (sky130_fd_sc_hd__dlygate4sd3_1)
     1    0.007009    0.089707    0.650827   13.161501 ^ hold4/X (sky130_fd_sc_hd__dlygate4sd3_1)
                                                         net278 (net)
                      0.089707    0.000222   13.161723 ^ wire262/A (sky130_fd_sc_hd__buf_2)
     1    0.010410    0.060164    0.138529   13.300252 ^ wire262/X (sky130_fd_sc_hd__buf_2)
                                                         net262 (net)
                      0.060165    0.000395   13.300647 ^ hold5/A (sky130_fd_sc_hd__dlygate4sd3_1)
     7    0.052395    0.512207    0.899620   14.200267 ^ hold5/X (sky130_fd_sc_hd__dlygate4sd3_1)
                                                         net279 (net)
                      0.512235    0.004414   14.204681 ^ fanout261/A (sky130_fd_sc_hd__buf_4)
    33    0.117885    0.325097    0.420362   14.625043 ^ fanout261/X (sky130_fd_sc_hd__buf_4)
                                                         net261 (net)
                      0.326845    0.019873   14.644916 ^ _102_/C (sky130_fd_sc_hd__and3_1)
     1    0.002805    0.053140    0.205401   14.850317 ^ _102_/X (sky130_fd_sc_hd__and3_1)
                                                         _029_ (net)
                      0.053140    0.000031   14.850348 ^ _135_/D (sky130_fd_sc_hd__dfrtp_4)
                                             14.850348   data arrival time

                                 25.000000   25.000000   clock clk (rise edge)
                                  4.650000   29.650000   clock source latency
     2    0.029103    0.610000    0.000000   29.650000 ^ clk (in)
                                                         clk (net)
                      0.615127    0.002499   29.652498 ^ wire3/A (sky130_fd_sc_hd__buf_4)
     3    0.041253    0.126299    0.283869   29.936367 ^ wire3/X (sky130_fd_sc_hd__buf_4)
                                                         net274 (net)
                      0.126577    0.004661   29.941029 ^ wire2/A (sky130_fd_sc_hd__buf_6)
     3    0.070191    0.143372    0.191445   30.132473 ^ wire2/X (sky130_fd_sc_hd__buf_6)
                                                         net273 (net)
                      0.145294    0.012847   30.145321 ^ wire1/A (sky130_fd_sc_hd__buf_6)
     3    0.072553    0.147817    0.198046   30.343367 ^ wire1/X (sky130_fd_sc_hd__buf_6)
                                                         net272 (net)
                      0.149901    0.013582   30.356949 ^ clkbuf_0_clk/A (sky130_fd_sc_hd__clkbuf_16)
     9    0.092780    0.109733    0.210360   30.567308 ^ clkbuf_0_clk/X (sky130_fd_sc_hd__clkbuf_16)
                                                         clknet_0_clk (net)
                      0.110198    0.005599   30.572906 ^ clkbuf_2_0__f_clk/A (sky130_fd_sc_hd__clkbuf_16)
    17    0.090087    0.106893    0.195577   30.768484 ^ clkbuf_2_0__f_clk/X (sky130_fd_sc_hd__clkbuf_16)
                                                         clknet_2_0__leaf_clk (net)
                      0.107481    0.006189   30.774673 ^ _135_/CLK (sky130_fd_sc_hd__dfrtp_4)
                                 -0.087500   30.687172   clock uncertainty
                                  0.000000   30.687172   clock reconvergence pessimism
                                 -0.055845   30.631329   library setup time
                                             30.631329   data required time
---------------------------------------------------------------------------------------------
                                             30.631329   data required time
                                            -14.850348   data arrival time
---------------------------------------------------------------------------------------------
                                             15.780980   slack (MET)


Startpoint: wbs_adr_i[17] (input port clocked by clk)
Endpoint: _136_ (rising edge-triggered flip-flop clocked by clk)
Path Group: clk
Path Type: max

Fanout         Cap        Slew       Delay        Time   Description
---------------------------------------------------------------------------------------------
                                  0.000000    0.000000   clock clk (rise edge)
                                  5.570000    5.570000   clock network delay (propagated)
                                  3.890000    9.460000 v input external delay
     2    0.003914    0.920000    0.000000    9.460000 v wbs_adr_i[17] (in)
                                                         wbs_adr_i[17] (net)
                      0.920046    0.000024    9.460024 v hold1/A (sky130_fd_sc_hd__dlygate4sd3_1)
     1    0.002606    0.052094    0.875831   10.335855 v hold1/X (sky130_fd_sc_hd__dlygate4sd3_1)
                                                         net275 (net)
                      0.052094    0.000028   10.335883 v input87/A (sky130_fd_sc_hd__clkbuf_1)
     1    0.002692    0.026016    0.092173   10.428056 v input87/X (sky130_fd_sc_hd__clkbuf_1)
                                                         net87 (net)
                      0.026016    0.000024   10.428080 v hold2/A (sky130_fd_sc_hd__dlygate4sd3_1)
     1    0.002838    0.053424    0.554668   10.982748 v hold2/X (sky130_fd_sc_hd__dlygate4sd3_1)
                                                         net276 (net)
                      0.053424    0.000029   10.982778 v _044_/A (sky130_fd_sc_hd__or4_1)
     1    0.003707    0.089331    0.537104   11.519881 v _044_/X (sky130_fd_sc_hd__or4_1)
                                                         _035_ (net)
                      0.089331    0.000061   11.519942 v hold3/A (sky130_fd_sc_hd__dlygate4sd3_1)
     1    0.004439    0.060709    0.594447   12.114389 v hold3/X (sky130_fd_sc_hd__dlygate4sd3_1)
                                                         net277 (net)
                      0.060709    0.000062   12.114452 v _048_/A (sky130_fd_sc_hd__nor4_1)
     1    0.007113    0.366559    0.395989   12.510441 ^ _048_/Y (sky130_fd_sc_hd__nor4_1)
                                                         _039_ (net)
                      0.366559    0.000233   12.510674 ^ hold4/A (sky130_fd_sc_hd__dlygate4sd3_1)
     1    0.007009    0.089707    0.650827   13.161501 ^ hold4/X (sky130_fd_sc_hd__dlygate4sd3_1)
                                                         net278 (net)
                      0.089707    0.000222   13.161723 ^ wire262/A (sky130_fd_sc_hd__buf_2)
     1    0.010410    0.060164    0.138529   13.300252 ^ wire262/X (sky130_fd_sc_hd__buf_2)
                                                         net262 (net)
                      0.060165    0.000395   13.300647 ^ hold5/A (sky130_fd_sc_hd__dlygate4sd3_1)
     7    0.052395    0.512207    0.899620   14.200267 ^ hold5/X (sky130_fd_sc_hd__dlygate4sd3_1)
                                                         net279 (net)
                      0.512235    0.004414   14.204681 ^ fanout261/A (sky130_fd_sc_hd__buf_4)
    33    0.117885    0.325097    0.420362   14.625043 ^ fanout261/X (sky130_fd_sc_hd__buf_4)
                                                         net261 (net)
                      0.327088    0.021157   14.646200 ^ _103_/C (sky130_fd_sc_hd__and3_1)
     1    0.002705    0.052285    0.204466   14.850666 ^ _103_/X (sky130_fd_sc_hd__and3_1)
                                                         _030_ (net)
                      0.052285    0.000029   14.850696 ^ _136_/D (sky130_fd_sc_hd__dfrtp_4)
                                             14.850696   data arrival time

                                 25.000000   25.000000   clock clk (rise edge)
                                  4.650000   29.650000   clock source latency
     2    0.029103    0.610000    0.000000   29.650000 ^ clk (in)
                                                         clk (net)
                      0.615127    0.002499   29.652498 ^ wire3/A (sky130_fd_sc_hd__buf_4)
     3    0.041253    0.126299    0.283869   29.936367 ^ wire3/X (sky130_fd_sc_hd__buf_4)
                                                         net274 (net)
                      0.126577    0.004661   29.941029 ^ wire2/A (sky130_fd_sc_hd__buf_6)
     3    0.070191    0.143372    0.191445   30.132473 ^ wire2/X (sky130_fd_sc_hd__buf_6)
                                                         net273 (net)
                      0.145294    0.012847   30.145321 ^ wire1/A (sky130_fd_sc_hd__buf_6)
     3    0.072553    0.147817    0.198046   30.343367 ^ wire1/X (sky130_fd_sc_hd__buf_6)
                                                         net272 (net)
                      0.149901    0.013582   30.356949 ^ clkbuf_0_clk/A (sky130_fd_sc_hd__clkbuf_16)
     9    0.092780    0.109733    0.210360   30.567308 ^ clkbuf_0_clk/X (sky130_fd_sc_hd__clkbuf_16)
                                                         clknet_0_clk (net)
                      0.110198    0.005599   30.572906 ^ clkbuf_2_0__f_clk/A (sky130_fd_sc_hd__clkbuf_16)
    17    0.090087    0.106893    0.195577   30.768484 ^ clkbuf_2_0__f_clk/X (sky130_fd_sc_hd__clkbuf_16)
                                                         clknet_2_0__leaf_clk (net)
                      0.107588    0.006715   30.775198 ^ _136_/CLK (sky130_fd_sc_hd__dfrtp_4)
                                 -0.087500   30.687698   clock uncertainty
                                  0.000000   30.687698   clock reconvergence pessimism
                                 -0.055631   30.632067   library setup time
                                             30.632067   data required time
---------------------------------------------------------------------------------------------
                                             30.632067   data required time
                                            -14.850696   data arrival time
---------------------------------------------------------------------------------------------
                                             15.781371   slack (MET)


Startpoint: wbs_adr_i[17] (input port clocked by clk)
Endpoint: _141_ (rising edge-triggered flip-flop clocked by clk)
Path Group: clk
Path Type: max

Fanout         Cap        Slew       Delay        Time   Description
---------------------------------------------------------------------------------------------
                                  0.000000    0.000000   clock clk (rise edge)
                                  5.570000    5.570000   clock network delay (propagated)
                                  3.890000    9.460000 v input external delay
     2    0.003914    0.920000    0.000000    9.460000 v wbs_adr_i[17] (in)
                                                         wbs_adr_i[17] (net)
                      0.920046    0.000024    9.460024 v hold1/A (sky130_fd_sc_hd__dlygate4sd3_1)
     1    0.002606    0.052094    0.875831   10.335855 v hold1/X (sky130_fd_sc_hd__dlygate4sd3_1)
                                                         net275 (net)
                      0.052094    0.000028   10.335883 v input87/A (sky130_fd_sc_hd__clkbuf_1)
     1    0.002692    0.026016    0.092173   10.428056 v input87/X (sky130_fd_sc_hd__clkbuf_1)
                                                         net87 (net)
                      0.026016    0.000024   10.428080 v hold2/A (sky130_fd_sc_hd__dlygate4sd3_1)
     1    0.002838    0.053424    0.554668   10.982748 v hold2/X (sky130_fd_sc_hd__dlygate4sd3_1)
                                                         net276 (net)
                      0.053424    0.000029   10.982778 v _044_/A (sky130_fd_sc_hd__or4_1)
     1    0.003707    0.089331    0.537104   11.519881 v _044_/X (sky130_fd_sc_hd__or4_1)
                                                         _035_ (net)
                      0.089331    0.000061   11.519942 v hold3/A (sky130_fd_sc_hd__dlygate4sd3_1)
     1    0.004439    0.060709    0.594447   12.114389 v hold3/X (sky130_fd_sc_hd__dlygate4sd3_1)
                                                         net277 (net)
                      0.060709    0.000062   12.114452 v _048_/A (sky130_fd_sc_hd__nor4_1)
     1    0.007113    0.366559    0.395989   12.510441 ^ _048_/Y (sky130_fd_sc_hd__nor4_1)
                                                         _039_ (net)
                      0.366559    0.000233   12.510674 ^ hold4/A (sky130_fd_sc_hd__dlygate4sd3_1)
     1    0.007009    0.089707    0.650827   13.161501 ^ hold4/X (sky130_fd_sc_hd__dlygate4sd3_1)
                                                         net278 (net)
                      0.089707    0.000222   13.161723 ^ wire262/A (sky130_fd_sc_hd__buf_2)
     1    0.010410    0.060164    0.138529   13.300252 ^ wire262/X (sky130_fd_sc_hd__buf_2)
                                                         net262 (net)
                      0.060165    0.000395   13.300647 ^ hold5/A (sky130_fd_sc_hd__dlygate4sd3_1)
     7    0.052395    0.512207    0.899620   14.200267 ^ hold5/X (sky130_fd_sc_hd__dlygate4sd3_1)
                                                         net279 (net)
                      0.512235    0.004414   14.204681 ^ fanout261/A (sky130_fd_sc_hd__buf_4)
    33    0.117885    0.325097    0.420362   14.625043 ^ fanout261/X (sky130_fd_sc_hd__buf_4)
                                                         net261 (net)
                      0.325683    0.011752   14.636795 ^ _108_/C (sky130_fd_sc_hd__and3_1)
     1    0.003052    0.055248    0.207627   14.844422 ^ _108_/X (sky130_fd_sc_hd__and3_1)
                                                         _004_ (net)
                      0.055248    0.000036   14.844459 ^ _141_/D (sky130_fd_sc_hd__dfrtp_2)
                                             14.844459   data arrival time

                                 25.000000   25.000000   clock clk (rise edge)
                                  4.650000   29.650000   clock source latency
     2    0.029103    0.610000    0.000000   29.650000 ^ clk (in)
                                                         clk (net)
                      0.615127    0.002499   29.652498 ^ wire3/A (sky130_fd_sc_hd__buf_4)
     3    0.041253    0.126299    0.283869   29.936367 ^ wire3/X (sky130_fd_sc_hd__buf_4)
                                                         net274 (net)
                      0.126577    0.004661   29.941029 ^ wire2/A (sky130_fd_sc_hd__buf_6)
     3    0.070191    0.143372    0.191445   30.132473 ^ wire2/X (sky130_fd_sc_hd__buf_6)
                                                         net273 (net)
                      0.145294    0.012847   30.145321 ^ wire1/A (sky130_fd_sc_hd__buf_6)
     3    0.072553    0.147817    0.198046   30.343367 ^ wire1/X (sky130_fd_sc_hd__buf_6)
                                                         net272 (net)
                      0.149901    0.013582   30.356949 ^ clkbuf_0_clk/A (sky130_fd_sc_hd__clkbuf_16)
     9    0.092780    0.109733    0.210360   30.567308 ^ clkbuf_0_clk/X (sky130_fd_sc_hd__clkbuf_16)
                                                         clknet_0_clk (net)
                      0.110198    0.005599   30.572906 ^ clkbuf_2_0__f_clk/A (sky130_fd_sc_hd__clkbuf_16)
    17    0.090087    0.106893    0.195577   30.768484 ^ clkbuf_2_0__f_clk/X (sky130_fd_sc_hd__clkbuf_16)
                                                         clknet_2_0__leaf_clk (net)
                      0.106975    0.002380   30.770864 ^ _141_/CLK (sky130_fd_sc_hd__dfrtp_2)
                                 -0.087500   30.683365   clock uncertainty
                                  0.000000   30.683365   clock reconvergence pessimism
                                 -0.056408   30.626957   library setup time
                                             30.626957   data required time
---------------------------------------------------------------------------------------------
                                             30.626957   data required time
                                            -14.844459   data arrival time
---------------------------------------------------------------------------------------------
                                             15.782499   slack (MET)


Startpoint: wbs_adr_i[17] (input port clocked by clk)
Endpoint: _142_ (rising edge-triggered flip-flop clocked by clk)
Path Group: clk
Path Type: max

Fanout         Cap        Slew       Delay        Time   Description
---------------------------------------------------------------------------------------------
                                  0.000000    0.000000   clock clk (rise edge)
                                  5.570000    5.570000   clock network delay (propagated)
                                  3.890000    9.460000 v input external delay
     2    0.003914    0.920000    0.000000    9.460000 v wbs_adr_i[17] (in)
                                                         wbs_adr_i[17] (net)
                      0.920046    0.000024    9.460024 v hold1/A (sky130_fd_sc_hd__dlygate4sd3_1)
     1    0.002606    0.052094    0.875831   10.335855 v hold1/X (sky130_fd_sc_hd__dlygate4sd3_1)
                                                         net275 (net)
                      0.052094    0.000028   10.335883 v input87/A (sky130_fd_sc_hd__clkbuf_1)
     1    0.002692    0.026016    0.092173   10.428056 v input87/X (sky130_fd_sc_hd__clkbuf_1)
                                                         net87 (net)
                      0.026016    0.000024   10.428080 v hold2/A (sky130_fd_sc_hd__dlygate4sd3_1)
     1    0.002838    0.053424    0.554668   10.982748 v hold2/X (sky130_fd_sc_hd__dlygate4sd3_1)
                                                         net276 (net)
                      0.053424    0.000029   10.982778 v _044_/A (sky130_fd_sc_hd__or4_1)
     1    0.003707    0.089331    0.537104   11.519881 v _044_/X (sky130_fd_sc_hd__or4_1)
                                                         _035_ (net)
                      0.089331    0.000061   11.519942 v hold3/A (sky130_fd_sc_hd__dlygate4sd3_1)
     1    0.004439    0.060709    0.594447   12.114389 v hold3/X (sky130_fd_sc_hd__dlygate4sd3_1)
                                                         net277 (net)
                      0.060709    0.000062   12.114452 v _048_/A (sky130_fd_sc_hd__nor4_1)
     1    0.007113    0.366559    0.395989   12.510441 ^ _048_/Y (sky130_fd_sc_hd__nor4_1)
                                                         _039_ (net)
                      0.366559    0.000233   12.510674 ^ hold4/A (sky130_fd_sc_hd__dlygate4sd3_1)
     1    0.007009    0.089707    0.650827   13.161501 ^ hold4/X (sky130_fd_sc_hd__dlygate4sd3_1)
                                                         net278 (net)
                      0.089707    0.000222   13.161723 ^ wire262/A (sky130_fd_sc_hd__buf_2)
     1    0.010410    0.060164    0.138529   13.300252 ^ wire262/X (sky130_fd_sc_hd__buf_2)
                                                         net262 (net)
                      0.060165    0.000395   13.300647 ^ hold5/A (sky130_fd_sc_hd__dlygate4sd3_1)
     7    0.052395    0.512207    0.899620   14.200267 ^ hold5/X (sky130_fd_sc_hd__dlygate4sd3_1)
                                                         net279 (net)
                      0.512235    0.004414   14.204681 ^ fanout261/A (sky130_fd_sc_hd__buf_4)
    33    0.117885    0.325097    0.420362   14.625043 ^ fanout261/X (sky130_fd_sc_hd__buf_4)
                                                         net261 (net)
                      0.325272    0.006523   14.631566 ^ _109_/C (sky130_fd_sc_hd__and3_1)
     1    0.003095    0.055614    0.207990   14.839556 ^ _109_/X (sky130_fd_sc_hd__and3_1)
                                                         _005_ (net)
                      0.055614    0.000038   14.839594 ^ _142_/D (sky130_fd_sc_hd__dfrtp_2)
                                             14.839594   data arrival time

                                 25.000000   25.000000   clock clk (rise edge)
                                  4.650000   29.650000   clock source latency
     2    0.029103    0.610000    0.000000   29.650000 ^ clk (in)
                                                         clk (net)
                      0.615127    0.002499   29.652498 ^ wire3/A (sky130_fd_sc_hd__buf_4)
     3    0.041253    0.126299    0.283869   29.936367 ^ wire3/X (sky130_fd_sc_hd__buf_4)
                                                         net274 (net)
                      0.126577    0.004661   29.941029 ^ wire2/A (sky130_fd_sc_hd__buf_6)
     3    0.070191    0.143372    0.191445   30.132473 ^ wire2/X (sky130_fd_sc_hd__buf_6)
                                                         net273 (net)
                      0.145294    0.012847   30.145321 ^ wire1/A (sky130_fd_sc_hd__buf_6)
     3    0.072553    0.147817    0.198046   30.343367 ^ wire1/X (sky130_fd_sc_hd__buf_6)
                                                         net272 (net)
                      0.149901    0.013582   30.356949 ^ clkbuf_0_clk/A (sky130_fd_sc_hd__clkbuf_16)
     9    0.092780    0.109733    0.210360   30.567308 ^ clkbuf_0_clk/X (sky130_fd_sc_hd__clkbuf_16)
                                                         clknet_0_clk (net)
                      0.110198    0.005599   30.572906 ^ clkbuf_2_0__f_clk/A (sky130_fd_sc_hd__clkbuf_16)
    17    0.090087    0.106893    0.195577   30.768484 ^ clkbuf_2_0__f_clk/X (sky130_fd_sc_hd__clkbuf_16)
                                                         clknet_2_0__leaf_clk (net)
                      0.107073    0.003496   30.771980 ^ _142_/CLK (sky130_fd_sc_hd__dfrtp_2)
                                 -0.087500   30.684481   clock uncertainty
                                  0.000000   30.684481   clock reconvergence pessimism
                                 -0.056477   30.628002   library setup time
                                             30.628002   data required time
---------------------------------------------------------------------------------------------
                                             30.628002   data required time
                                            -14.839594   data arrival time
---------------------------------------------------------------------------------------------
                                             15.788409   slack (MET)


Startpoint: wbs_adr_i[17] (input port clocked by clk)
Endpoint: _143_ (rising edge-triggered flip-flop clocked by clk)
Path Group: clk
Path Type: max

Fanout         Cap        Slew       Delay        Time   Description
---------------------------------------------------------------------------------------------
                                  0.000000    0.000000   clock clk (rise edge)
                                  5.570000    5.570000   clock network delay (propagated)
                                  3.890000    9.460000 v input external delay
     2    0.003914    0.920000    0.000000    9.460000 v wbs_adr_i[17] (in)
                                                         wbs_adr_i[17] (net)
                      0.920046    0.000024    9.460024 v hold1/A (sky130_fd_sc_hd__dlygate4sd3_1)
     1    0.002606    0.052094    0.875831   10.335855 v hold1/X (sky130_fd_sc_hd__dlygate4sd3_1)
                                                         net275 (net)
                      0.052094    0.000028   10.335883 v input87/A (sky130_fd_sc_hd__clkbuf_1)
     1    0.002692    0.026016    0.092173   10.428056 v input87/X (sky130_fd_sc_hd__clkbuf_1)
                                                         net87 (net)
                      0.026016    0.000024   10.428080 v hold2/A (sky130_fd_sc_hd__dlygate4sd3_1)
     1    0.002838    0.053424    0.554668   10.982748 v hold2/X (sky130_fd_sc_hd__dlygate4sd3_1)
                                                         net276 (net)
                      0.053424    0.000029   10.982778 v _044_/A (sky130_fd_sc_hd__or4_1)
     1    0.003707    0.089331    0.537104   11.519881 v _044_/X (sky130_fd_sc_hd__or4_1)
                                                         _035_ (net)
                      0.089331    0.000061   11.519942 v hold3/A (sky130_fd_sc_hd__dlygate4sd3_1)
     1    0.004439    0.060709    0.594447   12.114389 v hold3/X (sky130_fd_sc_hd__dlygate4sd3_1)
                                                         net277 (net)
                      0.060709    0.000062   12.114452 v _048_/A (sky130_fd_sc_hd__nor4_1)
     1    0.007113    0.366559    0.395989   12.510441 ^ _048_/Y (sky130_fd_sc_hd__nor4_1)
                                                         _039_ (net)
                      0.366559    0.000233   12.510674 ^ hold4/A (sky130_fd_sc_hd__dlygate4sd3_1)
     1    0.007009    0.089707    0.650827   13.161501 ^ hold4/X (sky130_fd_sc_hd__dlygate4sd3_1)
                                                         net278 (net)
                      0.089707    0.000222   13.161723 ^ wire262/A (sky130_fd_sc_hd__buf_2)
     1    0.010410    0.060164    0.138529   13.300252 ^ wire262/X (sky130_fd_sc_hd__buf_2)
                                                         net262 (net)
                      0.060165    0.000395   13.300647 ^ hold5/A (sky130_fd_sc_hd__dlygate4sd3_1)
     7    0.052395    0.512207    0.899620   14.200267 ^ hold5/X (sky130_fd_sc_hd__dlygate4sd3_1)
                                                         net279 (net)
                      0.512235    0.004414   14.204681 ^ fanout261/A (sky130_fd_sc_hd__buf_4)
    33    0.117885    0.325097    0.420362   14.625043 ^ fanout261/X (sky130_fd_sc_hd__buf_4)
                                                         net261 (net)
                      0.325098    0.000353   14.625397 ^ _110_/C (sky130_fd_sc_hd__and3_1)
     1    0.002554    0.050947    0.202766   14.828162 ^ _110_/X (sky130_fd_sc_hd__and3_1)
                                                         _006_ (net)
                      0.050947    0.000026   14.828188 ^ _143_/D (sky130_fd_sc_hd__dfrtp_2)
                                             14.828188   data arrival time

                                 25.000000   25.000000   clock clk (rise edge)
                                  4.650000   29.650000   clock source latency
     2    0.029103    0.610000    0.000000   29.650000 ^ clk (in)
                                                         clk (net)
                      0.615127    0.002499   29.652498 ^ wire3/A (sky130_fd_sc_hd__buf_4)
     3    0.041253    0.126299    0.283869   29.936367 ^ wire3/X (sky130_fd_sc_hd__buf_4)
                                                         net274 (net)
                      0.126577    0.004661   29.941029 ^ wire2/A (sky130_fd_sc_hd__buf_6)
     3    0.070191    0.143372    0.191445   30.132473 ^ wire2/X (sky130_fd_sc_hd__buf_6)
                                                         net273 (net)
                      0.145294    0.012847   30.145321 ^ wire1/A (sky130_fd_sc_hd__buf_6)
     3    0.072553    0.147817    0.198046   30.343367 ^ wire1/X (sky130_fd_sc_hd__buf_6)
                                                         net272 (net)
                      0.149901    0.013582   30.356949 ^ clkbuf_0_clk/A (sky130_fd_sc_hd__clkbuf_16)
     9    0.092780    0.109733    0.210360   30.567308 ^ clkbuf_0_clk/X (sky130_fd_sc_hd__clkbuf_16)
                                                         clknet_0_clk (net)
                      0.110198    0.005599   30.572906 ^ clkbuf_2_0__f_clk/A (sky130_fd_sc_hd__clkbuf_16)
    17    0.090087    0.106893    0.195577   30.768484 ^ clkbuf_2_0__f_clk/X (sky130_fd_sc_hd__clkbuf_16)
                                                         clknet_2_0__leaf_clk (net)
                      0.107171    0.004309   30.772793 ^ _143_/CLK (sky130_fd_sc_hd__dfrtp_2)
                                 -0.087500   30.685293   clock uncertainty
                                  0.000000   30.685293   clock reconvergence pessimism
                                 -0.055387   30.629906   library setup time
                                             30.629906   data required time
---------------------------------------------------------------------------------------------
                                             30.629906   data required time
                                            -14.828188   data arrival time
---------------------------------------------------------------------------------------------
                                             15.801718   slack (MET)


Startpoint: _160_ (rising edge-triggered flip-flop clocked by clk)
Endpoint: wbs_dat_o[31] (output port clocked by clk)
Path Group: clk
Path Type: max

Fanout         Cap        Slew       Delay        Time   Description
---------------------------------------------------------------------------------------------
                                  0.000000    0.000000   clock clk (rise edge)
                                  5.570000    5.570000   clock source latency
     2    0.029103    0.610000    0.000000    5.570000 ^ clk (in)
                                                         clk (net)
                      0.615127    0.002628    5.572628 ^ wire3/A (sky130_fd_sc_hd__buf_4)
     3    0.041253    0.126299    0.298424    5.871052 ^ wire3/X (sky130_fd_sc_hd__buf_4)
                                                         net274 (net)
                      0.126577    0.004899    5.875951 ^ wire2/A (sky130_fd_sc_hd__buf_6)
     3    0.070191    0.143372    0.201264    6.077215 ^ wire2/X (sky130_fd_sc_hd__buf_6)
                                                         net273 (net)
                      0.145294    0.013505    6.090721 ^ wire1/A (sky130_fd_sc_hd__buf_6)
     3    0.072553    0.147817    0.208202    6.298923 ^ wire1/X (sky130_fd_sc_hd__buf_6)
                                                         net272 (net)
                      0.149901    0.014280    6.313202 ^ clkbuf_0_clk/A (sky130_fd_sc_hd__clkbuf_16)
     9    0.092780    0.109733    0.221148    6.534350 ^ clkbuf_0_clk/X (sky130_fd_sc_hd__clkbuf_16)
                                                         clknet_0_clk (net)
                      0.110111    0.005319    6.539669 ^ clkbuf_2_3__f_clk/A (sky130_fd_sc_hd__clkbuf_16)
    21    0.067421    0.085790    0.186860    6.726529 ^ clkbuf_2_3__f_clk/X (sky130_fd_sc_hd__clkbuf_16)
                                                         clknet_2_3__leaf_clk (net)
                      0.086960    0.008047    6.734576 ^ _160_/CLK (sky130_fd_sc_hd__dfrtp_4)
     3    0.153835    0.435548    0.707988    7.442564 ^ _160_/Q (sky130_fd_sc_hd__dfrtp_4)
                                                         net252 (net)
                      0.450616    0.065124    7.507689 ^ output252/A (sky130_fd_sc_hd__buf_12)
     1    0.191090    0.220944    0.312523    7.820212 ^ output252/X (sky130_fd_sc_hd__buf_12)
                                                         wbs_dat_o[31] (net)
                      0.220968    0.002406    7.822618 ^ wbs_dat_o[31] (out)
                                              7.822618   data arrival time

                                 25.000000   25.000000   clock clk (rise edge)
                                  4.650000   29.650000   clock network delay (propagated)
                                 -0.087500   29.562500   clock uncertainty
                                  0.000000   29.562500   clock reconvergence pessimism
                                 -3.620000   25.942499   output external delay
                                             25.942499   data required time
---------------------------------------------------------------------------------------------
                                             25.942499   data required time
                                             -7.822618   data arrival time
---------------------------------------------------------------------------------------------
                                             18.119881   slack (MET)


Startpoint: _159_ (rising edge-triggered flip-flop clocked by clk)
Endpoint: wbs_dat_o[30] (output port clocked by clk)
Path Group: clk
Path Type: max

Fanout         Cap        Slew       Delay        Time   Description
---------------------------------------------------------------------------------------------
                                  0.000000    0.000000   clock clk (rise edge)
                                  5.570000    5.570000   clock source latency
     2    0.029103    0.610000    0.000000    5.570000 ^ clk (in)
                                                         clk (net)
                      0.615127    0.002628    5.572628 ^ wire3/A (sky130_fd_sc_hd__buf_4)
     3    0.041253    0.126299    0.298424    5.871052 ^ wire3/X (sky130_fd_sc_hd__buf_4)
                                                         net274 (net)
                      0.126577    0.004899    5.875951 ^ wire2/A (sky130_fd_sc_hd__buf_6)
     3    0.070191    0.143372    0.201264    6.077215 ^ wire2/X (sky130_fd_sc_hd__buf_6)
                                                         net273 (net)
                      0.145294    0.013505    6.090721 ^ wire1/A (sky130_fd_sc_hd__buf_6)
     3    0.072553    0.147817    0.208202    6.298923 ^ wire1/X (sky130_fd_sc_hd__buf_6)
                                                         net272 (net)
                      0.149901    0.014280    6.313202 ^ clkbuf_0_clk/A (sky130_fd_sc_hd__clkbuf_16)
     9    0.092780    0.109733    0.221148    6.534350 ^ clkbuf_0_clk/X (sky130_fd_sc_hd__clkbuf_16)
                                                         clknet_0_clk (net)
                      0.110110    0.005315    6.539665 ^ clkbuf_2_2__f_clk/A (sky130_fd_sc_hd__clkbuf_16)
    17    0.087799    0.104699    0.203944    6.743610 ^ clkbuf_2_2__f_clk/X (sky130_fd_sc_hd__clkbuf_16)
                                                         clknet_2_2__leaf_clk (net)
                      0.105372    0.006874    6.750484 ^ _159_/CLK (sky130_fd_sc_hd__dfrtp_4)
     3    0.138690    0.395514    0.690044    7.440528 ^ _159_/Q (sky130_fd_sc_hd__dfrtp_4)
                                                         net251 (net)
                      0.406765    0.053823    7.494351 ^ output251/A (sky130_fd_sc_hd__buf_12)
     1    0.191090    0.220740    0.307424    7.801775 ^ output251/X (sky130_fd_sc_hd__buf_12)
                                                         wbs_dat_o[30] (net)
                      0.220763    0.002406    7.804182 ^ wbs_dat_o[30] (out)
                                              7.804182   data arrival time

                                 25.000000   25.000000   clock clk (rise edge)
                                  4.650000   29.650000   clock network delay (propagated)
                                 -0.087500   29.562500   clock uncertainty
                                  0.000000   29.562500   clock reconvergence pessimism
                                 -3.620000   25.942499   output external delay
                                             25.942499   data required time
---------------------------------------------------------------------------------------------
                                             25.942499   data required time
                                             -7.804182   data arrival time
---------------------------------------------------------------------------------------------
                                             18.138317   slack (MET)


Startpoint: _129_ (rising edge-triggered flip-flop clocked by clk)
Endpoint: wbs_dat_o[0] (output port clocked by clk)
Path Group: clk
Path Type: max

Fanout         Cap        Slew       Delay        Time   Description
---------------------------------------------------------------------------------------------
                                  0.000000    0.000000   clock clk (rise edge)
                                  5.570000    5.570000   clock source latency
     2    0.029103    0.610000    0.000000    5.570000 ^ clk (in)
                                                         clk (net)
                      0.615127    0.002628    5.572628 ^ wire3/A (sky130_fd_sc_hd__buf_4)
     3    0.041253    0.126299    0.298424    5.871052 ^ wire3/X (sky130_fd_sc_hd__buf_4)
                                                         net274 (net)
                      0.126577    0.004899    5.875951 ^ wire2/A (sky130_fd_sc_hd__buf_6)
     3    0.070191    0.143372    0.201264    6.077215 ^ wire2/X (sky130_fd_sc_hd__buf_6)
                                                         net273 (net)
                      0.145294    0.013505    6.090721 ^ wire1/A (sky130_fd_sc_hd__buf_6)
     3    0.072553    0.147817    0.208202    6.298923 ^ wire1/X (sky130_fd_sc_hd__buf_6)
                                                         net272 (net)
                      0.149901    0.014280    6.313202 ^ clkbuf_0_clk/A (sky130_fd_sc_hd__clkbuf_16)
     9    0.092780    0.109733    0.221148    6.534350 ^ clkbuf_0_clk/X (sky130_fd_sc_hd__clkbuf_16)
                                                         clknet_0_clk (net)
                      0.110186    0.005807    6.540157 ^ clkbuf_2_1__f_clk/A (sky130_fd_sc_hd__clkbuf_16)
    21    0.079358    0.096720    0.196054    6.736211 ^ clkbuf_2_1__f_clk/X (sky130_fd_sc_hd__clkbuf_16)
                                                         clknet_2_1__leaf_clk (net)
                      0.097780    0.008227    6.744438 ^ _129_/CLK (sky130_fd_sc_hd__dfrtp_4)
     3    0.114026    0.330661    0.642022    7.386460 ^ _129_/Q (sky130_fd_sc_hd__dfrtp_4)
                                                         net228 (net)
                      0.340884    0.046851    7.433311 ^ output228/A (sky130_fd_sc_hd__buf_12)
     1    0.190882    0.220159    0.299814    7.733125 ^ output228/X (sky130_fd_sc_hd__buf_12)
                                                         wbs_dat_o[0] (net)
                      0.220176    0.002103    7.735228 ^ wbs_dat_o[0] (out)
                                              7.735228   data arrival time

                                 25.000000   25.000000   clock clk (rise edge)
                                  4.650000   29.650000   clock network delay (propagated)
                                 -0.087500   29.562500   clock uncertainty
                                  0.000000   29.562500   clock reconvergence pessimism
                                 -3.620000   25.942499   output external delay
                                             25.942499   data required time
---------------------------------------------------------------------------------------------
                                             25.942499   data required time
                                             -7.735228   data arrival time
---------------------------------------------------------------------------------------------
                                             18.207272   slack (MET)


Startpoint: _158_ (rising edge-triggered flip-flop clocked by clk)
Endpoint: wbs_dat_o[29] (output port clocked by clk)
Path Group: clk
Path Type: max

Fanout         Cap        Slew       Delay        Time   Description
---------------------------------------------------------------------------------------------
                                  0.000000    0.000000   clock clk (rise edge)
                                  5.570000    5.570000   clock source latency
     2    0.029103    0.610000    0.000000    5.570000 ^ clk (in)
                                                         clk (net)
                      0.615127    0.002628    5.572628 ^ wire3/A (sky130_fd_sc_hd__buf_4)
     3    0.041253    0.126299    0.298424    5.871052 ^ wire3/X (sky130_fd_sc_hd__buf_4)
                                                         net274 (net)
                      0.126577    0.004899    5.875951 ^ wire2/A (sky130_fd_sc_hd__buf_6)
     3    0.070191    0.143372    0.201264    6.077215 ^ wire2/X (sky130_fd_sc_hd__buf_6)
                                                         net273 (net)
                      0.145294    0.013505    6.090721 ^ wire1/A (sky130_fd_sc_hd__buf_6)
     3    0.072553    0.147817    0.208202    6.298923 ^ wire1/X (sky130_fd_sc_hd__buf_6)
                                                         net272 (net)
                      0.149901    0.014280    6.313202 ^ clkbuf_0_clk/A (sky130_fd_sc_hd__clkbuf_16)
     9    0.092780    0.109733    0.221148    6.534350 ^ clkbuf_0_clk/X (sky130_fd_sc_hd__clkbuf_16)
                                                         clknet_0_clk (net)
                      0.110111    0.005319    6.539669 ^ clkbuf_2_3__f_clk/A (sky130_fd_sc_hd__clkbuf_16)
    21    0.067421    0.085790    0.186860    6.726529 ^ clkbuf_2_3__f_clk/X (sky130_fd_sc_hd__clkbuf_16)
                                                         clknet_2_3__leaf_clk (net)
                      0.087052    0.008358    6.734888 ^ _158_/CLK (sky130_fd_sc_hd__dfrtp_4)
     3    0.112181    0.326604    0.630718    7.365605 ^ _158_/Q (sky130_fd_sc_hd__dfrtp_4)
                                                         net249 (net)
                      0.337710    0.048453    7.414059 ^ output249/A (sky130_fd_sc_hd__buf_12)
     1    0.191217    0.220553    0.299493    7.713552 ^ output249/X (sky130_fd_sc_hd__buf_12)
                                                         wbs_dat_o[29] (net)
                      0.220576    0.002409    7.715961 ^ wbs_dat_o[29] (out)
                                              7.715961   data arrival time

                                 25.000000   25.000000   clock clk (rise edge)
                                  4.650000   29.650000   clock network delay (propagated)
                                 -0.087500   29.562500   clock uncertainty
                                  0.000000   29.562500   clock reconvergence pessimism
                                 -3.620000   25.942499   output external delay
                                             25.942499   data required time
---------------------------------------------------------------------------------------------
                                             25.942499   data required time
                                             -7.715961   data arrival time
---------------------------------------------------------------------------------------------
                                             18.226538   slack (MET)


Startpoint: _130_ (rising edge-triggered flip-flop clocked by clk)
Endpoint: wbs_dat_o[1] (output port clocked by clk)
Path Group: clk
Path Type: max

Fanout         Cap        Slew       Delay        Time   Description
---------------------------------------------------------------------------------------------
                                  0.000000    0.000000   clock clk (rise edge)
                                  5.570000    5.570000   clock source latency
     2    0.029103    0.610000    0.000000    5.570000 ^ clk (in)
                                                         clk (net)
                      0.615127    0.002628    5.572628 ^ wire3/A (sky130_fd_sc_hd__buf_4)
     3    0.041253    0.126299    0.298424    5.871052 ^ wire3/X (sky130_fd_sc_hd__buf_4)
                                                         net274 (net)
                      0.126577    0.004899    5.875951 ^ wire2/A (sky130_fd_sc_hd__buf_6)
     3    0.070191    0.143372    0.201264    6.077215 ^ wire2/X (sky130_fd_sc_hd__buf_6)
                                                         net273 (net)
                      0.145294    0.013505    6.090721 ^ wire1/A (sky130_fd_sc_hd__buf_6)
     3    0.072553    0.147817    0.208202    6.298923 ^ wire1/X (sky130_fd_sc_hd__buf_6)
                                                         net272 (net)
                      0.149901    0.014280    6.313202 ^ clkbuf_0_clk/A (sky130_fd_sc_hd__clkbuf_16)
     9    0.092780    0.109733    0.221148    6.534350 ^ clkbuf_0_clk/X (sky130_fd_sc_hd__clkbuf_16)
                                                         clknet_0_clk (net)
                      0.110186    0.005807    6.540157 ^ clkbuf_2_1__f_clk/A (sky130_fd_sc_hd__clkbuf_16)
    21    0.079358    0.096720    0.196054    6.736211 ^ clkbuf_2_1__f_clk/X (sky130_fd_sc_hd__clkbuf_16)
                                                         clknet_2_1__leaf_clk (net)
                      0.098141    0.009512    6.745723 ^ _130_/CLK (sky130_fd_sc_hd__dfrtp_4)
     3    0.103972    0.303846    0.626548    7.372271 ^ _130_/Q (sky130_fd_sc_hd__dfrtp_4)
                                                         net239 (net)
                      0.310772    0.037125    7.409396 ^ output239/A (sky130_fd_sc_hd__buf_12)
     1    0.190882    0.220018    0.296312    7.705708 ^ output239/X (sky130_fd_sc_hd__buf_12)
                                                         wbs_dat_o[1] (net)
                      0.220035    0.002103    7.707810 ^ wbs_dat_o[1] (out)
                                              7.707810   data arrival time

                                 25.000000   25.000000   clock clk (rise edge)
                                  4.650000   29.650000   clock network delay (propagated)
                                 -0.087500   29.562500   clock uncertainty
                                  0.000000   29.562500   clock reconvergence pessimism
                                 -3.620000   25.942499   output external delay
                                             25.942499   data required time
---------------------------------------------------------------------------------------------
                                             25.942499   data required time
                                             -7.707810   data arrival time
---------------------------------------------------------------------------------------------
                                             18.234688   slack (MET)


Startpoint: _157_ (rising edge-triggered flip-flop clocked by clk)
Endpoint: wbs_dat_o[28] (output port clocked by clk)
Path Group: clk
Path Type: max

Fanout         Cap        Slew       Delay        Time   Description
---------------------------------------------------------------------------------------------
                                  0.000000    0.000000   clock clk (rise edge)
                                  5.570000    5.570000   clock source latency
     2    0.029103    0.610000    0.000000    5.570000 ^ clk (in)
                                                         clk (net)
                      0.615127    0.002628    5.572628 ^ wire3/A (sky130_fd_sc_hd__buf_4)
     3    0.041253    0.126299    0.298424    5.871052 ^ wire3/X (sky130_fd_sc_hd__buf_4)
                                                         net274 (net)
                      0.126577    0.004899    5.875951 ^ wire2/A (sky130_fd_sc_hd__buf_6)
     3    0.070191    0.143372    0.201264    6.077215 ^ wire2/X (sky130_fd_sc_hd__buf_6)
                                                         net273 (net)
                      0.145294    0.013505    6.090721 ^ wire1/A (sky130_fd_sc_hd__buf_6)
     3    0.072553    0.147817    0.208202    6.298923 ^ wire1/X (sky130_fd_sc_hd__buf_6)
                                                         net272 (net)
                      0.149901    0.014280    6.313202 ^ clkbuf_0_clk/A (sky130_fd_sc_hd__clkbuf_16)
     9    0.092780    0.109733    0.221148    6.534350 ^ clkbuf_0_clk/X (sky130_fd_sc_hd__clkbuf_16)
                                                         clknet_0_clk (net)
                      0.110111    0.005319    6.539669 ^ clkbuf_2_3__f_clk/A (sky130_fd_sc_hd__clkbuf_16)
    21    0.067421    0.085790    0.186860    6.726529 ^ clkbuf_2_3__f_clk/X (sky130_fd_sc_hd__clkbuf_16)
                                                         clknet_2_3__leaf_clk (net)
                      0.086882    0.007774    6.734303 ^ _157_/CLK (sky130_fd_sc_hd__dfrtp_4)
     3    0.106191    0.310678    0.621335    7.355638 ^ _157_/Q (sky130_fd_sc_hd__dfrtp_4)
                                                         net248 (net)
                      0.320111    0.043654    7.399292 ^ output248/A (sky130_fd_sc_hd__buf_12)
     1    0.191133    0.220381    0.297381    7.696673 ^ output248/X (sky130_fd_sc_hd__buf_12)
                                                         wbs_dat_o[28] (net)
                      0.220405    0.002407    7.699080 ^ wbs_dat_o[28] (out)
                                              7.699080   data arrival time

                                 25.000000   25.000000   clock clk (rise edge)
                                  4.650000   29.650000   clock network delay (propagated)
                                 -0.087500   29.562500   clock uncertainty
                                  0.000000   29.562500   clock reconvergence pessimism
                                 -3.620000   25.942499   output external delay
                                             25.942499   data required time
---------------------------------------------------------------------------------------------
                                             25.942499   data required time
                                             -7.699080   data arrival time
---------------------------------------------------------------------------------------------
                                             18.243420   slack (MET)


Startpoint: _156_ (rising edge-triggered flip-flop clocked by clk)
Endpoint: wbs_dat_o[27] (output port clocked by clk)
Path Group: clk
Path Type: max

Fanout         Cap        Slew       Delay        Time   Description
---------------------------------------------------------------------------------------------
                                  0.000000    0.000000   clock clk (rise edge)
                                  5.570000    5.570000   clock source latency
     2    0.029103    0.610000    0.000000    5.570000 ^ clk (in)
                                                         clk (net)
                      0.615127    0.002628    5.572628 ^ wire3/A (sky130_fd_sc_hd__buf_4)
     3    0.041253    0.126299    0.298424    5.871052 ^ wire3/X (sky130_fd_sc_hd__buf_4)
                                                         net274 (net)
                      0.126577    0.004899    5.875951 ^ wire2/A (sky130_fd_sc_hd__buf_6)
     3    0.070191    0.143372    0.201264    6.077215 ^ wire2/X (sky130_fd_sc_hd__buf_6)
                                                         net273 (net)
                      0.145294    0.013505    6.090721 ^ wire1/A (sky130_fd_sc_hd__buf_6)
     3    0.072553    0.147817    0.208202    6.298923 ^ wire1/X (sky130_fd_sc_hd__buf_6)
                                                         net272 (net)
                      0.149901    0.014280    6.313202 ^ clkbuf_0_clk/A (sky130_fd_sc_hd__clkbuf_16)
     9    0.092780    0.109733    0.221148    6.534350 ^ clkbuf_0_clk/X (sky130_fd_sc_hd__clkbuf_16)
                                                         clknet_0_clk (net)
                      0.110111    0.005319    6.539669 ^ clkbuf_2_3__f_clk/A (sky130_fd_sc_hd__clkbuf_16)
    21    0.067421    0.085790    0.186860    6.726529 ^ clkbuf_2_3__f_clk/X (sky130_fd_sc_hd__clkbuf_16)
                                                         clknet_2_3__leaf_clk (net)
                      0.086960    0.008046    6.734575 ^ _156_/CLK (sky130_fd_sc_hd__dfrtp_4)
     3    0.096425    0.284621    0.606345    7.340919 ^ _156_/Q (sky130_fd_sc_hd__dfrtp_4)
                                                         net247 (net)
                      0.291539    0.035929    7.376848 ^ output247/A (sky130_fd_sc_hd__buf_12)
     1    0.191116    0.220230    0.294045    7.670894 ^ output247/X (sky130_fd_sc_hd__buf_12)
                                                         wbs_dat_o[27] (net)
                      0.220254    0.002407    7.673300 ^ wbs_dat_o[27] (out)
                                              7.673300   data arrival time

                                 25.000000   25.000000   clock clk (rise edge)
                                  4.650000   29.650000   clock network delay (propagated)
                                 -0.087500   29.562500   clock uncertainty
                                  0.000000   29.562500   clock reconvergence pessimism
                                 -3.620000   25.942499   output external delay
                                             25.942499   data required time
---------------------------------------------------------------------------------------------
                                             25.942499   data required time
                                             -7.673300   data arrival time
---------------------------------------------------------------------------------------------
                                             18.269197   slack (MET)


Startpoint: _131_ (rising edge-triggered flip-flop clocked by clk)
Endpoint: wbs_dat_o[2] (output port clocked by clk)
Path Group: clk
Path Type: max

Fanout         Cap        Slew       Delay        Time   Description
---------------------------------------------------------------------------------------------
                                  0.000000    0.000000   clock clk (rise edge)
                                  5.570000    5.570000   clock source latency
     2    0.029103    0.610000    0.000000    5.570000 ^ clk (in)
                                                         clk (net)
                      0.615127    0.002628    5.572628 ^ wire3/A (sky130_fd_sc_hd__buf_4)
     3    0.041253    0.126299    0.298424    5.871052 ^ wire3/X (sky130_fd_sc_hd__buf_4)
                                                         net274 (net)
                      0.126577    0.004899    5.875951 ^ wire2/A (sky130_fd_sc_hd__buf_6)
     3    0.070191    0.143372    0.201264    6.077215 ^ wire2/X (sky130_fd_sc_hd__buf_6)
                                                         net273 (net)
                      0.145294    0.013505    6.090721 ^ wire1/A (sky130_fd_sc_hd__buf_6)
     3    0.072553    0.147817    0.208202    6.298923 ^ wire1/X (sky130_fd_sc_hd__buf_6)
                                                         net272 (net)
                      0.149901    0.014280    6.313202 ^ clkbuf_0_clk/A (sky130_fd_sc_hd__clkbuf_16)
     9    0.092780    0.109733    0.221148    6.534350 ^ clkbuf_0_clk/X (sky130_fd_sc_hd__clkbuf_16)
                                                         clknet_0_clk (net)
                      0.110186    0.005807    6.540157 ^ clkbuf_2_1__f_clk/A (sky130_fd_sc_hd__clkbuf_16)
    21    0.079358    0.096720    0.196054    6.736211 ^ clkbuf_2_1__f_clk/X (sky130_fd_sc_hd__clkbuf_16)
                                                         clknet_2_1__leaf_clk (net)
                      0.098136    0.009496    6.745707 ^ _131_/CLK (sky130_fd_sc_hd__dfrtp_4)
     3    0.090395    0.266529    0.602954    7.348661 ^ _131_/Q (sky130_fd_sc_hd__dfrtp_4)
                                                         net250 (net)
                      0.271428    0.029333    7.377994 ^ output250/A (sky130_fd_sc_hd__buf_12)
     1    0.190882    0.219834    0.291737    7.669731 ^ output250/X (sky130_fd_sc_hd__buf_12)
                                                         wbs_dat_o[2] (net)
                      0.219851    0.002103    7.671834 ^ wbs_dat_o[2] (out)
                                              7.671834   data arrival time

                                 25.000000   25.000000   clock clk (rise edge)
                                  4.650000   29.650000   clock network delay (propagated)
                                 -0.087500   29.562500   clock uncertainty
                                  0.000000   29.562500   clock reconvergence pessimism
                                 -3.620000   25.942499   output external delay
                                             25.942499   data required time
---------------------------------------------------------------------------------------------
                                             25.942499   data required time
                                             -7.671834   data arrival time
---------------------------------------------------------------------------------------------
                                             18.270666   slack (MET)


Startpoint: _132_ (rising edge-triggered flip-flop clocked by clk)
Endpoint: wbs_dat_o[3] (output port clocked by clk)
Path Group: clk
Path Type: max

Fanout         Cap        Slew       Delay        Time   Description
---------------------------------------------------------------------------------------------
                                  0.000000    0.000000   clock clk (rise edge)
                                  5.570000    5.570000   clock source latency
     2    0.029103    0.610000    0.000000    5.570000 ^ clk (in)
                                                         clk (net)
                      0.615127    0.002628    5.572628 ^ wire3/A (sky130_fd_sc_hd__buf_4)
     3    0.041253    0.126299    0.298424    5.871052 ^ wire3/X (sky130_fd_sc_hd__buf_4)
                                                         net274 (net)
                      0.126577    0.004899    5.875951 ^ wire2/A (sky130_fd_sc_hd__buf_6)
     3    0.070191    0.143372    0.201264    6.077215 ^ wire2/X (sky130_fd_sc_hd__buf_6)
                                                         net273 (net)
                      0.145294    0.013505    6.090721 ^ wire1/A (sky130_fd_sc_hd__buf_6)
     3    0.072553    0.147817    0.208202    6.298923 ^ wire1/X (sky130_fd_sc_hd__buf_6)
                                                         net272 (net)
                      0.149901    0.014280    6.313202 ^ clkbuf_0_clk/A (sky130_fd_sc_hd__clkbuf_16)
     9    0.092780    0.109733    0.221148    6.534350 ^ clkbuf_0_clk/X (sky130_fd_sc_hd__clkbuf_16)
                                                         clknet_0_clk (net)
                      0.110186    0.005807    6.540157 ^ clkbuf_2_1__f_clk/A (sky130_fd_sc_hd__clkbuf_16)
    21    0.079358    0.096720    0.196054    6.736211 ^ clkbuf_2_1__f_clk/X (sky130_fd_sc_hd__clkbuf_16)
                                                         clknet_2_1__leaf_clk (net)
                      0.098147    0.009534    6.745746 ^ _132_/CLK (sky130_fd_sc_hd__dfrtp_4)
     3    0.088599    0.263999    0.596929    7.342675 ^ _132_/Q (sky130_fd_sc_hd__dfrtp_4)
                                                         net253 (net)
                      0.269269    0.030274    7.372948 ^ output253/A (sky130_fd_sc_hd__buf_12)
     1    0.190882    0.219824    0.291486    7.664434 ^ output253/X (sky130_fd_sc_hd__buf_12)
                                                         wbs_dat_o[3] (net)
                      0.219841    0.002103    7.666538 ^ wbs_dat_o[3] (out)
                                              7.666538   data arrival time

                                 25.000000   25.000000   clock clk (rise edge)
                                  4.650000   29.650000   clock network delay (propagated)
                                 -0.087500   29.562500   clock uncertainty
                                  0.000000   29.562500   clock reconvergence pessimism
                                 -3.620000   25.942499   output external delay
                                             25.942499   data required time
---------------------------------------------------------------------------------------------
                                             25.942499   data required time
                                             -7.666538   data arrival time
---------------------------------------------------------------------------------------------
                                             18.275961   slack (MET)


Startpoint: _155_ (rising edge-triggered flip-flop clocked by clk)
Endpoint: wbs_dat_o[26] (output port clocked by clk)
Path Group: clk
Path Type: max

Fanout         Cap        Slew       Delay        Time   Description
---------------------------------------------------------------------------------------------
                                  0.000000    0.000000   clock clk (rise edge)
                                  5.570000    5.570000   clock source latency
     2    0.029103    0.610000    0.000000    5.570000 ^ clk (in)
                                                         clk (net)
                      0.615127    0.002628    5.572628 ^ wire3/A (sky130_fd_sc_hd__buf_4)
     3    0.041253    0.126299    0.298424    5.871052 ^ wire3/X (sky130_fd_sc_hd__buf_4)
                                                         net274 (net)
                      0.126577    0.004899    5.875951 ^ wire2/A (sky130_fd_sc_hd__buf_6)
     3    0.070191    0.143372    0.201264    6.077215 ^ wire2/X (sky130_fd_sc_hd__buf_6)
                                                         net273 (net)
                      0.145294    0.013505    6.090721 ^ wire1/A (sky130_fd_sc_hd__buf_6)
     3    0.072553    0.147817    0.208202    6.298923 ^ wire1/X (sky130_fd_sc_hd__buf_6)
                                                         net272 (net)
                      0.149901    0.014280    6.313202 ^ clkbuf_0_clk/A (sky130_fd_sc_hd__clkbuf_16)
     9    0.092780    0.109733    0.221148    6.534350 ^ clkbuf_0_clk/X (sky130_fd_sc_hd__clkbuf_16)
                                                         clknet_0_clk (net)
                      0.110111    0.005319    6.539669 ^ clkbuf_2_3__f_clk/A (sky130_fd_sc_hd__clkbuf_16)
    21    0.067421    0.085790    0.186860    6.726529 ^ clkbuf_2_3__f_clk/X (sky130_fd_sc_hd__clkbuf_16)
                                                         clknet_2_3__leaf_clk (net)
                      0.087212    0.008881    6.735411 ^ _155_/CLK (sky130_fd_sc_hd__dfrtp_4)
     3    0.089747    0.266742    0.596148    7.331558 ^ _155_/Q (sky130_fd_sc_hd__dfrtp_4)
                                                         net246 (net)
                      0.271430    0.028738    7.360297 ^ output246/A (sky130_fd_sc_hd__buf_12)
     1    0.191226    0.220255    0.291793    7.652090 ^ output246/X (sky130_fd_sc_hd__buf_12)
                                                         wbs_dat_o[26] (net)
                      0.220279    0.002409    7.654499 ^ wbs_dat_o[26] (out)
                                              7.654499   data arrival time

                                 25.000000   25.000000   clock clk (rise edge)
                                  4.650000   29.650000   clock network delay (propagated)
                                 -0.087500   29.562500   clock uncertainty
                                  0.000000   29.562500   clock reconvergence pessimism
                                 -3.620000   25.942499   output external delay
                                             25.942499   data required time
---------------------------------------------------------------------------------------------
                                             25.942499   data required time
                                             -7.654499   data arrival time
---------------------------------------------------------------------------------------------
                                             18.288000   slack (MET)


Startpoint: _135_ (rising edge-triggered flip-flop clocked by clk)
Endpoint: wbs_dat_o[6] (output port clocked by clk)
Path Group: clk
Path Type: max

Fanout         Cap        Slew       Delay        Time   Description
---------------------------------------------------------------------------------------------
                                  0.000000    0.000000   clock clk (rise edge)
                                  5.570000    5.570000   clock source latency
     2    0.029103    0.610000    0.000000    5.570000 ^ clk (in)
                                                         clk (net)
                      0.615127    0.002628    5.572628 ^ wire3/A (sky130_fd_sc_hd__buf_4)
     3    0.041253    0.126299    0.298424    5.871052 ^ wire3/X (sky130_fd_sc_hd__buf_4)
                                                         net274 (net)
                      0.126577    0.004899    5.875951 ^ wire2/A (sky130_fd_sc_hd__buf_6)
     3    0.070191    0.143372    0.201264    6.077215 ^ wire2/X (sky130_fd_sc_hd__buf_6)
                                                         net273 (net)
                      0.145294    0.013505    6.090721 ^ wire1/A (sky130_fd_sc_hd__buf_6)
     3    0.072553    0.147817    0.208202    6.298923 ^ wire1/X (sky130_fd_sc_hd__buf_6)
                                                         net272 (net)
                      0.149901    0.014280    6.313202 ^ clkbuf_0_clk/A (sky130_fd_sc_hd__clkbuf_16)
     9    0.092780    0.109733    0.221148    6.534350 ^ clkbuf_0_clk/X (sky130_fd_sc_hd__clkbuf_16)
                                                         clknet_0_clk (net)
                      0.110198    0.005884    6.540234 ^ clkbuf_2_0__f_clk/A (sky130_fd_sc_hd__clkbuf_16)
    17    0.090087    0.106893    0.205608    6.745842 ^ clkbuf_2_0__f_clk/X (sky130_fd_sc_hd__clkbuf_16)
                                                         clknet_2_0__leaf_clk (net)
                      0.107481    0.006506    6.752348 ^ _135_/CLK (sky130_fd_sc_hd__dfrtp_4)
     3    0.080897    0.243756    0.587612    7.339961 ^ _135_/Q (sky130_fd_sc_hd__dfrtp_4)
                                                         net256 (net)
                      0.247085    0.023271    7.363232 ^ output256/A (sky130_fd_sc_hd__buf_12)
     1    0.190909    0.219750    0.288928    7.652159 ^ output256/X (sky130_fd_sc_hd__buf_12)
                                                         wbs_dat_o[6] (net)
                      0.219767    0.002104    7.654263 ^ wbs_dat_o[6] (out)
                                              7.654263   data arrival time

                                 25.000000   25.000000   clock clk (rise edge)
                                  4.650000   29.650000   clock network delay (propagated)
                                 -0.087500   29.562500   clock uncertainty
                                  0.000000   29.562500   clock reconvergence pessimism
                                 -3.620000   25.942499   output external delay
                                             25.942499   data required time
---------------------------------------------------------------------------------------------
                                             25.942499   data required time
                                             -7.654263   data arrival time
---------------------------------------------------------------------------------------------
                                             18.288235   slack (MET)


Startpoint: _133_ (rising edge-triggered flip-flop clocked by clk)
Endpoint: wbs_dat_o[4] (output port clocked by clk)
Path Group: clk
Path Type: max

Fanout         Cap        Slew       Delay        Time   Description
---------------------------------------------------------------------------------------------
                                  0.000000    0.000000   clock clk (rise edge)
                                  5.570000    5.570000   clock source latency
     2    0.029103    0.610000    0.000000    5.570000 ^ clk (in)
                                                         clk (net)
                      0.615127    0.002628    5.572628 ^ wire3/A (sky130_fd_sc_hd__buf_4)
     3    0.041253    0.126299    0.298424    5.871052 ^ wire3/X (sky130_fd_sc_hd__buf_4)
                                                         net274 (net)
                      0.126577    0.004899    5.875951 ^ wire2/A (sky130_fd_sc_hd__buf_6)
     3    0.070191    0.143372    0.201264    6.077215 ^ wire2/X (sky130_fd_sc_hd__buf_6)
                                                         net273 (net)
                      0.145294    0.013505    6.090721 ^ wire1/A (sky130_fd_sc_hd__buf_6)
     3    0.072553    0.147817    0.208202    6.298923 ^ wire1/X (sky130_fd_sc_hd__buf_6)
                                                         net272 (net)
                      0.149901    0.014280    6.313202 ^ clkbuf_0_clk/A (sky130_fd_sc_hd__clkbuf_16)
     9    0.092780    0.109733    0.221148    6.534350 ^ clkbuf_0_clk/X (sky130_fd_sc_hd__clkbuf_16)
                                                         clknet_0_clk (net)
                      0.110186    0.005807    6.540157 ^ clkbuf_2_1__f_clk/A (sky130_fd_sc_hd__clkbuf_16)
    21    0.079358    0.096720    0.196054    6.736211 ^ clkbuf_2_1__f_clk/X (sky130_fd_sc_hd__clkbuf_16)
                                                         clknet_2_1__leaf_clk (net)
                      0.098157    0.009567    6.745779 ^ _133_/CLK (sky130_fd_sc_hd__dfrtp_4)
     3    0.071742    0.218230    0.570728    7.316507 ^ _133_/Q (sky130_fd_sc_hd__dfrtp_4)
                                                         net254 (net)
                      0.220526    0.018291    7.334797 ^ output254/A (sky130_fd_sc_hd__buf_12)
     1    0.190891    0.219618    0.285391    7.620188 ^ output254/X (sky130_fd_sc_hd__buf_12)
                                                         wbs_dat_o[4] (net)
                      0.219635    0.002103    7.622292 ^ wbs_dat_o[4] (out)
                                              7.622292   data arrival time

                                 25.000000   25.000000   clock clk (rise edge)
                                  4.650000   29.650000   clock network delay (propagated)
                                 -0.087500   29.562500   clock uncertainty
                                  0.000000   29.562500   clock reconvergence pessimism
                                 -3.620000   25.942499   output external delay
                                             25.942499   data required time
---------------------------------------------------------------------------------------------
                                             25.942499   data required time
                                             -7.622292   data arrival time
---------------------------------------------------------------------------------------------
                                             18.320208   slack (MET)


Startpoint: _154_ (rising edge-triggered flip-flop clocked by clk)
Endpoint: wbs_dat_o[25] (output port clocked by clk)
Path Group: clk
Path Type: max

Fanout         Cap        Slew       Delay        Time   Description
---------------------------------------------------------------------------------------------
                                  0.000000    0.000000   clock clk (rise edge)
                                  5.570000    5.570000   clock source latency
     2    0.029103    0.610000    0.000000    5.570000 ^ clk (in)
                                                         clk (net)
                      0.615127    0.002628    5.572628 ^ wire3/A (sky130_fd_sc_hd__buf_4)
     3    0.041253    0.126299    0.298424    5.871052 ^ wire3/X (sky130_fd_sc_hd__buf_4)
                                                         net274 (net)
                      0.126577    0.004899    5.875951 ^ wire2/A (sky130_fd_sc_hd__buf_6)
     3    0.070191    0.143372    0.201264    6.077215 ^ wire2/X (sky130_fd_sc_hd__buf_6)
                                                         net273 (net)
                      0.145294    0.013505    6.090721 ^ wire1/A (sky130_fd_sc_hd__buf_6)
     3    0.072553    0.147817    0.208202    6.298923 ^ wire1/X (sky130_fd_sc_hd__buf_6)
                                                         net272 (net)
                      0.149901    0.014280    6.313202 ^ clkbuf_0_clk/A (sky130_fd_sc_hd__clkbuf_16)
     9    0.092780    0.109733    0.221148    6.534350 ^ clkbuf_0_clk/X (sky130_fd_sc_hd__clkbuf_16)
                                                         clknet_0_clk (net)
                      0.110111    0.005319    6.539669 ^ clkbuf_2_3__f_clk/A (sky130_fd_sc_hd__clkbuf_16)
    21    0.067421    0.085790    0.186860    6.726529 ^ clkbuf_2_3__f_clk/X (sky130_fd_sc_hd__clkbuf_16)
                                                         clknet_2_3__leaf_clk (net)
                      0.087202    0.008849    6.735378 ^ _154_/CLK (sky130_fd_sc_hd__dfrtp_4)
     3    0.073372    0.222255    0.569378    7.304756 ^ _154_/Q (sky130_fd_sc_hd__dfrtp_4)
                                                         net245 (net)
                      0.224988    0.020051    7.324807 ^ output245/A (sky130_fd_sc_hd__buf_12)
     1    0.191226    0.220038    0.286392    7.611199 ^ output245/X (sky130_fd_sc_hd__buf_12)
                                                         wbs_dat_o[25] (net)
                      0.220138    0.002409    7.613608 ^ wbs_dat_o[25] (out)
                                              7.613608   data arrival time

                                 25.000000   25.000000   clock clk (rise edge)
                                  4.650000   29.650000   clock network delay (propagated)
                                 -0.087500   29.562500   clock uncertainty
                                  0.000000   29.562500   clock reconvergence pessimism
                                 -3.620000   25.942499   output external delay
                                             25.942499   data required time
---------------------------------------------------------------------------------------------
                                             25.942499   data required time
                                             -7.613608   data arrival time
---------------------------------------------------------------------------------------------
                                             18.328892   slack (MET)


Startpoint: _152_ (rising edge-triggered flip-flop clocked by clk)
Endpoint: wbs_dat_o[23] (output port clocked by clk)
Path Group: clk
Path Type: max

Fanout         Cap        Slew       Delay        Time   Description
---------------------------------------------------------------------------------------------
                                  0.000000    0.000000   clock clk (rise edge)
                                  5.570000    5.570000   clock source latency
     2    0.029103    0.610000    0.000000    5.570000 ^ clk (in)
                                                         clk (net)
                      0.615127    0.002628    5.572628 ^ wire3/A (sky130_fd_sc_hd__buf_4)
     3    0.041253    0.126299    0.298424    5.871052 ^ wire3/X (sky130_fd_sc_hd__buf_4)
                                                         net274 (net)
                      0.126577    0.004899    5.875951 ^ wire2/A (sky130_fd_sc_hd__buf_6)
     3    0.070191    0.143372    0.201264    6.077215 ^ wire2/X (sky130_fd_sc_hd__buf_6)
                                                         net273 (net)
                      0.145294    0.013505    6.090721 ^ wire1/A (sky130_fd_sc_hd__buf_6)
     3    0.072553    0.147817    0.208202    6.298923 ^ wire1/X (sky130_fd_sc_hd__buf_6)
                                                         net272 (net)
                      0.149901    0.014280    6.313202 ^ clkbuf_0_clk/A (sky130_fd_sc_hd__clkbuf_16)
     9    0.092780    0.109733    0.221148    6.534350 ^ clkbuf_0_clk/X (sky130_fd_sc_hd__clkbuf_16)
                                                         clknet_0_clk (net)
                      0.110111    0.005319    6.539669 ^ clkbuf_2_3__f_clk/A (sky130_fd_sc_hd__clkbuf_16)
    21    0.067421    0.085790    0.186860    6.726529 ^ clkbuf_2_3__f_clk/X (sky130_fd_sc_hd__clkbuf_16)
                                                         clknet_2_3__leaf_clk (net)
                      0.087218    0.008898    6.735427 ^ _152_/CLK (sky130_fd_sc_hd__dfrtp_4)
     3    0.071075    0.216480    0.567516    7.302944 ^ _152_/Q (sky130_fd_sc_hd__dfrtp_4)
                                                         net243 (net)
                      0.217856    0.014131    7.317075 ^ output243/A (sky130_fd_sc_hd__buf_12)
     1    0.191226    0.220024    0.284751    7.601826 ^ output243/X (sky130_fd_sc_hd__buf_12)
                                                         wbs_dat_o[23] (net)
                      0.220124    0.002409    7.604235 ^ wbs_dat_o[23] (out)
                                              7.604235   data arrival time

                                 25.000000   25.000000   clock clk (rise edge)
                                  4.650000   29.650000   clock network delay (propagated)
                                 -0.087500   29.562500   clock uncertainty
                                  0.000000   29.562500   clock reconvergence pessimism
                                 -3.620000   25.942499   output external delay
                                             25.942499   data required time
---------------------------------------------------------------------------------------------
                                             25.942499   data required time
                                             -7.604235   data arrival time
---------------------------------------------------------------------------------------------
                                             18.338263   slack (MET)


Startpoint: _134_ (rising edge-triggered flip-flop clocked by clk)
Endpoint: wbs_dat_o[5] (output port clocked by clk)
Path Group: clk
Path Type: max

Fanout         Cap        Slew       Delay        Time   Description
---------------------------------------------------------------------------------------------
                                  0.000000    0.000000   clock clk (rise edge)
                                  5.570000    5.570000   clock source latency
     2    0.029103    0.610000    0.000000    5.570000 ^ clk (in)
                                                         clk (net)
                      0.615127    0.002628    5.572628 ^ wire3/A (sky130_fd_sc_hd__buf_4)
     3    0.041253    0.126299    0.298424    5.871052 ^ wire3/X (sky130_fd_sc_hd__buf_4)
                                                         net274 (net)
                      0.126577    0.004899    5.875951 ^ wire2/A (sky130_fd_sc_hd__buf_6)
     3    0.070191    0.143372    0.201264    6.077215 ^ wire2/X (sky130_fd_sc_hd__buf_6)
                                                         net273 (net)
                      0.145294    0.013505    6.090721 ^ wire1/A (sky130_fd_sc_hd__buf_6)
     3    0.072553    0.147817    0.208202    6.298923 ^ wire1/X (sky130_fd_sc_hd__buf_6)
                                                         net272 (net)
                      0.149901    0.014280    6.313202 ^ clkbuf_0_clk/A (sky130_fd_sc_hd__clkbuf_16)
     9    0.092780    0.109733    0.221148    6.534350 ^ clkbuf_0_clk/X (sky130_fd_sc_hd__clkbuf_16)
                                                         clknet_0_clk (net)
                      0.110198    0.005884    6.540234 ^ clkbuf_2_0__f_clk/A (sky130_fd_sc_hd__clkbuf_16)
    17    0.090087    0.106893    0.205608    6.745842 ^ clkbuf_2_0__f_clk/X (sky130_fd_sc_hd__clkbuf_16)
                                                         clknet_2_0__leaf_clk (net)
                      0.107594    0.007091    6.752934 ^ _134_/CLK (sky130_fd_sc_hd__dfrtp_4)
     3    0.058280    0.125245    0.596160    7.349094 v _134_/Q (sky130_fd_sc_hd__dfrtp_4)
                                                         net255 (net)
                      0.128062    0.012188    7.361282 v output255/A (sky130_fd_sc_hd__buf_12)
     1    0.190909    0.102575    0.238380    7.599662 v output255/X (sky130_fd_sc_hd__buf_12)
                                                         wbs_dat_o[5] (net)
                      0.102623    0.002101    7.601763 v wbs_dat_o[5] (out)
                                              7.601763   data arrival time

                                 25.000000   25.000000   clock clk (rise edge)
                                  4.650000   29.650000   clock network delay (propagated)
                                 -0.087500   29.562500   clock uncertainty
                                  0.000000   29.562500   clock reconvergence pessimism
                                 -3.620000   25.942499   output external delay
                                             25.942499   data required time
---------------------------------------------------------------------------------------------
                                             25.942499   data required time
                                             -7.601763   data arrival time
---------------------------------------------------------------------------------------------
                                             18.340736   slack (MET)


Startpoint: _153_ (rising edge-triggered flip-flop clocked by clk)
Endpoint: wbs_dat_o[24] (output port clocked by clk)
Path Group: clk
Path Type: max

Fanout         Cap        Slew       Delay        Time   Description
---------------------------------------------------------------------------------------------
                                  0.000000    0.000000   clock clk (rise edge)
                                  5.570000    5.570000   clock source latency
     2    0.029103    0.610000    0.000000    5.570000 ^ clk (in)
                                                         clk (net)
                      0.615127    0.002628    5.572628 ^ wire3/A (sky130_fd_sc_hd__buf_4)
     3    0.041253    0.126299    0.298424    5.871052 ^ wire3/X (sky130_fd_sc_hd__buf_4)
                                                         net274 (net)
                      0.126577    0.004899    5.875951 ^ wire2/A (sky130_fd_sc_hd__buf_6)
     3    0.070191    0.143372    0.201264    6.077215 ^ wire2/X (sky130_fd_sc_hd__buf_6)
                                                         net273 (net)
                      0.145294    0.013505    6.090721 ^ wire1/A (sky130_fd_sc_hd__buf_6)
     3    0.072553    0.147817    0.208202    6.298923 ^ wire1/X (sky130_fd_sc_hd__buf_6)
                                                         net272 (net)
                      0.149901    0.014280    6.313202 ^ clkbuf_0_clk/A (sky130_fd_sc_hd__clkbuf_16)
     9    0.092780    0.109733    0.221148    6.534350 ^ clkbuf_0_clk/X (sky130_fd_sc_hd__clkbuf_16)
                                                         clknet_0_clk (net)
                      0.110111    0.005319    6.539669 ^ clkbuf_2_3__f_clk/A (sky130_fd_sc_hd__clkbuf_16)
    21    0.067421    0.085790    0.186860    6.726529 ^ clkbuf_2_3__f_clk/X (sky130_fd_sc_hd__clkbuf_16)
                                                         clknet_2_3__leaf_clk (net)
                      0.087182    0.008786    6.735315 ^ _153_/CLK (sky130_fd_sc_hd__dfrtp_4)
     3    0.064507    0.199189    0.553727    7.289042 ^ _153_/Q (sky130_fd_sc_hd__dfrtp_4)
                                                         net244 (net)
                      0.201075    0.015766    7.304809 ^ output244/A (sky130_fd_sc_hd__buf_12)
     1    0.191226    0.220004    0.280429    7.585238 ^ output244/X (sky130_fd_sc_hd__buf_12)
                                                         wbs_dat_o[24] (net)
                      0.220104    0.002409    7.587646 ^ wbs_dat_o[24] (out)
                                              7.587646   data arrival time

                                 25.000000   25.000000   clock clk (rise edge)
                                  4.650000   29.650000   clock network delay (propagated)
                                 -0.087500   29.562500   clock uncertainty
                                  0.000000   29.562500   clock reconvergence pessimism
                                 -3.620000   25.942499   output external delay
                                             25.942499   data required time
---------------------------------------------------------------------------------------------
                                             25.942499   data required time
                                             -7.587646   data arrival time
---------------------------------------------------------------------------------------------
                                             18.354853   slack (MET)


Startpoint: _151_ (rising edge-triggered flip-flop clocked by clk)
Endpoint: wbs_dat_o[22] (output port clocked by clk)
Path Group: clk
Path Type: max

Fanout         Cap        Slew       Delay        Time   Description
---------------------------------------------------------------------------------------------
                                  0.000000    0.000000   clock clk (rise edge)
                                  5.570000    5.570000   clock source latency
     2    0.029103    0.610000    0.000000    5.570000 ^ clk (in)
                                                         clk (net)
                      0.615127    0.002628    5.572628 ^ wire3/A (sky130_fd_sc_hd__buf_4)
     3    0.041253    0.126299    0.298424    5.871052 ^ wire3/X (sky130_fd_sc_hd__buf_4)
                                                         net274 (net)
                      0.126577    0.004899    5.875951 ^ wire2/A (sky130_fd_sc_hd__buf_6)
     3    0.070191    0.143372    0.201264    6.077215 ^ wire2/X (sky130_fd_sc_hd__buf_6)
                                                         net273 (net)
                      0.145294    0.013505    6.090721 ^ wire1/A (sky130_fd_sc_hd__buf_6)
     3    0.072553    0.147817    0.208202    6.298923 ^ wire1/X (sky130_fd_sc_hd__buf_6)
                                                         net272 (net)
                      0.149901    0.014280    6.313202 ^ clkbuf_0_clk/A (sky130_fd_sc_hd__clkbuf_16)
     9    0.092780    0.109733    0.221148    6.534350 ^ clkbuf_0_clk/X (sky130_fd_sc_hd__clkbuf_16)
                                                         clknet_0_clk (net)
                      0.110111    0.005319    6.539669 ^ clkbuf_2_3__f_clk/A (sky130_fd_sc_hd__clkbuf_16)
    21    0.067421    0.085790    0.186860    6.726529 ^ clkbuf_2_3__f_clk/X (sky130_fd_sc_hd__clkbuf_16)
                                                         clknet_2_3__leaf_clk (net)
                      0.087224    0.008920    6.735449 ^ _151_/CLK (sky130_fd_sc_hd__dfrtp_4)
     3    0.062762    0.130922    0.592669    7.328117 v _151_/Q (sky130_fd_sc_hd__dfrtp_4)
                                                         net242 (net)
                      0.133250    0.012437    7.340555 v output242/A (sky130_fd_sc_hd__buf_12)
     1    0.191378    0.102416    0.240714    7.581268 v output242/X (sky130_fd_sc_hd__buf_12)
                                                         wbs_dat_o[22] (net)
                      0.102496    0.002641    7.583909 v wbs_dat_o[22] (out)
                                              7.583909   data arrival time

                                 25.000000   25.000000   clock clk (rise edge)
                                  4.650000   29.650000   clock network delay (propagated)
                                 -0.087500   29.562500   clock uncertainty
                                  0.000000   29.562500   clock reconvergence pessimism
                                 -3.620000   25.942499   output external delay
                                             25.942499   data required time
---------------------------------------------------------------------------------------------
                                             25.942499   data required time
                                             -7.583909   data arrival time
---------------------------------------------------------------------------------------------
                                             18.358589   slack (MET)


Startpoint: _136_ (rising edge-triggered flip-flop clocked by clk)
Endpoint: wbs_dat_o[7] (output port clocked by clk)
Path Group: clk
Path Type: max

Fanout         Cap        Slew       Delay        Time   Description
---------------------------------------------------------------------------------------------
                                  0.000000    0.000000   clock clk (rise edge)
                                  5.570000    5.570000   clock source latency
     2    0.029103    0.610000    0.000000    5.570000 ^ clk (in)
                                                         clk (net)
                      0.615127    0.002628    5.572628 ^ wire3/A (sky130_fd_sc_hd__buf_4)
     3    0.041253    0.126299    0.298424    5.871052 ^ wire3/X (sky130_fd_sc_hd__buf_4)
                                                         net274 (net)
                      0.126577    0.004899    5.875951 ^ wire2/A (sky130_fd_sc_hd__buf_6)
     3    0.070191    0.143372    0.201264    6.077215 ^ wire2/X (sky130_fd_sc_hd__buf_6)
                                                         net273 (net)
                      0.145294    0.013505    6.090721 ^ wire1/A (sky130_fd_sc_hd__buf_6)
     3    0.072553    0.147817    0.208202    6.298923 ^ wire1/X (sky130_fd_sc_hd__buf_6)
                                                         net272 (net)
                      0.149901    0.014280    6.313202 ^ clkbuf_0_clk/A (sky130_fd_sc_hd__clkbuf_16)
     9    0.092780    0.109733    0.221148    6.534350 ^ clkbuf_0_clk/X (sky130_fd_sc_hd__clkbuf_16)
                                                         clknet_0_clk (net)
                      0.110198    0.005884    6.540234 ^ clkbuf_2_0__f_clk/A (sky130_fd_sc_hd__clkbuf_16)
    17    0.090087    0.106893    0.205608    6.745842 ^ clkbuf_2_0__f_clk/X (sky130_fd_sc_hd__clkbuf_16)
                                                         clknet_2_0__leaf_clk (net)
                      0.107588    0.007061    6.752903 ^ _136_/CLK (sky130_fd_sc_hd__dfrtp_4)
     3    0.043528    0.113439    0.573342    7.326245 v _136_/Q (sky130_fd_sc_hd__dfrtp_4)
                                                         net257 (net)
                      0.113995    0.007057    7.333302 v output257/A (sky130_fd_sc_hd__buf_12)
     1    0.190918    0.102549    0.231634    7.564936 v output257/X (sky130_fd_sc_hd__buf_12)
                                                         wbs_dat_o[7] (net)
                      0.102597    0.002101    7.567036 v wbs_dat_o[7] (out)
                                              7.567036   data arrival time

                                 25.000000   25.000000   clock clk (rise edge)
                                  4.650000   29.650000   clock network delay (propagated)
                                 -0.087500   29.562500   clock uncertainty
                                  0.000000   29.562500   clock reconvergence pessimism
                                 -3.620000   25.942499   output external delay
                                             25.942499   data required time
---------------------------------------------------------------------------------------------
                                             25.942499   data required time
                                             -7.567036   data arrival time
---------------------------------------------------------------------------------------------
                                             18.375463   slack (MET)


Startpoint: _150_ (rising edge-triggered flip-flop clocked by clk)
Endpoint: wbs_dat_o[21] (output port clocked by clk)
Path Group: clk
Path Type: max

Fanout         Cap        Slew       Delay        Time   Description
---------------------------------------------------------------------------------------------
                                  0.000000    0.000000   clock clk (rise edge)
                                  5.570000    5.570000   clock source latency
     2    0.029103    0.610000    0.000000    5.570000 ^ clk (in)
                                                         clk (net)
                      0.615127    0.002628    5.572628 ^ wire3/A (sky130_fd_sc_hd__buf_4)
     3    0.041253    0.126299    0.298424    5.871052 ^ wire3/X (sky130_fd_sc_hd__buf_4)
                                                         net274 (net)
                      0.126577    0.004899    5.875951 ^ wire2/A (sky130_fd_sc_hd__buf_6)
     3    0.070191    0.143372    0.201264    6.077215 ^ wire2/X (sky130_fd_sc_hd__buf_6)
                                                         net273 (net)
                      0.145294    0.013505    6.090721 ^ wire1/A (sky130_fd_sc_hd__buf_6)
     3    0.072553    0.147817    0.208202    6.298923 ^ wire1/X (sky130_fd_sc_hd__buf_6)
                                                         net272 (net)
                      0.149901    0.014280    6.313202 ^ clkbuf_0_clk/A (sky130_fd_sc_hd__clkbuf_16)
     9    0.092780    0.109733    0.221148    6.534350 ^ clkbuf_0_clk/X (sky130_fd_sc_hd__clkbuf_16)
                                                         clknet_0_clk (net)
                      0.110110    0.005315    6.539665 ^ clkbuf_2_2__f_clk/A (sky130_fd_sc_hd__clkbuf_16)
    17    0.087799    0.104699    0.203944    6.743610 ^ clkbuf_2_2__f_clk/X (sky130_fd_sc_hd__clkbuf_16)
                                                         clknet_2_2__leaf_clk (net)
                      0.105342    0.006720    6.750330 ^ _150_/CLK (sky130_fd_sc_hd__dfrtp_4)
     3    0.044501    0.115033    0.574063    7.324392 v _150_/Q (sky130_fd_sc_hd__dfrtp_4)
                                                         net241 (net)
                      0.115569    0.006951    7.331343 v output241/A (sky130_fd_sc_hd__buf_12)
     1    0.191385    0.102381    0.232231    7.563574 v output241/X (sky130_fd_sc_hd__buf_12)
                                                         wbs_dat_o[21] (net)
                      0.102461    0.002641    7.566216 v wbs_dat_o[21] (out)
                                              7.566216   data arrival time

                                 25.000000   25.000000   clock clk (rise edge)
                                  4.650000   29.650000   clock network delay (propagated)
                                 -0.087500   29.562500   clock uncertainty
                                  0.000000   29.562500   clock reconvergence pessimism
                                 -3.620000   25.942499   output external delay
                                             25.942499   data required time
---------------------------------------------------------------------------------------------
                                             25.942499   data required time
                                             -7.566216   data arrival time
---------------------------------------------------------------------------------------------
                                             18.376284   slack (MET)


Startpoint: _137_ (rising edge-triggered flip-flop clocked by clk)
Endpoint: wbs_dat_o[8] (output port clocked by clk)
Path Group: clk
Path Type: max

Fanout         Cap        Slew       Delay        Time   Description
---------------------------------------------------------------------------------------------
                                  0.000000    0.000000   clock clk (rise edge)
                                  5.570000    5.570000   clock source latency
     2    0.029103    0.610000    0.000000    5.570000 ^ clk (in)
                                                         clk (net)
                      0.615127    0.002628    5.572628 ^ wire3/A (sky130_fd_sc_hd__buf_4)
     3    0.041253    0.126299    0.298424    5.871052 ^ wire3/X (sky130_fd_sc_hd__buf_4)
                                                         net274 (net)
                      0.126577    0.004899    5.875951 ^ wire2/A (sky130_fd_sc_hd__buf_6)
     3    0.070191    0.143372    0.201264    6.077215 ^ wire2/X (sky130_fd_sc_hd__buf_6)
                                                         net273 (net)
                      0.145294    0.013505    6.090721 ^ wire1/A (sky130_fd_sc_hd__buf_6)
     3    0.072553    0.147817    0.208202    6.298923 ^ wire1/X (sky130_fd_sc_hd__buf_6)
                                                         net272 (net)
                      0.149901    0.014280    6.313202 ^ clkbuf_0_clk/A (sky130_fd_sc_hd__clkbuf_16)
     9    0.092780    0.109733    0.221148    6.534350 ^ clkbuf_0_clk/X (sky130_fd_sc_hd__clkbuf_16)
                                                         clknet_0_clk (net)
                      0.110198    0.005884    6.540234 ^ clkbuf_2_0__f_clk/A (sky130_fd_sc_hd__clkbuf_16)
    17    0.090087    0.106893    0.205608    6.745842 ^ clkbuf_2_0__f_clk/X (sky130_fd_sc_hd__clkbuf_16)
                                                         clknet_2_0__leaf_clk (net)
                      0.107553    0.006886    6.752728 ^ _137_/CLK (sky130_fd_sc_hd__dfrtp_4)
     3    0.042948    0.112291    0.572726    7.325454 v _137_/Q (sky130_fd_sc_hd__dfrtp_4)
                                                         net258 (net)
                      0.112673    0.005916    7.331370 v output258/A (sky130_fd_sc_hd__buf_12)
     1    0.190918    0.102546    0.231000    7.562370 v output258/X (sky130_fd_sc_hd__buf_12)
                                                         wbs_dat_o[8] (net)
                      0.102595    0.002101    7.564470 v wbs_dat_o[8] (out)
                                              7.564470   data arrival time

                                 25.000000   25.000000   clock clk (rise edge)
                                  4.650000   29.650000   clock network delay (propagated)
                                 -0.087500   29.562500   clock uncertainty
                                  0.000000   29.562500   clock reconvergence pessimism
                                 -3.620000   25.942499   output external delay
                                             25.942499   data required time
---------------------------------------------------------------------------------------------
                                             25.942499   data required time
                                             -7.564470   data arrival time
---------------------------------------------------------------------------------------------
                                             18.378029   slack (MET)


Startpoint: _149_ (rising edge-triggered flip-flop clocked by clk)
Endpoint: wbs_dat_o[20] (output port clocked by clk)
Path Group: clk
Path Type: max

Fanout         Cap        Slew       Delay        Time   Description
---------------------------------------------------------------------------------------------
                                  0.000000    0.000000   clock clk (rise edge)
                                  5.570000    5.570000   clock source latency
     2    0.029103    0.610000    0.000000    5.570000 ^ clk (in)
                                                         clk (net)
                      0.615127    0.002628    5.572628 ^ wire3/A (sky130_fd_sc_hd__buf_4)
     3    0.041253    0.126299    0.298424    5.871052 ^ wire3/X (sky130_fd_sc_hd__buf_4)
                                                         net274 (net)
                      0.126577    0.004899    5.875951 ^ wire2/A (sky130_fd_sc_hd__buf_6)
     3    0.070191    0.143372    0.201264    6.077215 ^ wire2/X (sky130_fd_sc_hd__buf_6)
                                                         net273 (net)
                      0.145294    0.013505    6.090721 ^ wire1/A (sky130_fd_sc_hd__buf_6)
     3    0.072553    0.147817    0.208202    6.298923 ^ wire1/X (sky130_fd_sc_hd__buf_6)
                                                         net272 (net)
                      0.149901    0.014280    6.313202 ^ clkbuf_0_clk/A (sky130_fd_sc_hd__clkbuf_16)
     9    0.092780    0.109733    0.221148    6.534350 ^ clkbuf_0_clk/X (sky130_fd_sc_hd__clkbuf_16)
                                                         clknet_0_clk (net)
                      0.110110    0.005315    6.539665 ^ clkbuf_2_2__f_clk/A (sky130_fd_sc_hd__clkbuf_16)
    17    0.087799    0.104699    0.203944    6.743610 ^ clkbuf_2_2__f_clk/X (sky130_fd_sc_hd__clkbuf_16)
                                                         clknet_2_2__leaf_clk (net)
                      0.105306    0.006533    6.750144 ^ _149_/CLK (sky130_fd_sc_hd__dfrtp_4)
     3    0.038663    0.105145    0.565038    7.315181 v _149_/Q (sky130_fd_sc_hd__dfrtp_4)
                                                         net240 (net)
                      0.105419    0.004826    7.320007 v output240/A (sky130_fd_sc_hd__buf_12)
     1    0.191376    0.102356    0.227356    7.547364 v output240/X (sky130_fd_sc_hd__buf_12)
                                                         wbs_dat_o[20] (net)
                      0.102436    0.002641    7.550005 v wbs_dat_o[20] (out)
                                              7.550005   data arrival time

                                 25.000000   25.000000   clock clk (rise edge)
                                  4.650000   29.650000   clock network delay (propagated)
                                 -0.087500   29.562500   clock uncertainty
                                  0.000000   29.562500   clock reconvergence pessimism
                                 -3.620000   25.942499   output external delay
                                             25.942499   data required time
---------------------------------------------------------------------------------------------
                                             25.942499   data required time
                                             -7.550005   data arrival time
---------------------------------------------------------------------------------------------
                                             18.392494   slack (MET)


Startpoint: _148_ (rising edge-triggered flip-flop clocked by clk)
Endpoint: wbs_dat_o[19] (output port clocked by clk)
Path Group: clk
Path Type: max

Fanout         Cap        Slew       Delay        Time   Description
---------------------------------------------------------------------------------------------
                                  0.000000    0.000000   clock clk (rise edge)
                                  5.570000    5.570000   clock source latency
     2    0.029103    0.610000    0.000000    5.570000 ^ clk (in)
                                                         clk (net)
                      0.615127    0.002628    5.572628 ^ wire3/A (sky130_fd_sc_hd__buf_4)
     3    0.041253    0.126299    0.298424    5.871052 ^ wire3/X (sky130_fd_sc_hd__buf_4)
                                                         net274 (net)
                      0.126577    0.004899    5.875951 ^ wire2/A (sky130_fd_sc_hd__buf_6)
     3    0.070191    0.143372    0.201264    6.077215 ^ wire2/X (sky130_fd_sc_hd__buf_6)
                                                         net273 (net)
                      0.145294    0.013505    6.090721 ^ wire1/A (sky130_fd_sc_hd__buf_6)
     3    0.072553    0.147817    0.208202    6.298923 ^ wire1/X (sky130_fd_sc_hd__buf_6)
                                                         net272 (net)
                      0.149901    0.014280    6.313202 ^ clkbuf_0_clk/A (sky130_fd_sc_hd__clkbuf_16)
     9    0.092780    0.109733    0.221148    6.534350 ^ clkbuf_0_clk/X (sky130_fd_sc_hd__clkbuf_16)
                                                         clknet_0_clk (net)
                      0.110110    0.005315    6.539665 ^ clkbuf_2_2__f_clk/A (sky130_fd_sc_hd__clkbuf_16)
    17    0.087799    0.104699    0.203944    6.743610 ^ clkbuf_2_2__f_clk/X (sky130_fd_sc_hd__clkbuf_16)
                                                         clknet_2_2__leaf_clk (net)
                      0.105247    0.006218    6.749828 ^ _148_/CLK (sky130_fd_sc_hd__dfrtp_4)
     3    0.029277    0.091566    0.549365    7.299193 v _148_/Q (sky130_fd_sc_hd__dfrtp_4)
                                                         net238 (net)
                      0.091740    0.003013    7.302206 v output238/A (sky130_fd_sc_hd__buf_12)
     1    0.191376    0.102327    0.220791    7.522997 v output238/X (sky130_fd_sc_hd__buf_12)
                                                         wbs_dat_o[19] (net)
                      0.102407    0.002641    7.525639 v wbs_dat_o[19] (out)
                                              7.525639   data arrival time

                                 25.000000   25.000000   clock clk (rise edge)
                                  4.650000   29.650000   clock network delay (propagated)
                                 -0.087500   29.562500   clock uncertainty
                                  0.000000   29.562500   clock reconvergence pessimism
                                 -3.620000   25.942499   output external delay
                                             25.942499   data required time
---------------------------------------------------------------------------------------------
                                             25.942499   data required time
                                             -7.525639   data arrival time
---------------------------------------------------------------------------------------------
                                             18.416861   slack (MET)


Startpoint: _138_ (rising edge-triggered flip-flop clocked by clk)
Endpoint: wbs_dat_o[9] (output port clocked by clk)
Path Group: clk
Path Type: max

Fanout         Cap        Slew       Delay        Time   Description
---------------------------------------------------------------------------------------------
                                  0.000000    0.000000   clock clk (rise edge)
                                  5.570000    5.570000   clock source latency
     2    0.029103    0.610000    0.000000    5.570000 ^ clk (in)
                                                         clk (net)
                      0.615127    0.002628    5.572628 ^ wire3/A (sky130_fd_sc_hd__buf_4)
     3    0.041253    0.126299    0.298424    5.871052 ^ wire3/X (sky130_fd_sc_hd__buf_4)
                                                         net274 (net)
                      0.126577    0.004899    5.875951 ^ wire2/A (sky130_fd_sc_hd__buf_6)
     3    0.070191    0.143372    0.201264    6.077215 ^ wire2/X (sky130_fd_sc_hd__buf_6)
                                                         net273 (net)
                      0.145294    0.013505    6.090721 ^ wire1/A (sky130_fd_sc_hd__buf_6)
     3    0.072553    0.147817    0.208202    6.298923 ^ wire1/X (sky130_fd_sc_hd__buf_6)
                                                         net272 (net)
                      0.149901    0.014280    6.313202 ^ clkbuf_0_clk/A (sky130_fd_sc_hd__clkbuf_16)
     9    0.092780    0.109733    0.221148    6.534350 ^ clkbuf_0_clk/X (sky130_fd_sc_hd__clkbuf_16)
                                                         clknet_0_clk (net)
                      0.110186    0.005807    6.540157 ^ clkbuf_2_1__f_clk/A (sky130_fd_sc_hd__clkbuf_16)
    21    0.079358    0.096720    0.196054    6.736211 ^ clkbuf_2_1__f_clk/X (sky130_fd_sc_hd__clkbuf_16)
                                                         clknet_2_1__leaf_clk (net)
                      0.097908    0.008702    6.744914 ^ _138_/CLK (sky130_fd_sc_hd__dfrtp_4)
     3    0.032367    0.095703    0.551938    7.296852 v _138_/Q (sky130_fd_sc_hd__dfrtp_4)
                                                         net259 (net)
                      0.095909    0.003324    7.300175 v output259/A (sky130_fd_sc_hd__buf_12)
     1    0.190918    0.102019    0.223056    7.523231 v output259/X (sky130_fd_sc_hd__buf_12)
                                                         wbs_dat_o[9] (net)
                      0.102068    0.002101    7.525331 v wbs_dat_o[9] (out)
                                              7.525331   data arrival time

                                 25.000000   25.000000   clock clk (rise edge)
                                  4.650000   29.650000   clock network delay (propagated)
                                 -0.087500   29.562500   clock uncertainty
                                  0.000000   29.562500   clock reconvergence pessimism
                                 -3.620000   25.942499   output external delay
                                             25.942499   data required time
---------------------------------------------------------------------------------------------
                                             25.942499   data required time
                                             -7.525331   data arrival time
---------------------------------------------------------------------------------------------
                                             18.417168   slack (MET)


Startpoint: _139_ (rising edge-triggered flip-flop clocked by clk)
Endpoint: wbs_dat_o[10] (output port clocked by clk)
Path Group: clk
Path Type: max

Fanout         Cap        Slew       Delay        Time   Description
---------------------------------------------------------------------------------------------
                                  0.000000    0.000000   clock clk (rise edge)
                                  5.570000    5.570000   clock source latency
     2    0.029103    0.610000    0.000000    5.570000 ^ clk (in)
                                                         clk (net)
                      0.615127    0.002628    5.572628 ^ wire3/A (sky130_fd_sc_hd__buf_4)
     3    0.041253    0.126299    0.298424    5.871052 ^ wire3/X (sky130_fd_sc_hd__buf_4)
                                                         net274 (net)
                      0.126577    0.004899    5.875951 ^ wire2/A (sky130_fd_sc_hd__buf_6)
     3    0.070191    0.143372    0.201264    6.077215 ^ wire2/X (sky130_fd_sc_hd__buf_6)
                                                         net273 (net)
                      0.145294    0.013505    6.090721 ^ wire1/A (sky130_fd_sc_hd__buf_6)
     3    0.072553    0.147817    0.208202    6.298923 ^ wire1/X (sky130_fd_sc_hd__buf_6)
                                                         net272 (net)
                      0.149901    0.014280    6.313202 ^ clkbuf_0_clk/A (sky130_fd_sc_hd__clkbuf_16)
     9    0.092780    0.109733    0.221148    6.534350 ^ clkbuf_0_clk/X (sky130_fd_sc_hd__clkbuf_16)
                                                         clknet_0_clk (net)
                      0.110186    0.005807    6.540157 ^ clkbuf_2_1__f_clk/A (sky130_fd_sc_hd__clkbuf_16)
    21    0.079358    0.096720    0.196054    6.736211 ^ clkbuf_2_1__f_clk/X (sky130_fd_sc_hd__clkbuf_16)
                                                         clknet_2_1__leaf_clk (net)
                      0.097742    0.008081    6.744292 ^ _139_/CLK (sky130_fd_sc_hd__dfrtp_4)
     3    0.026008    0.087295    0.541025    7.285318 v _139_/Q (sky130_fd_sc_hd__dfrtp_4)
                                                         net229 (net)
                      0.087331    0.002322    7.287640 v output229/A (sky130_fd_sc_hd__buf_12)
     1    0.190881    0.101984    0.218926    7.506566 v output229/X (sky130_fd_sc_hd__buf_12)
                                                         wbs_dat_o[10] (net)
                      0.102033    0.002101    7.508667 v wbs_dat_o[10] (out)
                                              7.508667   data arrival time

                                 25.000000   25.000000   clock clk (rise edge)
                                  4.650000   29.650000   clock network delay (propagated)
                                 -0.087500   29.562500   clock uncertainty
                                  0.000000   29.562500   clock reconvergence pessimism
                                 -3.620000   25.942499   output external delay
                                             25.942499   data required time
---------------------------------------------------------------------------------------------
                                             25.942499   data required time
                                             -7.508667   data arrival time
---------------------------------------------------------------------------------------------
                                             18.433830   slack (MET)


Startpoint: _143_ (rising edge-triggered flip-flop clocked by clk)
Endpoint: wbs_dat_o[14] (output port clocked by clk)
Path Group: clk
Path Type: max

Fanout         Cap        Slew       Delay        Time   Description
---------------------------------------------------------------------------------------------
                                  0.000000    0.000000   clock clk (rise edge)
                                  5.570000    5.570000   clock source latency
     2    0.029103    0.610000    0.000000    5.570000 ^ clk (in)
                                                         clk (net)
                      0.615127    0.002628    5.572628 ^ wire3/A (sky130_fd_sc_hd__buf_4)
     3    0.041253    0.126299    0.298424    5.871052 ^ wire3/X (sky130_fd_sc_hd__buf_4)
                                                         net274 (net)
                      0.126577    0.004899    5.875951 ^ wire2/A (sky130_fd_sc_hd__buf_6)
     3    0.070191    0.143372    0.201264    6.077215 ^ wire2/X (sky130_fd_sc_hd__buf_6)
                                                         net273 (net)
                      0.145294    0.013505    6.090721 ^ wire1/A (sky130_fd_sc_hd__buf_6)
     3    0.072553    0.147817    0.208202    6.298923 ^ wire1/X (sky130_fd_sc_hd__buf_6)
                                                         net272 (net)
                      0.149901    0.014280    6.313202 ^ clkbuf_0_clk/A (sky130_fd_sc_hd__clkbuf_16)
     9    0.092780    0.109733    0.221148    6.534350 ^ clkbuf_0_clk/X (sky130_fd_sc_hd__clkbuf_16)
                                                         clknet_0_clk (net)
                      0.110198    0.005884    6.540234 ^ clkbuf_2_0__f_clk/A (sky130_fd_sc_hd__clkbuf_16)
    17    0.090087    0.106893    0.205608    6.745842 ^ clkbuf_2_0__f_clk/X (sky130_fd_sc_hd__clkbuf_16)
                                                         clknet_2_0__leaf_clk (net)
                      0.107171    0.004531    6.750373 ^ _143_/CLK (sky130_fd_sc_hd__dfrtp_2)
     3    0.025999    0.137323    0.454306    7.204679 ^ _143_/Q (sky130_fd_sc_hd__dfrtp_2)
                                                         net233 (net)
                      0.137357    0.002203    7.206882 ^ output233/A (sky130_fd_sc_hd__buf_12)
     1    0.190873    0.219370    0.263960    7.470843 ^ output233/X (sky130_fd_sc_hd__buf_12)
                                                         wbs_dat_o[14] (net)
                      0.219460    0.002103    7.472946 ^ wbs_dat_o[14] (out)
                                              7.472946   data arrival time

                                 25.000000   25.000000   clock clk (rise edge)
                                  4.650000   29.650000   clock network delay (propagated)
                                 -0.087500   29.562500   clock uncertainty
                                  0.000000   29.562500   clock reconvergence pessimism
                                 -3.620000   25.942499   output external delay
                                             25.942499   data required time
---------------------------------------------------------------------------------------------
                                             25.942499   data required time
                                             -7.472946   data arrival time
---------------------------------------------------------------------------------------------
                                             18.469553   slack (MET)


Startpoint: _144_ (rising edge-triggered flip-flop clocked by clk)
Endpoint: wbs_dat_o[15] (output port clocked by clk)
Path Group: clk
Path Type: max

Fanout         Cap        Slew       Delay        Time   Description
---------------------------------------------------------------------------------------------
                                  0.000000    0.000000   clock clk (rise edge)
                                  5.570000    5.570000   clock source latency
     2    0.029103    0.610000    0.000000    5.570000 ^ clk (in)
                                                         clk (net)
                      0.615127    0.002628    5.572628 ^ wire3/A (sky130_fd_sc_hd__buf_4)
     3    0.041253    0.126299    0.298424    5.871052 ^ wire3/X (sky130_fd_sc_hd__buf_4)
                                                         net274 (net)
                      0.126577    0.004899    5.875951 ^ wire2/A (sky130_fd_sc_hd__buf_6)
     3    0.070191    0.143372    0.201264    6.077215 ^ wire2/X (sky130_fd_sc_hd__buf_6)
                                                         net273 (net)
                      0.145294    0.013505    6.090721 ^ wire1/A (sky130_fd_sc_hd__buf_6)
     3    0.072553    0.147817    0.208202    6.298923 ^ wire1/X (sky130_fd_sc_hd__buf_6)
                                                         net272 (net)
                      0.149901    0.014280    6.313202 ^ clkbuf_0_clk/A (sky130_fd_sc_hd__clkbuf_16)
     9    0.092780    0.109733    0.221148    6.534350 ^ clkbuf_0_clk/X (sky130_fd_sc_hd__clkbuf_16)
                                                         clknet_0_clk (net)
                      0.110110    0.005315    6.539665 ^ clkbuf_2_2__f_clk/A (sky130_fd_sc_hd__clkbuf_16)
    17    0.087799    0.104699    0.203944    6.743610 ^ clkbuf_2_2__f_clk/X (sky130_fd_sc_hd__clkbuf_16)
                                                         clknet_2_2__leaf_clk (net)
                      0.104913    0.003948    6.747558 ^ _144_/CLK (sky130_fd_sc_hd__dfrtp_2)
     3    0.026307    0.138674    0.454508    7.202065 ^ _144_/Q (sky130_fd_sc_hd__dfrtp_2)
                                                         net234 (net)
                      0.138709    0.002236    7.204301 ^ output234/A (sky130_fd_sc_hd__buf_12)
     1    0.190890    0.219390    0.264322    7.468623 ^ output234/X (sky130_fd_sc_hd__buf_12)
                                                         wbs_dat_o[15] (net)
                      0.219481    0.002104    7.470727 ^ wbs_dat_o[15] (out)
                                              7.470727   data arrival time

                                 25.000000   25.000000   clock clk (rise edge)
                                  4.650000   29.650000   clock network delay (propagated)
                                 -0.087500   29.562500   clock uncertainty
                                  0.000000   29.562500   clock reconvergence pessimism
                                 -3.620000   25.942499   output external delay
                                             25.942499   data required time
---------------------------------------------------------------------------------------------
                                             25.942499   data required time
                                             -7.470727   data arrival time
---------------------------------------------------------------------------------------------
                                             18.471771   slack (MET)


Startpoint: _147_ (rising edge-triggered flip-flop clocked by clk)
Endpoint: wbs_dat_o[18] (output port clocked by clk)
Path Group: clk
Path Type: max

Fanout         Cap        Slew       Delay        Time   Description
---------------------------------------------------------------------------------------------
                                  0.000000    0.000000   clock clk (rise edge)
                                  5.570000    5.570000   clock source latency
     2    0.029103    0.610000    0.000000    5.570000 ^ clk (in)
                                                         clk (net)
                      0.615127    0.002628    5.572628 ^ wire3/A (sky130_fd_sc_hd__buf_4)
     3    0.041253    0.126299    0.298424    5.871052 ^ wire3/X (sky130_fd_sc_hd__buf_4)
                                                         net274 (net)
                      0.126577    0.004899    5.875951 ^ wire2/A (sky130_fd_sc_hd__buf_6)
     3    0.070191    0.143372    0.201264    6.077215 ^ wire2/X (sky130_fd_sc_hd__buf_6)
                                                         net273 (net)
                      0.145294    0.013505    6.090721 ^ wire1/A (sky130_fd_sc_hd__buf_6)
     3    0.072553    0.147817    0.208202    6.298923 ^ wire1/X (sky130_fd_sc_hd__buf_6)
                                                         net272 (net)
                      0.149901    0.014280    6.313202 ^ clkbuf_0_clk/A (sky130_fd_sc_hd__clkbuf_16)
     9    0.092780    0.109733    0.221148    6.534350 ^ clkbuf_0_clk/X (sky130_fd_sc_hd__clkbuf_16)
                                                         clknet_0_clk (net)
                      0.110110    0.005315    6.539665 ^ clkbuf_2_2__f_clk/A (sky130_fd_sc_hd__clkbuf_16)
    17    0.087799    0.104699    0.203944    6.743610 ^ clkbuf_2_2__f_clk/X (sky130_fd_sc_hd__clkbuf_16)
                                                         clknet_2_2__leaf_clk (net)
                      0.105099    0.005332    6.748941 ^ _147_/CLK (sky130_fd_sc_hd__dfrtp_2)
     3    0.025681    0.135914    0.452410    7.201351 ^ _147_/Q (sky130_fd_sc_hd__dfrtp_2)
                                                         net237 (net)
                      0.135948    0.002195    7.203547 ^ output237/A (sky130_fd_sc_hd__buf_12)
     1    0.191376    0.219991    0.263604    7.467151 ^ output237/X (sky130_fd_sc_hd__buf_12)
                                                         wbs_dat_o[18] (net)
                      0.220099    0.002646    7.469797 ^ wbs_dat_o[18] (out)
                                              7.469797   data arrival time

                                 25.000000   25.000000   clock clk (rise edge)
                                  4.650000   29.650000   clock network delay (propagated)
                                 -0.087500   29.562500   clock uncertainty
                                  0.000000   29.562500   clock reconvergence pessimism
                                 -3.620000   25.942499   output external delay
                                             25.942499   data required time
---------------------------------------------------------------------------------------------
                                             25.942499   data required time
                                             -7.469797   data arrival time
---------------------------------------------------------------------------------------------
                                             18.472702   slack (MET)


Startpoint: _142_ (rising edge-triggered flip-flop clocked by clk)
Endpoint: wbs_dat_o[13] (output port clocked by clk)
Path Group: clk
Path Type: max

Fanout         Cap        Slew       Delay        Time   Description
---------------------------------------------------------------------------------------------
                                  0.000000    0.000000   clock clk (rise edge)
                                  5.570000    5.570000   clock source latency
     2    0.029103    0.610000    0.000000    5.570000 ^ clk (in)
                                                         clk (net)
                      0.615127    0.002628    5.572628 ^ wire3/A (sky130_fd_sc_hd__buf_4)
     3    0.041253    0.126299    0.298424    5.871052 ^ wire3/X (sky130_fd_sc_hd__buf_4)
                                                         net274 (net)
                      0.126577    0.004899    5.875951 ^ wire2/A (sky130_fd_sc_hd__buf_6)
     3    0.070191    0.143372    0.201264    6.077215 ^ wire2/X (sky130_fd_sc_hd__buf_6)
                                                         net273 (net)
                      0.145294    0.013505    6.090721 ^ wire1/A (sky130_fd_sc_hd__buf_6)
     3    0.072553    0.147817    0.208202    6.298923 ^ wire1/X (sky130_fd_sc_hd__buf_6)
                                                         net272 (net)
                      0.149901    0.014280    6.313202 ^ clkbuf_0_clk/A (sky130_fd_sc_hd__clkbuf_16)
     9    0.092780    0.109733    0.221148    6.534350 ^ clkbuf_0_clk/X (sky130_fd_sc_hd__clkbuf_16)
                                                         clknet_0_clk (net)
                      0.110198    0.005884    6.540234 ^ clkbuf_2_0__f_clk/A (sky130_fd_sc_hd__clkbuf_16)
    17    0.090087    0.106893    0.205608    6.745842 ^ clkbuf_2_0__f_clk/X (sky130_fd_sc_hd__clkbuf_16)
                                                         clknet_2_0__leaf_clk (net)
                      0.107073    0.003674    6.749516 ^ _142_/CLK (sky130_fd_sc_hd__dfrtp_2)
     3    0.025142    0.133535    0.451334    7.200851 ^ _142_/Q (sky130_fd_sc_hd__dfrtp_2)
                                                         net232 (net)
                      0.133564    0.002065    7.202916 ^ output232/A (sky130_fd_sc_hd__buf_12)
     1    0.191090    0.219643    0.262937    7.465853 ^ output232/X (sky130_fd_sc_hd__buf_12)
                                                         wbs_dat_o[13] (net)
                      0.219743    0.002406    7.468259 ^ wbs_dat_o[13] (out)
                                              7.468259   data arrival time

                                 25.000000   25.000000   clock clk (rise edge)
                                  4.650000   29.650000   clock network delay (propagated)
                                 -0.087500   29.562500   clock uncertainty
                                  0.000000   29.562500   clock reconvergence pessimism
                                 -3.620000   25.942499   output external delay
                                             25.942499   data required time
---------------------------------------------------------------------------------------------
                                             25.942499   data required time
                                             -7.468259   data arrival time
---------------------------------------------------------------------------------------------
                                             18.474239   slack (MET)


Startpoint: _141_ (rising edge-triggered flip-flop clocked by clk)
Endpoint: wbs_dat_o[12] (output port clocked by clk)
Path Group: clk
Path Type: max

Fanout         Cap        Slew       Delay        Time   Description
---------------------------------------------------------------------------------------------
                                  0.000000    0.000000   clock clk (rise edge)
                                  5.570000    5.570000   clock source latency
     2    0.029103    0.610000    0.000000    5.570000 ^ clk (in)
                                                         clk (net)
                      0.615127    0.002628    5.572628 ^ wire3/A (sky130_fd_sc_hd__buf_4)
     3    0.041253    0.126299    0.298424    5.871052 ^ wire3/X (sky130_fd_sc_hd__buf_4)
                                                         net274 (net)
                      0.126577    0.004899    5.875951 ^ wire2/A (sky130_fd_sc_hd__buf_6)
     3    0.070191    0.143372    0.201264    6.077215 ^ wire2/X (sky130_fd_sc_hd__buf_6)
                                                         net273 (net)
                      0.145294    0.013505    6.090721 ^ wire1/A (sky130_fd_sc_hd__buf_6)
     3    0.072553    0.147817    0.208202    6.298923 ^ wire1/X (sky130_fd_sc_hd__buf_6)
                                                         net272 (net)
                      0.149901    0.014280    6.313202 ^ clkbuf_0_clk/A (sky130_fd_sc_hd__clkbuf_16)
     9    0.092780    0.109733    0.221148    6.534350 ^ clkbuf_0_clk/X (sky130_fd_sc_hd__clkbuf_16)
                                                         clknet_0_clk (net)
                      0.110198    0.005884    6.540234 ^ clkbuf_2_0__f_clk/A (sky130_fd_sc_hd__clkbuf_16)
    17    0.090087    0.106893    0.205608    6.745842 ^ clkbuf_2_0__f_clk/X (sky130_fd_sc_hd__clkbuf_16)
                                                         clknet_2_0__leaf_clk (net)
                      0.106975    0.002502    6.748345 ^ _141_/CLK (sky130_fd_sc_hd__dfrtp_2)
     3    0.025070    0.133234    0.450998    7.199343 ^ _141_/Q (sky130_fd_sc_hd__dfrtp_2)
                                                         net231 (net)
                      0.133265    0.002103    7.201446 ^ output231/A (sky130_fd_sc_hd__buf_12)
     1    0.191359    0.219969    0.262900    7.464346 ^ output231/X (sky130_fd_sc_hd__buf_12)
                                                         wbs_dat_o[12] (net)
                      0.220077    0.002646    7.466992 ^ wbs_dat_o[12] (out)
                                              7.466992   data arrival time

                                 25.000000   25.000000   clock clk (rise edge)
                                  4.650000   29.650000   clock network delay (propagated)
                                 -0.087500   29.562500   clock uncertainty
                                  0.000000   29.562500   clock reconvergence pessimism
                                 -3.620000   25.942499   output external delay
                                             25.942499   data required time
---------------------------------------------------------------------------------------------
                                             25.942499   data required time
                                             -7.466992   data arrival time
---------------------------------------------------------------------------------------------
                                             18.475508   slack (MET)


Startpoint: _145_ (rising edge-triggered flip-flop clocked by clk)
Endpoint: wbs_dat_o[16] (output port clocked by clk)
Path Group: clk
Path Type: max

Fanout         Cap        Slew       Delay        Time   Description
---------------------------------------------------------------------------------------------
                                  0.000000    0.000000   clock clk (rise edge)
                                  5.570000    5.570000   clock source latency
     2    0.029103    0.610000    0.000000    5.570000 ^ clk (in)
                                                         clk (net)
                      0.615127    0.002628    5.572628 ^ wire3/A (sky130_fd_sc_hd__buf_4)
     3    0.041253    0.126299    0.298424    5.871052 ^ wire3/X (sky130_fd_sc_hd__buf_4)
                                                         net274 (net)
                      0.126577    0.004899    5.875951 ^ wire2/A (sky130_fd_sc_hd__buf_6)
     3    0.070191    0.143372    0.201264    6.077215 ^ wire2/X (sky130_fd_sc_hd__buf_6)
                                                         net273 (net)
                      0.145294    0.013505    6.090721 ^ wire1/A (sky130_fd_sc_hd__buf_6)
     3    0.072553    0.147817    0.208202    6.298923 ^ wire1/X (sky130_fd_sc_hd__buf_6)
                                                         net272 (net)
                      0.149901    0.014280    6.313202 ^ clkbuf_0_clk/A (sky130_fd_sc_hd__clkbuf_16)
     9    0.092780    0.109733    0.221148    6.534350 ^ clkbuf_0_clk/X (sky130_fd_sc_hd__clkbuf_16)
                                                         clknet_0_clk (net)
                      0.110110    0.005315    6.539665 ^ clkbuf_2_2__f_clk/A (sky130_fd_sc_hd__clkbuf_16)
    17    0.087799    0.104699    0.203944    6.743610 ^ clkbuf_2_2__f_clk/X (sky130_fd_sc_hd__clkbuf_16)
                                                         clknet_2_2__leaf_clk (net)
                      0.104837    0.003197    6.746807 ^ _145_/CLK (sky130_fd_sc_hd__dfrtp_2)
     3    0.025412    0.134719    0.451421    7.198227 ^ _145_/Q (sky130_fd_sc_hd__dfrtp_2)
                                                         net235 (net)
                      0.134748    0.002077    7.200305 ^ output235/A (sky130_fd_sc_hd__buf_12)
     1    0.191254    0.219821    0.263369    7.463674 ^ output235/X (sky130_fd_sc_hd__buf_12)
                                                         wbs_dat_o[16] (net)
                      0.219921    0.002410    7.466083 ^ wbs_dat_o[16] (out)
                                              7.466083   data arrival time

                                 25.000000   25.000000   clock clk (rise edge)
                                  4.650000   29.650000   clock network delay (propagated)
                                 -0.087500   29.562500   clock uncertainty
                                  0.000000   29.562500   clock reconvergence pessimism
                                 -3.620000   25.942499   output external delay
                                             25.942499   data required time
---------------------------------------------------------------------------------------------
                                             25.942499   data required time
                                             -7.466083   data arrival time
---------------------------------------------------------------------------------------------
                                             18.476416   slack (MET)


Startpoint: _140_ (rising edge-triggered flip-flop clocked by clk)
Endpoint: wbs_dat_o[11] (output port clocked by clk)
Path Group: clk
Path Type: max

Fanout         Cap        Slew       Delay        Time   Description
---------------------------------------------------------------------------------------------
                                  0.000000    0.000000   clock clk (rise edge)
                                  5.570000    5.570000   clock source latency
     2    0.029103    0.610000    0.000000    5.570000 ^ clk (in)
                                                         clk (net)
                      0.615127    0.002628    5.572628 ^ wire3/A (sky130_fd_sc_hd__buf_4)
     3    0.041253    0.126299    0.298424    5.871052 ^ wire3/X (sky130_fd_sc_hd__buf_4)
                                                         net274 (net)
                      0.126577    0.004899    5.875951 ^ wire2/A (sky130_fd_sc_hd__buf_6)
     3    0.070191    0.143372    0.201264    6.077215 ^ wire2/X (sky130_fd_sc_hd__buf_6)
                                                         net273 (net)
                      0.145294    0.013505    6.090721 ^ wire1/A (sky130_fd_sc_hd__buf_6)
     3    0.072553    0.147817    0.208202    6.298923 ^ wire1/X (sky130_fd_sc_hd__buf_6)
                                                         net272 (net)
                      0.149901    0.014280    6.313202 ^ clkbuf_0_clk/A (sky130_fd_sc_hd__clkbuf_16)
     9    0.092780    0.109733    0.221148    6.534350 ^ clkbuf_0_clk/X (sky130_fd_sc_hd__clkbuf_16)
                                                         clknet_0_clk (net)
                      0.110186    0.005807    6.540157 ^ clkbuf_2_1__f_clk/A (sky130_fd_sc_hd__clkbuf_16)
    21    0.079358    0.096720    0.196054    6.736211 ^ clkbuf_2_1__f_clk/X (sky130_fd_sc_hd__clkbuf_16)
                                                         clknet_2_1__leaf_clk (net)
                      0.097355    0.006414    6.742625 ^ _140_/CLK (sky130_fd_sc_hd__dfrtp_2)
     3    0.026634    0.140116    0.452691    7.195316 ^ _140_/Q (sky130_fd_sc_hd__dfrtp_2)
                                                         net230 (net)
                      0.140157    0.002398    7.197715 ^ output230/A (sky130_fd_sc_hd__buf_12)
     1    0.190867    0.219366    0.264677    7.462392 ^ output230/X (sky130_fd_sc_hd__buf_12)
                                                         wbs_dat_o[11] (net)
                      0.219456    0.002103    7.464495 ^ wbs_dat_o[11] (out)
                                              7.464495   data arrival time

                                 25.000000   25.000000   clock clk (rise edge)
                                  4.650000   29.650000   clock network delay (propagated)
                                 -0.087500   29.562500   clock uncertainty
                                  0.000000   29.562500   clock reconvergence pessimism
                                 -3.620000   25.942499   output external delay
                                             25.942499   data required time
---------------------------------------------------------------------------------------------
                                             25.942499   data required time
                                             -7.464495   data arrival time
---------------------------------------------------------------------------------------------
                                             18.478004   slack (MET)


Startpoint: _146_ (rising edge-triggered flip-flop clocked by clk)
Endpoint: wbs_dat_o[17] (output port clocked by clk)
Path Group: clk
Path Type: max

Fanout         Cap        Slew       Delay        Time   Description
---------------------------------------------------------------------------------------------
                                  0.000000    0.000000   clock clk (rise edge)
                                  5.570000    5.570000   clock source latency
     2    0.029103    0.610000    0.000000    5.570000 ^ clk (in)
                                                         clk (net)
                      0.615127    0.002628    5.572628 ^ wire3/A (sky130_fd_sc_hd__buf_4)
     3    0.041253    0.126299    0.298424    5.871052 ^ wire3/X (sky130_fd_sc_hd__buf_4)
                                                         net274 (net)
                      0.126577    0.004899    5.875951 ^ wire2/A (sky130_fd_sc_hd__buf_6)
     3    0.070191    0.143372    0.201264    6.077215 ^ wire2/X (sky130_fd_sc_hd__buf_6)
                                                         net273 (net)
                      0.145294    0.013505    6.090721 ^ wire1/A (sky130_fd_sc_hd__buf_6)
     3    0.072553    0.147817    0.208202    6.298923 ^ wire1/X (sky130_fd_sc_hd__buf_6)
                                                         net272 (net)
                      0.149901    0.014280    6.313202 ^ clkbuf_0_clk/A (sky130_fd_sc_hd__clkbuf_16)
     9    0.092780    0.109733    0.221148    6.534350 ^ clkbuf_0_clk/X (sky130_fd_sc_hd__clkbuf_16)
                                                         clknet_0_clk (net)
                      0.110111    0.005319    6.539669 ^ clkbuf_2_3__f_clk/A (sky130_fd_sc_hd__clkbuf_16)
    21    0.067421    0.085790    0.186860    6.726529 ^ clkbuf_2_3__f_clk/X (sky130_fd_sc_hd__clkbuf_16)
                                                         clknet_2_3__leaf_clk (net)
                      0.085883    0.002408    6.728937 ^ _146_/CLK (sky130_fd_sc_hd__dfrtp_2)
     3    0.026754    0.140595    0.448763    7.177700 ^ _146_/Q (sky130_fd_sc_hd__dfrtp_2)
                                                         net236 (net)
                      0.140633    0.002357    7.180057 ^ output236/A (sky130_fd_sc_hd__buf_12)
     1    0.190890    0.219392    0.264818    7.444874 ^ output236/X (sky130_fd_sc_hd__buf_12)
                                                         wbs_dat_o[17] (net)
                      0.219483    0.002104    7.446978 ^ wbs_dat_o[17] (out)
                                              7.446978   data arrival time

                                 25.000000   25.000000   clock clk (rise edge)
                                  4.650000   29.650000   clock network delay (propagated)
                                 -0.087500   29.562500   clock uncertainty
                                  0.000000   29.562500   clock reconvergence pessimism
                                 -3.620000   25.942499   output external delay
                                             25.942499   data required time
---------------------------------------------------------------------------------------------
                                             25.942499   data required time
                                             -7.446978   data arrival time
---------------------------------------------------------------------------------------------
                                             18.495520   slack (MET)


Startpoint: _128_ (rising edge-triggered flip-flop clocked by clk)
Endpoint: wbs_ack_o (output port clocked by clk)
Path Group: clk
Path Type: max

Fanout         Cap        Slew       Delay        Time   Description
---------------------------------------------------------------------------------------------
                                  0.000000    0.000000   clock clk (rise edge)
                                  5.570000    5.570000   clock source latency
     2    0.029103    0.610000    0.000000    5.570000 ^ clk (in)
                                                         clk (net)
                      0.615127    0.002628    5.572628 ^ wire3/A (sky130_fd_sc_hd__buf_4)
     3    0.041253    0.126299    0.298424    5.871052 ^ wire3/X (sky130_fd_sc_hd__buf_4)
                                                         net274 (net)
                      0.126577    0.004899    5.875951 ^ wire2/A (sky130_fd_sc_hd__buf_6)
     3    0.070191    0.143372    0.201264    6.077215 ^ wire2/X (sky130_fd_sc_hd__buf_6)
                                                         net273 (net)
                      0.145294    0.013505    6.090721 ^ wire1/A (sky130_fd_sc_hd__buf_6)
     3    0.072553    0.147817    0.208202    6.298923 ^ wire1/X (sky130_fd_sc_hd__buf_6)
                                                         net272 (net)
                      0.149901    0.014280    6.313202 ^ clkbuf_0_clk/A (sky130_fd_sc_hd__clkbuf_16)
     9    0.092780    0.109733    0.221148    6.534350 ^ clkbuf_0_clk/X (sky130_fd_sc_hd__clkbuf_16)
                                                         clknet_0_clk (net)
                      0.110186    0.005807    6.540157 ^ clkbuf_2_1__f_clk/A (sky130_fd_sc_hd__clkbuf_16)
    21    0.079358    0.096720    0.196054    6.736211 ^ clkbuf_2_1__f_clk/X (sky130_fd_sc_hd__clkbuf_16)
                                                         clknet_2_1__leaf_clk (net)
                      0.097227    0.005756    6.741967 ^ _128_/CLK (sky130_fd_sc_hd__dfrtp_4)
     3    0.158794    0.451970    0.714321    7.456288 ^ _128_/Q (sky130_fd_sc_hd__dfrtp_4)
                                                         net227 (net)
                      0.468449    0.069675    7.525963 ^ output227/A (sky130_fd_sc_hd__buf_12)
     1    0.190872    0.220742    0.314638    7.840601 ^ output227/X (sky130_fd_sc_hd__buf_12)
                                                         wbs_ack_o (net)
                      0.220759    0.002103    7.842704 ^ wbs_ack_o (out)
                                              7.842704   data arrival time

                                 50.000000   50.000000   clock clk (rise edge)
                                  4.650000   54.650002   clock network delay (propagated)
                                 -0.087500   54.562500   clock uncertainty
                                  0.000000   54.562500   clock reconvergence pessimism
                                 -8.410000   46.152500   output external delay
                                             46.152500   data required time
---------------------------------------------------------------------------------------------
                                             46.152500   data required time
                                             -7.842704   data arrival time
---------------------------------------------------------------------------------------------
                                             38.309799   slack (MET)


Startpoint: wbs_cyc_i (input port clocked by clk)
Endpoint: _128_ (rising edge-triggered flip-flop clocked by clk)
Path Group: clk
Path Type: max

Fanout         Cap        Slew       Delay        Time   Description
---------------------------------------------------------------------------------------------
                                  0.000000    0.000000   clock clk (rise edge)
                                  5.570000    5.570000   clock network delay (propagated)
                                  4.740000   10.310000 ^ input external delay
     2    0.003937    0.170000    0.000000   10.310000 ^ wbs_cyc_i (in)
                                                         wbs_cyc_i (net)
                      0.170055    0.000028   10.310029 ^ hold193/A (sky130_fd_sc_hd__dlygate4sd3_1)
     1    0.007644    0.095370    0.620992   10.931021 ^ hold193/X (sky130_fd_sc_hd__dlygate4sd3_1)
                                                         net467 (net)
                      0.095370    0.000071   10.931092 ^ input110/A (sky130_fd_sc_hd__buf_8)
     3    0.162548    0.251618    0.207058   11.138150 ^ input110/X (sky130_fd_sc_hd__buf_8)
                                                         net110 (net)
                      0.322562    0.104543   11.242693 ^ _041_/A (sky130_fd_sc_hd__and2_4)
     5    0.078854    0.231187    0.364246   11.606939 ^ _041_/X (sky130_fd_sc_hd__and2_4)
                                                         _000_ (net)
                      0.231197    0.001405   11.608344 ^ hold194/A (sky130_fd_sc_hd__dlygate4sd3_1)
     1    0.002721    0.052154    0.594247   12.202591 ^ hold194/X (sky130_fd_sc_hd__dlygate4sd3_1)
                                                         net468 (net)
                      0.052154    0.000028   12.202620 ^ _128_/D (sky130_fd_sc_hd__dfrtp_4)
                                             12.202620   data arrival time

                                 50.000000   50.000000   clock clk (rise edge)
                                  4.650000   54.650002   clock source latency
     2    0.029103    0.610000    0.000000   54.650002 ^ clk (in)
                                                         clk (net)
                      0.615127    0.002498   54.652496 ^ wire3/A (sky130_fd_sc_hd__buf_4)
     3    0.041253    0.126299    0.283869   54.936367 ^ wire3/X (sky130_fd_sc_hd__buf_4)
                                                         net274 (net)
                      0.126577    0.004661   54.941029 ^ wire2/A (sky130_fd_sc_hd__buf_6)
     3    0.070191    0.143372    0.191445   55.132473 ^ wire2/X (sky130_fd_sc_hd__buf_6)
                                                         net273 (net)
                      0.145294    0.012847   55.145321 ^ wire1/A (sky130_fd_sc_hd__buf_6)
     3    0.072553    0.147817    0.198046   55.343365 ^ wire1/X (sky130_fd_sc_hd__buf_6)
                                                         net272 (net)
                      0.149901    0.013582   55.356949 ^ clkbuf_0_clk/A (sky130_fd_sc_hd__clkbuf_16)
     9    0.092780    0.109733    0.210360   55.567307 ^ clkbuf_0_clk/X (sky130_fd_sc_hd__clkbuf_16)
                                                         clknet_0_clk (net)
                      0.110186    0.005524   55.572830 ^ clkbuf_2_1__f_clk/A (sky130_fd_sc_hd__clkbuf_16)
    21    0.079358    0.096720    0.186489   55.759319 ^ clkbuf_2_1__f_clk/X (sky130_fd_sc_hd__clkbuf_16)
                                                         clknet_2_1__leaf_clk (net)
                      0.097227    0.005475   55.764793 ^ _128_/CLK (sky130_fd_sc_hd__dfrtp_4)
                                 -0.087500   55.677296   clock uncertainty
                                  0.000000   55.677296   clock reconvergence pessimism
                                 -0.057185   55.620110   library setup time
                                             55.620110   data required time
---------------------------------------------------------------------------------------------
                                             55.620110   data required time
                                            -12.202620   data arrival time
---------------------------------------------------------------------------------------------
                                             43.417492   slack (MET)



