
===========================================================================
report_checks -path_delay min (Hold)
============================================================================
======================= nom_ss_100C_1v60 Corner ===================================

Startpoint: wbs_stb_i (input port clocked by clk)
Endpoint: _128_ (rising edge-triggered flip-flop clocked by clk)
Path Group: clk
Path Type: min

Fanout         Cap        Slew       Delay        Time   Description
---------------------------------------------------------------------------------------------
                                  0.000000    0.000000   clock clk (rise edge)
                                  4.650000    4.650000   clock network delay (propagated)
                                  1.860000    6.510000 v input external delay
     2    0.006559    0.150000    0.000000    6.510000 v wbs_stb_i (in)
                                                         wbs_stb_i (net)
                      0.150157    0.000076    6.510076 v input147/A (sky130_fd_sc_hd__buf_6)
     3    0.172236    0.247341    0.355015    6.865091 v input147/X (sky130_fd_sc_hd__buf_6)
                                                         net147 (net)
                      0.342721    0.115072    6.980163 v _041_/B (sky130_fd_sc_hd__and2_4)
     5    0.083752    0.208968    0.548105    7.528268 v _041_/X (sky130_fd_sc_hd__and2_4)
                                                         _000_ (net)
                      0.209012    0.002642    7.530910 v hold194/A (sky130_fd_sc_hd__dlygate4sd3_1)
     1    0.002631    0.104761    1.157956    8.688866 v hold194/X (sky130_fd_sc_hd__dlygate4sd3_1)
                                                         net468 (net)
                      0.104761    0.000074    8.688940 v _128_/D (sky130_fd_sc_hd__dfrtp_4)
                                              8.688940   data arrival time

                                  0.000000    0.000000   clock clk (rise edge)
                                  5.570000    5.570000   clock source latency
     2    0.031153    0.610000    0.000000    5.570000 ^ clk (in)
                                                         clk (net)
                      0.616650    0.003408    5.573408 ^ wire3/A (sky130_fd_sc_hd__buf_4)
     3    0.045449    0.214376    0.554843    6.128251 ^ wire3/X (sky130_fd_sc_hd__buf_4)
                                                         net274 (net)
                      0.214630    0.006939    6.135190 ^ wire2/A (sky130_fd_sc_hd__buf_6)
     3    0.077803    0.252653    0.385308    6.520498 ^ wire2/X (sky130_fd_sc_hd__buf_6)
                                                         net273 (net)
                      0.254622    0.018381    6.538879 ^ wire1/A (sky130_fd_sc_hd__buf_6)
     3    0.080158    0.259864    0.405164    6.944043 ^ wire1/X (sky130_fd_sc_hd__buf_6)
                                                         net272 (net)
                      0.261982    0.019340    6.963383 ^ clkbuf_0_clk/A (sky130_fd_sc_hd__clkbuf_16)
     9    0.099761    0.176755    0.408460    7.371844 ^ clkbuf_0_clk/X (sky130_fd_sc_hd__clkbuf_16)
                                                         clknet_0_clk (net)
                      0.177484    0.008366    7.380209 ^ clkbuf_2_1__f_clk/A (sky130_fd_sc_hd__clkbuf_16)
    21    0.085197    0.156039    0.352188    7.732398 ^ clkbuf_2_1__f_clk/X (sky130_fd_sc_hd__clkbuf_16)
                                                         clknet_2_1__leaf_clk (net)
                      0.156738    0.008515    7.740913 ^ _128_/CLK (sky130_fd_sc_hd__dfrtp_4)
                                  0.087500    7.828413   clock uncertainty
                                  0.000000    7.828413   clock reconvergence pessimism
                                 -0.083260    7.745152   library hold time
                                              7.745152   data required time
---------------------------------------------------------------------------------------------
                                              7.745152   data required time
                                             -8.688940   data arrival time
---------------------------------------------------------------------------------------------
                                              0.943787   slack (MET)


Startpoint: wbs_adr_i[18] (input port clocked by clk)
Endpoint: _145_ (rising edge-triggered flip-flop clocked by clk)
Path Group: clk
Path Type: min

Fanout         Cap        Slew       Delay        Time   Description
---------------------------------------------------------------------------------------------
                                  0.000000    0.000000   clock clk (rise edge)
                                  4.650000    4.650000   clock network delay (propagated)
                                  0.790000    5.440000 ^ input external delay
     2    0.004555    0.070000    0.000000    5.440000 ^ wbs_adr_i[18] (in)
                                                         wbs_adr_i[18] (net)
                      0.070099    0.000048    5.440049 ^ input88/A (sky130_fd_sc_hd__clkbuf_1)
     1    0.004159    0.095918    0.164432    5.604481 ^ input88/X (sky130_fd_sc_hd__clkbuf_1)
                                                         net88 (net)
                      0.095918    0.000150    5.604631 ^ _045_/D (sky130_fd_sc_hd__or4_2)
     3    0.022934    0.192694    0.304321    5.908952 ^ _045_/X (sky130_fd_sc_hd__or4_2)
                                                         _036_ (net)
                      0.192719    0.002259    5.911211 ^ _048_/B (sky130_fd_sc_hd__nor4_1)
     1    0.007352    0.079433    0.166887    6.078098 v _048_/Y (sky130_fd_sc_hd__nor4_1)
                                                         _039_ (net)
                      0.079433    0.000352    6.078450 v hold4/A (sky130_fd_sc_hd__dlygate4sd3_1)
     1    0.007279    0.148806    1.157585    7.236035 v hold4/X (sky130_fd_sc_hd__dlygate4sd3_1)
                                                         net278 (net)
                      0.148806    0.000339    7.236374 v wire262/A (sky130_fd_sc_hd__buf_2)
     1    0.011191    0.077208    0.294030    7.530404 v wire262/X (sky130_fd_sc_hd__buf_2)
                                                         net262 (net)
                      0.077211    0.000602    7.531006 v hold5/A (sky130_fd_sc_hd__dlygate4sd3_1)
     7    0.056736    0.549274    1.530414    9.061420 v hold5/X (sky130_fd_sc_hd__dlygate4sd3_1)
                                                         net279 (net)
                      0.549277    0.002567    9.063987 v fanout260/A (sky130_fd_sc_hd__buf_4)
    33    0.119740    0.270138    0.647550    9.711536 v fanout260/X (sky130_fd_sc_hd__buf_4)
                                                         net260 (net)
                      0.270162    0.002093    9.713630 v _112_/C (sky130_fd_sc_hd__and3_1)
     1    0.002694    0.064655    0.444770   10.158401 v _112_/X (sky130_fd_sc_hd__and3_1)
                                                         _008_ (net)
                      0.064655    0.000078   10.158479 v _145_/D (sky130_fd_sc_hd__dfrtp_2)
                                             10.158479   data arrival time

                                  0.000000    0.000000   clock clk (rise edge)
                                  5.570000    5.570000   clock source latency
     2    0.031153    0.610000    0.000000    5.570000 ^ clk (in)
                                                         clk (net)
                      0.616650    0.003408    5.573408 ^ wire3/A (sky130_fd_sc_hd__buf_4)
     3    0.045449    0.214376    0.554843    6.128251 ^ wire3/X (sky130_fd_sc_hd__buf_4)
                                                         net274 (net)
                      0.214630    0.006939    6.135190 ^ wire2/A (sky130_fd_sc_hd__buf_6)
     3    0.077803    0.252653    0.385308    6.520498 ^ wire2/X (sky130_fd_sc_hd__buf_6)
                                                         net273 (net)
                      0.254622    0.018381    6.538879 ^ wire1/A (sky130_fd_sc_hd__buf_6)
     3    0.080158    0.259864    0.405164    6.944043 ^ wire1/X (sky130_fd_sc_hd__buf_6)
                                                         net272 (net)
                      0.261982    0.019340    6.963383 ^ clkbuf_0_clk/A (sky130_fd_sc_hd__clkbuf_16)
     9    0.099761    0.176755    0.408460    7.371844 ^ clkbuf_0_clk/X (sky130_fd_sc_hd__clkbuf_16)
                                                         clknet_0_clk (net)
                      0.177372    0.007556    7.379399 ^ clkbuf_2_2__f_clk/A (sky130_fd_sc_hd__clkbuf_16)
    17    0.095466    0.170507    0.365329    7.744729 ^ clkbuf_2_2__f_clk/X (sky130_fd_sc_hd__clkbuf_16)
                                                         clknet_2_2__leaf_clk (net)
                      0.170743    0.005268    7.749996 ^ _145_/CLK (sky130_fd_sc_hd__dfrtp_2)
                                  0.087500    7.837496   clock uncertainty
                                  0.000000    7.837496   clock reconvergence pessimism
                                 -0.063275    7.774221   library hold time
                                              7.774221   data required time
---------------------------------------------------------------------------------------------
                                              7.774221   data required time
                                            -10.158479   data arrival time
---------------------------------------------------------------------------------------------
                                              2.384257   slack (MET)


Startpoint: wbs_adr_i[18] (input port clocked by clk)
Endpoint: _143_ (rising edge-triggered flip-flop clocked by clk)
Path Group: clk
Path Type: min

Fanout         Cap        Slew       Delay        Time   Description
---------------------------------------------------------------------------------------------
                                  0.000000    0.000000   clock clk (rise edge)
                                  4.650000    4.650000   clock network delay (propagated)
                                  0.790000    5.440000 ^ input external delay
     2    0.004555    0.070000    0.000000    5.440000 ^ wbs_adr_i[18] (in)
                                                         wbs_adr_i[18] (net)
                      0.070099    0.000048    5.440049 ^ input88/A (sky130_fd_sc_hd__clkbuf_1)
     1    0.004159    0.095918    0.164432    5.604481 ^ input88/X (sky130_fd_sc_hd__clkbuf_1)
                                                         net88 (net)
                      0.095918    0.000150    5.604631 ^ _045_/D (sky130_fd_sc_hd__or4_2)
     3    0.022934    0.192694    0.304321    5.908952 ^ _045_/X (sky130_fd_sc_hd__or4_2)
                                                         _036_ (net)
                      0.192719    0.002259    5.911211 ^ _048_/B (sky130_fd_sc_hd__nor4_1)
     1    0.007352    0.079433    0.166887    6.078098 v _048_/Y (sky130_fd_sc_hd__nor4_1)
                                                         _039_ (net)
                      0.079433    0.000352    6.078450 v hold4/A (sky130_fd_sc_hd__dlygate4sd3_1)
     1    0.007279    0.148806    1.157585    7.236035 v hold4/X (sky130_fd_sc_hd__dlygate4sd3_1)
                                                         net278 (net)
                      0.148806    0.000339    7.236374 v wire262/A (sky130_fd_sc_hd__buf_2)
     1    0.011191    0.077208    0.294030    7.530404 v wire262/X (sky130_fd_sc_hd__buf_2)
                                                         net262 (net)
                      0.077211    0.000602    7.531006 v hold5/A (sky130_fd_sc_hd__dlygate4sd3_1)
     7    0.056736    0.549274    1.530414    9.061420 v hold5/X (sky130_fd_sc_hd__dlygate4sd3_1)
                                                         net279 (net)
                      0.549338    0.006025    9.067446 v fanout261/A (sky130_fd_sc_hd__buf_4)
    33    0.125088    0.280850    0.650482    9.717928 v fanout261/X (sky130_fd_sc_hd__buf_4)
                                                         net261 (net)
                      0.280859    0.001350    9.719278 v _110_/C (sky130_fd_sc_hd__and3_1)
     1    0.002459    0.062765    0.447445   10.166723 v _110_/X (sky130_fd_sc_hd__and3_1)
                                                         _006_ (net)
                      0.062765    0.000068   10.166790 v _143_/D (sky130_fd_sc_hd__dfrtp_2)
                                             10.166790   data arrival time

                                  0.000000    0.000000   clock clk (rise edge)
                                  5.570000    5.570000   clock source latency
     2    0.031153    0.610000    0.000000    5.570000 ^ clk (in)
                                                         clk (net)
                      0.616650    0.003408    5.573408 ^ wire3/A (sky130_fd_sc_hd__buf_4)
     3    0.045449    0.214376    0.554843    6.128251 ^ wire3/X (sky130_fd_sc_hd__buf_4)
                                                         net274 (net)
                      0.214630    0.006939    6.135190 ^ wire2/A (sky130_fd_sc_hd__buf_6)
     3    0.077803    0.252653    0.385308    6.520498 ^ wire2/X (sky130_fd_sc_hd__buf_6)
                                                         net273 (net)
                      0.254622    0.018381    6.538879 ^ wire1/A (sky130_fd_sc_hd__buf_6)
     3    0.080158    0.259864    0.405164    6.944043 ^ wire1/X (sky130_fd_sc_hd__buf_6)
                                                         net272 (net)
                      0.261982    0.019340    6.963383 ^ clkbuf_0_clk/A (sky130_fd_sc_hd__clkbuf_16)
     9    0.099761    0.176755    0.408460    7.371844 ^ clkbuf_0_clk/X (sky130_fd_sc_hd__clkbuf_16)
                                                         clknet_0_clk (net)
                      0.177503    0.008499    7.380342 ^ clkbuf_2_0__f_clk/A (sky130_fd_sc_hd__clkbuf_16)
    17    0.097615    0.173555    0.367609    7.747951 ^ clkbuf_2_0__f_clk/X (sky130_fd_sc_hd__clkbuf_16)
                                                         clknet_2_0__leaf_clk (net)
                      0.173982    0.007102    7.755053 ^ _143_/CLK (sky130_fd_sc_hd__dfrtp_2)
                                  0.087500    7.842553   clock uncertainty
                                  0.000000    7.842553   clock reconvergence pessimism
                                 -0.061797    7.780756   library hold time
                                              7.780756   data required time
---------------------------------------------------------------------------------------------
                                              7.780756   data required time
                                            -10.166790   data arrival time
---------------------------------------------------------------------------------------------
                                              2.386034   slack (MET)


Startpoint: wbs_adr_i[18] (input port clocked by clk)
Endpoint: _144_ (rising edge-triggered flip-flop clocked by clk)
Path Group: clk
Path Type: min

Fanout         Cap        Slew       Delay        Time   Description
---------------------------------------------------------------------------------------------
                                  0.000000    0.000000   clock clk (rise edge)
                                  4.650000    4.650000   clock network delay (propagated)
                                  0.790000    5.440000 ^ input external delay
     2    0.004555    0.070000    0.000000    5.440000 ^ wbs_adr_i[18] (in)
                                                         wbs_adr_i[18] (net)
                      0.070099    0.000048    5.440049 ^ input88/A (sky130_fd_sc_hd__clkbuf_1)
     1    0.004159    0.095918    0.164432    5.604481 ^ input88/X (sky130_fd_sc_hd__clkbuf_1)
                                                         net88 (net)
                      0.095918    0.000150    5.604631 ^ _045_/D (sky130_fd_sc_hd__or4_2)
     3    0.022934    0.192694    0.304321    5.908952 ^ _045_/X (sky130_fd_sc_hd__or4_2)
                                                         _036_ (net)
                      0.192719    0.002259    5.911211 ^ _048_/B (sky130_fd_sc_hd__nor4_1)
     1    0.007352    0.079433    0.166887    6.078098 v _048_/Y (sky130_fd_sc_hd__nor4_1)
                                                         _039_ (net)
                      0.079433    0.000352    6.078450 v hold4/A (sky130_fd_sc_hd__dlygate4sd3_1)
     1    0.007279    0.148806    1.157585    7.236035 v hold4/X (sky130_fd_sc_hd__dlygate4sd3_1)
                                                         net278 (net)
                      0.148806    0.000339    7.236374 v wire262/A (sky130_fd_sc_hd__buf_2)
     1    0.011191    0.077208    0.294030    7.530404 v wire262/X (sky130_fd_sc_hd__buf_2)
                                                         net262 (net)
                      0.077211    0.000602    7.531006 v hold5/A (sky130_fd_sc_hd__dlygate4sd3_1)
     7    0.056736    0.549274    1.530414    9.061420 v hold5/X (sky130_fd_sc_hd__dlygate4sd3_1)
                                                         net279 (net)
                      0.549277    0.002567    9.063987 v fanout260/A (sky130_fd_sc_hd__buf_4)
    33    0.119740    0.270138    0.647550    9.711536 v fanout260/X (sky130_fd_sc_hd__buf_4)
                                                         net260 (net)
                      0.270169    0.002391    9.713927 v _111_/C (sky130_fd_sc_hd__and3_1)
     1    0.002984    0.067097    0.448127   10.162055 v _111_/X (sky130_fd_sc_hd__and3_1)
                                                         _007_ (net)
                      0.067097    0.000087   10.162142 v _144_/D (sky130_fd_sc_hd__dfrtp_2)
                                             10.162142   data arrival time

                                  0.000000    0.000000   clock clk (rise edge)
                                  5.570000    5.570000   clock source latency
     2    0.031153    0.610000    0.000000    5.570000 ^ clk (in)
                                                         clk (net)
                      0.616650    0.003408    5.573408 ^ wire3/A (sky130_fd_sc_hd__buf_4)
     3    0.045449    0.214376    0.554843    6.128251 ^ wire3/X (sky130_fd_sc_hd__buf_4)
                                                         net274 (net)
                      0.214630    0.006939    6.135190 ^ wire2/A (sky130_fd_sc_hd__buf_6)
     3    0.077803    0.252653    0.385308    6.520498 ^ wire2/X (sky130_fd_sc_hd__buf_6)
                                                         net273 (net)
                      0.254622    0.018381    6.538879 ^ wire1/A (sky130_fd_sc_hd__buf_6)
     3    0.080158    0.259864    0.405164    6.944043 ^ wire1/X (sky130_fd_sc_hd__buf_6)
                                                         net272 (net)
                      0.261982    0.019340    6.963383 ^ clkbuf_0_clk/A (sky130_fd_sc_hd__clkbuf_16)
     9    0.099761    0.176755    0.408460    7.371844 ^ clkbuf_0_clk/X (sky130_fd_sc_hd__clkbuf_16)
                                                         clknet_0_clk (net)
                      0.177372    0.007556    7.379399 ^ clkbuf_2_2__f_clk/A (sky130_fd_sc_hd__clkbuf_16)
    17    0.095466    0.170507    0.365329    7.744729 ^ clkbuf_2_2__f_clk/X (sky130_fd_sc_hd__clkbuf_16)
                                                         clknet_2_2__leaf_clk (net)
                      0.170853    0.006340    7.751069 ^ _144_/CLK (sky130_fd_sc_hd__dfrtp_2)
                                  0.087500    7.838568   clock uncertainty
                                  0.000000    7.838568   clock reconvergence pessimism
                                 -0.064143    7.774426   library hold time
                                              7.774426   data required time
---------------------------------------------------------------------------------------------
                                              7.774426   data required time
                                            -10.162142   data arrival time
---------------------------------------------------------------------------------------------
                                              2.387716   slack (MET)


Startpoint: wbs_adr_i[18] (input port clocked by clk)
Endpoint: _147_ (rising edge-triggered flip-flop clocked by clk)
Path Group: clk
Path Type: min

Fanout         Cap        Slew       Delay        Time   Description
---------------------------------------------------------------------------------------------
                                  0.000000    0.000000   clock clk (rise edge)
                                  4.650000    4.650000   clock network delay (propagated)
                                  0.790000    5.440000 ^ input external delay
     2    0.004555    0.070000    0.000000    5.440000 ^ wbs_adr_i[18] (in)
                                                         wbs_adr_i[18] (net)
                      0.070099    0.000048    5.440049 ^ input88/A (sky130_fd_sc_hd__clkbuf_1)
     1    0.004159    0.095918    0.164432    5.604481 ^ input88/X (sky130_fd_sc_hd__clkbuf_1)
                                                         net88 (net)
                      0.095918    0.000150    5.604631 ^ _045_/D (sky130_fd_sc_hd__or4_2)
     3    0.022934    0.192694    0.304321    5.908952 ^ _045_/X (sky130_fd_sc_hd__or4_2)
                                                         _036_ (net)
                      0.192719    0.002259    5.911211 ^ _048_/B (sky130_fd_sc_hd__nor4_1)
     1    0.007352    0.079433    0.166887    6.078098 v _048_/Y (sky130_fd_sc_hd__nor4_1)
                                                         _039_ (net)
                      0.079433    0.000352    6.078450 v hold4/A (sky130_fd_sc_hd__dlygate4sd3_1)
     1    0.007279    0.148806    1.157585    7.236035 v hold4/X (sky130_fd_sc_hd__dlygate4sd3_1)
                                                         net278 (net)
                      0.148806    0.000339    7.236374 v wire262/A (sky130_fd_sc_hd__buf_2)
     1    0.011191    0.077208    0.294030    7.530404 v wire262/X (sky130_fd_sc_hd__buf_2)
                                                         net262 (net)
                      0.077211    0.000602    7.531006 v hold5/A (sky130_fd_sc_hd__dlygate4sd3_1)
     7    0.056736    0.549274    1.530414    9.061420 v hold5/X (sky130_fd_sc_hd__dlygate4sd3_1)
                                                         net279 (net)
                      0.549277    0.002567    9.063987 v fanout260/A (sky130_fd_sc_hd__buf_4)
    33    0.119740    0.270138    0.647550    9.711536 v fanout260/X (sky130_fd_sc_hd__buf_4)
                                                         net260 (net)
                      0.271016    0.012300    9.723837 v _114_/C (sky130_fd_sc_hd__and3_1)
     1    0.003415    0.070732    0.453525   10.177362 v _114_/X (sky130_fd_sc_hd__and3_1)
                                                         _010_ (net)
                      0.070732    0.000106   10.177468 v _147_/D (sky130_fd_sc_hd__dfrtp_2)
                                             10.177468   data arrival time

                                  0.000000    0.000000   clock clk (rise edge)
                                  5.570000    5.570000   clock source latency
     2    0.031153    0.610000    0.000000    5.570000 ^ clk (in)
                                                         clk (net)
                      0.616650    0.003408    5.573408 ^ wire3/A (sky130_fd_sc_hd__buf_4)
     3    0.045449    0.214376    0.554843    6.128251 ^ wire3/X (sky130_fd_sc_hd__buf_4)
                                                         net274 (net)
                      0.214630    0.006939    6.135190 ^ wire2/A (sky130_fd_sc_hd__buf_6)
     3    0.077803    0.252653    0.385308    6.520498 ^ wire2/X (sky130_fd_sc_hd__buf_6)
                                                         net273 (net)
                      0.254622    0.018381    6.538879 ^ wire1/A (sky130_fd_sc_hd__buf_6)
     3    0.080158    0.259864    0.405164    6.944043 ^ wire1/X (sky130_fd_sc_hd__buf_6)
                                                         net272 (net)
                      0.261982    0.019340    6.963383 ^ clkbuf_0_clk/A (sky130_fd_sc_hd__clkbuf_16)
     9    0.099761    0.176755    0.408460    7.371844 ^ clkbuf_0_clk/X (sky130_fd_sc_hd__clkbuf_16)
                                                         clknet_0_clk (net)
                      0.177372    0.007556    7.379399 ^ clkbuf_2_2__f_clk/A (sky130_fd_sc_hd__clkbuf_16)
    17    0.095466    0.170507    0.365329    7.744729 ^ clkbuf_2_2__f_clk/X (sky130_fd_sc_hd__clkbuf_16)
                                                         clknet_2_2__leaf_clk (net)
                      0.171086    0.008143    7.752872 ^ _147_/CLK (sky130_fd_sc_hd__dfrtp_2)
                                  0.087500    7.840371   clock uncertainty
                                  0.000000    7.840371   clock reconvergence pessimism
                                 -0.065418    7.774953   library hold time
                                              7.774953   data required time
---------------------------------------------------------------------------------------------
                                              7.774953   data required time
                                            -10.177468   data arrival time
---------------------------------------------------------------------------------------------
                                              2.402515   slack (MET)


Startpoint: wbs_adr_i[18] (input port clocked by clk)
Endpoint: _142_ (rising edge-triggered flip-flop clocked by clk)
Path Group: clk
Path Type: min

Fanout         Cap        Slew       Delay        Time   Description
---------------------------------------------------------------------------------------------
                                  0.000000    0.000000   clock clk (rise edge)
                                  4.650000    4.650000   clock network delay (propagated)
                                  0.790000    5.440000 ^ input external delay
     2    0.004555    0.070000    0.000000    5.440000 ^ wbs_adr_i[18] (in)
                                                         wbs_adr_i[18] (net)
                      0.070099    0.000048    5.440049 ^ input88/A (sky130_fd_sc_hd__clkbuf_1)
     1    0.004159    0.095918    0.164432    5.604481 ^ input88/X (sky130_fd_sc_hd__clkbuf_1)
                                                         net88 (net)
                      0.095918    0.000150    5.604631 ^ _045_/D (sky130_fd_sc_hd__or4_2)
     3    0.022934    0.192694    0.304321    5.908952 ^ _045_/X (sky130_fd_sc_hd__or4_2)
                                                         _036_ (net)
                      0.192719    0.002259    5.911211 ^ _048_/B (sky130_fd_sc_hd__nor4_1)
     1    0.007352    0.079433    0.166887    6.078098 v _048_/Y (sky130_fd_sc_hd__nor4_1)
                                                         _039_ (net)
                      0.079433    0.000352    6.078450 v hold4/A (sky130_fd_sc_hd__dlygate4sd3_1)
     1    0.007279    0.148806    1.157585    7.236035 v hold4/X (sky130_fd_sc_hd__dlygate4sd3_1)
                                                         net278 (net)
                      0.148806    0.000339    7.236374 v wire262/A (sky130_fd_sc_hd__buf_2)
     1    0.011191    0.077208    0.294030    7.530404 v wire262/X (sky130_fd_sc_hd__buf_2)
                                                         net262 (net)
                      0.077211    0.000602    7.531006 v hold5/A (sky130_fd_sc_hd__dlygate4sd3_1)
     7    0.056736    0.549274    1.530414    9.061420 v hold5/X (sky130_fd_sc_hd__dlygate4sd3_1)
                                                         net279 (net)
                      0.549338    0.006025    9.067446 v fanout261/A (sky130_fd_sc_hd__buf_4)
    33    0.125088    0.280850    0.650482    9.717928 v fanout261/X (sky130_fd_sc_hd__buf_4)
                                                         net261 (net)
                      0.281248    0.008702    9.726630 v _109_/C (sky130_fd_sc_hd__and3_1)
     1    0.003067    0.067764    0.454657   10.181287 v _109_/X (sky130_fd_sc_hd__and3_1)
                                                         _005_ (net)
                      0.067764    0.000091   10.181377 v _142_/D (sky130_fd_sc_hd__dfrtp_2)
                                             10.181377   data arrival time

                                  0.000000    0.000000   clock clk (rise edge)
                                  5.570000    5.570000   clock source latency
     2    0.031153    0.610000    0.000000    5.570000 ^ clk (in)
                                                         clk (net)
                      0.616650    0.003408    5.573408 ^ wire3/A (sky130_fd_sc_hd__buf_4)
     3    0.045449    0.214376    0.554843    6.128251 ^ wire3/X (sky130_fd_sc_hd__buf_4)
                                                         net274 (net)
                      0.214630    0.006939    6.135190 ^ wire2/A (sky130_fd_sc_hd__buf_6)
     3    0.077803    0.252653    0.385308    6.520498 ^ wire2/X (sky130_fd_sc_hd__buf_6)
                                                         net273 (net)
                      0.254622    0.018381    6.538879 ^ wire1/A (sky130_fd_sc_hd__buf_6)
     3    0.080158    0.259864    0.405164    6.944043 ^ wire1/X (sky130_fd_sc_hd__buf_6)
                                                         net272 (net)
                      0.261982    0.019340    6.963383 ^ clkbuf_0_clk/A (sky130_fd_sc_hd__clkbuf_16)
     9    0.099761    0.176755    0.408460    7.371844 ^ clkbuf_0_clk/X (sky130_fd_sc_hd__clkbuf_16)
                                                         clknet_0_clk (net)
                      0.177503    0.008499    7.380342 ^ clkbuf_2_0__f_clk/A (sky130_fd_sc_hd__clkbuf_16)
    17    0.097615    0.173555    0.367609    7.747951 ^ clkbuf_2_0__f_clk/X (sky130_fd_sc_hd__clkbuf_16)
                                                         clknet_2_0__leaf_clk (net)
                      0.173851    0.005945    7.753896 ^ _142_/CLK (sky130_fd_sc_hd__dfrtp_2)
                                  0.087500    7.841395   clock uncertainty
                                  0.000000    7.841395   clock reconvergence pessimism
                                 -0.063661    7.777735   library hold time
                                              7.777735   data required time
---------------------------------------------------------------------------------------------
                                              7.777735   data required time
                                            -10.181377   data arrival time
---------------------------------------------------------------------------------------------
                                              2.403643   slack (MET)


Startpoint: wbs_adr_i[18] (input port clocked by clk)
Endpoint: _148_ (rising edge-triggered flip-flop clocked by clk)
Path Group: clk
Path Type: min

Fanout         Cap        Slew       Delay        Time   Description
---------------------------------------------------------------------------------------------
                                  0.000000    0.000000   clock clk (rise edge)
                                  4.650000    4.650000   clock network delay (propagated)
                                  0.790000    5.440000 ^ input external delay
     2    0.004555    0.070000    0.000000    5.440000 ^ wbs_adr_i[18] (in)
                                                         wbs_adr_i[18] (net)
                      0.070099    0.000048    5.440049 ^ input88/A (sky130_fd_sc_hd__clkbuf_1)
     1    0.004159    0.095918    0.164432    5.604481 ^ input88/X (sky130_fd_sc_hd__clkbuf_1)
                                                         net88 (net)
                      0.095918    0.000150    5.604631 ^ _045_/D (sky130_fd_sc_hd__or4_2)
     3    0.022934    0.192694    0.304321    5.908952 ^ _045_/X (sky130_fd_sc_hd__or4_2)
                                                         _036_ (net)
                      0.192719    0.002259    5.911211 ^ _048_/B (sky130_fd_sc_hd__nor4_1)
     1    0.007352    0.079433    0.166887    6.078098 v _048_/Y (sky130_fd_sc_hd__nor4_1)
                                                         _039_ (net)
                      0.079433    0.000352    6.078450 v hold4/A (sky130_fd_sc_hd__dlygate4sd3_1)
     1    0.007279    0.148806    1.157585    7.236035 v hold4/X (sky130_fd_sc_hd__dlygate4sd3_1)
                                                         net278 (net)
                      0.148806    0.000339    7.236374 v wire262/A (sky130_fd_sc_hd__buf_2)
     1    0.011191    0.077208    0.294030    7.530404 v wire262/X (sky130_fd_sc_hd__buf_2)
                                                         net262 (net)
                      0.077211    0.000602    7.531006 v hold5/A (sky130_fd_sc_hd__dlygate4sd3_1)
     7    0.056736    0.549274    1.530414    9.061420 v hold5/X (sky130_fd_sc_hd__dlygate4sd3_1)
                                                         net279 (net)
                      0.549277    0.002567    9.063987 v fanout260/A (sky130_fd_sc_hd__buf_4)
    33    0.119740    0.270138    0.647550    9.711536 v fanout260/X (sky130_fd_sc_hd__buf_4)
                                                         net260 (net)
                      0.271533    0.015362    9.726899 v _115_/C (sky130_fd_sc_hd__and3_1)
     1    0.003321    0.069943    0.452699   10.179598 v _115_/X (sky130_fd_sc_hd__and3_1)
                                                         _011_ (net)
                      0.069943    0.000098   10.179695 v _148_/D (sky130_fd_sc_hd__dfrtp_4)
                                             10.179695   data arrival time

                                  0.000000    0.000000   clock clk (rise edge)
                                  5.570000    5.570000   clock source latency
     2    0.031153    0.610000    0.000000    5.570000 ^ clk (in)
                                                         clk (net)
                      0.616650    0.003408    5.573408 ^ wire3/A (sky130_fd_sc_hd__buf_4)
     3    0.045449    0.214376    0.554843    6.128251 ^ wire3/X (sky130_fd_sc_hd__buf_4)
                                                         net274 (net)
                      0.214630    0.006939    6.135190 ^ wire2/A (sky130_fd_sc_hd__buf_6)
     3    0.077803    0.252653    0.385308    6.520498 ^ wire2/X (sky130_fd_sc_hd__buf_6)
                                                         net273 (net)
                      0.254622    0.018381    6.538879 ^ wire1/A (sky130_fd_sc_hd__buf_6)
     3    0.080158    0.259864    0.405164    6.944043 ^ wire1/X (sky130_fd_sc_hd__buf_6)
                                                         net272 (net)
                      0.261982    0.019340    6.963383 ^ clkbuf_0_clk/A (sky130_fd_sc_hd__clkbuf_16)
     9    0.099761    0.176755    0.408460    7.371844 ^ clkbuf_0_clk/X (sky130_fd_sc_hd__clkbuf_16)
                                                         clknet_0_clk (net)
                      0.177372    0.007556    7.379399 ^ clkbuf_2_2__f_clk/A (sky130_fd_sc_hd__clkbuf_16)
    17    0.095466    0.170507    0.365329    7.744729 ^ clkbuf_2_2__f_clk/X (sky130_fd_sc_hd__clkbuf_16)
                                                         clknet_2_2__leaf_clk (net)
                      0.171265    0.009285    7.754014 ^ _148_/CLK (sky130_fd_sc_hd__dfrtp_4)
                                  0.087500    7.841514   clock uncertainty
                                  0.000000    7.841514   clock reconvergence pessimism
                                 -0.066958    7.774555   library hold time
                                              7.774555   data required time
---------------------------------------------------------------------------------------------
                                              7.774555   data required time
                                            -10.179695   data arrival time
---------------------------------------------------------------------------------------------
                                              2.405140   slack (MET)


Startpoint: wbs_adr_i[18] (input port clocked by clk)
Endpoint: _149_ (rising edge-triggered flip-flop clocked by clk)
Path Group: clk
Path Type: min

Fanout         Cap        Slew       Delay        Time   Description
---------------------------------------------------------------------------------------------
                                  0.000000    0.000000   clock clk (rise edge)
                                  4.650000    4.650000   clock network delay (propagated)
                                  0.790000    5.440000 ^ input external delay
     2    0.004555    0.070000    0.000000    5.440000 ^ wbs_adr_i[18] (in)
                                                         wbs_adr_i[18] (net)
                      0.070099    0.000048    5.440049 ^ input88/A (sky130_fd_sc_hd__clkbuf_1)
     1    0.004159    0.095918    0.164432    5.604481 ^ input88/X (sky130_fd_sc_hd__clkbuf_1)
                                                         net88 (net)
                      0.095918    0.000150    5.604631 ^ _045_/D (sky130_fd_sc_hd__or4_2)
     3    0.022934    0.192694    0.304321    5.908952 ^ _045_/X (sky130_fd_sc_hd__or4_2)
                                                         _036_ (net)
                      0.192719    0.002259    5.911211 ^ _048_/B (sky130_fd_sc_hd__nor4_1)
     1    0.007352    0.079433    0.166887    6.078098 v _048_/Y (sky130_fd_sc_hd__nor4_1)
                                                         _039_ (net)
                      0.079433    0.000352    6.078450 v hold4/A (sky130_fd_sc_hd__dlygate4sd3_1)
     1    0.007279    0.148806    1.157585    7.236035 v hold4/X (sky130_fd_sc_hd__dlygate4sd3_1)
                                                         net278 (net)
                      0.148806    0.000339    7.236374 v wire262/A (sky130_fd_sc_hd__buf_2)
     1    0.011191    0.077208    0.294030    7.530404 v wire262/X (sky130_fd_sc_hd__buf_2)
                                                         net262 (net)
                      0.077211    0.000602    7.531006 v hold5/A (sky130_fd_sc_hd__dlygate4sd3_1)
     7    0.056736    0.549274    1.530414    9.061420 v hold5/X (sky130_fd_sc_hd__dlygate4sd3_1)
                                                         net279 (net)
                      0.549277    0.002567    9.063987 v fanout260/A (sky130_fd_sc_hd__buf_4)
    33    0.119740    0.270138    0.647550    9.711536 v fanout260/X (sky130_fd_sc_hd__buf_4)
                                                         net260 (net)
                      0.271754    0.016488    9.728024 v _116_/C (sky130_fd_sc_hd__and3_1)
     1    0.003297    0.069360    0.452530   10.180555 v _116_/X (sky130_fd_sc_hd__and3_1)
                                                         _013_ (net)
                      0.069360    0.000100   10.180655 v _149_/D (sky130_fd_sc_hd__dfrtp_4)
                                             10.180655   data arrival time

                                  0.000000    0.000000   clock clk (rise edge)
                                  5.570000    5.570000   clock source latency
     2    0.031153    0.610000    0.000000    5.570000 ^ clk (in)
                                                         clk (net)
                      0.616650    0.003408    5.573408 ^ wire3/A (sky130_fd_sc_hd__buf_4)
     3    0.045449    0.214376    0.554843    6.128251 ^ wire3/X (sky130_fd_sc_hd__buf_4)
                                                         net274 (net)
                      0.214630    0.006939    6.135190 ^ wire2/A (sky130_fd_sc_hd__buf_6)
     3    0.077803    0.252653    0.385308    6.520498 ^ wire2/X (sky130_fd_sc_hd__buf_6)
                                                         net273 (net)
                      0.254622    0.018381    6.538879 ^ wire1/A (sky130_fd_sc_hd__buf_6)
     3    0.080158    0.259864    0.405164    6.944043 ^ wire1/X (sky130_fd_sc_hd__buf_6)
                                                         net272 (net)
                      0.261982    0.019340    6.963383 ^ clkbuf_0_clk/A (sky130_fd_sc_hd__clkbuf_16)
     9    0.099761    0.176755    0.408460    7.371844 ^ clkbuf_0_clk/X (sky130_fd_sc_hd__clkbuf_16)
                                                         clknet_0_clk (net)
                      0.177372    0.007556    7.379399 ^ clkbuf_2_2__f_clk/A (sky130_fd_sc_hd__clkbuf_16)
    17    0.095466    0.170507    0.365329    7.744729 ^ clkbuf_2_2__f_clk/X (sky130_fd_sc_hd__clkbuf_16)
                                                         clknet_2_2__leaf_clk (net)
                      0.171340    0.009730    7.754458 ^ _149_/CLK (sky130_fd_sc_hd__dfrtp_4)
                                  0.087500    7.841959   clock uncertainty
                                  0.000000    7.841959   clock reconvergence pessimism
                                 -0.066726    7.775232   library hold time
                                              7.775232   data required time
---------------------------------------------------------------------------------------------
                                              7.775232   data required time
                                            -10.180655   data arrival time
---------------------------------------------------------------------------------------------
                                              2.405423   slack (MET)


Startpoint: wbs_adr_i[18] (input port clocked by clk)
Endpoint: _150_ (rising edge-triggered flip-flop clocked by clk)
Path Group: clk
Path Type: min

Fanout         Cap        Slew       Delay        Time   Description
---------------------------------------------------------------------------------------------
                                  0.000000    0.000000   clock clk (rise edge)
                                  4.650000    4.650000   clock network delay (propagated)
                                  0.790000    5.440000 ^ input external delay
     2    0.004555    0.070000    0.000000    5.440000 ^ wbs_adr_i[18] (in)
                                                         wbs_adr_i[18] (net)
                      0.070099    0.000048    5.440049 ^ input88/A (sky130_fd_sc_hd__clkbuf_1)
     1    0.004159    0.095918    0.164432    5.604481 ^ input88/X (sky130_fd_sc_hd__clkbuf_1)
                                                         net88 (net)
                      0.095918    0.000150    5.604631 ^ _045_/D (sky130_fd_sc_hd__or4_2)
     3    0.022934    0.192694    0.304321    5.908952 ^ _045_/X (sky130_fd_sc_hd__or4_2)
                                                         _036_ (net)
                      0.192719    0.002259    5.911211 ^ _048_/B (sky130_fd_sc_hd__nor4_1)
     1    0.007352    0.079433    0.166887    6.078098 v _048_/Y (sky130_fd_sc_hd__nor4_1)
                                                         _039_ (net)
                      0.079433    0.000352    6.078450 v hold4/A (sky130_fd_sc_hd__dlygate4sd3_1)
     1    0.007279    0.148806    1.157585    7.236035 v hold4/X (sky130_fd_sc_hd__dlygate4sd3_1)
                                                         net278 (net)
                      0.148806    0.000339    7.236374 v wire262/A (sky130_fd_sc_hd__buf_2)
     1    0.011191    0.077208    0.294030    7.530404 v wire262/X (sky130_fd_sc_hd__buf_2)
                                                         net262 (net)
                      0.077211    0.000602    7.531006 v hold5/A (sky130_fd_sc_hd__dlygate4sd3_1)
     7    0.056736    0.549274    1.530414    9.061420 v hold5/X (sky130_fd_sc_hd__dlygate4sd3_1)
                                                         net279 (net)
                      0.549277    0.002567    9.063987 v fanout260/A (sky130_fd_sc_hd__buf_4)
    33    0.119740    0.270138    0.647550    9.711536 v fanout260/X (sky130_fd_sc_hd__buf_4)
                                                         net260 (net)
                      0.271881    0.017101    9.728638 v _117_/C (sky130_fd_sc_hd__and3_1)
     1    0.003383    0.070301    0.453593   10.182230 v _117_/X (sky130_fd_sc_hd__and3_1)
                                                         _014_ (net)
                      0.070301    0.000107   10.182337 v _150_/D (sky130_fd_sc_hd__dfrtp_4)
                                             10.182337   data arrival time

                                  0.000000    0.000000   clock clk (rise edge)
                                  5.570000    5.570000   clock source latency
     2    0.031153    0.610000    0.000000    5.570000 ^ clk (in)
                                                         clk (net)
                      0.616650    0.003408    5.573408 ^ wire3/A (sky130_fd_sc_hd__buf_4)
     3    0.045449    0.214376    0.554843    6.128251 ^ wire3/X (sky130_fd_sc_hd__buf_4)
                                                         net274 (net)
                      0.214630    0.006939    6.135190 ^ wire2/A (sky130_fd_sc_hd__buf_6)
     3    0.077803    0.252653    0.385308    6.520498 ^ wire2/X (sky130_fd_sc_hd__buf_6)
                                                         net273 (net)
                      0.254622    0.018381    6.538879 ^ wire1/A (sky130_fd_sc_hd__buf_6)
     3    0.080158    0.259864    0.405164    6.944043 ^ wire1/X (sky130_fd_sc_hd__buf_6)
                                                         net272 (net)
                      0.261982    0.019340    6.963383 ^ clkbuf_0_clk/A (sky130_fd_sc_hd__clkbuf_16)
     9    0.099761    0.176755    0.408460    7.371844 ^ clkbuf_0_clk/X (sky130_fd_sc_hd__clkbuf_16)
                                                         clknet_0_clk (net)
                      0.177372    0.007556    7.379399 ^ clkbuf_2_2__f_clk/A (sky130_fd_sc_hd__clkbuf_16)
    17    0.095466    0.170507    0.365329    7.744729 ^ clkbuf_2_2__f_clk/X (sky130_fd_sc_hd__clkbuf_16)
                                                         clknet_2_2__leaf_clk (net)
                      0.171393    0.010026    7.754755 ^ _150_/CLK (sky130_fd_sc_hd__dfrtp_4)
                                  0.087500    7.842254   clock uncertainty
                                  0.000000    7.842254   clock reconvergence pessimism
                                 -0.067059    7.775196   library hold time
                                              7.775196   data required time
---------------------------------------------------------------------------------------------
                                              7.775196   data required time
                                            -10.182337   data arrival time
---------------------------------------------------------------------------------------------
                                              2.407141   slack (MET)


Startpoint: wbs_adr_i[18] (input port clocked by clk)
Endpoint: _141_ (rising edge-triggered flip-flop clocked by clk)
Path Group: clk
Path Type: min

Fanout         Cap        Slew       Delay        Time   Description
---------------------------------------------------------------------------------------------
                                  0.000000    0.000000   clock clk (rise edge)
                                  4.650000    4.650000   clock network delay (propagated)
                                  0.790000    5.440000 ^ input external delay
     2    0.004555    0.070000    0.000000    5.440000 ^ wbs_adr_i[18] (in)
                                                         wbs_adr_i[18] (net)
                      0.070099    0.000048    5.440049 ^ input88/A (sky130_fd_sc_hd__clkbuf_1)
     1    0.004159    0.095918    0.164432    5.604481 ^ input88/X (sky130_fd_sc_hd__clkbuf_1)
                                                         net88 (net)
                      0.095918    0.000150    5.604631 ^ _045_/D (sky130_fd_sc_hd__or4_2)
     3    0.022934    0.192694    0.304321    5.908952 ^ _045_/X (sky130_fd_sc_hd__or4_2)
                                                         _036_ (net)
                      0.192719    0.002259    5.911211 ^ _048_/B (sky130_fd_sc_hd__nor4_1)
     1    0.007352    0.079433    0.166887    6.078098 v _048_/Y (sky130_fd_sc_hd__nor4_1)
                                                         _039_ (net)
                      0.079433    0.000352    6.078450 v hold4/A (sky130_fd_sc_hd__dlygate4sd3_1)
     1    0.007279    0.148806    1.157585    7.236035 v hold4/X (sky130_fd_sc_hd__dlygate4sd3_1)
                                                         net278 (net)
                      0.148806    0.000339    7.236374 v wire262/A (sky130_fd_sc_hd__buf_2)
     1    0.011191    0.077208    0.294030    7.530404 v wire262/X (sky130_fd_sc_hd__buf_2)
                                                         net262 (net)
                      0.077211    0.000602    7.531006 v hold5/A (sky130_fd_sc_hd__dlygate4sd3_1)
     7    0.056736    0.549274    1.530414    9.061420 v hold5/X (sky130_fd_sc_hd__dlygate4sd3_1)
                                                         net279 (net)
                      0.549338    0.006025    9.067446 v fanout261/A (sky130_fd_sc_hd__buf_4)
    33    0.125088    0.280850    0.650482    9.717928 v fanout261/X (sky130_fd_sc_hd__buf_4)
                                                         net261 (net)
                      0.282079    0.014936    9.732864 v _108_/C (sky130_fd_sc_hd__and3_1)
     1    0.003013    0.067533    0.454449   10.187313 v _108_/X (sky130_fd_sc_hd__and3_1)
                                                         _004_ (net)
                      0.067533    0.000091   10.187404 v _141_/D (sky130_fd_sc_hd__dfrtp_2)
                                             10.187404   data arrival time

                                  0.000000    0.000000   clock clk (rise edge)
                                  5.570000    5.570000   clock source latency
     2    0.031153    0.610000    0.000000    5.570000 ^ clk (in)
                                                         clk (net)
                      0.616650    0.003408    5.573408 ^ wire3/A (sky130_fd_sc_hd__buf_4)
     3    0.045449    0.214376    0.554843    6.128251 ^ wire3/X (sky130_fd_sc_hd__buf_4)
                                                         net274 (net)
                      0.214630    0.006939    6.135190 ^ wire2/A (sky130_fd_sc_hd__buf_6)
     3    0.077803    0.252653    0.385308    6.520498 ^ wire2/X (sky130_fd_sc_hd__buf_6)
                                                         net273 (net)
                      0.254622    0.018381    6.538879 ^ wire1/A (sky130_fd_sc_hd__buf_6)
     3    0.080158    0.259864    0.405164    6.944043 ^ wire1/X (sky130_fd_sc_hd__buf_6)
                                                         net272 (net)
                      0.261982    0.019340    6.963383 ^ clkbuf_0_clk/A (sky130_fd_sc_hd__clkbuf_16)
     9    0.099761    0.176755    0.408460    7.371844 ^ clkbuf_0_clk/X (sky130_fd_sc_hd__clkbuf_16)
                                                         clknet_0_clk (net)
                      0.177503    0.008499    7.380342 ^ clkbuf_2_0__f_clk/A (sky130_fd_sc_hd__clkbuf_16)
    17    0.097615    0.173555    0.367609    7.747951 ^ clkbuf_2_0__f_clk/X (sky130_fd_sc_hd__clkbuf_16)
                                                         clknet_2_0__leaf_clk (net)
                      0.173713    0.004383    7.752334 ^ _141_/CLK (sky130_fd_sc_hd__dfrtp_2)
                                  0.087500    7.839834   clock uncertainty
                                  0.000000    7.839834   clock reconvergence pessimism
                                 -0.063610    7.776224   library hold time
                                              7.776224   data required time
---------------------------------------------------------------------------------------------
                                              7.776224   data required time
                                            -10.187404   data arrival time
---------------------------------------------------------------------------------------------
                                              2.411180   slack (MET)


Startpoint: wbs_adr_i[18] (input port clocked by clk)
Endpoint: _159_ (rising edge-triggered flip-flop clocked by clk)
Path Group: clk
Path Type: min

Fanout         Cap        Slew       Delay        Time   Description
---------------------------------------------------------------------------------------------
                                  0.000000    0.000000   clock clk (rise edge)
                                  4.650000    4.650000   clock network delay (propagated)
                                  0.790000    5.440000 ^ input external delay
     2    0.004555    0.070000    0.000000    5.440000 ^ wbs_adr_i[18] (in)
                                                         wbs_adr_i[18] (net)
                      0.070099    0.000048    5.440049 ^ input88/A (sky130_fd_sc_hd__clkbuf_1)
     1    0.004159    0.095918    0.164432    5.604481 ^ input88/X (sky130_fd_sc_hd__clkbuf_1)
                                                         net88 (net)
                      0.095918    0.000150    5.604631 ^ _045_/D (sky130_fd_sc_hd__or4_2)
     3    0.022934    0.192694    0.304321    5.908952 ^ _045_/X (sky130_fd_sc_hd__or4_2)
                                                         _036_ (net)
                      0.192719    0.002259    5.911211 ^ _048_/B (sky130_fd_sc_hd__nor4_1)
     1    0.007352    0.079433    0.166887    6.078098 v _048_/Y (sky130_fd_sc_hd__nor4_1)
                                                         _039_ (net)
                      0.079433    0.000352    6.078450 v hold4/A (sky130_fd_sc_hd__dlygate4sd3_1)
     1    0.007279    0.148806    1.157585    7.236035 v hold4/X (sky130_fd_sc_hd__dlygate4sd3_1)
                                                         net278 (net)
                      0.148806    0.000339    7.236374 v wire262/A (sky130_fd_sc_hd__buf_2)
     1    0.011191    0.077208    0.294030    7.530404 v wire262/X (sky130_fd_sc_hd__buf_2)
                                                         net262 (net)
                      0.077211    0.000602    7.531006 v hold5/A (sky130_fd_sc_hd__dlygate4sd3_1)
     7    0.056736    0.549274    1.530414    9.061420 v hold5/X (sky130_fd_sc_hd__dlygate4sd3_1)
                                                         net279 (net)
                      0.549277    0.002567    9.063987 v fanout260/A (sky130_fd_sc_hd__buf_4)
    33    0.119740    0.270138    0.647550    9.711536 v fanout260/X (sky130_fd_sc_hd__buf_4)
                                                         net260 (net)
                      0.272066    0.017952    9.729488 v _126_/C (sky130_fd_sc_hd__and3_1)
     1    0.003826    0.074050    0.458805   10.188293 v _126_/X (sky130_fd_sc_hd__and3_1)
                                                         _024_ (net)
                      0.074050    0.000118   10.188412 v _159_/D (sky130_fd_sc_hd__dfrtp_4)
                                             10.188412   data arrival time

                                  0.000000    0.000000   clock clk (rise edge)
                                  5.570000    5.570000   clock source latency
     2    0.031153    0.610000    0.000000    5.570000 ^ clk (in)
                                                         clk (net)
                      0.616650    0.003408    5.573408 ^ wire3/A (sky130_fd_sc_hd__buf_4)
     3    0.045449    0.214376    0.554843    6.128251 ^ wire3/X (sky130_fd_sc_hd__buf_4)
                                                         net274 (net)
                      0.214630    0.006939    6.135190 ^ wire2/A (sky130_fd_sc_hd__buf_6)
     3    0.077803    0.252653    0.385308    6.520498 ^ wire2/X (sky130_fd_sc_hd__buf_6)
                                                         net273 (net)
                      0.254622    0.018381    6.538879 ^ wire1/A (sky130_fd_sc_hd__buf_6)
     3    0.080158    0.259864    0.405164    6.944043 ^ wire1/X (sky130_fd_sc_hd__buf_6)
                                                         net272 (net)
                      0.261982    0.019340    6.963383 ^ clkbuf_0_clk/A (sky130_fd_sc_hd__clkbuf_16)
     9    0.099761    0.176755    0.408460    7.371844 ^ clkbuf_0_clk/X (sky130_fd_sc_hd__clkbuf_16)
                                                         clknet_0_clk (net)
                      0.177372    0.007556    7.379399 ^ clkbuf_2_2__f_clk/A (sky130_fd_sc_hd__clkbuf_16)
    17    0.095466    0.170507    0.365329    7.744729 ^ clkbuf_2_2__f_clk/X (sky130_fd_sc_hd__clkbuf_16)
                                                         clknet_2_2__leaf_clk (net)
                      0.171432    0.010242    7.754970 ^ _159_/CLK (sky130_fd_sc_hd__dfrtp_4)
                                  0.087500    7.842470   clock uncertainty
                                  0.000000    7.842470   clock reconvergence pessimism
                                 -0.068426    7.774045   library hold time
                                              7.774045   data required time
---------------------------------------------------------------------------------------------
                                              7.774045   data required time
                                            -10.188412   data arrival time
---------------------------------------------------------------------------------------------
                                              2.414366   slack (MET)


Startpoint: wbs_adr_i[18] (input port clocked by clk)
Endpoint: _136_ (rising edge-triggered flip-flop clocked by clk)
Path Group: clk
Path Type: min

Fanout         Cap        Slew       Delay        Time   Description
---------------------------------------------------------------------------------------------
                                  0.000000    0.000000   clock clk (rise edge)
                                  4.650000    4.650000   clock network delay (propagated)
                                  0.790000    5.440000 ^ input external delay
     2    0.004555    0.070000    0.000000    5.440000 ^ wbs_adr_i[18] (in)
                                                         wbs_adr_i[18] (net)
                      0.070099    0.000048    5.440049 ^ input88/A (sky130_fd_sc_hd__clkbuf_1)
     1    0.004159    0.095918    0.164432    5.604481 ^ input88/X (sky130_fd_sc_hd__clkbuf_1)
                                                         net88 (net)
                      0.095918    0.000150    5.604631 ^ _045_/D (sky130_fd_sc_hd__or4_2)
     3    0.022934    0.192694    0.304321    5.908952 ^ _045_/X (sky130_fd_sc_hd__or4_2)
                                                         _036_ (net)
                      0.192719    0.002259    5.911211 ^ _048_/B (sky130_fd_sc_hd__nor4_1)
     1    0.007352    0.079433    0.166887    6.078098 v _048_/Y (sky130_fd_sc_hd__nor4_1)
                                                         _039_ (net)
                      0.079433    0.000352    6.078450 v hold4/A (sky130_fd_sc_hd__dlygate4sd3_1)
     1    0.007279    0.148806    1.157585    7.236035 v hold4/X (sky130_fd_sc_hd__dlygate4sd3_1)
                                                         net278 (net)
                      0.148806    0.000339    7.236374 v wire262/A (sky130_fd_sc_hd__buf_2)
     1    0.011191    0.077208    0.294030    7.530404 v wire262/X (sky130_fd_sc_hd__buf_2)
                                                         net262 (net)
                      0.077211    0.000602    7.531006 v hold5/A (sky130_fd_sc_hd__dlygate4sd3_1)
     7    0.056736    0.549274    1.530414    9.061420 v hold5/X (sky130_fd_sc_hd__dlygate4sd3_1)
                                                         net279 (net)
                      0.549338    0.006025    9.067446 v fanout261/A (sky130_fd_sc_hd__buf_4)
    33    0.125088    0.280850    0.650482    9.717928 v fanout261/X (sky130_fd_sc_hd__buf_4)
                                                         net261 (net)
                      0.285083    0.026899    9.744827 v _103_/C (sky130_fd_sc_hd__and3_1)
     1    0.002616    0.064101    0.451379   10.196207 v _103_/X (sky130_fd_sc_hd__and3_1)
                                                         _030_ (net)
                      0.064101    0.000075   10.196281 v _136_/D (sky130_fd_sc_hd__dfrtp_4)
                                             10.196281   data arrival time

                                  0.000000    0.000000   clock clk (rise edge)
                                  5.570000    5.570000   clock source latency
     2    0.031153    0.610000    0.000000    5.570000 ^ clk (in)
                                                         clk (net)
                      0.616650    0.003408    5.573408 ^ wire3/A (sky130_fd_sc_hd__buf_4)
     3    0.045449    0.214376    0.554843    6.128251 ^ wire3/X (sky130_fd_sc_hd__buf_4)
                                                         net274 (net)
                      0.214630    0.006939    6.135190 ^ wire2/A (sky130_fd_sc_hd__buf_6)
     3    0.077803    0.252653    0.385308    6.520498 ^ wire2/X (sky130_fd_sc_hd__buf_6)
                                                         net273 (net)
                      0.254622    0.018381    6.538879 ^ wire1/A (sky130_fd_sc_hd__buf_6)
     3    0.080158    0.259864    0.405164    6.944043 ^ wire1/X (sky130_fd_sc_hd__buf_6)
                                                         net272 (net)
                      0.261982    0.019340    6.963383 ^ clkbuf_0_clk/A (sky130_fd_sc_hd__clkbuf_16)
     9    0.099761    0.176755    0.408460    7.371844 ^ clkbuf_0_clk/X (sky130_fd_sc_hd__clkbuf_16)
                                                         clknet_0_clk (net)
                      0.177503    0.008499    7.380342 ^ clkbuf_2_0__f_clk/A (sky130_fd_sc_hd__clkbuf_16)
    17    0.097615    0.173555    0.367609    7.747951 ^ clkbuf_2_0__f_clk/X (sky130_fd_sc_hd__clkbuf_16)
                                                         clknet_2_0__leaf_clk (net)
                      0.174504    0.010477    7.758428 ^ _136_/CLK (sky130_fd_sc_hd__dfrtp_4)
                                  0.087500    7.845928   clock uncertainty
                                  0.000000    7.845928   clock reconvergence pessimism
                                 -0.064028    7.781900   library hold time
                                              7.781900   data required time
---------------------------------------------------------------------------------------------
                                              7.781900   data required time
                                            -10.196281   data arrival time
---------------------------------------------------------------------------------------------
                                              2.414382   slack (MET)


Startpoint: wbs_adr_i[18] (input port clocked by clk)
Endpoint: _135_ (rising edge-triggered flip-flop clocked by clk)
Path Group: clk
Path Type: min

Fanout         Cap        Slew       Delay        Time   Description
---------------------------------------------------------------------------------------------
                                  0.000000    0.000000   clock clk (rise edge)
                                  4.650000    4.650000   clock network delay (propagated)
                                  0.790000    5.440000 ^ input external delay
     2    0.004555    0.070000    0.000000    5.440000 ^ wbs_adr_i[18] (in)
                                                         wbs_adr_i[18] (net)
                      0.070099    0.000048    5.440049 ^ input88/A (sky130_fd_sc_hd__clkbuf_1)
     1    0.004159    0.095918    0.164432    5.604481 ^ input88/X (sky130_fd_sc_hd__clkbuf_1)
                                                         net88 (net)
                      0.095918    0.000150    5.604631 ^ _045_/D (sky130_fd_sc_hd__or4_2)
     3    0.022934    0.192694    0.304321    5.908952 ^ _045_/X (sky130_fd_sc_hd__or4_2)
                                                         _036_ (net)
                      0.192719    0.002259    5.911211 ^ _048_/B (sky130_fd_sc_hd__nor4_1)
     1    0.007352    0.079433    0.166887    6.078098 v _048_/Y (sky130_fd_sc_hd__nor4_1)
                                                         _039_ (net)
                      0.079433    0.000352    6.078450 v hold4/A (sky130_fd_sc_hd__dlygate4sd3_1)
     1    0.007279    0.148806    1.157585    7.236035 v hold4/X (sky130_fd_sc_hd__dlygate4sd3_1)
                                                         net278 (net)
                      0.148806    0.000339    7.236374 v wire262/A (sky130_fd_sc_hd__buf_2)
     1    0.011191    0.077208    0.294030    7.530404 v wire262/X (sky130_fd_sc_hd__buf_2)
                                                         net262 (net)
                      0.077211    0.000602    7.531006 v hold5/A (sky130_fd_sc_hd__dlygate4sd3_1)
     7    0.056736    0.549274    1.530414    9.061420 v hold5/X (sky130_fd_sc_hd__dlygate4sd3_1)
                                                         net279 (net)
                      0.549338    0.006025    9.067446 v fanout261/A (sky130_fd_sc_hd__buf_4)
    33    0.125088    0.280850    0.650482    9.717928 v fanout261/X (sky130_fd_sc_hd__buf_4)
                                                         net261 (net)
                      0.284615    0.025426    9.743354 v _102_/C (sky130_fd_sc_hd__and3_1)
     1    0.002733    0.064765    0.452492   10.195847 v _102_/X (sky130_fd_sc_hd__and3_1)
                                                         _029_ (net)
                      0.064765    0.000078   10.195925 v _135_/D (sky130_fd_sc_hd__dfrtp_4)
                                             10.195925   data arrival time

                                  0.000000    0.000000   clock clk (rise edge)
                                  5.570000    5.570000   clock source latency
     2    0.031153    0.610000    0.000000    5.570000 ^ clk (in)
                                                         clk (net)
                      0.616650    0.003408    5.573408 ^ wire3/A (sky130_fd_sc_hd__buf_4)
     3    0.045449    0.214376    0.554843    6.128251 ^ wire3/X (sky130_fd_sc_hd__buf_4)
                                                         net274 (net)
                      0.214630    0.006939    6.135190 ^ wire2/A (sky130_fd_sc_hd__buf_6)
     3    0.077803    0.252653    0.385308    6.520498 ^ wire2/X (sky130_fd_sc_hd__buf_6)
                                                         net273 (net)
                      0.254622    0.018381    6.538879 ^ wire1/A (sky130_fd_sc_hd__buf_6)
     3    0.080158    0.259864    0.405164    6.944043 ^ wire1/X (sky130_fd_sc_hd__buf_6)
                                                         net272 (net)
                      0.261982    0.019340    6.963383 ^ clkbuf_0_clk/A (sky130_fd_sc_hd__clkbuf_16)
     9    0.099761    0.176755    0.408460    7.371844 ^ clkbuf_0_clk/X (sky130_fd_sc_hd__clkbuf_16)
                                                         clknet_0_clk (net)
                      0.177503    0.008499    7.380342 ^ clkbuf_2_0__f_clk/A (sky130_fd_sc_hd__clkbuf_16)
    17    0.097615    0.173555    0.367609    7.747951 ^ clkbuf_2_0__f_clk/X (sky130_fd_sc_hd__clkbuf_16)
                                                         clknet_2_0__leaf_clk (net)
                      0.174367    0.009705    7.757656 ^ _135_/CLK (sky130_fd_sc_hd__dfrtp_4)
                                  0.087500    7.845156   clock uncertainty
                                  0.000000    7.845156   clock reconvergence pessimism
                                 -0.064305    7.780851   library hold time
                                              7.780851   data required time
---------------------------------------------------------------------------------------------
                                              7.780851   data required time
                                            -10.195925   data arrival time
---------------------------------------------------------------------------------------------
                                              2.415074   slack (MET)


Startpoint: wbs_adr_i[18] (input port clocked by clk)
Endpoint: _137_ (rising edge-triggered flip-flop clocked by clk)
Path Group: clk
Path Type: min

Fanout         Cap        Slew       Delay        Time   Description
---------------------------------------------------------------------------------------------
                                  0.000000    0.000000   clock clk (rise edge)
                                  4.650000    4.650000   clock network delay (propagated)
                                  0.790000    5.440000 ^ input external delay
     2    0.004555    0.070000    0.000000    5.440000 ^ wbs_adr_i[18] (in)
                                                         wbs_adr_i[18] (net)
                      0.070099    0.000048    5.440049 ^ input88/A (sky130_fd_sc_hd__clkbuf_1)
     1    0.004159    0.095918    0.164432    5.604481 ^ input88/X (sky130_fd_sc_hd__clkbuf_1)
                                                         net88 (net)
                      0.095918    0.000150    5.604631 ^ _045_/D (sky130_fd_sc_hd__or4_2)
     3    0.022934    0.192694    0.304321    5.908952 ^ _045_/X (sky130_fd_sc_hd__or4_2)
                                                         _036_ (net)
                      0.192719    0.002259    5.911211 ^ _048_/B (sky130_fd_sc_hd__nor4_1)
     1    0.007352    0.079433    0.166887    6.078098 v _048_/Y (sky130_fd_sc_hd__nor4_1)
                                                         _039_ (net)
                      0.079433    0.000352    6.078450 v hold4/A (sky130_fd_sc_hd__dlygate4sd3_1)
     1    0.007279    0.148806    1.157585    7.236035 v hold4/X (sky130_fd_sc_hd__dlygate4sd3_1)
                                                         net278 (net)
                      0.148806    0.000339    7.236374 v wire262/A (sky130_fd_sc_hd__buf_2)
     1    0.011191    0.077208    0.294030    7.530404 v wire262/X (sky130_fd_sc_hd__buf_2)
                                                         net262 (net)
                      0.077211    0.000602    7.531006 v hold5/A (sky130_fd_sc_hd__dlygate4sd3_1)
     7    0.056736    0.549274    1.530414    9.061420 v hold5/X (sky130_fd_sc_hd__dlygate4sd3_1)
                                                         net279 (net)
                      0.549338    0.006025    9.067446 v fanout261/A (sky130_fd_sc_hd__buf_4)
    33    0.125088    0.280850    0.650482    9.717928 v fanout261/X (sky130_fd_sc_hd__buf_4)
                                                         net261 (net)
                      0.284965    0.026534    9.744462 v _104_/C (sky130_fd_sc_hd__and3_1)
     1    0.002901    0.066475    0.454615   10.199078 v _104_/X (sky130_fd_sc_hd__and3_1)
                                                         _031_ (net)
                      0.066475    0.000082   10.199159 v _137_/D (sky130_fd_sc_hd__dfrtp_4)
                                             10.199159   data arrival time

                                  0.000000    0.000000   clock clk (rise edge)
                                  5.570000    5.570000   clock source latency
     2    0.031153    0.610000    0.000000    5.570000 ^ clk (in)
                                                         clk (net)
                      0.616650    0.003408    5.573408 ^ wire3/A (sky130_fd_sc_hd__buf_4)
     3    0.045449    0.214376    0.554843    6.128251 ^ wire3/X (sky130_fd_sc_hd__buf_4)
                                                         net274 (net)
                      0.214630    0.006939    6.135190 ^ wire2/A (sky130_fd_sc_hd__buf_6)
     3    0.077803    0.252653    0.385308    6.520498 ^ wire2/X (sky130_fd_sc_hd__buf_6)
                                                         net273 (net)
                      0.254622    0.018381    6.538879 ^ wire1/A (sky130_fd_sc_hd__buf_6)
     3    0.080158    0.259864    0.405164    6.944043 ^ wire1/X (sky130_fd_sc_hd__buf_6)
                                                         net272 (net)
                      0.261982    0.019340    6.963383 ^ clkbuf_0_clk/A (sky130_fd_sc_hd__clkbuf_16)
     9    0.099761    0.176755    0.408460    7.371844 ^ clkbuf_0_clk/X (sky130_fd_sc_hd__clkbuf_16)
                                                         clknet_0_clk (net)
                      0.177503    0.008499    7.380342 ^ clkbuf_2_0__f_clk/A (sky130_fd_sc_hd__clkbuf_16)
    17    0.097615    0.173555    0.367609    7.747951 ^ clkbuf_2_0__f_clk/X (sky130_fd_sc_hd__clkbuf_16)
                                                         clknet_2_0__leaf_clk (net)
                      0.174461    0.010242    7.758193 ^ _137_/CLK (sky130_fd_sc_hd__dfrtp_4)
                                  0.087500    7.845693   clock uncertainty
                                  0.000000    7.845693   clock reconvergence pessimism
                                 -0.064910    7.780783   library hold time
                                              7.780783   data required time
---------------------------------------------------------------------------------------------
                                              7.780783   data required time
                                            -10.199159   data arrival time
---------------------------------------------------------------------------------------------
                                              2.418376   slack (MET)


Startpoint: wbs_adr_i[18] (input port clocked by clk)
Endpoint: _140_ (rising edge-triggered flip-flop clocked by clk)
Path Group: clk
Path Type: min

Fanout         Cap        Slew       Delay        Time   Description
---------------------------------------------------------------------------------------------
                                  0.000000    0.000000   clock clk (rise edge)
                                  4.650000    4.650000   clock network delay (propagated)
                                  0.790000    5.440000 ^ input external delay
     2    0.004555    0.070000    0.000000    5.440000 ^ wbs_adr_i[18] (in)
                                                         wbs_adr_i[18] (net)
                      0.070099    0.000048    5.440049 ^ input88/A (sky130_fd_sc_hd__clkbuf_1)
     1    0.004159    0.095918    0.164432    5.604481 ^ input88/X (sky130_fd_sc_hd__clkbuf_1)
                                                         net88 (net)
                      0.095918    0.000150    5.604631 ^ _045_/D (sky130_fd_sc_hd__or4_2)
     3    0.022934    0.192694    0.304321    5.908952 ^ _045_/X (sky130_fd_sc_hd__or4_2)
                                                         _036_ (net)
                      0.192719    0.002259    5.911211 ^ _048_/B (sky130_fd_sc_hd__nor4_1)
     1    0.007352    0.079433    0.166887    6.078098 v _048_/Y (sky130_fd_sc_hd__nor4_1)
                                                         _039_ (net)
                      0.079433    0.000352    6.078450 v hold4/A (sky130_fd_sc_hd__dlygate4sd3_1)
     1    0.007279    0.148806    1.157585    7.236035 v hold4/X (sky130_fd_sc_hd__dlygate4sd3_1)
                                                         net278 (net)
                      0.148806    0.000339    7.236374 v wire262/A (sky130_fd_sc_hd__buf_2)
     1    0.011191    0.077208    0.294030    7.530404 v wire262/X (sky130_fd_sc_hd__buf_2)
                                                         net262 (net)
                      0.077211    0.000602    7.531006 v hold5/A (sky130_fd_sc_hd__dlygate4sd3_1)
     7    0.056736    0.549274    1.530414    9.061420 v hold5/X (sky130_fd_sc_hd__dlygate4sd3_1)
                                                         net279 (net)
                      0.549338    0.006025    9.067446 v fanout261/A (sky130_fd_sc_hd__buf_4)
    33    0.125088    0.280850    0.650482    9.717928 v fanout261/X (sky130_fd_sc_hd__buf_4)
                                                         net261 (net)
                      0.283506    0.021525    9.739453 v _107_/C (sky130_fd_sc_hd__and3_1)
     1    0.002153    0.060627    0.445240   10.184693 v _107_/X (sky130_fd_sc_hd__and3_1)
                                                         _003_ (net)
                      0.060627    0.000060   10.184752 v _140_/D (sky130_fd_sc_hd__dfrtp_2)
                                             10.184752   data arrival time

                                  0.000000    0.000000   clock clk (rise edge)
                                  5.570000    5.570000   clock source latency
     2    0.031153    0.610000    0.000000    5.570000 ^ clk (in)
                                                         clk (net)
                      0.616650    0.003408    5.573408 ^ wire3/A (sky130_fd_sc_hd__buf_4)
     3    0.045449    0.214376    0.554843    6.128251 ^ wire3/X (sky130_fd_sc_hd__buf_4)
                                                         net274 (net)
                      0.214630    0.006939    6.135190 ^ wire2/A (sky130_fd_sc_hd__buf_6)
     3    0.077803    0.252653    0.385308    6.520498 ^ wire2/X (sky130_fd_sc_hd__buf_6)
                                                         net273 (net)
                      0.254622    0.018381    6.538879 ^ wire1/A (sky130_fd_sc_hd__buf_6)
     3    0.080158    0.259864    0.405164    6.944043 ^ wire1/X (sky130_fd_sc_hd__buf_6)
                                                         net272 (net)
                      0.261982    0.019340    6.963383 ^ clkbuf_0_clk/A (sky130_fd_sc_hd__clkbuf_16)
     9    0.099761    0.176755    0.408460    7.371844 ^ clkbuf_0_clk/X (sky130_fd_sc_hd__clkbuf_16)
                                                         clknet_0_clk (net)
                      0.177484    0.008366    7.380209 ^ clkbuf_2_1__f_clk/A (sky130_fd_sc_hd__clkbuf_16)
    21    0.085197    0.156039    0.352188    7.732398 ^ clkbuf_2_1__f_clk/X (sky130_fd_sc_hd__clkbuf_16)
                                                         clknet_2_1__leaf_clk (net)
                      0.156897    0.009400    7.741797 ^ _140_/CLK (sky130_fd_sc_hd__dfrtp_2)
                                  0.087500    7.829298   clock uncertainty
                                  0.000000    7.829298   clock reconvergence pessimism
                                 -0.065155    7.764143   library hold time
                                              7.764143   data required time
---------------------------------------------------------------------------------------------
                                              7.764143   data required time
                                            -10.184752   data arrival time
---------------------------------------------------------------------------------------------
                                              2.420610   slack (MET)


Startpoint: wbs_adr_i[18] (input port clocked by clk)
Endpoint: _134_ (rising edge-triggered flip-flop clocked by clk)
Path Group: clk
Path Type: min

Fanout         Cap        Slew       Delay        Time   Description
---------------------------------------------------------------------------------------------
                                  0.000000    0.000000   clock clk (rise edge)
                                  4.650000    4.650000   clock network delay (propagated)
                                  0.790000    5.440000 ^ input external delay
     2    0.004555    0.070000    0.000000    5.440000 ^ wbs_adr_i[18] (in)
                                                         wbs_adr_i[18] (net)
                      0.070099    0.000048    5.440049 ^ input88/A (sky130_fd_sc_hd__clkbuf_1)
     1    0.004159    0.095918    0.164432    5.604481 ^ input88/X (sky130_fd_sc_hd__clkbuf_1)
                                                         net88 (net)
                      0.095918    0.000150    5.604631 ^ _045_/D (sky130_fd_sc_hd__or4_2)
     3    0.022934    0.192694    0.304321    5.908952 ^ _045_/X (sky130_fd_sc_hd__or4_2)
                                                         _036_ (net)
                      0.192719    0.002259    5.911211 ^ _048_/B (sky130_fd_sc_hd__nor4_1)
     1    0.007352    0.079433    0.166887    6.078098 v _048_/Y (sky130_fd_sc_hd__nor4_1)
                                                         _039_ (net)
                      0.079433    0.000352    6.078450 v hold4/A (sky130_fd_sc_hd__dlygate4sd3_1)
     1    0.007279    0.148806    1.157585    7.236035 v hold4/X (sky130_fd_sc_hd__dlygate4sd3_1)
                                                         net278 (net)
                      0.148806    0.000339    7.236374 v wire262/A (sky130_fd_sc_hd__buf_2)
     1    0.011191    0.077208    0.294030    7.530404 v wire262/X (sky130_fd_sc_hd__buf_2)
                                                         net262 (net)
                      0.077211    0.000602    7.531006 v hold5/A (sky130_fd_sc_hd__dlygate4sd3_1)
     7    0.056736    0.549274    1.530414    9.061420 v hold5/X (sky130_fd_sc_hd__dlygate4sd3_1)
                                                         net279 (net)
                      0.549338    0.006025    9.067446 v fanout261/A (sky130_fd_sc_hd__buf_4)
    33    0.125088    0.280850    0.650482    9.717928 v fanout261/X (sky130_fd_sc_hd__buf_4)
                                                         net261 (net)
                      0.285140    0.027074    9.745003 v _101_/C (sky130_fd_sc_hd__and3_1)
     1    0.003543    0.071752    0.462109   10.207112 v _101_/X (sky130_fd_sc_hd__and3_1)
                                                         _028_ (net)
                      0.071752    0.000103   10.207215 v _134_/D (sky130_fd_sc_hd__dfrtp_4)
                                             10.207215   data arrival time

                                  0.000000    0.000000   clock clk (rise edge)
                                  5.570000    5.570000   clock source latency
     2    0.031153    0.610000    0.000000    5.570000 ^ clk (in)
                                                         clk (net)
                      0.616650    0.003408    5.573408 ^ wire3/A (sky130_fd_sc_hd__buf_4)
     3    0.045449    0.214376    0.554843    6.128251 ^ wire3/X (sky130_fd_sc_hd__buf_4)
                                                         net274 (net)
                      0.214630    0.006939    6.135190 ^ wire2/A (sky130_fd_sc_hd__buf_6)
     3    0.077803    0.252653    0.385308    6.520498 ^ wire2/X (sky130_fd_sc_hd__buf_6)
                                                         net273 (net)
                      0.254622    0.018381    6.538879 ^ wire1/A (sky130_fd_sc_hd__buf_6)
     3    0.080158    0.259864    0.405164    6.944043 ^ wire1/X (sky130_fd_sc_hd__buf_6)
                                                         net272 (net)
                      0.261982    0.019340    6.963383 ^ clkbuf_0_clk/A (sky130_fd_sc_hd__clkbuf_16)
     9    0.099761    0.176755    0.408460    7.371844 ^ clkbuf_0_clk/X (sky130_fd_sc_hd__clkbuf_16)
                                                         clknet_0_clk (net)
                      0.177503    0.008499    7.380342 ^ clkbuf_2_0__f_clk/A (sky130_fd_sc_hd__clkbuf_16)
    17    0.097615    0.173555    0.367609    7.747951 ^ clkbuf_2_0__f_clk/X (sky130_fd_sc_hd__clkbuf_16)
                                                         clknet_2_0__leaf_clk (net)
                      0.174514    0.010531    7.758482 ^ _134_/CLK (sky130_fd_sc_hd__dfrtp_4)
                                  0.087500    7.845982   clock uncertainty
                                  0.000000    7.845982   clock reconvergence pessimism
                                 -0.066835    7.779147   library hold time
                                              7.779147   data required time
---------------------------------------------------------------------------------------------
                                              7.779147   data required time
                                            -10.207215   data arrival time
---------------------------------------------------------------------------------------------
                                              2.428068   slack (MET)


Startpoint: wbs_adr_i[18] (input port clocked by clk)
Endpoint: _151_ (rising edge-triggered flip-flop clocked by clk)
Path Group: clk
Path Type: min

Fanout         Cap        Slew       Delay        Time   Description
---------------------------------------------------------------------------------------------
                                  0.000000    0.000000   clock clk (rise edge)
                                  4.650000    4.650000   clock network delay (propagated)
                                  0.790000    5.440000 ^ input external delay
     2    0.004555    0.070000    0.000000    5.440000 ^ wbs_adr_i[18] (in)
                                                         wbs_adr_i[18] (net)
                      0.070099    0.000048    5.440049 ^ input88/A (sky130_fd_sc_hd__clkbuf_1)
     1    0.004159    0.095918    0.164432    5.604481 ^ input88/X (sky130_fd_sc_hd__clkbuf_1)
                                                         net88 (net)
                      0.095918    0.000150    5.604631 ^ _045_/D (sky130_fd_sc_hd__or4_2)
     3    0.022934    0.192694    0.304321    5.908952 ^ _045_/X (sky130_fd_sc_hd__or4_2)
                                                         _036_ (net)
                      0.192719    0.002259    5.911211 ^ _048_/B (sky130_fd_sc_hd__nor4_1)
     1    0.007352    0.079433    0.166887    6.078098 v _048_/Y (sky130_fd_sc_hd__nor4_1)
                                                         _039_ (net)
                      0.079433    0.000352    6.078450 v hold4/A (sky130_fd_sc_hd__dlygate4sd3_1)
     1    0.007279    0.148806    1.157585    7.236035 v hold4/X (sky130_fd_sc_hd__dlygate4sd3_1)
                                                         net278 (net)
                      0.148806    0.000339    7.236374 v wire262/A (sky130_fd_sc_hd__buf_2)
     1    0.011191    0.077208    0.294030    7.530404 v wire262/X (sky130_fd_sc_hd__buf_2)
                                                         net262 (net)
                      0.077211    0.000602    7.531006 v hold5/A (sky130_fd_sc_hd__dlygate4sd3_1)
     7    0.056736    0.549274    1.530414    9.061420 v hold5/X (sky130_fd_sc_hd__dlygate4sd3_1)
                                                         net279 (net)
                      0.549277    0.002567    9.063987 v fanout260/A (sky130_fd_sc_hd__buf_4)
    33    0.119740    0.270138    0.647550    9.711536 v fanout260/X (sky130_fd_sc_hd__buf_4)
                                                         net260 (net)
                      0.271940    0.017373    9.728909 v _118_/C (sky130_fd_sc_hd__and3_1)
     1    0.002623    0.063933    0.444852   10.173761 v _118_/X (sky130_fd_sc_hd__and3_1)
                                                         _015_ (net)
                      0.063933    0.000074   10.173836 v _151_/D (sky130_fd_sc_hd__dfrtp_4)
                                             10.173836   data arrival time

                                  0.000000    0.000000   clock clk (rise edge)
                                  5.570000    5.570000   clock source latency
     2    0.031153    0.610000    0.000000    5.570000 ^ clk (in)
                                                         clk (net)
                      0.616650    0.003408    5.573408 ^ wire3/A (sky130_fd_sc_hd__buf_4)
     3    0.045449    0.214376    0.554843    6.128251 ^ wire3/X (sky130_fd_sc_hd__buf_4)
                                                         net274 (net)
                      0.214630    0.006939    6.135190 ^ wire2/A (sky130_fd_sc_hd__buf_6)
     3    0.077803    0.252653    0.385308    6.520498 ^ wire2/X (sky130_fd_sc_hd__buf_6)
                                                         net273 (net)
                      0.254622    0.018381    6.538879 ^ wire1/A (sky130_fd_sc_hd__buf_6)
     3    0.080158    0.259864    0.405164    6.944043 ^ wire1/X (sky130_fd_sc_hd__buf_6)
                                                         net272 (net)
                      0.261982    0.019340    6.963383 ^ clkbuf_0_clk/A (sky130_fd_sc_hd__clkbuf_16)
     9    0.099761    0.176755    0.408460    7.371844 ^ clkbuf_0_clk/X (sky130_fd_sc_hd__clkbuf_16)
                                                         clknet_0_clk (net)
                      0.177373    0.007558    7.379402 ^ clkbuf_2_3__f_clk/A (sky130_fd_sc_hd__clkbuf_16)
    21    0.072325    0.137895    0.337988    7.717390 ^ clkbuf_2_3__f_clk/X (sky130_fd_sc_hd__clkbuf_16)
                                                         clknet_2_3__leaf_clk (net)
                      0.139640    0.012442    7.729832 ^ _151_/CLK (sky130_fd_sc_hd__dfrtp_4)
                                  0.087500    7.817332   clock uncertainty
                                  0.000000    7.817332   clock reconvergence pessimism
                                 -0.072417    7.744914   library hold time
                                              7.744914   data required time
---------------------------------------------------------------------------------------------
                                              7.744914   data required time
                                            -10.173836   data arrival time
---------------------------------------------------------------------------------------------
                                              2.428921   slack (MET)


Startpoint: wbs_adr_i[18] (input port clocked by clk)
Endpoint: _131_ (rising edge-triggered flip-flop clocked by clk)
Path Group: clk
Path Type: min

Fanout         Cap        Slew       Delay        Time   Description
---------------------------------------------------------------------------------------------
                                  0.000000    0.000000   clock clk (rise edge)
                                  4.650000    4.650000   clock network delay (propagated)
                                  0.790000    5.440000 ^ input external delay
     2    0.004555    0.070000    0.000000    5.440000 ^ wbs_adr_i[18] (in)
                                                         wbs_adr_i[18] (net)
                      0.070099    0.000048    5.440049 ^ input88/A (sky130_fd_sc_hd__clkbuf_1)
     1    0.004159    0.095918    0.164432    5.604481 ^ input88/X (sky130_fd_sc_hd__clkbuf_1)
                                                         net88 (net)
                      0.095918    0.000150    5.604631 ^ _045_/D (sky130_fd_sc_hd__or4_2)
     3    0.022934    0.192694    0.304321    5.908952 ^ _045_/X (sky130_fd_sc_hd__or4_2)
                                                         _036_ (net)
                      0.192719    0.002259    5.911211 ^ _048_/B (sky130_fd_sc_hd__nor4_1)
     1    0.007352    0.079433    0.166887    6.078098 v _048_/Y (sky130_fd_sc_hd__nor4_1)
                                                         _039_ (net)
                      0.079433    0.000352    6.078450 v hold4/A (sky130_fd_sc_hd__dlygate4sd3_1)
     1    0.007279    0.148806    1.157585    7.236035 v hold4/X (sky130_fd_sc_hd__dlygate4sd3_1)
                                                         net278 (net)
                      0.148806    0.000339    7.236374 v wire262/A (sky130_fd_sc_hd__buf_2)
     1    0.011191    0.077208    0.294030    7.530404 v wire262/X (sky130_fd_sc_hd__buf_2)
                                                         net262 (net)
                      0.077211    0.000602    7.531006 v hold5/A (sky130_fd_sc_hd__dlygate4sd3_1)
     7    0.056736    0.549274    1.530414    9.061420 v hold5/X (sky130_fd_sc_hd__dlygate4sd3_1)
                                                         net279 (net)
                      0.549338    0.006025    9.067446 v fanout261/A (sky130_fd_sc_hd__buf_4)
    33    0.125088    0.280850    0.650482    9.717928 v fanout261/X (sky130_fd_sc_hd__buf_4)
                                                         net261 (net)
                      0.285136    0.027060    9.744988 v _098_/C (sky130_fd_sc_hd__and3_1)
     1    0.002536    0.063243    0.450484   10.195473 v _098_/X (sky130_fd_sc_hd__and3_1)
                                                         _023_ (net)
                      0.063243    0.000072   10.195544 v _131_/D (sky130_fd_sc_hd__dfrtp_4)
                                             10.195544   data arrival time

                                  0.000000    0.000000   clock clk (rise edge)
                                  5.570000    5.570000   clock source latency
     2    0.031153    0.610000    0.000000    5.570000 ^ clk (in)
                                                         clk (net)
                      0.616650    0.003408    5.573408 ^ wire3/A (sky130_fd_sc_hd__buf_4)
     3    0.045449    0.214376    0.554843    6.128251 ^ wire3/X (sky130_fd_sc_hd__buf_4)
                                                         net274 (net)
                      0.214630    0.006939    6.135190 ^ wire2/A (sky130_fd_sc_hd__buf_6)
     3    0.077803    0.252653    0.385308    6.520498 ^ wire2/X (sky130_fd_sc_hd__buf_6)
                                                         net273 (net)
                      0.254622    0.018381    6.538879 ^ wire1/A (sky130_fd_sc_hd__buf_6)
     3    0.080158    0.259864    0.405164    6.944043 ^ wire1/X (sky130_fd_sc_hd__buf_6)
                                                         net272 (net)
                      0.261982    0.019340    6.963383 ^ clkbuf_0_clk/A (sky130_fd_sc_hd__clkbuf_16)
     9    0.099761    0.176755    0.408460    7.371844 ^ clkbuf_0_clk/X (sky130_fd_sc_hd__clkbuf_16)
                                                         clknet_0_clk (net)
                      0.177484    0.008366    7.380209 ^ clkbuf_2_1__f_clk/A (sky130_fd_sc_hd__clkbuf_16)
    21    0.085197    0.156039    0.352188    7.732398 ^ clkbuf_2_1__f_clk/X (sky130_fd_sc_hd__clkbuf_16)
                                                         clknet_2_1__leaf_clk (net)
                      0.157835    0.013550    7.745948 ^ _131_/CLK (sky130_fd_sc_hd__dfrtp_4)
                                  0.087500    7.833448   clock uncertainty
                                  0.000000    7.833448   clock reconvergence pessimism
                                 -0.067754    7.765694   library hold time
                                              7.765694   data required time
---------------------------------------------------------------------------------------------
                                              7.765694   data required time
                                            -10.195544   data arrival time
---------------------------------------------------------------------------------------------
                                              2.429850   slack (MET)


Startpoint: wbs_adr_i[18] (input port clocked by clk)
Endpoint: _138_ (rising edge-triggered flip-flop clocked by clk)
Path Group: clk
Path Type: min

Fanout         Cap        Slew       Delay        Time   Description
---------------------------------------------------------------------------------------------
                                  0.000000    0.000000   clock clk (rise edge)
                                  4.650000    4.650000   clock network delay (propagated)
                                  0.790000    5.440000 ^ input external delay
     2    0.004555    0.070000    0.000000    5.440000 ^ wbs_adr_i[18] (in)
                                                         wbs_adr_i[18] (net)
                      0.070099    0.000048    5.440049 ^ input88/A (sky130_fd_sc_hd__clkbuf_1)
     1    0.004159    0.095918    0.164432    5.604481 ^ input88/X (sky130_fd_sc_hd__clkbuf_1)
                                                         net88 (net)
                      0.095918    0.000150    5.604631 ^ _045_/D (sky130_fd_sc_hd__or4_2)
     3    0.022934    0.192694    0.304321    5.908952 ^ _045_/X (sky130_fd_sc_hd__or4_2)
                                                         _036_ (net)
                      0.192719    0.002259    5.911211 ^ _048_/B (sky130_fd_sc_hd__nor4_1)
     1    0.007352    0.079433    0.166887    6.078098 v _048_/Y (sky130_fd_sc_hd__nor4_1)
                                                         _039_ (net)
                      0.079433    0.000352    6.078450 v hold4/A (sky130_fd_sc_hd__dlygate4sd3_1)
     1    0.007279    0.148806    1.157585    7.236035 v hold4/X (sky130_fd_sc_hd__dlygate4sd3_1)
                                                         net278 (net)
                      0.148806    0.000339    7.236374 v wire262/A (sky130_fd_sc_hd__buf_2)
     1    0.011191    0.077208    0.294030    7.530404 v wire262/X (sky130_fd_sc_hd__buf_2)
                                                         net262 (net)
                      0.077211    0.000602    7.531006 v hold5/A (sky130_fd_sc_hd__dlygate4sd3_1)
     7    0.056736    0.549274    1.530414    9.061420 v hold5/X (sky130_fd_sc_hd__dlygate4sd3_1)
                                                         net279 (net)
                      0.549338    0.006025    9.067446 v fanout261/A (sky130_fd_sc_hd__buf_4)
    33    0.125088    0.280850    0.650482    9.717928 v fanout261/X (sky130_fd_sc_hd__buf_4)
                                                         net261 (net)
                      0.284805    0.026036    9.743964 v _105_/C (sky130_fd_sc_hd__and3_1)
     1    0.002772    0.065332    0.453039   10.197002 v _105_/X (sky130_fd_sc_hd__and3_1)
                                                         _032_ (net)
                      0.065332    0.000079   10.197082 v _138_/D (sky130_fd_sc_hd__dfrtp_4)
                                             10.197082   data arrival time

                                  0.000000    0.000000   clock clk (rise edge)
                                  5.570000    5.570000   clock source latency
     2    0.031153    0.610000    0.000000    5.570000 ^ clk (in)
                                                         clk (net)
                      0.616650    0.003408    5.573408 ^ wire3/A (sky130_fd_sc_hd__buf_4)
     3    0.045449    0.214376    0.554843    6.128251 ^ wire3/X (sky130_fd_sc_hd__buf_4)
                                                         net274 (net)
                      0.214630    0.006939    6.135190 ^ wire2/A (sky130_fd_sc_hd__buf_6)
     3    0.077803    0.252653    0.385308    6.520498 ^ wire2/X (sky130_fd_sc_hd__buf_6)
                                                         net273 (net)
                      0.254622    0.018381    6.538879 ^ wire1/A (sky130_fd_sc_hd__buf_6)
     3    0.080158    0.259864    0.405164    6.944043 ^ wire1/X (sky130_fd_sc_hd__buf_6)
                                                         net272 (net)
                      0.261982    0.019340    6.963383 ^ clkbuf_0_clk/A (sky130_fd_sc_hd__clkbuf_16)
     9    0.099761    0.176755    0.408460    7.371844 ^ clkbuf_0_clk/X (sky130_fd_sc_hd__clkbuf_16)
                                                         clknet_0_clk (net)
                      0.177484    0.008366    7.380209 ^ clkbuf_2_1__f_clk/A (sky130_fd_sc_hd__clkbuf_16)
    21    0.085197    0.156039    0.352188    7.732398 ^ clkbuf_2_1__f_clk/X (sky130_fd_sc_hd__clkbuf_16)
                                                         clknet_2_1__leaf_clk (net)
                      0.157570    0.012505    7.744903 ^ _138_/CLK (sky130_fd_sc_hd__dfrtp_4)
                                  0.087500    7.832403   clock uncertainty
                                  0.000000    7.832403   clock reconvergence pessimism
                                 -0.068585    7.763817   library hold time
                                              7.763817   data required time
---------------------------------------------------------------------------------------------
                                              7.763817   data required time
                                            -10.197082   data arrival time
---------------------------------------------------------------------------------------------
                                              2.433264   slack (MET)


Startpoint: wbs_adr_i[18] (input port clocked by clk)
Endpoint: _139_ (rising edge-triggered flip-flop clocked by clk)
Path Group: clk
Path Type: min

Fanout         Cap        Slew       Delay        Time   Description
---------------------------------------------------------------------------------------------
                                  0.000000    0.000000   clock clk (rise edge)
                                  4.650000    4.650000   clock network delay (propagated)
                                  0.790000    5.440000 ^ input external delay
     2    0.004555    0.070000    0.000000    5.440000 ^ wbs_adr_i[18] (in)
                                                         wbs_adr_i[18] (net)
                      0.070099    0.000048    5.440049 ^ input88/A (sky130_fd_sc_hd__clkbuf_1)
     1    0.004159    0.095918    0.164432    5.604481 ^ input88/X (sky130_fd_sc_hd__clkbuf_1)
                                                         net88 (net)
                      0.095918    0.000150    5.604631 ^ _045_/D (sky130_fd_sc_hd__or4_2)
     3    0.022934    0.192694    0.304321    5.908952 ^ _045_/X (sky130_fd_sc_hd__or4_2)
                                                         _036_ (net)
                      0.192719    0.002259    5.911211 ^ _048_/B (sky130_fd_sc_hd__nor4_1)
     1    0.007352    0.079433    0.166887    6.078098 v _048_/Y (sky130_fd_sc_hd__nor4_1)
                                                         _039_ (net)
                      0.079433    0.000352    6.078450 v hold4/A (sky130_fd_sc_hd__dlygate4sd3_1)
     1    0.007279    0.148806    1.157585    7.236035 v hold4/X (sky130_fd_sc_hd__dlygate4sd3_1)
                                                         net278 (net)
                      0.148806    0.000339    7.236374 v wire262/A (sky130_fd_sc_hd__buf_2)
     1    0.011191    0.077208    0.294030    7.530404 v wire262/X (sky130_fd_sc_hd__buf_2)
                                                         net262 (net)
                      0.077211    0.000602    7.531006 v hold5/A (sky130_fd_sc_hd__dlygate4sd3_1)
     7    0.056736    0.549274    1.530414    9.061420 v hold5/X (sky130_fd_sc_hd__dlygate4sd3_1)
                                                         net279 (net)
                      0.549338    0.006025    9.067446 v fanout261/A (sky130_fd_sc_hd__buf_4)
    33    0.125088    0.280850    0.650482    9.717928 v fanout261/X (sky130_fd_sc_hd__buf_4)
                                                         net261 (net)
                      0.284462    0.024926    9.742854 v _106_/C (sky130_fd_sc_hd__and3_1)
     1    0.003058    0.067347    0.456177   10.199031 v _106_/X (sky130_fd_sc_hd__and3_1)
                                                         _002_ (net)
                      0.067347    0.000091   10.199121 v _139_/D (sky130_fd_sc_hd__dfrtp_4)
                                             10.199121   data arrival time

                                  0.000000    0.000000   clock clk (rise edge)
                                  5.570000    5.570000   clock source latency
     2    0.031153    0.610000    0.000000    5.570000 ^ clk (in)
                                                         clk (net)
                      0.616650    0.003408    5.573408 ^ wire3/A (sky130_fd_sc_hd__buf_4)
     3    0.045449    0.214376    0.554843    6.128251 ^ wire3/X (sky130_fd_sc_hd__buf_4)
                                                         net274 (net)
                      0.214630    0.006939    6.135190 ^ wire2/A (sky130_fd_sc_hd__buf_6)
     3    0.077803    0.252653    0.385308    6.520498 ^ wire2/X (sky130_fd_sc_hd__buf_6)
                                                         net273 (net)
                      0.254622    0.018381    6.538879 ^ wire1/A (sky130_fd_sc_hd__buf_6)
     3    0.080158    0.259864    0.405164    6.944043 ^ wire1/X (sky130_fd_sc_hd__buf_6)
                                                         net272 (net)
                      0.261982    0.019340    6.963383 ^ clkbuf_0_clk/A (sky130_fd_sc_hd__clkbuf_16)
     9    0.099761    0.176755    0.408460    7.371844 ^ clkbuf_0_clk/X (sky130_fd_sc_hd__clkbuf_16)
                                                         clknet_0_clk (net)
                      0.177484    0.008366    7.380209 ^ clkbuf_2_1__f_clk/A (sky130_fd_sc_hd__clkbuf_16)
    21    0.085197    0.156039    0.352188    7.732398 ^ clkbuf_2_1__f_clk/X (sky130_fd_sc_hd__clkbuf_16)
                                                         clknet_2_1__leaf_clk (net)
                      0.157353    0.011587    7.743985 ^ _139_/CLK (sky130_fd_sc_hd__dfrtp_4)
                                  0.087500    7.831485   clock uncertainty
                                  0.000000    7.831485   clock reconvergence pessimism
                                 -0.069377    7.762108   library hold time
                                              7.762108   data required time
---------------------------------------------------------------------------------------------
                                              7.762108   data required time
                                            -10.199121   data arrival time
---------------------------------------------------------------------------------------------
                                              2.437014   slack (MET)


Startpoint: wbs_adr_i[18] (input port clocked by clk)
Endpoint: _154_ (rising edge-triggered flip-flop clocked by clk)
Path Group: clk
Path Type: min

Fanout         Cap        Slew       Delay        Time   Description
---------------------------------------------------------------------------------------------
                                  0.000000    0.000000   clock clk (rise edge)
                                  4.650000    4.650000   clock network delay (propagated)
                                  0.790000    5.440000 ^ input external delay
     2    0.004555    0.070000    0.000000    5.440000 ^ wbs_adr_i[18] (in)
                                                         wbs_adr_i[18] (net)
                      0.070099    0.000048    5.440049 ^ input88/A (sky130_fd_sc_hd__clkbuf_1)
     1    0.004159    0.095918    0.164432    5.604481 ^ input88/X (sky130_fd_sc_hd__clkbuf_1)
                                                         net88 (net)
                      0.095918    0.000150    5.604631 ^ _045_/D (sky130_fd_sc_hd__or4_2)
     3    0.022934    0.192694    0.304321    5.908952 ^ _045_/X (sky130_fd_sc_hd__or4_2)
                                                         _036_ (net)
                      0.192719    0.002259    5.911211 ^ _048_/B (sky130_fd_sc_hd__nor4_1)
     1    0.007352    0.079433    0.166887    6.078098 v _048_/Y (sky130_fd_sc_hd__nor4_1)
                                                         _039_ (net)
                      0.079433    0.000352    6.078450 v hold4/A (sky130_fd_sc_hd__dlygate4sd3_1)
     1    0.007279    0.148806    1.157585    7.236035 v hold4/X (sky130_fd_sc_hd__dlygate4sd3_1)
                                                         net278 (net)
                      0.148806    0.000339    7.236374 v wire262/A (sky130_fd_sc_hd__buf_2)
     1    0.011191    0.077208    0.294030    7.530404 v wire262/X (sky130_fd_sc_hd__buf_2)
                                                         net262 (net)
                      0.077211    0.000602    7.531006 v hold5/A (sky130_fd_sc_hd__dlygate4sd3_1)
     7    0.056736    0.549274    1.530414    9.061420 v hold5/X (sky130_fd_sc_hd__dlygate4sd3_1)
                                                         net279 (net)
                      0.549277    0.002567    9.063987 v fanout260/A (sky130_fd_sc_hd__buf_4)
    33    0.119740    0.270138    0.647550    9.711536 v fanout260/X (sky130_fd_sc_hd__buf_4)
                                                         net260 (net)
                      0.272078    0.018002    9.729538 v _121_/C (sky130_fd_sc_hd__and3_1)
     1    0.003137    0.068175    0.450852   10.180390 v _121_/X (sky130_fd_sc_hd__and3_1)
                                                         _018_ (net)
                      0.068175    0.000093   10.180484 v _154_/D (sky130_fd_sc_hd__dfrtp_4)
                                             10.180484   data arrival time

                                  0.000000    0.000000   clock clk (rise edge)
                                  5.570000    5.570000   clock source latency
     2    0.031153    0.610000    0.000000    5.570000 ^ clk (in)
                                                         clk (net)
                      0.616650    0.003408    5.573408 ^ wire3/A (sky130_fd_sc_hd__buf_4)
     3    0.045449    0.214376    0.554843    6.128251 ^ wire3/X (sky130_fd_sc_hd__buf_4)
                                                         net274 (net)
                      0.214630    0.006939    6.135190 ^ wire2/A (sky130_fd_sc_hd__buf_6)
     3    0.077803    0.252653    0.385308    6.520498 ^ wire2/X (sky130_fd_sc_hd__buf_6)
                                                         net273 (net)
                      0.254622    0.018381    6.538879 ^ wire1/A (sky130_fd_sc_hd__buf_6)
     3    0.080158    0.259864    0.405164    6.944043 ^ wire1/X (sky130_fd_sc_hd__buf_6)
                                                         net272 (net)
                      0.261982    0.019340    6.963383 ^ clkbuf_0_clk/A (sky130_fd_sc_hd__clkbuf_16)
     9    0.099761    0.176755    0.408460    7.371844 ^ clkbuf_0_clk/X (sky130_fd_sc_hd__clkbuf_16)
                                                         clknet_0_clk (net)
                      0.177373    0.007558    7.379402 ^ clkbuf_2_3__f_clk/A (sky130_fd_sc_hd__clkbuf_16)
    21    0.072325    0.137895    0.337988    7.717390 ^ clkbuf_2_3__f_clk/X (sky130_fd_sc_hd__clkbuf_16)
                                                         clknet_2_3__leaf_clk (net)
                      0.139611    0.012335    7.729724 ^ _154_/CLK (sky130_fd_sc_hd__dfrtp_4)
                                  0.087500    7.817225   clock uncertainty
                                  0.000000    7.817225   clock reconvergence pessimism
                                 -0.073982    7.743243   library hold time
                                              7.743243   data required time
---------------------------------------------------------------------------------------------
                                              7.743243   data required time
                                            -10.180484   data arrival time
---------------------------------------------------------------------------------------------
                                              2.437241   slack (MET)


Startpoint: wbs_adr_i[18] (input port clocked by clk)
Endpoint: _160_ (rising edge-triggered flip-flop clocked by clk)
Path Group: clk
Path Type: min

Fanout         Cap        Slew       Delay        Time   Description
---------------------------------------------------------------------------------------------
                                  0.000000    0.000000   clock clk (rise edge)
                                  4.650000    4.650000   clock network delay (propagated)
                                  0.790000    5.440000 ^ input external delay
     2    0.004555    0.070000    0.000000    5.440000 ^ wbs_adr_i[18] (in)
                                                         wbs_adr_i[18] (net)
                      0.070099    0.000048    5.440049 ^ input88/A (sky130_fd_sc_hd__clkbuf_1)
     1    0.004159    0.095918    0.164432    5.604481 ^ input88/X (sky130_fd_sc_hd__clkbuf_1)
                                                         net88 (net)
                      0.095918    0.000150    5.604631 ^ _045_/D (sky130_fd_sc_hd__or4_2)
     3    0.022934    0.192694    0.304321    5.908952 ^ _045_/X (sky130_fd_sc_hd__or4_2)
                                                         _036_ (net)
                      0.192719    0.002259    5.911211 ^ _048_/B (sky130_fd_sc_hd__nor4_1)
     1    0.007352    0.079433    0.166887    6.078098 v _048_/Y (sky130_fd_sc_hd__nor4_1)
                                                         _039_ (net)
                      0.079433    0.000352    6.078450 v hold4/A (sky130_fd_sc_hd__dlygate4sd3_1)
     1    0.007279    0.148806    1.157585    7.236035 v hold4/X (sky130_fd_sc_hd__dlygate4sd3_1)
                                                         net278 (net)
                      0.148806    0.000339    7.236374 v wire262/A (sky130_fd_sc_hd__buf_2)
     1    0.011191    0.077208    0.294030    7.530404 v wire262/X (sky130_fd_sc_hd__buf_2)
                                                         net262 (net)
                      0.077211    0.000602    7.531006 v hold5/A (sky130_fd_sc_hd__dlygate4sd3_1)
     7    0.056736    0.549274    1.530414    9.061420 v hold5/X (sky130_fd_sc_hd__dlygate4sd3_1)
                                                         net279 (net)
                      0.549277    0.002567    9.063987 v fanout260/A (sky130_fd_sc_hd__buf_4)
    33    0.119740    0.270138    0.647550    9.711536 v fanout260/X (sky130_fd_sc_hd__buf_4)
                                                         net260 (net)
                      0.271834    0.016875    9.728412 v _127_/C (sky130_fd_sc_hd__and3_1)
     1    0.003165    0.068046    0.451056   10.179467 v _127_/X (sky130_fd_sc_hd__and3_1)
                                                         _025_ (net)
                      0.068046    0.000098   10.179565 v _160_/D (sky130_fd_sc_hd__dfrtp_4)
                                             10.179565   data arrival time

                                  0.000000    0.000000   clock clk (rise edge)
                                  5.570000    5.570000   clock source latency
     2    0.031153    0.610000    0.000000    5.570000 ^ clk (in)
                                                         clk (net)
                      0.616650    0.003408    5.573408 ^ wire3/A (sky130_fd_sc_hd__buf_4)
     3    0.045449    0.214376    0.554843    6.128251 ^ wire3/X (sky130_fd_sc_hd__buf_4)
                                                         net274 (net)
                      0.214630    0.006939    6.135190 ^ wire2/A (sky130_fd_sc_hd__buf_6)
     3    0.077803    0.252653    0.385308    6.520498 ^ wire2/X (sky130_fd_sc_hd__buf_6)
                                                         net273 (net)
                      0.254622    0.018381    6.538879 ^ wire1/A (sky130_fd_sc_hd__buf_6)
     3    0.080158    0.259864    0.405164    6.944043 ^ wire1/X (sky130_fd_sc_hd__buf_6)
                                                         net272 (net)
                      0.261982    0.019340    6.963383 ^ clkbuf_0_clk/A (sky130_fd_sc_hd__clkbuf_16)
     9    0.099761    0.176755    0.408460    7.371844 ^ clkbuf_0_clk/X (sky130_fd_sc_hd__clkbuf_16)
                                                         clknet_0_clk (net)
                      0.177373    0.007558    7.379402 ^ clkbuf_2_3__f_clk/A (sky130_fd_sc_hd__clkbuf_16)
    21    0.072325    0.137895    0.337988    7.717390 ^ clkbuf_2_3__f_clk/X (sky130_fd_sc_hd__clkbuf_16)
                                                         clknet_2_3__leaf_clk (net)
                      0.139297    0.011126    7.728516 ^ _160_/CLK (sky130_fd_sc_hd__dfrtp_4)
                                  0.087500    7.816016   clock uncertainty
                                  0.000000    7.816016   clock reconvergence pessimism
                                 -0.074010    7.742005   library hold time
                                              7.742005   data required time
---------------------------------------------------------------------------------------------
                                              7.742005   data required time
                                            -10.179565   data arrival time
---------------------------------------------------------------------------------------------
                                              2.437560   slack (MET)


Startpoint: wbs_adr_i[18] (input port clocked by clk)
Endpoint: _157_ (rising edge-triggered flip-flop clocked by clk)
Path Group: clk
Path Type: min

Fanout         Cap        Slew       Delay        Time   Description
---------------------------------------------------------------------------------------------
                                  0.000000    0.000000   clock clk (rise edge)
                                  4.650000    4.650000   clock network delay (propagated)
                                  0.790000    5.440000 ^ input external delay
     2    0.004555    0.070000    0.000000    5.440000 ^ wbs_adr_i[18] (in)
                                                         wbs_adr_i[18] (net)
                      0.070099    0.000048    5.440049 ^ input88/A (sky130_fd_sc_hd__clkbuf_1)
     1    0.004159    0.095918    0.164432    5.604481 ^ input88/X (sky130_fd_sc_hd__clkbuf_1)
                                                         net88 (net)
                      0.095918    0.000150    5.604631 ^ _045_/D (sky130_fd_sc_hd__or4_2)
     3    0.022934    0.192694    0.304321    5.908952 ^ _045_/X (sky130_fd_sc_hd__or4_2)
                                                         _036_ (net)
                      0.192719    0.002259    5.911211 ^ _048_/B (sky130_fd_sc_hd__nor4_1)
     1    0.007352    0.079433    0.166887    6.078098 v _048_/Y (sky130_fd_sc_hd__nor4_1)
                                                         _039_ (net)
                      0.079433    0.000352    6.078450 v hold4/A (sky130_fd_sc_hd__dlygate4sd3_1)
     1    0.007279    0.148806    1.157585    7.236035 v hold4/X (sky130_fd_sc_hd__dlygate4sd3_1)
                                                         net278 (net)
                      0.148806    0.000339    7.236374 v wire262/A (sky130_fd_sc_hd__buf_2)
     1    0.011191    0.077208    0.294030    7.530404 v wire262/X (sky130_fd_sc_hd__buf_2)
                                                         net262 (net)
                      0.077211    0.000602    7.531006 v hold5/A (sky130_fd_sc_hd__dlygate4sd3_1)
     7    0.056736    0.549274    1.530414    9.061420 v hold5/X (sky130_fd_sc_hd__dlygate4sd3_1)
                                                         net279 (net)
                      0.549277    0.002567    9.063987 v fanout260/A (sky130_fd_sc_hd__buf_4)
    33    0.119740    0.270138    0.647550    9.711536 v fanout260/X (sky130_fd_sc_hd__buf_4)
                                                         net260 (net)
                      0.271612    0.015773    9.727310 v _124_/C (sky130_fd_sc_hd__and3_1)
     1    0.003231    0.068905    0.451694   10.179004 v _124_/X (sky130_fd_sc_hd__and3_1)
                                                         _021_ (net)
                      0.068905    0.000102   10.179106 v _157_/D (sky130_fd_sc_hd__dfrtp_4)
                                             10.179106   data arrival time

                                  0.000000    0.000000   clock clk (rise edge)
                                  5.570000    5.570000   clock source latency
     2    0.031153    0.610000    0.000000    5.570000 ^ clk (in)
                                                         clk (net)
                      0.616650    0.003408    5.573408 ^ wire3/A (sky130_fd_sc_hd__buf_4)
     3    0.045449    0.214376    0.554843    6.128251 ^ wire3/X (sky130_fd_sc_hd__buf_4)
                                                         net274 (net)
                      0.214630    0.006939    6.135190 ^ wire2/A (sky130_fd_sc_hd__buf_6)
     3    0.077803    0.252653    0.385308    6.520498 ^ wire2/X (sky130_fd_sc_hd__buf_6)
                                                         net273 (net)
                      0.254622    0.018381    6.538879 ^ wire1/A (sky130_fd_sc_hd__buf_6)
     3    0.080158    0.259864    0.405164    6.944043 ^ wire1/X (sky130_fd_sc_hd__buf_6)
                                                         net272 (net)
                      0.261982    0.019340    6.963383 ^ clkbuf_0_clk/A (sky130_fd_sc_hd__clkbuf_16)
     9    0.099761    0.176755    0.408460    7.371844 ^ clkbuf_0_clk/X (sky130_fd_sc_hd__clkbuf_16)
                                                         clknet_0_clk (net)
                      0.177373    0.007558    7.379402 ^ clkbuf_2_3__f_clk/A (sky130_fd_sc_hd__clkbuf_16)
    21    0.072325    0.137895    0.337988    7.717390 ^ clkbuf_2_3__f_clk/X (sky130_fd_sc_hd__clkbuf_16)
                                                         clknet_2_3__leaf_clk (net)
                      0.139207    0.010757    7.728147 ^ _157_/CLK (sky130_fd_sc_hd__dfrtp_4)
                                  0.087500    7.815646   clock uncertainty
                                  0.000000    7.815646   clock reconvergence pessimism
                                 -0.074348    7.741299   library hold time
                                              7.741299   data required time
---------------------------------------------------------------------------------------------
                                              7.741299   data required time
                                            -10.179106   data arrival time
---------------------------------------------------------------------------------------------
                                              2.437807   slack (MET)


Startpoint: wbs_adr_i[18] (input port clocked by clk)
Endpoint: _158_ (rising edge-triggered flip-flop clocked by clk)
Path Group: clk
Path Type: min

Fanout         Cap        Slew       Delay        Time   Description
---------------------------------------------------------------------------------------------
                                  0.000000    0.000000   clock clk (rise edge)
                                  4.650000    4.650000   clock network delay (propagated)
                                  0.790000    5.440000 ^ input external delay
     2    0.004555    0.070000    0.000000    5.440000 ^ wbs_adr_i[18] (in)
                                                         wbs_adr_i[18] (net)
                      0.070099    0.000048    5.440049 ^ input88/A (sky130_fd_sc_hd__clkbuf_1)
     1    0.004159    0.095918    0.164432    5.604481 ^ input88/X (sky130_fd_sc_hd__clkbuf_1)
                                                         net88 (net)
                      0.095918    0.000150    5.604631 ^ _045_/D (sky130_fd_sc_hd__or4_2)
     3    0.022934    0.192694    0.304321    5.908952 ^ _045_/X (sky130_fd_sc_hd__or4_2)
                                                         _036_ (net)
                      0.192719    0.002259    5.911211 ^ _048_/B (sky130_fd_sc_hd__nor4_1)
     1    0.007352    0.079433    0.166887    6.078098 v _048_/Y (sky130_fd_sc_hd__nor4_1)
                                                         _039_ (net)
                      0.079433    0.000352    6.078450 v hold4/A (sky130_fd_sc_hd__dlygate4sd3_1)
     1    0.007279    0.148806    1.157585    7.236035 v hold4/X (sky130_fd_sc_hd__dlygate4sd3_1)
                                                         net278 (net)
                      0.148806    0.000339    7.236374 v wire262/A (sky130_fd_sc_hd__buf_2)
     1    0.011191    0.077208    0.294030    7.530404 v wire262/X (sky130_fd_sc_hd__buf_2)
                                                         net262 (net)
                      0.077211    0.000602    7.531006 v hold5/A (sky130_fd_sc_hd__dlygate4sd3_1)
     7    0.056736    0.549274    1.530414    9.061420 v hold5/X (sky130_fd_sc_hd__dlygate4sd3_1)
                                                         net279 (net)
                      0.549277    0.002567    9.063987 v fanout260/A (sky130_fd_sc_hd__buf_4)
    33    0.119740    0.270138    0.647550    9.711536 v fanout260/X (sky130_fd_sc_hd__buf_4)
                                                         net260 (net)
                      0.271912    0.017247    9.728784 v _125_/C (sky130_fd_sc_hd__and3_1)
     1    0.003209    0.068705    0.451590   10.180373 v _125_/X (sky130_fd_sc_hd__and3_1)
                                                         _022_ (net)
                      0.068705    0.000103   10.180476 v _158_/D (sky130_fd_sc_hd__dfrtp_4)
                                             10.180476   data arrival time

                                  0.000000    0.000000   clock clk (rise edge)
                                  5.570000    5.570000   clock source latency
     2    0.031153    0.610000    0.000000    5.570000 ^ clk (in)
                                                         clk (net)
                      0.616650    0.003408    5.573408 ^ wire3/A (sky130_fd_sc_hd__buf_4)
     3    0.045449    0.214376    0.554843    6.128251 ^ wire3/X (sky130_fd_sc_hd__buf_4)
                                                         net274 (net)
                      0.214630    0.006939    6.135190 ^ wire2/A (sky130_fd_sc_hd__buf_6)
     3    0.077803    0.252653    0.385308    6.520498 ^ wire2/X (sky130_fd_sc_hd__buf_6)
                                                         net273 (net)
                      0.254622    0.018381    6.538879 ^ wire1/A (sky130_fd_sc_hd__buf_6)
     3    0.080158    0.259864    0.405164    6.944043 ^ wire1/X (sky130_fd_sc_hd__buf_6)
                                                         net272 (net)
                      0.261982    0.019340    6.963383 ^ clkbuf_0_clk/A (sky130_fd_sc_hd__clkbuf_16)
     9    0.099761    0.176755    0.408460    7.371844 ^ clkbuf_0_clk/X (sky130_fd_sc_hd__clkbuf_16)
                                                         clknet_0_clk (net)
                      0.177373    0.007558    7.379402 ^ clkbuf_2_3__f_clk/A (sky130_fd_sc_hd__clkbuf_16)
    21    0.072325    0.137895    0.337988    7.717390 ^ clkbuf_2_3__f_clk/X (sky130_fd_sc_hd__clkbuf_16)
                                                         clknet_2_3__leaf_clk (net)
                      0.139390    0.011493    7.728883 ^ _158_/CLK (sky130_fd_sc_hd__dfrtp_4)
                                  0.087500    7.816382   clock uncertainty
                                  0.000000    7.816382   clock reconvergence pessimism
                                 -0.074230    7.742153   library hold time
                                              7.742153   data required time
---------------------------------------------------------------------------------------------
                                              7.742153   data required time
                                            -10.180476   data arrival time
---------------------------------------------------------------------------------------------
                                              2.438323   slack (MET)


Startpoint: wbs_adr_i[18] (input port clocked by clk)
Endpoint: _156_ (rising edge-triggered flip-flop clocked by clk)
Path Group: clk
Path Type: min

Fanout         Cap        Slew       Delay        Time   Description
---------------------------------------------------------------------------------------------
                                  0.000000    0.000000   clock clk (rise edge)
                                  4.650000    4.650000   clock network delay (propagated)
                                  0.790000    5.440000 ^ input external delay
     2    0.004555    0.070000    0.000000    5.440000 ^ wbs_adr_i[18] (in)
                                                         wbs_adr_i[18] (net)
                      0.070099    0.000048    5.440049 ^ input88/A (sky130_fd_sc_hd__clkbuf_1)
     1    0.004159    0.095918    0.164432    5.604481 ^ input88/X (sky130_fd_sc_hd__clkbuf_1)
                                                         net88 (net)
                      0.095918    0.000150    5.604631 ^ _045_/D (sky130_fd_sc_hd__or4_2)
     3    0.022934    0.192694    0.304321    5.908952 ^ _045_/X (sky130_fd_sc_hd__or4_2)
                                                         _036_ (net)
                      0.192719    0.002259    5.911211 ^ _048_/B (sky130_fd_sc_hd__nor4_1)
     1    0.007352    0.079433    0.166887    6.078098 v _048_/Y (sky130_fd_sc_hd__nor4_1)
                                                         _039_ (net)
                      0.079433    0.000352    6.078450 v hold4/A (sky130_fd_sc_hd__dlygate4sd3_1)
     1    0.007279    0.148806    1.157585    7.236035 v hold4/X (sky130_fd_sc_hd__dlygate4sd3_1)
                                                         net278 (net)
                      0.148806    0.000339    7.236374 v wire262/A (sky130_fd_sc_hd__buf_2)
     1    0.011191    0.077208    0.294030    7.530404 v wire262/X (sky130_fd_sc_hd__buf_2)
                                                         net262 (net)
                      0.077211    0.000602    7.531006 v hold5/A (sky130_fd_sc_hd__dlygate4sd3_1)
     7    0.056736    0.549274    1.530414    9.061420 v hold5/X (sky130_fd_sc_hd__dlygate4sd3_1)
                                                         net279 (net)
                      0.549277    0.002567    9.063987 v fanout260/A (sky130_fd_sc_hd__buf_4)
    33    0.119740    0.270138    0.647550    9.711536 v fanout260/X (sky130_fd_sc_hd__buf_4)
                                                         net260 (net)
                      0.271786    0.016645    9.728182 v _123_/C (sky130_fd_sc_hd__and3_1)
     1    0.003233    0.069087    0.451816   10.179998 v _123_/X (sky130_fd_sc_hd__and3_1)
                                                         _020_ (net)
                      0.069087    0.000099   10.180098 v _156_/D (sky130_fd_sc_hd__dfrtp_4)
                                             10.180098   data arrival time

                                  0.000000    0.000000   clock clk (rise edge)
                                  5.570000    5.570000   clock source latency
     2    0.031153    0.610000    0.000000    5.570000 ^ clk (in)
                                                         clk (net)
                      0.616650    0.003408    5.573408 ^ wire3/A (sky130_fd_sc_hd__buf_4)
     3    0.045449    0.214376    0.554843    6.128251 ^ wire3/X (sky130_fd_sc_hd__buf_4)
                                                         net274 (net)
                      0.214630    0.006939    6.135190 ^ wire2/A (sky130_fd_sc_hd__buf_6)
     3    0.077803    0.252653    0.385308    6.520498 ^ wire2/X (sky130_fd_sc_hd__buf_6)
                                                         net273 (net)
                      0.254622    0.018381    6.538879 ^ wire1/A (sky130_fd_sc_hd__buf_6)
     3    0.080158    0.259864    0.405164    6.944043 ^ wire1/X (sky130_fd_sc_hd__buf_6)
                                                         net272 (net)
                      0.261982    0.019340    6.963383 ^ clkbuf_0_clk/A (sky130_fd_sc_hd__clkbuf_16)
     9    0.099761    0.176755    0.408460    7.371844 ^ clkbuf_0_clk/X (sky130_fd_sc_hd__clkbuf_16)
                                                         clknet_0_clk (net)
                      0.177373    0.007558    7.379402 ^ clkbuf_2_3__f_clk/A (sky130_fd_sc_hd__clkbuf_16)
    21    0.072325    0.137895    0.337988    7.717390 ^ clkbuf_2_3__f_clk/X (sky130_fd_sc_hd__clkbuf_16)
                                                         clknet_2_3__leaf_clk (net)
                      0.139297    0.011125    7.728515 ^ _156_/CLK (sky130_fd_sc_hd__dfrtp_4)
                                  0.087500    7.816015   clock uncertainty
                                  0.000000    7.816015   clock reconvergence pessimism
                                 -0.074392    7.741622   library hold time
                                              7.741622   data required time
---------------------------------------------------------------------------------------------
                                              7.741622   data required time
                                            -10.180098   data arrival time
---------------------------------------------------------------------------------------------
                                              2.438475   slack (MET)


Startpoint: wbs_adr_i[18] (input port clocked by clk)
Endpoint: _130_ (rising edge-triggered flip-flop clocked by clk)
Path Group: clk
Path Type: min

Fanout         Cap        Slew       Delay        Time   Description
---------------------------------------------------------------------------------------------
                                  0.000000    0.000000   clock clk (rise edge)
                                  4.650000    4.650000   clock network delay (propagated)
                                  0.790000    5.440000 ^ input external delay
     2    0.004555    0.070000    0.000000    5.440000 ^ wbs_adr_i[18] (in)
                                                         wbs_adr_i[18] (net)
                      0.070099    0.000048    5.440049 ^ input88/A (sky130_fd_sc_hd__clkbuf_1)
     1    0.004159    0.095918    0.164432    5.604481 ^ input88/X (sky130_fd_sc_hd__clkbuf_1)
                                                         net88 (net)
                      0.095918    0.000150    5.604631 ^ _045_/D (sky130_fd_sc_hd__or4_2)
     3    0.022934    0.192694    0.304321    5.908952 ^ _045_/X (sky130_fd_sc_hd__or4_2)
                                                         _036_ (net)
                      0.192719    0.002259    5.911211 ^ _048_/B (sky130_fd_sc_hd__nor4_1)
     1    0.007352    0.079433    0.166887    6.078098 v _048_/Y (sky130_fd_sc_hd__nor4_1)
                                                         _039_ (net)
                      0.079433    0.000352    6.078450 v hold4/A (sky130_fd_sc_hd__dlygate4sd3_1)
     1    0.007279    0.148806    1.157585    7.236035 v hold4/X (sky130_fd_sc_hd__dlygate4sd3_1)
                                                         net278 (net)
                      0.148806    0.000339    7.236374 v wire262/A (sky130_fd_sc_hd__buf_2)
     1    0.011191    0.077208    0.294030    7.530404 v wire262/X (sky130_fd_sc_hd__buf_2)
                                                         net262 (net)
                      0.077211    0.000602    7.531006 v hold5/A (sky130_fd_sc_hd__dlygate4sd3_1)
     7    0.056736    0.549274    1.530414    9.061420 v hold5/X (sky130_fd_sc_hd__dlygate4sd3_1)
                                                         net279 (net)
                      0.549338    0.006025    9.067446 v fanout261/A (sky130_fd_sc_hd__buf_4)
    33    0.125088    0.280850    0.650482    9.717928 v fanout261/X (sky130_fd_sc_hd__buf_4)
                                                         net261 (net)
                      0.285123    0.027022    9.744950 v _097_/C (sky130_fd_sc_hd__and3_1)
     1    0.003165    0.068633    0.457734   10.202684 v _097_/X (sky130_fd_sc_hd__and3_1)
                                                         _012_ (net)
                      0.068633    0.000097   10.202781 v _130_/D (sky130_fd_sc_hd__dfrtp_4)
                                             10.202781   data arrival time

                                  0.000000    0.000000   clock clk (rise edge)
                                  5.570000    5.570000   clock source latency
     2    0.031153    0.610000    0.000000    5.570000 ^ clk (in)
                                                         clk (net)
                      0.616650    0.003408    5.573408 ^ wire3/A (sky130_fd_sc_hd__buf_4)
     3    0.045449    0.214376    0.554843    6.128251 ^ wire3/X (sky130_fd_sc_hd__buf_4)
                                                         net274 (net)
                      0.214630    0.006939    6.135190 ^ wire2/A (sky130_fd_sc_hd__buf_6)
     3    0.077803    0.252653    0.385308    6.520498 ^ wire2/X (sky130_fd_sc_hd__buf_6)
                                                         net273 (net)
                      0.254622    0.018381    6.538879 ^ wire1/A (sky130_fd_sc_hd__buf_6)
     3    0.080158    0.259864    0.405164    6.944043 ^ wire1/X (sky130_fd_sc_hd__buf_6)
                                                         net272 (net)
                      0.261982    0.019340    6.963383 ^ clkbuf_0_clk/A (sky130_fd_sc_hd__clkbuf_16)
     9    0.099761    0.176755    0.408460    7.371844 ^ clkbuf_0_clk/X (sky130_fd_sc_hd__clkbuf_16)
                                                         clknet_0_clk (net)
                      0.177484    0.008366    7.380209 ^ clkbuf_2_1__f_clk/A (sky130_fd_sc_hd__clkbuf_16)
    21    0.085197    0.156039    0.352188    7.732398 ^ clkbuf_2_1__f_clk/X (sky130_fd_sc_hd__clkbuf_16)
                                                         clknet_2_1__leaf_clk (net)
                      0.157839    0.013567    7.745965 ^ _130_/CLK (sky130_fd_sc_hd__dfrtp_4)
                                  0.087500    7.833465   clock uncertainty
                                  0.000000    7.833465   clock reconvergence pessimism
                                 -0.069731    7.763734   library hold time
                                              7.763734   data required time
---------------------------------------------------------------------------------------------
                                              7.763734   data required time
                                            -10.202781   data arrival time
---------------------------------------------------------------------------------------------
                                              2.439047   slack (MET)


Startpoint: wbs_adr_i[18] (input port clocked by clk)
Endpoint: _129_ (rising edge-triggered flip-flop clocked by clk)
Path Group: clk
Path Type: min

Fanout         Cap        Slew       Delay        Time   Description
---------------------------------------------------------------------------------------------
                                  0.000000    0.000000   clock clk (rise edge)
                                  4.650000    4.650000   clock network delay (propagated)
                                  0.790000    5.440000 ^ input external delay
     2    0.004555    0.070000    0.000000    5.440000 ^ wbs_adr_i[18] (in)
                                                         wbs_adr_i[18] (net)
                      0.070099    0.000048    5.440049 ^ input88/A (sky130_fd_sc_hd__clkbuf_1)
     1    0.004159    0.095918    0.164432    5.604481 ^ input88/X (sky130_fd_sc_hd__clkbuf_1)
                                                         net88 (net)
                      0.095918    0.000150    5.604631 ^ _045_/D (sky130_fd_sc_hd__or4_2)
     3    0.022934    0.192694    0.304321    5.908952 ^ _045_/X (sky130_fd_sc_hd__or4_2)
                                                         _036_ (net)
                      0.192719    0.002259    5.911211 ^ _048_/B (sky130_fd_sc_hd__nor4_1)
     1    0.007352    0.079433    0.166887    6.078098 v _048_/Y (sky130_fd_sc_hd__nor4_1)
                                                         _039_ (net)
                      0.079433    0.000352    6.078450 v hold4/A (sky130_fd_sc_hd__dlygate4sd3_1)
     1    0.007279    0.148806    1.157585    7.236035 v hold4/X (sky130_fd_sc_hd__dlygate4sd3_1)
                                                         net278 (net)
                      0.148806    0.000339    7.236374 v wire262/A (sky130_fd_sc_hd__buf_2)
     1    0.011191    0.077208    0.294030    7.530404 v wire262/X (sky130_fd_sc_hd__buf_2)
                                                         net262 (net)
                      0.077211    0.000602    7.531006 v hold5/A (sky130_fd_sc_hd__dlygate4sd3_1)
     7    0.056736    0.549274    1.530414    9.061420 v hold5/X (sky130_fd_sc_hd__dlygate4sd3_1)
                                                         net279 (net)
                      0.549338    0.006025    9.067446 v fanout261/A (sky130_fd_sc_hd__buf_4)
    33    0.125088    0.280850    0.650482    9.717928 v fanout261/X (sky130_fd_sc_hd__buf_4)
                                                         net261 (net)
                      0.284664    0.025587    9.743515 v _096_/C (sky130_fd_sc_hd__and3_1)
     1    0.003258    0.069118    0.458575   10.202090 v _096_/X (sky130_fd_sc_hd__and3_1)
                                                         _001_ (net)
                      0.069118    0.000101   10.202191 v _129_/D (sky130_fd_sc_hd__dfrtp_4)
                                             10.202191   data arrival time

                                  0.000000    0.000000   clock clk (rise edge)
                                  5.570000    5.570000   clock source latency
     2    0.031153    0.610000    0.000000    5.570000 ^ clk (in)
                                                         clk (net)
                      0.616650    0.003408    5.573408 ^ wire3/A (sky130_fd_sc_hd__buf_4)
     3    0.045449    0.214376    0.554843    6.128251 ^ wire3/X (sky130_fd_sc_hd__buf_4)
                                                         net274 (net)
                      0.214630    0.006939    6.135190 ^ wire2/A (sky130_fd_sc_hd__buf_6)
     3    0.077803    0.252653    0.385308    6.520498 ^ wire2/X (sky130_fd_sc_hd__buf_6)
                                                         net273 (net)
                      0.254622    0.018381    6.538879 ^ wire1/A (sky130_fd_sc_hd__buf_6)
     3    0.080158    0.259864    0.405164    6.944043 ^ wire1/X (sky130_fd_sc_hd__buf_6)
                                                         net272 (net)
                      0.261982    0.019340    6.963383 ^ clkbuf_0_clk/A (sky130_fd_sc_hd__clkbuf_16)
     9    0.099761    0.176755    0.408460    7.371844 ^ clkbuf_0_clk/X (sky130_fd_sc_hd__clkbuf_16)
                                                         clknet_0_clk (net)
                      0.177484    0.008366    7.380209 ^ clkbuf_2_1__f_clk/A (sky130_fd_sc_hd__clkbuf_16)
    21    0.085197    0.156039    0.352188    7.732398 ^ clkbuf_2_1__f_clk/X (sky130_fd_sc_hd__clkbuf_16)
                                                         clknet_2_1__leaf_clk (net)
                      0.157395    0.011773    7.744171 ^ _129_/CLK (sky130_fd_sc_hd__dfrtp_4)
                                  0.087500    7.831671   clock uncertainty
                                  0.000000    7.831671   clock reconvergence pessimism
                                 -0.070017    7.761654   library hold time
                                              7.761654   data required time
---------------------------------------------------------------------------------------------
                                              7.761654   data required time
                                            -10.202191   data arrival time
---------------------------------------------------------------------------------------------
                                              2.440538   slack (MET)


Startpoint: wbs_adr_i[18] (input port clocked by clk)
Endpoint: _155_ (rising edge-triggered flip-flop clocked by clk)
Path Group: clk
Path Type: min

Fanout         Cap        Slew       Delay        Time   Description
---------------------------------------------------------------------------------------------
                                  0.000000    0.000000   clock clk (rise edge)
                                  4.650000    4.650000   clock network delay (propagated)
                                  0.790000    5.440000 ^ input external delay
     2    0.004555    0.070000    0.000000    5.440000 ^ wbs_adr_i[18] (in)
                                                         wbs_adr_i[18] (net)
                      0.070099    0.000048    5.440049 ^ input88/A (sky130_fd_sc_hd__clkbuf_1)
     1    0.004159    0.095918    0.164432    5.604481 ^ input88/X (sky130_fd_sc_hd__clkbuf_1)
                                                         net88 (net)
                      0.095918    0.000150    5.604631 ^ _045_/D (sky130_fd_sc_hd__or4_2)
     3    0.022934    0.192694    0.304321    5.908952 ^ _045_/X (sky130_fd_sc_hd__or4_2)
                                                         _036_ (net)
                      0.192719    0.002259    5.911211 ^ _048_/B (sky130_fd_sc_hd__nor4_1)
     1    0.007352    0.079433    0.166887    6.078098 v _048_/Y (sky130_fd_sc_hd__nor4_1)
                                                         _039_ (net)
                      0.079433    0.000352    6.078450 v hold4/A (sky130_fd_sc_hd__dlygate4sd3_1)
     1    0.007279    0.148806    1.157585    7.236035 v hold4/X (sky130_fd_sc_hd__dlygate4sd3_1)
                                                         net278 (net)
                      0.148806    0.000339    7.236374 v wire262/A (sky130_fd_sc_hd__buf_2)
     1    0.011191    0.077208    0.294030    7.530404 v wire262/X (sky130_fd_sc_hd__buf_2)
                                                         net262 (net)
                      0.077211    0.000602    7.531006 v hold5/A (sky130_fd_sc_hd__dlygate4sd3_1)
     7    0.056736    0.549274    1.530414    9.061420 v hold5/X (sky130_fd_sc_hd__dlygate4sd3_1)
                                                         net279 (net)
                      0.549277    0.002567    9.063987 v fanout260/A (sky130_fd_sc_hd__buf_4)
    33    0.119740    0.270138    0.647550    9.711536 v fanout260/X (sky130_fd_sc_hd__buf_4)
                                                         net260 (net)
                      0.271961    0.017472    9.729009 v _122_/C (sky130_fd_sc_hd__and3_1)
     1    0.003581    0.071827    0.455914   10.184923 v _122_/X (sky130_fd_sc_hd__and3_1)
                                                         _019_ (net)
                      0.071827    0.000118   10.185041 v _155_/D (sky130_fd_sc_hd__dfrtp_4)
                                             10.185041   data arrival time

                                  0.000000    0.000000   clock clk (rise edge)
                                  5.570000    5.570000   clock source latency
     2    0.031153    0.610000    0.000000    5.570000 ^ clk (in)
                                                         clk (net)
                      0.616650    0.003408    5.573408 ^ wire3/A (sky130_fd_sc_hd__buf_4)
     3    0.045449    0.214376    0.554843    6.128251 ^ wire3/X (sky130_fd_sc_hd__buf_4)
                                                         net274 (net)
                      0.214630    0.006939    6.135190 ^ wire2/A (sky130_fd_sc_hd__buf_6)
     3    0.077803    0.252653    0.385308    6.520498 ^ wire2/X (sky130_fd_sc_hd__buf_6)
                                                         net273 (net)
                      0.254622    0.018381    6.538879 ^ wire1/A (sky130_fd_sc_hd__buf_6)
     3    0.080158    0.259864    0.405164    6.944043 ^ wire1/X (sky130_fd_sc_hd__buf_6)
                                                         net272 (net)
                      0.261982    0.019340    6.963383 ^ clkbuf_0_clk/A (sky130_fd_sc_hd__clkbuf_16)
     9    0.099761    0.176755    0.408460    7.371844 ^ clkbuf_0_clk/X (sky130_fd_sc_hd__clkbuf_16)
                                                         clknet_0_clk (net)
                      0.177373    0.007558    7.379402 ^ clkbuf_2_3__f_clk/A (sky130_fd_sc_hd__clkbuf_16)
    21    0.072325    0.137895    0.337988    7.717390 ^ clkbuf_2_3__f_clk/X (sky130_fd_sc_hd__clkbuf_16)
                                                         clknet_2_3__leaf_clk (net)
                      0.139624    0.012383    7.729773 ^ _155_/CLK (sky130_fd_sc_hd__dfrtp_4)
                                  0.087500    7.817272   clock uncertainty
                                  0.000000    7.817272   clock reconvergence pessimism
                                 -0.075319    7.741954   library hold time
                                              7.741954   data required time
---------------------------------------------------------------------------------------------
                                              7.741954   data required time
                                            -10.185041   data arrival time
---------------------------------------------------------------------------------------------
                                              2.443088   slack (MET)


Startpoint: wbs_adr_i[18] (input port clocked by clk)
Endpoint: _152_ (rising edge-triggered flip-flop clocked by clk)
Path Group: clk
Path Type: min

Fanout         Cap        Slew       Delay        Time   Description
---------------------------------------------------------------------------------------------
                                  0.000000    0.000000   clock clk (rise edge)
                                  4.650000    4.650000   clock network delay (propagated)
                                  0.790000    5.440000 ^ input external delay
     2    0.004555    0.070000    0.000000    5.440000 ^ wbs_adr_i[18] (in)
                                                         wbs_adr_i[18] (net)
                      0.070099    0.000048    5.440049 ^ input88/A (sky130_fd_sc_hd__clkbuf_1)
     1    0.004159    0.095918    0.164432    5.604481 ^ input88/X (sky130_fd_sc_hd__clkbuf_1)
                                                         net88 (net)
                      0.095918    0.000150    5.604631 ^ _045_/D (sky130_fd_sc_hd__or4_2)
     3    0.022934    0.192694    0.304321    5.908952 ^ _045_/X (sky130_fd_sc_hd__or4_2)
                                                         _036_ (net)
                      0.192719    0.002259    5.911211 ^ _048_/B (sky130_fd_sc_hd__nor4_1)
     1    0.007352    0.079433    0.166887    6.078098 v _048_/Y (sky130_fd_sc_hd__nor4_1)
                                                         _039_ (net)
                      0.079433    0.000352    6.078450 v hold4/A (sky130_fd_sc_hd__dlygate4sd3_1)
     1    0.007279    0.148806    1.157585    7.236035 v hold4/X (sky130_fd_sc_hd__dlygate4sd3_1)
                                                         net278 (net)
                      0.148806    0.000339    7.236374 v wire262/A (sky130_fd_sc_hd__buf_2)
     1    0.011191    0.077208    0.294030    7.530404 v wire262/X (sky130_fd_sc_hd__buf_2)
                                                         net262 (net)
                      0.077211    0.000602    7.531006 v hold5/A (sky130_fd_sc_hd__dlygate4sd3_1)
     7    0.056736    0.549274    1.530414    9.061420 v hold5/X (sky130_fd_sc_hd__dlygate4sd3_1)
                                                         net279 (net)
                      0.549277    0.002567    9.063987 v fanout260/A (sky130_fd_sc_hd__buf_4)
    33    0.119740    0.270138    0.647550    9.711536 v fanout260/X (sky130_fd_sc_hd__buf_4)
                                                         net260 (net)
                      0.272013    0.017709    9.729246 v _119_/C (sky130_fd_sc_hd__and3_1)
     1    0.003587    0.072209    0.456005   10.185251 v _119_/X (sky130_fd_sc_hd__and3_1)
                                                         _016_ (net)
                      0.072209    0.000116   10.185368 v _152_/D (sky130_fd_sc_hd__dfrtp_4)
                                             10.185368   data arrival time

                                  0.000000    0.000000   clock clk (rise edge)
                                  5.570000    5.570000   clock source latency
     2    0.031153    0.610000    0.000000    5.570000 ^ clk (in)
                                                         clk (net)
                      0.616650    0.003408    5.573408 ^ wire3/A (sky130_fd_sc_hd__buf_4)
     3    0.045449    0.214376    0.554843    6.128251 ^ wire3/X (sky130_fd_sc_hd__buf_4)
                                                         net274 (net)
                      0.214630    0.006939    6.135190 ^ wire2/A (sky130_fd_sc_hd__buf_6)
     3    0.077803    0.252653    0.385308    6.520498 ^ wire2/X (sky130_fd_sc_hd__buf_6)
                                                         net273 (net)
                      0.254622    0.018381    6.538879 ^ wire1/A (sky130_fd_sc_hd__buf_6)
     3    0.080158    0.259864    0.405164    6.944043 ^ wire1/X (sky130_fd_sc_hd__buf_6)
                                                         net272 (net)
                      0.261982    0.019340    6.963383 ^ clkbuf_0_clk/A (sky130_fd_sc_hd__clkbuf_16)
     9    0.099761    0.176755    0.408460    7.371844 ^ clkbuf_0_clk/X (sky130_fd_sc_hd__clkbuf_16)
                                                         clknet_0_clk (net)
                      0.177373    0.007558    7.379402 ^ clkbuf_2_3__f_clk/A (sky130_fd_sc_hd__clkbuf_16)
    21    0.072325    0.137895    0.337988    7.717390 ^ clkbuf_2_3__f_clk/X (sky130_fd_sc_hd__clkbuf_16)
                                                         clknet_2_3__leaf_clk (net)
                      0.139628    0.012397    7.729787 ^ _152_/CLK (sky130_fd_sc_hd__dfrtp_4)
                                  0.087500    7.817286   clock uncertainty
                                  0.000000    7.817286   clock reconvergence pessimism
                                 -0.075458    7.741829   library hold time
                                              7.741829   data required time
---------------------------------------------------------------------------------------------
                                              7.741829   data required time
                                            -10.185368   data arrival time
---------------------------------------------------------------------------------------------
                                              2.443539   slack (MET)


Startpoint: wbs_adr_i[18] (input port clocked by clk)
Endpoint: _132_ (rising edge-triggered flip-flop clocked by clk)
Path Group: clk
Path Type: min

Fanout         Cap        Slew       Delay        Time   Description
---------------------------------------------------------------------------------------------
                                  0.000000    0.000000   clock clk (rise edge)
                                  4.650000    4.650000   clock network delay (propagated)
                                  0.790000    5.440000 ^ input external delay
     2    0.004555    0.070000    0.000000    5.440000 ^ wbs_adr_i[18] (in)
                                                         wbs_adr_i[18] (net)
                      0.070099    0.000048    5.440049 ^ input88/A (sky130_fd_sc_hd__clkbuf_1)
     1    0.004159    0.095918    0.164432    5.604481 ^ input88/X (sky130_fd_sc_hd__clkbuf_1)
                                                         net88 (net)
                      0.095918    0.000150    5.604631 ^ _045_/D (sky130_fd_sc_hd__or4_2)
     3    0.022934    0.192694    0.304321    5.908952 ^ _045_/X (sky130_fd_sc_hd__or4_2)
                                                         _036_ (net)
                      0.192719    0.002259    5.911211 ^ _048_/B (sky130_fd_sc_hd__nor4_1)
     1    0.007352    0.079433    0.166887    6.078098 v _048_/Y (sky130_fd_sc_hd__nor4_1)
                                                         _039_ (net)
                      0.079433    0.000352    6.078450 v hold4/A (sky130_fd_sc_hd__dlygate4sd3_1)
     1    0.007279    0.148806    1.157585    7.236035 v hold4/X (sky130_fd_sc_hd__dlygate4sd3_1)
                                                         net278 (net)
                      0.148806    0.000339    7.236374 v wire262/A (sky130_fd_sc_hd__buf_2)
     1    0.011191    0.077208    0.294030    7.530404 v wire262/X (sky130_fd_sc_hd__buf_2)
                                                         net262 (net)
                      0.077211    0.000602    7.531006 v hold5/A (sky130_fd_sc_hd__dlygate4sd3_1)
     7    0.056736    0.549274    1.530414    9.061420 v hold5/X (sky130_fd_sc_hd__dlygate4sd3_1)
                                                         net279 (net)
                      0.549338    0.006025    9.067446 v fanout261/A (sky130_fd_sc_hd__buf_4)
    33    0.125088    0.280850    0.650482    9.717928 v fanout261/X (sky130_fd_sc_hd__buf_4)
                                                         net261 (net)
                      0.285202    0.027261    9.745189 v _099_/C (sky130_fd_sc_hd__and3_1)
     1    0.003731    0.073286    0.464312   10.209501 v _099_/X (sky130_fd_sc_hd__and3_1)
                                                         _026_ (net)
                      0.073286    0.000115   10.209617 v _132_/D (sky130_fd_sc_hd__dfrtp_4)
                                             10.209617   data arrival time

                                  0.000000    0.000000   clock clk (rise edge)
                                  5.570000    5.570000   clock source latency
     2    0.031153    0.610000    0.000000    5.570000 ^ clk (in)
                                                         clk (net)
                      0.616650    0.003408    5.573408 ^ wire3/A (sky130_fd_sc_hd__buf_4)
     3    0.045449    0.214376    0.554843    6.128251 ^ wire3/X (sky130_fd_sc_hd__buf_4)
                                                         net274 (net)
                      0.214630    0.006939    6.135190 ^ wire2/A (sky130_fd_sc_hd__buf_6)
     3    0.077803    0.252653    0.385308    6.520498 ^ wire2/X (sky130_fd_sc_hd__buf_6)
                                                         net273 (net)
                      0.254622    0.018381    6.538879 ^ wire1/A (sky130_fd_sc_hd__buf_6)
     3    0.080158    0.259864    0.405164    6.944043 ^ wire1/X (sky130_fd_sc_hd__buf_6)
                                                         net272 (net)
                      0.261982    0.019340    6.963383 ^ clkbuf_0_clk/A (sky130_fd_sc_hd__clkbuf_16)
     9    0.099761    0.176755    0.408460    7.371844 ^ clkbuf_0_clk/X (sky130_fd_sc_hd__clkbuf_16)
                                                         clknet_0_clk (net)
                      0.177484    0.008366    7.380209 ^ clkbuf_2_1__f_clk/A (sky130_fd_sc_hd__clkbuf_16)
    21    0.085197    0.156039    0.352188    7.732398 ^ clkbuf_2_1__f_clk/X (sky130_fd_sc_hd__clkbuf_16)
                                                         clknet_2_1__leaf_clk (net)
                      0.157848    0.013598    7.745996 ^ _132_/CLK (sky130_fd_sc_hd__dfrtp_4)
                                  0.087500    7.833496   clock uncertainty
                                  0.000000    7.833496   clock reconvergence pessimism
                                 -0.071438    7.762059   library hold time
                                              7.762059   data required time
---------------------------------------------------------------------------------------------
                                              7.762059   data required time
                                            -10.209617   data arrival time
---------------------------------------------------------------------------------------------
                                              2.447558   slack (MET)


Startpoint: wbs_adr_i[18] (input port clocked by clk)
Endpoint: _133_ (rising edge-triggered flip-flop clocked by clk)
Path Group: clk
Path Type: min

Fanout         Cap        Slew       Delay        Time   Description
---------------------------------------------------------------------------------------------
                                  0.000000    0.000000   clock clk (rise edge)
                                  4.650000    4.650000   clock network delay (propagated)
                                  0.790000    5.440000 ^ input external delay
     2    0.004555    0.070000    0.000000    5.440000 ^ wbs_adr_i[18] (in)
                                                         wbs_adr_i[18] (net)
                      0.070099    0.000048    5.440049 ^ input88/A (sky130_fd_sc_hd__clkbuf_1)
     1    0.004159    0.095918    0.164432    5.604481 ^ input88/X (sky130_fd_sc_hd__clkbuf_1)
                                                         net88 (net)
                      0.095918    0.000150    5.604631 ^ _045_/D (sky130_fd_sc_hd__or4_2)
     3    0.022934    0.192694    0.304321    5.908952 ^ _045_/X (sky130_fd_sc_hd__or4_2)
                                                         _036_ (net)
                      0.192719    0.002259    5.911211 ^ _048_/B (sky130_fd_sc_hd__nor4_1)
     1    0.007352    0.079433    0.166887    6.078098 v _048_/Y (sky130_fd_sc_hd__nor4_1)
                                                         _039_ (net)
                      0.079433    0.000352    6.078450 v hold4/A (sky130_fd_sc_hd__dlygate4sd3_1)
     1    0.007279    0.148806    1.157585    7.236035 v hold4/X (sky130_fd_sc_hd__dlygate4sd3_1)
                                                         net278 (net)
                      0.148806    0.000339    7.236374 v wire262/A (sky130_fd_sc_hd__buf_2)
     1    0.011191    0.077208    0.294030    7.530404 v wire262/X (sky130_fd_sc_hd__buf_2)
                                                         net262 (net)
                      0.077211    0.000602    7.531006 v hold5/A (sky130_fd_sc_hd__dlygate4sd3_1)
     7    0.056736    0.549274    1.530414    9.061420 v hold5/X (sky130_fd_sc_hd__dlygate4sd3_1)
                                                         net279 (net)
                      0.549338    0.006025    9.067446 v fanout261/A (sky130_fd_sc_hd__buf_4)
    33    0.125088    0.280850    0.650482    9.717928 v fanout261/X (sky130_fd_sc_hd__buf_4)
                                                         net261 (net)
                      0.285207    0.027276    9.745204 v _100_/C (sky130_fd_sc_hd__and3_1)
     1    0.004147    0.077165    0.469116   10.214320 v _100_/X (sky130_fd_sc_hd__and3_1)
                                                         _027_ (net)
                      0.077165    0.000139   10.214459 v _133_/D (sky130_fd_sc_hd__dfrtp_4)
                                             10.214459   data arrival time

                                  0.000000    0.000000   clock clk (rise edge)
                                  5.570000    5.570000   clock source latency
     2    0.031153    0.610000    0.000000    5.570000 ^ clk (in)
                                                         clk (net)
                      0.616650    0.003408    5.573408 ^ wire3/A (sky130_fd_sc_hd__buf_4)
     3    0.045449    0.214376    0.554843    6.128251 ^ wire3/X (sky130_fd_sc_hd__buf_4)
                                                         net274 (net)
                      0.214630    0.006939    6.135190 ^ wire2/A (sky130_fd_sc_hd__buf_6)
     3    0.077803    0.252653    0.385308    6.520498 ^ wire2/X (sky130_fd_sc_hd__buf_6)
                                                         net273 (net)
                      0.254622    0.018381    6.538879 ^ wire1/A (sky130_fd_sc_hd__buf_6)
     3    0.080158    0.259864    0.405164    6.944043 ^ wire1/X (sky130_fd_sc_hd__buf_6)
                                                         net272 (net)
                      0.261982    0.019340    6.963383 ^ clkbuf_0_clk/A (sky130_fd_sc_hd__clkbuf_16)
     9    0.099761    0.176755    0.408460    7.371844 ^ clkbuf_0_clk/X (sky130_fd_sc_hd__clkbuf_16)
                                                         clknet_0_clk (net)
                      0.177484    0.008366    7.380209 ^ clkbuf_2_1__f_clk/A (sky130_fd_sc_hd__clkbuf_16)
    21    0.085197    0.156039    0.352188    7.732398 ^ clkbuf_2_1__f_clk/X (sky130_fd_sc_hd__clkbuf_16)
                                                         clknet_2_1__leaf_clk (net)
                      0.157862    0.013651    7.746049 ^ _133_/CLK (sky130_fd_sc_hd__dfrtp_4)
                                  0.087500    7.833549   clock uncertainty
                                  0.000000    7.833549   clock reconvergence pessimism
                                 -0.072858    7.760691   library hold time
                                              7.760691   data required time
---------------------------------------------------------------------------------------------
                                              7.760691   data required time
                                            -10.214459   data arrival time
---------------------------------------------------------------------------------------------
                                              2.453769   slack (MET)


Startpoint: wbs_adr_i[18] (input port clocked by clk)
Endpoint: _153_ (rising edge-triggered flip-flop clocked by clk)
Path Group: clk
Path Type: min

Fanout         Cap        Slew       Delay        Time   Description
---------------------------------------------------------------------------------------------
                                  0.000000    0.000000   clock clk (rise edge)
                                  4.650000    4.650000   clock network delay (propagated)
                                  0.790000    5.440000 ^ input external delay
     2    0.004555    0.070000    0.000000    5.440000 ^ wbs_adr_i[18] (in)
                                                         wbs_adr_i[18] (net)
                      0.070099    0.000048    5.440049 ^ input88/A (sky130_fd_sc_hd__clkbuf_1)
     1    0.004159    0.095918    0.164432    5.604481 ^ input88/X (sky130_fd_sc_hd__clkbuf_1)
                                                         net88 (net)
                      0.095918    0.000150    5.604631 ^ _045_/D (sky130_fd_sc_hd__or4_2)
     3    0.022934    0.192694    0.304321    5.908952 ^ _045_/X (sky130_fd_sc_hd__or4_2)
                                                         _036_ (net)
                      0.192719    0.002259    5.911211 ^ _048_/B (sky130_fd_sc_hd__nor4_1)
     1    0.007352    0.079433    0.166887    6.078098 v _048_/Y (sky130_fd_sc_hd__nor4_1)
                                                         _039_ (net)
                      0.079433    0.000352    6.078450 v hold4/A (sky130_fd_sc_hd__dlygate4sd3_1)
     1    0.007279    0.148806    1.157585    7.236035 v hold4/X (sky130_fd_sc_hd__dlygate4sd3_1)
                                                         net278 (net)
                      0.148806    0.000339    7.236374 v wire262/A (sky130_fd_sc_hd__buf_2)
     1    0.011191    0.077208    0.294030    7.530404 v wire262/X (sky130_fd_sc_hd__buf_2)
                                                         net262 (net)
                      0.077211    0.000602    7.531006 v hold5/A (sky130_fd_sc_hd__dlygate4sd3_1)
     7    0.056736    0.549274    1.530414    9.061420 v hold5/X (sky130_fd_sc_hd__dlygate4sd3_1)
                                                         net279 (net)
                      0.549277    0.002567    9.063987 v fanout260/A (sky130_fd_sc_hd__buf_4)
    33    0.119740    0.270138    0.647550    9.711536 v fanout260/X (sky130_fd_sc_hd__buf_4)
                                                         net260 (net)
                      0.272051    0.017883    9.729421 v _120_/C (sky130_fd_sc_hd__and3_1)
     1    0.004998    0.083738    0.470399   10.199819 v _120_/X (sky130_fd_sc_hd__and3_1)
                                                         _017_ (net)
                      0.083738    0.000192   10.200011 v _153_/D (sky130_fd_sc_hd__dfrtp_4)
                                             10.200011   data arrival time

                                  0.000000    0.000000   clock clk (rise edge)
                                  5.570000    5.570000   clock source latency
     2    0.031153    0.610000    0.000000    5.570000 ^ clk (in)
                                                         clk (net)
                      0.616650    0.003408    5.573408 ^ wire3/A (sky130_fd_sc_hd__buf_4)
     3    0.045449    0.214376    0.554843    6.128251 ^ wire3/X (sky130_fd_sc_hd__buf_4)
                                                         net274 (net)
                      0.214630    0.006939    6.135190 ^ wire2/A (sky130_fd_sc_hd__buf_6)
     3    0.077803    0.252653    0.385308    6.520498 ^ wire2/X (sky130_fd_sc_hd__buf_6)
                                                         net273 (net)
                      0.254622    0.018381    6.538879 ^ wire1/A (sky130_fd_sc_hd__buf_6)
     3    0.080158    0.259864    0.405164    6.944043 ^ wire1/X (sky130_fd_sc_hd__buf_6)
                                                         net272 (net)
                      0.261982    0.019340    6.963383 ^ clkbuf_0_clk/A (sky130_fd_sc_hd__clkbuf_16)
     9    0.099761    0.176755    0.408460    7.371844 ^ clkbuf_0_clk/X (sky130_fd_sc_hd__clkbuf_16)
                                                         clknet_0_clk (net)
                      0.177373    0.007558    7.379402 ^ clkbuf_2_3__f_clk/A (sky130_fd_sc_hd__clkbuf_16)
    21    0.072325    0.137895    0.337988    7.717390 ^ clkbuf_2_3__f_clk/X (sky130_fd_sc_hd__clkbuf_16)
                                                         clknet_2_3__leaf_clk (net)
                      0.139579    0.012219    7.729608 ^ _153_/CLK (sky130_fd_sc_hd__dfrtp_4)
                                  0.087500    7.817108   clock uncertainty
                                  0.000000    7.817108   clock reconvergence pessimism
                                 -0.079701    7.737406   library hold time
                                              7.737406   data required time
---------------------------------------------------------------------------------------------
                                              7.737406   data required time
                                            -10.200011   data arrival time
---------------------------------------------------------------------------------------------
                                              2.462605   slack (MET)


Startpoint: wbs_adr_i[18] (input port clocked by clk)
Endpoint: _146_ (rising edge-triggered flip-flop clocked by clk)
Path Group: clk
Path Type: min

Fanout         Cap        Slew       Delay        Time   Description
---------------------------------------------------------------------------------------------
                                  0.000000    0.000000   clock clk (rise edge)
                                  4.650000    4.650000   clock network delay (propagated)
                                  0.790000    5.440000 ^ input external delay
     2    0.004555    0.070000    0.000000    5.440000 ^ wbs_adr_i[18] (in)
                                                         wbs_adr_i[18] (net)
                      0.070099    0.000048    5.440049 ^ input88/A (sky130_fd_sc_hd__clkbuf_1)
     1    0.004159    0.095918    0.164432    5.604481 ^ input88/X (sky130_fd_sc_hd__clkbuf_1)
                                                         net88 (net)
                      0.095918    0.000150    5.604631 ^ _045_/D (sky130_fd_sc_hd__or4_2)
     3    0.022934    0.192694    0.304321    5.908952 ^ _045_/X (sky130_fd_sc_hd__or4_2)
                                                         _036_ (net)
                      0.192719    0.002259    5.911211 ^ _048_/B (sky130_fd_sc_hd__nor4_1)
     1    0.007352    0.079433    0.166887    6.078098 v _048_/Y (sky130_fd_sc_hd__nor4_1)
                                                         _039_ (net)
                      0.079433    0.000352    6.078450 v hold4/A (sky130_fd_sc_hd__dlygate4sd3_1)
     1    0.007279    0.148806    1.157585    7.236035 v hold4/X (sky130_fd_sc_hd__dlygate4sd3_1)
                                                         net278 (net)
                      0.148806    0.000339    7.236374 v wire262/A (sky130_fd_sc_hd__buf_2)
     1    0.011191    0.077208    0.294030    7.530404 v wire262/X (sky130_fd_sc_hd__buf_2)
                                                         net262 (net)
                      0.077211    0.000602    7.531006 v hold5/A (sky130_fd_sc_hd__dlygate4sd3_1)
     7    0.056736    0.549274    1.530414    9.061420 v hold5/X (sky130_fd_sc_hd__dlygate4sd3_1)
                                                         net279 (net)
                      0.549274    0.001068    9.062489 v _113_/C (sky130_fd_sc_hd__and3_1)
     1    0.002297    0.061538    0.580587    9.643076 v _113_/X (sky130_fd_sc_hd__and3_1)
                                                         _009_ (net)
                      0.061538    0.000066    9.643142 v hold6/A (sky130_fd_sc_hd__dlygate4sd3_1)
     1    0.002180    0.100733    1.081546   10.724689 v hold6/X (sky130_fd_sc_hd__dlygate4sd3_1)
                                                         net280 (net)
                      0.100733    0.000059   10.724747 v _146_/D (sky130_fd_sc_hd__dfrtp_2)
                                             10.724747   data arrival time

                                  0.000000    0.000000   clock clk (rise edge)
                                  5.570000    5.570000   clock source latency
     2    0.031153    0.610000    0.000000    5.570000 ^ clk (in)
                                                         clk (net)
                      0.616650    0.003408    5.573408 ^ wire3/A (sky130_fd_sc_hd__buf_4)
     3    0.045449    0.214376    0.554843    6.128251 ^ wire3/X (sky130_fd_sc_hd__buf_4)
                                                         net274 (net)
                      0.214630    0.006939    6.135190 ^ wire2/A (sky130_fd_sc_hd__buf_6)
     3    0.077803    0.252653    0.385308    6.520498 ^ wire2/X (sky130_fd_sc_hd__buf_6)
                                                         net273 (net)
                      0.254622    0.018381    6.538879 ^ wire1/A (sky130_fd_sc_hd__buf_6)
     3    0.080158    0.259864    0.405164    6.944043 ^ wire1/X (sky130_fd_sc_hd__buf_6)
                                                         net272 (net)
                      0.261982    0.019340    6.963383 ^ clkbuf_0_clk/A (sky130_fd_sc_hd__clkbuf_16)
     9    0.099761    0.176755    0.408460    7.371844 ^ clkbuf_0_clk/X (sky130_fd_sc_hd__clkbuf_16)
                                                         clknet_0_clk (net)
                      0.177373    0.007558    7.379402 ^ clkbuf_2_3__f_clk/A (sky130_fd_sc_hd__clkbuf_16)
    21    0.072325    0.137895    0.337988    7.717390 ^ clkbuf_2_3__f_clk/X (sky130_fd_sc_hd__clkbuf_16)
                                                         clknet_2_3__leaf_clk (net)
                      0.138046    0.003796    7.721186 ^ _146_/CLK (sky130_fd_sc_hd__dfrtp_2)
                                  0.087500    7.808685   clock uncertainty
                                  0.000000    7.808685   clock reconvergence pessimism
                                 -0.084417    7.724268   library hold time
                                              7.724268   data required time
---------------------------------------------------------------------------------------------
                                              7.724268   data required time
                                            -10.724747   data arrival time
---------------------------------------------------------------------------------------------
                                              3.000478   slack (MET)


Startpoint: _146_ (rising edge-triggered flip-flop clocked by clk)
Endpoint: wbs_dat_o[17] (output port clocked by clk)
Path Group: clk
Path Type: min

Fanout         Cap        Slew       Delay        Time   Description
---------------------------------------------------------------------------------------------
                                  0.000000    0.000000   clock clk (rise edge)
                                  4.650000    4.650000   clock source latency
     2    0.031153    0.610000    0.000000    4.650000 ^ clk (in)
                                                         clk (net)
                      0.616650    0.003242    4.653242 ^ wire3/A (sky130_fd_sc_hd__buf_4)
     3    0.045449    0.214376    0.527777    5.181019 ^ wire3/X (sky130_fd_sc_hd__buf_4)
                                                         net274 (net)
                      0.214630    0.006600    5.187620 ^ wire2/A (sky130_fd_sc_hd__buf_6)
     3    0.077803    0.252653    0.366513    5.554133 ^ wire2/X (sky130_fd_sc_hd__buf_6)
                                                         net273 (net)
                      0.254622    0.017485    5.571618 ^ wire1/A (sky130_fd_sc_hd__buf_6)
     3    0.080158    0.259864    0.385400    5.957017 ^ wire1/X (sky130_fd_sc_hd__buf_6)
                                                         net272 (net)
                      0.261982    0.018397    5.975414 ^ clkbuf_0_clk/A (sky130_fd_sc_hd__clkbuf_16)
     9    0.099761    0.176755    0.388535    6.363950 ^ clkbuf_0_clk/X (sky130_fd_sc_hd__clkbuf_16)
                                                         clknet_0_clk (net)
                      0.177373    0.007189    6.371139 ^ clkbuf_2_3__f_clk/A (sky130_fd_sc_hd__clkbuf_16)
    21    0.072325    0.137895    0.321500    6.692639 ^ clkbuf_2_3__f_clk/X (sky130_fd_sc_hd__clkbuf_16)
                                                         clknet_2_3__leaf_clk (net)
                      0.138046    0.003610    6.696249 ^ _146_/CLK (sky130_fd_sc_hd__dfrtp_2)
     3    0.028180    0.239951    0.849286    7.545536 ^ _146_/Q (sky130_fd_sc_hd__dfrtp_2)
                                                         net236 (net)
                      0.239991    0.003110    7.548646 ^ output236/A (sky130_fd_sc_hd__buf_12)
     1    0.190955    0.342878    0.447824    7.996470 ^ output236/X (sky130_fd_sc_hd__buf_12)
                                                         wbs_dat_o[17] (net)
                      0.342932    0.004147    8.000617 ^ wbs_dat_o[17] (out)
                                              8.000617   data arrival time

                                  0.000000    0.000000   clock clk (rise edge)
                                  5.570000    5.570000   clock network delay (propagated)
                                  0.087500    5.657500   clock uncertainty
                                  0.000000    5.657500   clock reconvergence pessimism
                                 -1.130000    4.527500   output external delay
                                              4.527500   data required time
---------------------------------------------------------------------------------------------
                                              4.527500   data required time
                                             -8.000617   data arrival time
---------------------------------------------------------------------------------------------
                                              3.473117   slack (MET)


Startpoint: _140_ (rising edge-triggered flip-flop clocked by clk)
Endpoint: wbs_dat_o[11] (output port clocked by clk)
Path Group: clk
Path Type: min

Fanout         Cap        Slew       Delay        Time   Description
---------------------------------------------------------------------------------------------
                                  0.000000    0.000000   clock clk (rise edge)
                                  4.650000    4.650000   clock source latency
     2    0.031153    0.610000    0.000000    4.650000 ^ clk (in)
                                                         clk (net)
                      0.616650    0.003242    4.653242 ^ wire3/A (sky130_fd_sc_hd__buf_4)
     3    0.045449    0.214376    0.527777    5.181019 ^ wire3/X (sky130_fd_sc_hd__buf_4)
                                                         net274 (net)
                      0.214630    0.006600    5.187620 ^ wire2/A (sky130_fd_sc_hd__buf_6)
     3    0.077803    0.252653    0.366513    5.554133 ^ wire2/X (sky130_fd_sc_hd__buf_6)
                                                         net273 (net)
                      0.254622    0.017485    5.571618 ^ wire1/A (sky130_fd_sc_hd__buf_6)
     3    0.080158    0.259864    0.385400    5.957017 ^ wire1/X (sky130_fd_sc_hd__buf_6)
                                                         net272 (net)
                      0.261982    0.018397    5.975414 ^ clkbuf_0_clk/A (sky130_fd_sc_hd__clkbuf_16)
     9    0.099761    0.176755    0.388535    6.363950 ^ clkbuf_0_clk/X (sky130_fd_sc_hd__clkbuf_16)
                                                         clknet_0_clk (net)
                      0.177484    0.007958    6.371907 ^ clkbuf_2_1__f_clk/A (sky130_fd_sc_hd__clkbuf_16)
    21    0.085197    0.156039    0.335008    6.706916 ^ clkbuf_2_1__f_clk/X (sky130_fd_sc_hd__clkbuf_16)
                                                         clknet_2_1__leaf_clk (net)
                      0.156897    0.008941    6.715857 ^ _140_/CLK (sky130_fd_sc_hd__dfrtp_2)
     3    0.028054    0.239107    0.857109    7.572966 ^ _140_/Q (sky130_fd_sc_hd__dfrtp_2)
                                                         net230 (net)
                      0.239153    0.003266    7.576231 ^ output230/A (sky130_fd_sc_hd__buf_12)
     1    0.190929    0.342832    0.447518    8.023750 ^ output230/X (sky130_fd_sc_hd__buf_12)
                                                         wbs_dat_o[11] (net)
                      0.342886    0.004146    8.027896 ^ wbs_dat_o[11] (out)
                                              8.027896   data arrival time

                                  0.000000    0.000000   clock clk (rise edge)
                                  5.570000    5.570000   clock network delay (propagated)
                                  0.087500    5.657500   clock uncertainty
                                  0.000000    5.657500   clock reconvergence pessimism
                                 -1.130000    4.527500   output external delay
                                              4.527500   data required time
---------------------------------------------------------------------------------------------
                                              4.527500   data required time
                                             -8.027896   data arrival time
---------------------------------------------------------------------------------------------
                                              3.500396   slack (MET)


Startpoint: _145_ (rising edge-triggered flip-flop clocked by clk)
Endpoint: wbs_dat_o[16] (output port clocked by clk)
Path Group: clk
Path Type: min

Fanout         Cap        Slew       Delay        Time   Description
---------------------------------------------------------------------------------------------
                                  0.000000    0.000000   clock clk (rise edge)
                                  4.650000    4.650000   clock source latency
     2    0.031153    0.610000    0.000000    4.650000 ^ clk (in)
                                                         clk (net)
                      0.616650    0.003242    4.653242 ^ wire3/A (sky130_fd_sc_hd__buf_4)
     3    0.045449    0.214376    0.527777    5.181019 ^ wire3/X (sky130_fd_sc_hd__buf_4)
                                                         net274 (net)
                      0.214630    0.006600    5.187620 ^ wire2/A (sky130_fd_sc_hd__buf_6)
     3    0.077803    0.252653    0.366513    5.554133 ^ wire2/X (sky130_fd_sc_hd__buf_6)
                                                         net273 (net)
                      0.254622    0.017485    5.571618 ^ wire1/A (sky130_fd_sc_hd__buf_6)
     3    0.080158    0.259864    0.385400    5.957017 ^ wire1/X (sky130_fd_sc_hd__buf_6)
                                                         net272 (net)
                      0.261982    0.018397    5.975414 ^ clkbuf_0_clk/A (sky130_fd_sc_hd__clkbuf_16)
     9    0.099761    0.176755    0.388535    6.363950 ^ clkbuf_0_clk/X (sky130_fd_sc_hd__clkbuf_16)
                                                         clknet_0_clk (net)
                      0.177372    0.007187    6.371137 ^ clkbuf_2_2__f_clk/A (sky130_fd_sc_hd__clkbuf_16)
    17    0.095466    0.170507    0.347508    6.718645 ^ clkbuf_2_2__f_clk/X (sky130_fd_sc_hd__clkbuf_16)
                                                         clknet_2_2__leaf_clk (net)
                      0.170743    0.005010    6.723655 ^ _145_/CLK (sky130_fd_sc_hd__dfrtp_2)
     3    0.026677    0.229510    0.856497    7.580152 ^ _145_/Q (sky130_fd_sc_hd__dfrtp_2)
                                                         net235 (net)
                      0.229541    0.002753    7.582905 ^ output235/A (sky130_fd_sc_hd__buf_12)
     1    0.191371    0.343615    0.444636    8.027541 ^ output235/X (sky130_fd_sc_hd__buf_12)
                                                         wbs_dat_o[16] (net)
                      0.343679    0.004497    8.032039 ^ wbs_dat_o[16] (out)
                                              8.032039   data arrival time

                                  0.000000    0.000000   clock clk (rise edge)
                                  5.570000    5.570000   clock network delay (propagated)
                                  0.087500    5.657500   clock uncertainty
                                  0.000000    5.657500   clock reconvergence pessimism
                                 -1.130000    4.527500   output external delay
                                              4.527500   data required time
---------------------------------------------------------------------------------------------
                                              4.527500   data required time
                                             -8.032039   data arrival time
---------------------------------------------------------------------------------------------
                                              3.504539   slack (MET)


Startpoint: _141_ (rising edge-triggered flip-flop clocked by clk)
Endpoint: wbs_dat_o[12] (output port clocked by clk)
Path Group: clk
Path Type: min

Fanout         Cap        Slew       Delay        Time   Description
---------------------------------------------------------------------------------------------
                                  0.000000    0.000000   clock clk (rise edge)
                                  4.650000    4.650000   clock source latency
     2    0.031153    0.610000    0.000000    4.650000 ^ clk (in)
                                                         clk (net)
                      0.616650    0.003242    4.653242 ^ wire3/A (sky130_fd_sc_hd__buf_4)
     3    0.045449    0.214376    0.527777    5.181019 ^ wire3/X (sky130_fd_sc_hd__buf_4)
                                                         net274 (net)
                      0.214630    0.006600    5.187620 ^ wire2/A (sky130_fd_sc_hd__buf_6)
     3    0.077803    0.252653    0.366513    5.554133 ^ wire2/X (sky130_fd_sc_hd__buf_6)
                                                         net273 (net)
                      0.254622    0.017485    5.571618 ^ wire1/A (sky130_fd_sc_hd__buf_6)
     3    0.080158    0.259864    0.385400    5.957017 ^ wire1/X (sky130_fd_sc_hd__buf_6)
                                                         net272 (net)
                      0.261982    0.018397    5.975414 ^ clkbuf_0_clk/A (sky130_fd_sc_hd__clkbuf_16)
     9    0.099761    0.176755    0.388535    6.363950 ^ clkbuf_0_clk/X (sky130_fd_sc_hd__clkbuf_16)
                                                         clknet_0_clk (net)
                      0.177503    0.008084    6.372033 ^ clkbuf_2_0__f_clk/A (sky130_fd_sc_hd__clkbuf_16)
    17    0.097615    0.173555    0.349677    6.721710 ^ clkbuf_2_0__f_clk/X (sky130_fd_sc_hd__clkbuf_16)
                                                         clknet_2_0__leaf_clk (net)
                      0.173713    0.004170    6.725880 ^ _141_/CLK (sky130_fd_sc_hd__dfrtp_2)
     3    0.026281    0.226785    0.855745    7.581625 ^ _141_/Q (sky130_fd_sc_hd__dfrtp_2)
                                                         net231 (net)
                      0.226818    0.002778    7.584403 ^ output231/A (sky130_fd_sc_hd__buf_12)
     1    0.191457    0.343798    0.443655    8.028057 ^ output231/X (sky130_fd_sc_hd__buf_12)
                                                         wbs_dat_o[12] (net)
                      0.343997    0.004764    8.032822 ^ wbs_dat_o[12] (out)
                                              8.032822   data arrival time

                                  0.000000    0.000000   clock clk (rise edge)
                                  5.570000    5.570000   clock network delay (propagated)
                                  0.087500    5.657500   clock uncertainty
                                  0.000000    5.657500   clock reconvergence pessimism
                                 -1.130000    4.527500   output external delay
                                              4.527500   data required time
---------------------------------------------------------------------------------------------
                                              4.527500   data required time
                                             -8.032822   data arrival time
---------------------------------------------------------------------------------------------
                                              3.505322   slack (MET)


Startpoint: _142_ (rising edge-triggered flip-flop clocked by clk)
Endpoint: wbs_dat_o[13] (output port clocked by clk)
Path Group: clk
Path Type: min

Fanout         Cap        Slew       Delay        Time   Description
---------------------------------------------------------------------------------------------
                                  0.000000    0.000000   clock clk (rise edge)
                                  4.650000    4.650000   clock source latency
     2    0.031153    0.610000    0.000000    4.650000 ^ clk (in)
                                                         clk (net)
                      0.616650    0.003242    4.653242 ^ wire3/A (sky130_fd_sc_hd__buf_4)
     3    0.045449    0.214376    0.527777    5.181019 ^ wire3/X (sky130_fd_sc_hd__buf_4)
                                                         net274 (net)
                      0.214630    0.006600    5.187620 ^ wire2/A (sky130_fd_sc_hd__buf_6)
     3    0.077803    0.252653    0.366513    5.554133 ^ wire2/X (sky130_fd_sc_hd__buf_6)
                                                         net273 (net)
                      0.254622    0.017485    5.571618 ^ wire1/A (sky130_fd_sc_hd__buf_6)
     3    0.080158    0.259864    0.385400    5.957017 ^ wire1/X (sky130_fd_sc_hd__buf_6)
                                                         net272 (net)
                      0.261982    0.018397    5.975414 ^ clkbuf_0_clk/A (sky130_fd_sc_hd__clkbuf_16)
     9    0.099761    0.176755    0.388535    6.363950 ^ clkbuf_0_clk/X (sky130_fd_sc_hd__clkbuf_16)
                                                         clknet_0_clk (net)
                      0.177503    0.008084    6.372033 ^ clkbuf_2_0__f_clk/A (sky130_fd_sc_hd__clkbuf_16)
    17    0.097615    0.173555    0.349677    6.721710 ^ clkbuf_2_0__f_clk/X (sky130_fd_sc_hd__clkbuf_16)
                                                         clknet_2_0__leaf_clk (net)
                      0.173851    0.005655    6.727365 ^ _142_/CLK (sky130_fd_sc_hd__dfrtp_2)
     3    0.026384    0.227484    0.856397    7.583761 ^ _142_/Q (sky130_fd_sc_hd__dfrtp_2)
                                                         net232 (net)
                      0.227515    0.002736    7.586498 ^ output232/A (sky130_fd_sc_hd__buf_12)
     1    0.191174    0.343280    0.443745    8.030243 ^ output232/X (sky130_fd_sc_hd__buf_12)
                                                         wbs_dat_o[13] (net)
                      0.343344    0.004490    8.034733 ^ wbs_dat_o[13] (out)
                                              8.034733   data arrival time

                                  0.000000    0.000000   clock clk (rise edge)
                                  5.570000    5.570000   clock network delay (propagated)
                                  0.087500    5.657500   clock uncertainty
                                  0.000000    5.657500   clock reconvergence pessimism
                                 -1.130000    4.527500   output external delay
                                              4.527500   data required time
---------------------------------------------------------------------------------------------
                                              4.527500   data required time
                                             -8.034733   data arrival time
---------------------------------------------------------------------------------------------
                                              3.507233   slack (MET)


Startpoint: _147_ (rising edge-triggered flip-flop clocked by clk)
Endpoint: wbs_dat_o[18] (output port clocked by clk)
Path Group: clk
Path Type: min

Fanout         Cap        Slew       Delay        Time   Description
---------------------------------------------------------------------------------------------
                                  0.000000    0.000000   clock clk (rise edge)
                                  4.650000    4.650000   clock source latency
     2    0.031153    0.610000    0.000000    4.650000 ^ clk (in)
                                                         clk (net)
                      0.616650    0.003242    4.653242 ^ wire3/A (sky130_fd_sc_hd__buf_4)
     3    0.045449    0.214376    0.527777    5.181019 ^ wire3/X (sky130_fd_sc_hd__buf_4)
                                                         net274 (net)
                      0.214630    0.006600    5.187620 ^ wire2/A (sky130_fd_sc_hd__buf_6)
     3    0.077803    0.252653    0.366513    5.554133 ^ wire2/X (sky130_fd_sc_hd__buf_6)
                                                         net273 (net)
                      0.254622    0.017485    5.571618 ^ wire1/A (sky130_fd_sc_hd__buf_6)
     3    0.080158    0.259864    0.385400    5.957017 ^ wire1/X (sky130_fd_sc_hd__buf_6)
                                                         net272 (net)
                      0.261982    0.018397    5.975414 ^ clkbuf_0_clk/A (sky130_fd_sc_hd__clkbuf_16)
     9    0.099761    0.176755    0.388535    6.363950 ^ clkbuf_0_clk/X (sky130_fd_sc_hd__clkbuf_16)
                                                         clknet_0_clk (net)
                      0.177372    0.007187    6.371137 ^ clkbuf_2_2__f_clk/A (sky130_fd_sc_hd__clkbuf_16)
    17    0.095466    0.170507    0.347508    6.718645 ^ clkbuf_2_2__f_clk/X (sky130_fd_sc_hd__clkbuf_16)
                                                         clknet_2_2__leaf_clk (net)
                      0.171086    0.007746    6.726390 ^ _147_/CLK (sky130_fd_sc_hd__dfrtp_2)
     3    0.026973    0.231572    0.858135    7.584525 ^ _147_/Q (sky130_fd_sc_hd__dfrtp_2)
                                                         net237 (net)
                      0.231607    0.002898    7.587423 ^ output237/A (sky130_fd_sc_hd__buf_12)
     1    0.191479    0.343844    0.445250    8.032674 ^ output237/X (sky130_fd_sc_hd__buf_12)
                                                         wbs_dat_o[18] (net)
                      0.344043    0.004764    8.037437 ^ wbs_dat_o[18] (out)
                                              8.037437   data arrival time

                                  0.000000    0.000000   clock clk (rise edge)
                                  5.570000    5.570000   clock network delay (propagated)
                                  0.087500    5.657500   clock uncertainty
                                  0.000000    5.657500   clock reconvergence pessimism
                                 -1.130000    4.527500   output external delay
                                              4.527500   data required time
---------------------------------------------------------------------------------------------
                                              4.527500   data required time
                                             -8.037437   data arrival time
---------------------------------------------------------------------------------------------
                                              3.509938   slack (MET)


Startpoint: _144_ (rising edge-triggered flip-flop clocked by clk)
Endpoint: wbs_dat_o[15] (output port clocked by clk)
Path Group: clk
Path Type: min

Fanout         Cap        Slew       Delay        Time   Description
---------------------------------------------------------------------------------------------
                                  0.000000    0.000000   clock clk (rise edge)
                                  4.650000    4.650000   clock source latency
     2    0.031153    0.610000    0.000000    4.650000 ^ clk (in)
                                                         clk (net)
                      0.616650    0.003242    4.653242 ^ wire3/A (sky130_fd_sc_hd__buf_4)
     3    0.045449    0.214376    0.527777    5.181019 ^ wire3/X (sky130_fd_sc_hd__buf_4)
                                                         net274 (net)
                      0.214630    0.006600    5.187620 ^ wire2/A (sky130_fd_sc_hd__buf_6)
     3    0.077803    0.252653    0.366513    5.554133 ^ wire2/X (sky130_fd_sc_hd__buf_6)
                                                         net273 (net)
                      0.254622    0.017485    5.571618 ^ wire1/A (sky130_fd_sc_hd__buf_6)
     3    0.080158    0.259864    0.385400    5.957017 ^ wire1/X (sky130_fd_sc_hd__buf_6)
                                                         net272 (net)
                      0.261982    0.018397    5.975414 ^ clkbuf_0_clk/A (sky130_fd_sc_hd__clkbuf_16)
     9    0.099761    0.176755    0.388535    6.363950 ^ clkbuf_0_clk/X (sky130_fd_sc_hd__clkbuf_16)
                                                         clknet_0_clk (net)
                      0.177372    0.007187    6.371137 ^ clkbuf_2_2__f_clk/A (sky130_fd_sc_hd__clkbuf_16)
    17    0.095466    0.170507    0.347508    6.718645 ^ clkbuf_2_2__f_clk/X (sky130_fd_sc_hd__clkbuf_16)
                                                         clknet_2_2__leaf_clk (net)
                      0.170853    0.006031    6.724675 ^ _144_/CLK (sky130_fd_sc_hd__dfrtp_2)
     3    0.027686    0.236510    0.861707    7.586382 ^ _144_/Q (sky130_fd_sc_hd__dfrtp_2)
                                                         net234 (net)
                      0.236546    0.002957    7.589339 ^ output234/A (sky130_fd_sc_hd__buf_12)
     1    0.190955    0.342872    0.446694    8.036034 ^ output234/X (sky130_fd_sc_hd__buf_12)
                                                         wbs_dat_o[15] (net)
                      0.342926    0.004147    8.040180 ^ wbs_dat_o[15] (out)
                                              8.040180   data arrival time

                                  0.000000    0.000000   clock clk (rise edge)
                                  5.570000    5.570000   clock network delay (propagated)
                                  0.087500    5.657500   clock uncertainty
                                  0.000000    5.657500   clock reconvergence pessimism
                                 -1.130000    4.527500   output external delay
                                              4.527500   data required time
---------------------------------------------------------------------------------------------
                                              4.527500   data required time
                                             -8.040180   data arrival time
---------------------------------------------------------------------------------------------
                                              3.512681   slack (MET)


Startpoint: _143_ (rising edge-triggered flip-flop clocked by clk)
Endpoint: wbs_dat_o[14] (output port clocked by clk)
Path Group: clk
Path Type: min

Fanout         Cap        Slew       Delay        Time   Description
---------------------------------------------------------------------------------------------
                                  0.000000    0.000000   clock clk (rise edge)
                                  4.650000    4.650000   clock source latency
     2    0.031153    0.610000    0.000000    4.650000 ^ clk (in)
                                                         clk (net)
                      0.616650    0.003242    4.653242 ^ wire3/A (sky130_fd_sc_hd__buf_4)
     3    0.045449    0.214376    0.527777    5.181019 ^ wire3/X (sky130_fd_sc_hd__buf_4)
                                                         net274 (net)
                      0.214630    0.006600    5.187620 ^ wire2/A (sky130_fd_sc_hd__buf_6)
     3    0.077803    0.252653    0.366513    5.554133 ^ wire2/X (sky130_fd_sc_hd__buf_6)
                                                         net273 (net)
                      0.254622    0.017485    5.571618 ^ wire1/A (sky130_fd_sc_hd__buf_6)
     3    0.080158    0.259864    0.385400    5.957017 ^ wire1/X (sky130_fd_sc_hd__buf_6)
                                                         net272 (net)
                      0.261982    0.018397    5.975414 ^ clkbuf_0_clk/A (sky130_fd_sc_hd__clkbuf_16)
     9    0.099761    0.176755    0.388535    6.363950 ^ clkbuf_0_clk/X (sky130_fd_sc_hd__clkbuf_16)
                                                         clknet_0_clk (net)
                      0.177503    0.008084    6.372033 ^ clkbuf_2_0__f_clk/A (sky130_fd_sc_hd__clkbuf_16)
    17    0.097615    0.173555    0.349677    6.721710 ^ clkbuf_2_0__f_clk/X (sky130_fd_sc_hd__clkbuf_16)
                                                         clknet_2_0__leaf_clk (net)
                      0.173982    0.006755    6.728466 ^ _143_/CLK (sky130_fd_sc_hd__dfrtp_2)
     3    0.027316    0.233945    0.861229    7.589694 ^ _143_/Q (sky130_fd_sc_hd__dfrtp_2)
                                                         net233 (net)
                      0.233981    0.002910    7.592604 ^ output233/A (sky130_fd_sc_hd__buf_12)
     1    0.190938    0.342836    0.445833    8.038437 ^ output233/X (sky130_fd_sc_hd__buf_12)
                                                         wbs_dat_o[14] (net)
                      0.342890    0.004146    8.042583 ^ wbs_dat_o[14] (out)
                                              8.042583   data arrival time

                                  0.000000    0.000000   clock clk (rise edge)
                                  5.570000    5.570000   clock network delay (propagated)
                                  0.087500    5.657500   clock uncertainty
                                  0.000000    5.657500   clock reconvergence pessimism
                                 -1.130000    4.527500   output external delay
                                              4.527500   data required time
---------------------------------------------------------------------------------------------
                                              4.527500   data required time
                                             -8.042583   data arrival time
---------------------------------------------------------------------------------------------
                                              3.515083   slack (MET)


Startpoint: _139_ (rising edge-triggered flip-flop clocked by clk)
Endpoint: wbs_dat_o[10] (output port clocked by clk)
Path Group: clk
Path Type: min

Fanout         Cap        Slew       Delay        Time   Description
---------------------------------------------------------------------------------------------
                                  0.000000    0.000000   clock clk (rise edge)
                                  4.650000    4.650000   clock source latency
     2    0.031153    0.610000    0.000000    4.650000 ^ clk (in)
                                                         clk (net)
                      0.616650    0.003242    4.653242 ^ wire3/A (sky130_fd_sc_hd__buf_4)
     3    0.045449    0.214376    0.527777    5.181019 ^ wire3/X (sky130_fd_sc_hd__buf_4)
                                                         net274 (net)
                      0.214630    0.006600    5.187620 ^ wire2/A (sky130_fd_sc_hd__buf_6)
     3    0.077803    0.252653    0.366513    5.554133 ^ wire2/X (sky130_fd_sc_hd__buf_6)
                                                         net273 (net)
                      0.254622    0.017485    5.571618 ^ wire1/A (sky130_fd_sc_hd__buf_6)
     3    0.080158    0.259864    0.385400    5.957017 ^ wire1/X (sky130_fd_sc_hd__buf_6)
                                                         net272 (net)
                      0.261982    0.018397    5.975414 ^ clkbuf_0_clk/A (sky130_fd_sc_hd__clkbuf_16)
     9    0.099761    0.176755    0.388535    6.363950 ^ clkbuf_0_clk/X (sky130_fd_sc_hd__clkbuf_16)
                                                         clknet_0_clk (net)
                      0.177484    0.007958    6.371907 ^ clkbuf_2_1__f_clk/A (sky130_fd_sc_hd__clkbuf_16)
    21    0.085197    0.156039    0.335008    6.706916 ^ clkbuf_2_1__f_clk/X (sky130_fd_sc_hd__clkbuf_16)
                                                         clknet_2_1__leaf_clk (net)
                      0.157353    0.011022    6.717938 ^ _139_/CLK (sky130_fd_sc_hd__dfrtp_4)
     3    0.028394    0.189174    0.926183    7.644121 ^ _139_/Q (sky130_fd_sc_hd__dfrtp_4)
                                                         net229 (net)
                      0.189341    0.003217    7.647338 ^ output229/A (sky130_fd_sc_hd__buf_12)
     1    0.190951    0.342554    0.427332    8.074670 ^ output229/X (sky130_fd_sc_hd__buf_12)
                                                         wbs_dat_o[10] (net)
                      0.342727    0.004146    8.078816 ^ wbs_dat_o[10] (out)
                                              8.078816   data arrival time

                                  0.000000    0.000000   clock clk (rise edge)
                                  5.570000    5.570000   clock network delay (propagated)
                                  0.087500    5.657500   clock uncertainty
                                  0.000000    5.657500   clock reconvergence pessimism
                                 -1.130000    4.527500   output external delay
                                              4.527500   data required time
---------------------------------------------------------------------------------------------
                                              4.527500   data required time
                                             -8.078816   data arrival time
---------------------------------------------------------------------------------------------
                                              3.551316   slack (MET)


Startpoint: _148_ (rising edge-triggered flip-flop clocked by clk)
Endpoint: wbs_dat_o[19] (output port clocked by clk)
Path Group: clk
Path Type: min

Fanout         Cap        Slew       Delay        Time   Description
---------------------------------------------------------------------------------------------
                                  0.000000    0.000000   clock clk (rise edge)
                                  4.650000    4.650000   clock source latency
     2    0.031153    0.610000    0.000000    4.650000 ^ clk (in)
                                                         clk (net)
                      0.616650    0.003242    4.653242 ^ wire3/A (sky130_fd_sc_hd__buf_4)
     3    0.045449    0.214376    0.527777    5.181019 ^ wire3/X (sky130_fd_sc_hd__buf_4)
                                                         net274 (net)
                      0.214630    0.006600    5.187620 ^ wire2/A (sky130_fd_sc_hd__buf_6)
     3    0.077803    0.252653    0.366513    5.554133 ^ wire2/X (sky130_fd_sc_hd__buf_6)
                                                         net273 (net)
                      0.254622    0.017485    5.571618 ^ wire1/A (sky130_fd_sc_hd__buf_6)
     3    0.080158    0.259864    0.385400    5.957017 ^ wire1/X (sky130_fd_sc_hd__buf_6)
                                                         net272 (net)
                      0.261982    0.018397    5.975414 ^ clkbuf_0_clk/A (sky130_fd_sc_hd__clkbuf_16)
     9    0.099761    0.176755    0.388535    6.363950 ^ clkbuf_0_clk/X (sky130_fd_sc_hd__clkbuf_16)
                                                         clknet_0_clk (net)
                      0.177372    0.007187    6.371137 ^ clkbuf_2_2__f_clk/A (sky130_fd_sc_hd__clkbuf_16)
    17    0.095466    0.170507    0.347508    6.718645 ^ clkbuf_2_2__f_clk/X (sky130_fd_sc_hd__clkbuf_16)
                                                         clknet_2_2__leaf_clk (net)
                      0.171265    0.008832    6.727477 ^ _148_/CLK (sky130_fd_sc_hd__dfrtp_4)
     3    0.032050    0.202854    0.944355    7.671832 ^ _148_/Q (sky130_fd_sc_hd__dfrtp_4)
                                                         net238 (net)
                      0.203089    0.004170    7.676003 ^ output238/A (sky130_fd_sc_hd__buf_12)
     1    0.191479    0.343657    0.433575    8.109577 ^ output238/X (sky130_fd_sc_hd__buf_12)
                                                         wbs_dat_o[19] (net)
                      0.343856    0.004764    8.114342 ^ wbs_dat_o[19] (out)
                                              8.114342   data arrival time

                                  0.000000    0.000000   clock clk (rise edge)
                                  5.570000    5.570000   clock network delay (propagated)
                                  0.087500    5.657500   clock uncertainty
                                  0.000000    5.657500   clock reconvergence pessimism
                                 -1.130000    4.527500   output external delay
                                              4.527500   data required time
---------------------------------------------------------------------------------------------
                                              4.527500   data required time
                                             -8.114342   data arrival time
---------------------------------------------------------------------------------------------
                                              3.586842   slack (MET)


Startpoint: _138_ (rising edge-triggered flip-flop clocked by clk)
Endpoint: wbs_dat_o[9] (output port clocked by clk)
Path Group: clk
Path Type: min

Fanout         Cap        Slew       Delay        Time   Description
---------------------------------------------------------------------------------------------
                                  0.000000    0.000000   clock clk (rise edge)
                                  4.650000    4.650000   clock source latency
     2    0.031153    0.610000    0.000000    4.650000 ^ clk (in)
                                                         clk (net)
                      0.616650    0.003242    4.653242 ^ wire3/A (sky130_fd_sc_hd__buf_4)
     3    0.045449    0.214376    0.527777    5.181019 ^ wire3/X (sky130_fd_sc_hd__buf_4)
                                                         net274 (net)
                      0.214630    0.006600    5.187620 ^ wire2/A (sky130_fd_sc_hd__buf_6)
     3    0.077803    0.252653    0.366513    5.554133 ^ wire2/X (sky130_fd_sc_hd__buf_6)
                                                         net273 (net)
                      0.254622    0.017485    5.571618 ^ wire1/A (sky130_fd_sc_hd__buf_6)
     3    0.080158    0.259864    0.385400    5.957017 ^ wire1/X (sky130_fd_sc_hd__buf_6)
                                                         net272 (net)
                      0.261982    0.018397    5.975414 ^ clkbuf_0_clk/A (sky130_fd_sc_hd__clkbuf_16)
     9    0.099761    0.176755    0.388535    6.363950 ^ clkbuf_0_clk/X (sky130_fd_sc_hd__clkbuf_16)
                                                         clknet_0_clk (net)
                      0.177484    0.007958    6.371907 ^ clkbuf_2_1__f_clk/A (sky130_fd_sc_hd__clkbuf_16)
    21    0.085197    0.156039    0.335008    6.706916 ^ clkbuf_2_1__f_clk/X (sky130_fd_sc_hd__clkbuf_16)
                                                         clknet_2_1__leaf_clk (net)
                      0.157570    0.011895    6.718811 ^ _138_/CLK (sky130_fd_sc_hd__dfrtp_4)
     3    0.035281    0.215272    0.948829    7.667640 ^ _138_/Q (sky130_fd_sc_hd__dfrtp_4)
                                                         net259 (net)
                      0.215386    0.004513    7.672153 ^ output259/A (sky130_fd_sc_hd__buf_12)
     1    0.190994    0.342842    0.438871    8.111024 ^ output259/X (sky130_fd_sc_hd__buf_12)
                                                         wbs_dat_o[9] (net)
                      0.342896    0.004147    8.115171 ^ wbs_dat_o[9] (out)
                                              8.115171   data arrival time

                                  0.000000    0.000000   clock clk (rise edge)
                                  5.570000    5.570000   clock network delay (propagated)
                                  0.087500    5.657500   clock uncertainty
                                  0.000000    5.657500   clock reconvergence pessimism
                                 -1.130000    4.527500   output external delay
                                              4.527500   data required time
---------------------------------------------------------------------------------------------
                                              4.527500   data required time
                                             -8.115171   data arrival time
---------------------------------------------------------------------------------------------
                                              3.587671   slack (MET)


Startpoint: _149_ (rising edge-triggered flip-flop clocked by clk)
Endpoint: wbs_dat_o[20] (output port clocked by clk)
Path Group: clk
Path Type: min

Fanout         Cap        Slew       Delay        Time   Description
---------------------------------------------------------------------------------------------
                                  0.000000    0.000000   clock clk (rise edge)
                                  4.650000    4.650000   clock source latency
     2    0.031153    0.610000    0.000000    4.650000 ^ clk (in)
                                                         clk (net)
                      0.616650    0.003242    4.653242 ^ wire3/A (sky130_fd_sc_hd__buf_4)
     3    0.045449    0.214376    0.527777    5.181019 ^ wire3/X (sky130_fd_sc_hd__buf_4)
                                                         net274 (net)
                      0.214630    0.006600    5.187620 ^ wire2/A (sky130_fd_sc_hd__buf_6)
     3    0.077803    0.252653    0.366513    5.554133 ^ wire2/X (sky130_fd_sc_hd__buf_6)
                                                         net273 (net)
                      0.254622    0.017485    5.571618 ^ wire1/A (sky130_fd_sc_hd__buf_6)
     3    0.080158    0.259864    0.385400    5.957017 ^ wire1/X (sky130_fd_sc_hd__buf_6)
                                                         net272 (net)
                      0.261982    0.018397    5.975414 ^ clkbuf_0_clk/A (sky130_fd_sc_hd__clkbuf_16)
     9    0.099761    0.176755    0.388535    6.363950 ^ clkbuf_0_clk/X (sky130_fd_sc_hd__clkbuf_16)
                                                         clknet_0_clk (net)
                      0.177372    0.007187    6.371137 ^ clkbuf_2_2__f_clk/A (sky130_fd_sc_hd__clkbuf_16)
    17    0.095466    0.170507    0.347508    6.718645 ^ clkbuf_2_2__f_clk/X (sky130_fd_sc_hd__clkbuf_16)
                                                         clknet_2_2__leaf_clk (net)
                      0.171340    0.009255    6.727900 ^ _149_/CLK (sky130_fd_sc_hd__dfrtp_4)
     3    0.042411    0.243046    0.977895    7.705794 ^ _149_/Q (sky130_fd_sc_hd__dfrtp_4)
                                                         net240 (net)
                      0.243278    0.006598    7.712393 ^ output240/A (sky130_fd_sc_hd__buf_12)
     1    0.191479    0.343866    0.449077    8.161470 ^ output240/X (sky130_fd_sc_hd__buf_12)
                                                         wbs_dat_o[20] (net)
                      0.343940    0.004764    8.166234 ^ wbs_dat_o[20] (out)
                                              8.166234   data arrival time

                                  0.000000    0.000000   clock clk (rise edge)
                                  5.570000    5.570000   clock network delay (propagated)
                                  0.087500    5.657500   clock uncertainty
                                  0.000000    5.657500   clock reconvergence pessimism
                                 -1.130000    4.527500   output external delay
                                              4.527500   data required time
---------------------------------------------------------------------------------------------
                                              4.527500   data required time
                                             -8.166234   data arrival time
---------------------------------------------------------------------------------------------
                                              3.638734   slack (MET)


Startpoint: _137_ (rising edge-triggered flip-flop clocked by clk)
Endpoint: wbs_dat_o[8] (output port clocked by clk)
Path Group: clk
Path Type: min

Fanout         Cap        Slew       Delay        Time   Description
---------------------------------------------------------------------------------------------
                                  0.000000    0.000000   clock clk (rise edge)
                                  4.650000    4.650000   clock source latency
     2    0.031153    0.610000    0.000000    4.650000 ^ clk (in)
                                                         clk (net)
                      0.616650    0.003242    4.653242 ^ wire3/A (sky130_fd_sc_hd__buf_4)
     3    0.045449    0.214376    0.527777    5.181019 ^ wire3/X (sky130_fd_sc_hd__buf_4)
                                                         net274 (net)
                      0.214630    0.006600    5.187620 ^ wire2/A (sky130_fd_sc_hd__buf_6)
     3    0.077803    0.252653    0.366513    5.554133 ^ wire2/X (sky130_fd_sc_hd__buf_6)
                                                         net273 (net)
                      0.254622    0.017485    5.571618 ^ wire1/A (sky130_fd_sc_hd__buf_6)
     3    0.080158    0.259864    0.385400    5.957017 ^ wire1/X (sky130_fd_sc_hd__buf_6)
                                                         net272 (net)
                      0.261982    0.018397    5.975414 ^ clkbuf_0_clk/A (sky130_fd_sc_hd__clkbuf_16)
     9    0.099761    0.176755    0.388535    6.363950 ^ clkbuf_0_clk/X (sky130_fd_sc_hd__clkbuf_16)
                                                         clknet_0_clk (net)
                      0.177503    0.008084    6.372033 ^ clkbuf_2_0__f_clk/A (sky130_fd_sc_hd__clkbuf_16)
    17    0.097615    0.173555    0.349677    6.721710 ^ clkbuf_2_0__f_clk/X (sky130_fd_sc_hd__clkbuf_16)
                                                         clknet_2_0__leaf_clk (net)
                      0.174461    0.009743    6.731453 ^ _137_/CLK (sky130_fd_sc_hd__dfrtp_4)
     3    0.047100    0.261560    0.994276    7.725729 ^ _137_/Q (sky130_fd_sc_hd__dfrtp_4)
                                                         net258 (net)
                      0.261869    0.007947    7.733675 ^ output258/A (sky130_fd_sc_hd__buf_12)
     1    0.190994    0.342986    0.455044    8.188719 ^ output258/X (sky130_fd_sc_hd__buf_12)
                                                         wbs_dat_o[8] (net)
                      0.343039    0.004147    8.192866 ^ wbs_dat_o[8] (out)
                                              8.192866   data arrival time

                                  0.000000    0.000000   clock clk (rise edge)
                                  5.570000    5.570000   clock network delay (propagated)
                                  0.087500    5.657500   clock uncertainty
                                  0.000000    5.657500   clock reconvergence pessimism
                                 -1.130000    4.527500   output external delay
                                              4.527500   data required time
---------------------------------------------------------------------------------------------
                                              4.527500   data required time
                                             -8.192866   data arrival time
---------------------------------------------------------------------------------------------
                                              3.665366   slack (MET)


Startpoint: _136_ (rising edge-triggered flip-flop clocked by clk)
Endpoint: wbs_dat_o[7] (output port clocked by clk)
Path Group: clk
Path Type: min

Fanout         Cap        Slew       Delay        Time   Description
---------------------------------------------------------------------------------------------
                                  0.000000    0.000000   clock clk (rise edge)
                                  4.650000    4.650000   clock source latency
     2    0.031153    0.610000    0.000000    4.650000 ^ clk (in)
                                                         clk (net)
                      0.616650    0.003242    4.653242 ^ wire3/A (sky130_fd_sc_hd__buf_4)
     3    0.045449    0.214376    0.527777    5.181019 ^ wire3/X (sky130_fd_sc_hd__buf_4)
                                                         net274 (net)
                      0.214630    0.006600    5.187620 ^ wire2/A (sky130_fd_sc_hd__buf_6)
     3    0.077803    0.252653    0.366513    5.554133 ^ wire2/X (sky130_fd_sc_hd__buf_6)
                                                         net273 (net)
                      0.254622    0.017485    5.571618 ^ wire1/A (sky130_fd_sc_hd__buf_6)
     3    0.080158    0.259864    0.385400    5.957017 ^ wire1/X (sky130_fd_sc_hd__buf_6)
                                                         net272 (net)
                      0.261982    0.018397    5.975414 ^ clkbuf_0_clk/A (sky130_fd_sc_hd__clkbuf_16)
     9    0.099761    0.176755    0.388535    6.363950 ^ clkbuf_0_clk/X (sky130_fd_sc_hd__clkbuf_16)
                                                         clknet_0_clk (net)
                      0.177503    0.008084    6.372033 ^ clkbuf_2_0__f_clk/A (sky130_fd_sc_hd__clkbuf_16)
    17    0.097615    0.173555    0.349677    6.721710 ^ clkbuf_2_0__f_clk/X (sky130_fd_sc_hd__clkbuf_16)
                                                         clknet_2_0__leaf_clk (net)
                      0.174504    0.009966    6.731676 ^ _136_/CLK (sky130_fd_sc_hd__dfrtp_4)
     3    0.047115    0.261683    0.993932    7.725608 ^ _136_/Q (sky130_fd_sc_hd__dfrtp_4)
                                                         net257 (net)
                      0.262120    0.009286    7.734894 ^ output257/A (sky130_fd_sc_hd__buf_12)
     1    0.190994    0.342986    0.455127    8.190021 ^ output257/X (sky130_fd_sc_hd__buf_12)
                                                         wbs_dat_o[7] (net)
                      0.343040    0.004147    8.194167 ^ wbs_dat_o[7] (out)
                                              8.194167   data arrival time

                                  0.000000    0.000000   clock clk (rise edge)
                                  5.570000    5.570000   clock network delay (propagated)
                                  0.087500    5.657500   clock uncertainty
                                  0.000000    5.657500   clock reconvergence pessimism
                                 -1.130000    4.527500   output external delay
                                              4.527500   data required time
---------------------------------------------------------------------------------------------
                                              4.527500   data required time
                                             -8.194167   data arrival time
---------------------------------------------------------------------------------------------
                                              3.666667   slack (MET)


Startpoint: _150_ (rising edge-triggered flip-flop clocked by clk)
Endpoint: wbs_dat_o[21] (output port clocked by clk)
Path Group: clk
Path Type: min

Fanout         Cap        Slew       Delay        Time   Description
---------------------------------------------------------------------------------------------
                                  0.000000    0.000000   clock clk (rise edge)
                                  4.650000    4.650000   clock source latency
     2    0.031153    0.610000    0.000000    4.650000 ^ clk (in)
                                                         clk (net)
                      0.616650    0.003242    4.653242 ^ wire3/A (sky130_fd_sc_hd__buf_4)
     3    0.045449    0.214376    0.527777    5.181019 ^ wire3/X (sky130_fd_sc_hd__buf_4)
                                                         net274 (net)
                      0.214630    0.006600    5.187620 ^ wire2/A (sky130_fd_sc_hd__buf_6)
     3    0.077803    0.252653    0.366513    5.554133 ^ wire2/X (sky130_fd_sc_hd__buf_6)
                                                         net273 (net)
                      0.254622    0.017485    5.571618 ^ wire1/A (sky130_fd_sc_hd__buf_6)
     3    0.080158    0.259864    0.385400    5.957017 ^ wire1/X (sky130_fd_sc_hd__buf_6)
                                                         net272 (net)
                      0.261982    0.018397    5.975414 ^ clkbuf_0_clk/A (sky130_fd_sc_hd__clkbuf_16)
     9    0.099761    0.176755    0.388535    6.363950 ^ clkbuf_0_clk/X (sky130_fd_sc_hd__clkbuf_16)
                                                         clknet_0_clk (net)
                      0.177372    0.007187    6.371137 ^ clkbuf_2_2__f_clk/A (sky130_fd_sc_hd__clkbuf_16)
    17    0.095466    0.170507    0.347508    6.718645 ^ clkbuf_2_2__f_clk/X (sky130_fd_sc_hd__clkbuf_16)
                                                         clknet_2_2__leaf_clk (net)
                      0.171393    0.009537    6.728181 ^ _150_/CLK (sky130_fd_sc_hd__dfrtp_4)
     3    0.048311    0.266492    0.996259    7.724440 ^ _150_/Q (sky130_fd_sc_hd__dfrtp_4)
                                                         net241 (net)
                      0.266932    0.009353    7.733792 ^ output241/A (sky130_fd_sc_hd__buf_12)
     1    0.191491    0.343934    0.456849    8.190641 ^ output241/X (sky130_fd_sc_hd__buf_12)
                                                         wbs_dat_o[21] (net)
                      0.344008    0.004765    8.195406 ^ wbs_dat_o[21] (out)
                                              8.195406   data arrival time

                                  0.000000    0.000000   clock clk (rise edge)
                                  5.570000    5.570000   clock network delay (propagated)
                                  0.087500    5.657500   clock uncertainty
                                  0.000000    5.657500   clock reconvergence pessimism
                                 -1.130000    4.527500   output external delay
                                              4.527500   data required time
---------------------------------------------------------------------------------------------
                                              4.527500   data required time
                                             -8.195406   data arrival time
---------------------------------------------------------------------------------------------
                                              3.667907   slack (MET)


Startpoint: _153_ (rising edge-triggered flip-flop clocked by clk)
Endpoint: wbs_dat_o[24] (output port clocked by clk)
Path Group: clk
Path Type: min

Fanout         Cap        Slew       Delay        Time   Description
---------------------------------------------------------------------------------------------
                                  0.000000    0.000000   clock clk (rise edge)
                                  4.650000    4.650000   clock source latency
     2    0.031153    0.610000    0.000000    4.650000 ^ clk (in)
                                                         clk (net)
                      0.616650    0.003242    4.653242 ^ wire3/A (sky130_fd_sc_hd__buf_4)
     3    0.045449    0.214376    0.527777    5.181019 ^ wire3/X (sky130_fd_sc_hd__buf_4)
                                                         net274 (net)
                      0.214630    0.006600    5.187620 ^ wire2/A (sky130_fd_sc_hd__buf_6)
     3    0.077803    0.252653    0.366513    5.554133 ^ wire2/X (sky130_fd_sc_hd__buf_6)
                                                         net273 (net)
                      0.254622    0.017485    5.571618 ^ wire1/A (sky130_fd_sc_hd__buf_6)
     3    0.080158    0.259864    0.385400    5.957017 ^ wire1/X (sky130_fd_sc_hd__buf_6)
                                                         net272 (net)
                      0.261982    0.018397    5.975414 ^ clkbuf_0_clk/A (sky130_fd_sc_hd__clkbuf_16)
     9    0.099761    0.176755    0.388535    6.363950 ^ clkbuf_0_clk/X (sky130_fd_sc_hd__clkbuf_16)
                                                         clknet_0_clk (net)
                      0.177373    0.007189    6.371139 ^ clkbuf_2_3__f_clk/A (sky130_fd_sc_hd__clkbuf_16)
    21    0.072325    0.137895    0.321500    6.692639 ^ clkbuf_2_3__f_clk/X (sky130_fd_sc_hd__clkbuf_16)
                                                         clknet_2_3__leaf_clk (net)
                      0.139579    0.011622    6.704261 ^ _153_/CLK (sky130_fd_sc_hd__dfrtp_4)
     3    0.068623    0.350820    1.044293    7.748554 ^ _153_/Q (sky130_fd_sc_hd__dfrtp_4)
                                                         net244 (net)
                      0.352889    0.019751    7.768305 ^ output244/A (sky130_fd_sc_hd__buf_12)
     1    0.191342    0.343808    0.485050    8.253356 ^ output244/X (sky130_fd_sc_hd__buf_12)
                                                         wbs_dat_o[24] (net)
                      0.343873    0.004495    8.257851 ^ wbs_dat_o[24] (out)
                                              8.257851   data arrival time

                                  0.000000    0.000000   clock clk (rise edge)
                                  5.570000    5.570000   clock network delay (propagated)
                                  0.087500    5.657500   clock uncertainty
                                  0.000000    5.657500   clock reconvergence pessimism
                                 -1.130000    4.527500   output external delay
                                              4.527500   data required time
---------------------------------------------------------------------------------------------
                                              4.527500   data required time
                                             -8.257851   data arrival time
---------------------------------------------------------------------------------------------
                                              3.730351   slack (MET)


Startpoint: _151_ (rising edge-triggered flip-flop clocked by clk)
Endpoint: wbs_dat_o[22] (output port clocked by clk)
Path Group: clk
Path Type: min

Fanout         Cap        Slew       Delay        Time   Description
---------------------------------------------------------------------------------------------
                                  0.000000    0.000000   clock clk (rise edge)
                                  4.650000    4.650000   clock source latency
     2    0.031153    0.610000    0.000000    4.650000 ^ clk (in)
                                                         clk (net)
                      0.616650    0.003242    4.653242 ^ wire3/A (sky130_fd_sc_hd__buf_4)
     3    0.045449    0.214376    0.527777    5.181019 ^ wire3/X (sky130_fd_sc_hd__buf_4)
                                                         net274 (net)
                      0.214630    0.006600    5.187620 ^ wire2/A (sky130_fd_sc_hd__buf_6)
     3    0.077803    0.252653    0.366513    5.554133 ^ wire2/X (sky130_fd_sc_hd__buf_6)
                                                         net273 (net)
                      0.254622    0.017485    5.571618 ^ wire1/A (sky130_fd_sc_hd__buf_6)
     3    0.080158    0.259864    0.385400    5.957017 ^ wire1/X (sky130_fd_sc_hd__buf_6)
                                                         net272 (net)
                      0.261982    0.018397    5.975414 ^ clkbuf_0_clk/A (sky130_fd_sc_hd__clkbuf_16)
     9    0.099761    0.176755    0.388535    6.363950 ^ clkbuf_0_clk/X (sky130_fd_sc_hd__clkbuf_16)
                                                         clknet_0_clk (net)
                      0.177373    0.007189    6.371139 ^ clkbuf_2_3__f_clk/A (sky130_fd_sc_hd__clkbuf_16)
    21    0.072325    0.137895    0.321500    6.692639 ^ clkbuf_2_3__f_clk/X (sky130_fd_sc_hd__clkbuf_16)
                                                         clknet_2_3__leaf_clk (net)
                      0.139640    0.011835    6.704474 ^ _151_/CLK (sky130_fd_sc_hd__dfrtp_4)
     3    0.069259    0.353299    1.047382    7.751856 ^ _151_/Q (sky130_fd_sc_hd__dfrtp_4)
                                                         net242 (net)
                      0.354354    0.016503    7.768360 ^ output242/A (sky130_fd_sc_hd__buf_12)
     1    0.191483    0.344090    0.485505    8.253864 ^ output242/X (sky130_fd_sc_hd__buf_12)
                                                         wbs_dat_o[22] (net)
                      0.344164    0.004764    8.258629 ^ wbs_dat_o[22] (out)
                                              8.258629   data arrival time

                                  0.000000    0.000000   clock clk (rise edge)
                                  5.570000    5.570000   clock network delay (propagated)
                                  0.087500    5.657500   clock uncertainty
                                  0.000000    5.657500   clock reconvergence pessimism
                                 -1.130000    4.527500   output external delay
                                              4.527500   data required time
---------------------------------------------------------------------------------------------
                                              4.527500   data required time
                                             -8.258629   data arrival time
---------------------------------------------------------------------------------------------
                                              3.731129   slack (MET)


Startpoint: _134_ (rising edge-triggered flip-flop clocked by clk)
Endpoint: wbs_dat_o[5] (output port clocked by clk)
Path Group: clk
Path Type: min

Fanout         Cap        Slew       Delay        Time   Description
---------------------------------------------------------------------------------------------
                                  0.000000    0.000000   clock clk (rise edge)
                                  4.650000    4.650000   clock source latency
     2    0.031153    0.610000    0.000000    4.650000 ^ clk (in)
                                                         clk (net)
                      0.616650    0.003242    4.653242 ^ wire3/A (sky130_fd_sc_hd__buf_4)
     3    0.045449    0.214376    0.527777    5.181019 ^ wire3/X (sky130_fd_sc_hd__buf_4)
                                                         net274 (net)
                      0.214630    0.006600    5.187620 ^ wire2/A (sky130_fd_sc_hd__buf_6)
     3    0.077803    0.252653    0.366513    5.554133 ^ wire2/X (sky130_fd_sc_hd__buf_6)
                                                         net273 (net)
                      0.254622    0.017485    5.571618 ^ wire1/A (sky130_fd_sc_hd__buf_6)
     3    0.080158    0.259864    0.385400    5.957017 ^ wire1/X (sky130_fd_sc_hd__buf_6)
                                                         net272 (net)
                      0.261982    0.018397    5.975414 ^ clkbuf_0_clk/A (sky130_fd_sc_hd__clkbuf_16)
     9    0.099761    0.176755    0.388535    6.363950 ^ clkbuf_0_clk/X (sky130_fd_sc_hd__clkbuf_16)
                                                         clknet_0_clk (net)
                      0.177503    0.008084    6.372033 ^ clkbuf_2_0__f_clk/A (sky130_fd_sc_hd__clkbuf_16)
    17    0.097615    0.173555    0.349677    6.721710 ^ clkbuf_2_0__f_clk/X (sky130_fd_sc_hd__clkbuf_16)
                                                         clknet_2_0__leaf_clk (net)
                      0.174514    0.010017    6.731728 ^ _134_/CLK (sky130_fd_sc_hd__dfrtp_4)
     3    0.062956    0.327068    1.043854    7.775581 ^ _134_/Q (sky130_fd_sc_hd__dfrtp_4)
                                                         net255 (net)
                      0.328097    0.015720    7.791301 ^ output255/A (sky130_fd_sc_hd__buf_12)
     1    0.190981    0.343094    0.476745    8.268046 ^ output255/X (sky130_fd_sc_hd__buf_12)
                                                         wbs_dat_o[5] (net)
                      0.343148    0.004147    8.272193 ^ wbs_dat_o[5] (out)
                                              8.272193   data arrival time

                                  0.000000    0.000000   clock clk (rise edge)
                                  5.570000    5.570000   clock network delay (propagated)
                                  0.087500    5.657500   clock uncertainty
                                  0.000000    5.657500   clock reconvergence pessimism
                                 -1.130000    4.527500   output external delay
                                              4.527500   data required time
---------------------------------------------------------------------------------------------
                                              4.527500   data required time
                                             -8.272193   data arrival time
---------------------------------------------------------------------------------------------
                                              3.744693   slack (MET)


Startpoint: _152_ (rising edge-triggered flip-flop clocked by clk)
Endpoint: wbs_dat_o[23] (output port clocked by clk)
Path Group: clk
Path Type: min

Fanout         Cap        Slew       Delay        Time   Description
---------------------------------------------------------------------------------------------
                                  0.000000    0.000000   clock clk (rise edge)
                                  4.650000    4.650000   clock source latency
     2    0.031153    0.610000    0.000000    4.650000 ^ clk (in)
                                                         clk (net)
                      0.616650    0.003242    4.653242 ^ wire3/A (sky130_fd_sc_hd__buf_4)
     3    0.045449    0.214376    0.527777    5.181019 ^ wire3/X (sky130_fd_sc_hd__buf_4)
                                                         net274 (net)
                      0.214630    0.006600    5.187620 ^ wire2/A (sky130_fd_sc_hd__buf_6)
     3    0.077803    0.252653    0.366513    5.554133 ^ wire2/X (sky130_fd_sc_hd__buf_6)
                                                         net273 (net)
                      0.254622    0.017485    5.571618 ^ wire1/A (sky130_fd_sc_hd__buf_6)
     3    0.080158    0.259864    0.385400    5.957017 ^ wire1/X (sky130_fd_sc_hd__buf_6)
                                                         net272 (net)
                      0.261982    0.018397    5.975414 ^ clkbuf_0_clk/A (sky130_fd_sc_hd__clkbuf_16)
     9    0.099761    0.176755    0.388535    6.363950 ^ clkbuf_0_clk/X (sky130_fd_sc_hd__clkbuf_16)
                                                         clknet_0_clk (net)
                      0.177373    0.007189    6.371139 ^ clkbuf_2_3__f_clk/A (sky130_fd_sc_hd__clkbuf_16)
    21    0.072325    0.137895    0.321500    6.692639 ^ clkbuf_2_3__f_clk/X (sky130_fd_sc_hd__clkbuf_16)
                                                         clknet_2_3__leaf_clk (net)
                      0.139628    0.011793    6.704432 ^ _152_/CLK (sky130_fd_sc_hd__dfrtp_4)
     3    0.076598    0.380989    1.072070    7.776502 ^ _152_/Q (sky130_fd_sc_hd__dfrtp_4)
                                                         net243 (net)
                      0.382122    0.017885    7.794387 ^ output243/A (sky130_fd_sc_hd__buf_12)
     1    0.191342    0.343866    0.494635    8.289022 ^ output243/X (sky130_fd_sc_hd__buf_12)
                                                         wbs_dat_o[23] (net)
                      0.343930    0.004495    8.293517 ^ wbs_dat_o[23] (out)
                                              8.293517   data arrival time

                                  0.000000    0.000000   clock clk (rise edge)
                                  5.570000    5.570000   clock network delay (propagated)
                                  0.087500    5.657500   clock uncertainty
                                  0.000000    5.657500   clock reconvergence pessimism
                                 -1.130000    4.527500   output external delay
                                              4.527500   data required time
---------------------------------------------------------------------------------------------
                                              4.527500   data required time
                                             -8.293517   data arrival time
---------------------------------------------------------------------------------------------
                                              3.766017   slack (MET)


Startpoint: _154_ (rising edge-triggered flip-flop clocked by clk)
Endpoint: wbs_dat_o[25] (output port clocked by clk)
Path Group: clk
Path Type: min

Fanout         Cap        Slew       Delay        Time   Description
---------------------------------------------------------------------------------------------
                                  0.000000    0.000000   clock clk (rise edge)
                                  4.650000    4.650000   clock source latency
     2    0.031153    0.610000    0.000000    4.650000 ^ clk (in)
                                                         clk (net)
                      0.616650    0.003242    4.653242 ^ wire3/A (sky130_fd_sc_hd__buf_4)
     3    0.045449    0.214376    0.527777    5.181019 ^ wire3/X (sky130_fd_sc_hd__buf_4)
                                                         net274 (net)
                      0.214630    0.006600    5.187620 ^ wire2/A (sky130_fd_sc_hd__buf_6)
     3    0.077803    0.252653    0.366513    5.554133 ^ wire2/X (sky130_fd_sc_hd__buf_6)
                                                         net273 (net)
                      0.254622    0.017485    5.571618 ^ wire1/A (sky130_fd_sc_hd__buf_6)
     3    0.080158    0.259864    0.385400    5.957017 ^ wire1/X (sky130_fd_sc_hd__buf_6)
                                                         net272 (net)
                      0.261982    0.018397    5.975414 ^ clkbuf_0_clk/A (sky130_fd_sc_hd__clkbuf_16)
     9    0.099761    0.176755    0.388535    6.363950 ^ clkbuf_0_clk/X (sky130_fd_sc_hd__clkbuf_16)
                                                         clknet_0_clk (net)
                      0.177373    0.007189    6.371139 ^ clkbuf_2_3__f_clk/A (sky130_fd_sc_hd__clkbuf_16)
    21    0.072325    0.137895    0.321500    6.692639 ^ clkbuf_2_3__f_clk/X (sky130_fd_sc_hd__clkbuf_16)
                                                         clknet_2_3__leaf_clk (net)
                      0.139611    0.011734    6.704373 ^ _154_/CLK (sky130_fd_sc_hd__dfrtp_4)
     3    0.078428    0.392044    1.074159    7.778532 ^ _154_/Q (sky130_fd_sc_hd__dfrtp_4)
                                                         net245 (net)
                      0.394989    0.025180    7.803712 ^ output245/A (sky130_fd_sc_hd__buf_12)
     1    0.191342    0.343892    0.498855    8.302567 ^ output245/X (sky130_fd_sc_hd__buf_12)
                                                         wbs_dat_o[25] (net)
                      0.343956    0.004495    8.307062 ^ wbs_dat_o[25] (out)
                                              8.307062   data arrival time

                                  0.000000    0.000000   clock clk (rise edge)
                                  5.570000    5.570000   clock network delay (propagated)
                                  0.087500    5.657500   clock uncertainty
                                  0.000000    5.657500   clock reconvergence pessimism
                                 -1.130000    4.527500   output external delay
                                              4.527500   data required time
---------------------------------------------------------------------------------------------
                                              4.527500   data required time
                                             -8.307062   data arrival time
---------------------------------------------------------------------------------------------
                                              3.779562   slack (MET)


Startpoint: _133_ (rising edge-triggered flip-flop clocked by clk)
Endpoint: wbs_dat_o[4] (output port clocked by clk)
Path Group: clk
Path Type: min

Fanout         Cap        Slew       Delay        Time   Description
---------------------------------------------------------------------------------------------
                                  0.000000    0.000000   clock clk (rise edge)
                                  4.650000    4.650000   clock source latency
     2    0.031153    0.610000    0.000000    4.650000 ^ clk (in)
                                                         clk (net)
                      0.616650    0.003242    4.653242 ^ wire3/A (sky130_fd_sc_hd__buf_4)
     3    0.045449    0.214376    0.527777    5.181019 ^ wire3/X (sky130_fd_sc_hd__buf_4)
                                                         net274 (net)
                      0.214630    0.006600    5.187620 ^ wire2/A (sky130_fd_sc_hd__buf_6)
     3    0.077803    0.252653    0.366513    5.554133 ^ wire2/X (sky130_fd_sc_hd__buf_6)
                                                         net273 (net)
                      0.254622    0.017485    5.571618 ^ wire1/A (sky130_fd_sc_hd__buf_6)
     3    0.080158    0.259864    0.385400    5.957017 ^ wire1/X (sky130_fd_sc_hd__buf_6)
                                                         net272 (net)
                      0.261982    0.018397    5.975414 ^ clkbuf_0_clk/A (sky130_fd_sc_hd__clkbuf_16)
     9    0.099761    0.176755    0.388535    6.363950 ^ clkbuf_0_clk/X (sky130_fd_sc_hd__clkbuf_16)
                                                         clknet_0_clk (net)
                      0.177484    0.007958    6.371907 ^ clkbuf_2_1__f_clk/A (sky130_fd_sc_hd__clkbuf_16)
    21    0.085197    0.156039    0.335008    6.706916 ^ clkbuf_2_1__f_clk/X (sky130_fd_sc_hd__clkbuf_16)
                                                         clknet_2_1__leaf_clk (net)
                      0.157862    0.012986    6.719901 ^ _133_/CLK (sky130_fd_sc_hd__dfrtp_4)
     3    0.077073    0.386540    1.078528    7.798429 ^ _133_/Q (sky130_fd_sc_hd__dfrtp_4)
                                                         net254 (net)
                      0.388486    0.022984    7.821413 ^ output254/A (sky130_fd_sc_hd__buf_12)
     1    0.190963    0.343184    0.496525    8.317939 ^ output254/X (sky130_fd_sc_hd__buf_12)
                                                         wbs_dat_o[4] (net)
                      0.343238    0.004147    8.322085 ^ wbs_dat_o[4] (out)
                                              8.322085   data arrival time

                                  0.000000    0.000000   clock clk (rise edge)
                                  5.570000    5.570000   clock network delay (propagated)
                                  0.087500    5.657500   clock uncertainty
                                  0.000000    5.657500   clock reconvergence pessimism
                                 -1.130000    4.527500   output external delay
                                              4.527500   data required time
---------------------------------------------------------------------------------------------
                                              4.527500   data required time
                                             -8.322085   data arrival time
---------------------------------------------------------------------------------------------
                                              3.794586   slack (MET)


Startpoint: _155_ (rising edge-triggered flip-flop clocked by clk)
Endpoint: wbs_dat_o[26] (output port clocked by clk)
Path Group: clk
Path Type: min

Fanout         Cap        Slew       Delay        Time   Description
---------------------------------------------------------------------------------------------
                                  0.000000    0.000000   clock clk (rise edge)
                                  4.650000    4.650000   clock source latency
     2    0.031153    0.610000    0.000000    4.650000 ^ clk (in)
                                                         clk (net)
                      0.616650    0.003242    4.653242 ^ wire3/A (sky130_fd_sc_hd__buf_4)
     3    0.045449    0.214376    0.527777    5.181019 ^ wire3/X (sky130_fd_sc_hd__buf_4)
                                                         net274 (net)
                      0.214630    0.006600    5.187620 ^ wire2/A (sky130_fd_sc_hd__buf_6)
     3    0.077803    0.252653    0.366513    5.554133 ^ wire2/X (sky130_fd_sc_hd__buf_6)
                                                         net273 (net)
                      0.254622    0.017485    5.571618 ^ wire1/A (sky130_fd_sc_hd__buf_6)
     3    0.080158    0.259864    0.385400    5.957017 ^ wire1/X (sky130_fd_sc_hd__buf_6)
                                                         net272 (net)
                      0.261982    0.018397    5.975414 ^ clkbuf_0_clk/A (sky130_fd_sc_hd__clkbuf_16)
     9    0.099761    0.176755    0.388535    6.363950 ^ clkbuf_0_clk/X (sky130_fd_sc_hd__clkbuf_16)
                                                         clknet_0_clk (net)
                      0.177373    0.007189    6.371139 ^ clkbuf_2_3__f_clk/A (sky130_fd_sc_hd__clkbuf_16)
    21    0.072325    0.137895    0.321500    6.692639 ^ clkbuf_2_3__f_clk/X (sky130_fd_sc_hd__clkbuf_16)
                                                         clknet_2_3__leaf_clk (net)
                      0.139624    0.011779    6.704418 ^ _155_/CLK (sky130_fd_sc_hd__dfrtp_4)
     3    0.097094    0.453949    1.129063    7.833481 ^ _155_/Q (sky130_fd_sc_hd__dfrtp_4)
                                                         net246 (net)
                      0.458691    0.036120    7.869600 ^ output246/A (sky130_fd_sc_hd__buf_12)
     1    0.191342    0.344016    0.519742    8.389343 ^ output246/X (sky130_fd_sc_hd__buf_12)
                                                         wbs_dat_o[26] (net)
                      0.344081    0.004495    8.393838 ^ wbs_dat_o[26] (out)
                                              8.393838   data arrival time

                                  0.000000    0.000000   clock clk (rise edge)
                                  5.570000    5.570000   clock network delay (propagated)
                                  0.087500    5.657500   clock uncertainty
                                  0.000000    5.657500   clock reconvergence pessimism
                                 -1.130000    4.527500   output external delay
                                              4.527500   data required time
---------------------------------------------------------------------------------------------
                                              4.527500   data required time
                                             -8.393838   data arrival time
---------------------------------------------------------------------------------------------
                                              3.866338   slack (MET)


Startpoint: _135_ (rising edge-triggered flip-flop clocked by clk)
Endpoint: wbs_dat_o[6] (output port clocked by clk)
Path Group: clk
Path Type: min

Fanout         Cap        Slew       Delay        Time   Description
---------------------------------------------------------------------------------------------
                                  0.000000    0.000000   clock clk (rise edge)
                                  4.650000    4.650000   clock source latency
     2    0.031153    0.610000    0.000000    4.650000 ^ clk (in)
                                                         clk (net)
                      0.616650    0.003242    4.653242 ^ wire3/A (sky130_fd_sc_hd__buf_4)
     3    0.045449    0.214376    0.527777    5.181019 ^ wire3/X (sky130_fd_sc_hd__buf_4)
                                                         net274 (net)
                      0.214630    0.006600    5.187620 ^ wire2/A (sky130_fd_sc_hd__buf_6)
     3    0.077803    0.252653    0.366513    5.554133 ^ wire2/X (sky130_fd_sc_hd__buf_6)
                                                         net273 (net)
                      0.254622    0.017485    5.571618 ^ wire1/A (sky130_fd_sc_hd__buf_6)
     3    0.080158    0.259864    0.385400    5.957017 ^ wire1/X (sky130_fd_sc_hd__buf_6)
                                                         net272 (net)
                      0.261982    0.018397    5.975414 ^ clkbuf_0_clk/A (sky130_fd_sc_hd__clkbuf_16)
     9    0.099761    0.176755    0.388535    6.363950 ^ clkbuf_0_clk/X (sky130_fd_sc_hd__clkbuf_16)
                                                         clknet_0_clk (net)
                      0.177503    0.008084    6.372033 ^ clkbuf_2_0__f_clk/A (sky130_fd_sc_hd__clkbuf_16)
    17    0.097615    0.173555    0.349677    6.721710 ^ clkbuf_2_0__f_clk/X (sky130_fd_sc_hd__clkbuf_16)
                                                         clknet_2_0__leaf_clk (net)
                      0.174367    0.009232    6.730942 ^ _135_/CLK (sky130_fd_sc_hd__dfrtp_4)
     3    0.089582    0.423882    1.121534    7.852475 ^ _135_/Q (sky130_fd_sc_hd__dfrtp_4)
                                                         net256 (net)
                      0.427914    0.030452    7.882927 ^ output256/A (sky130_fd_sc_hd__buf_12)
     1    0.190981    0.343289    0.509475    8.392403 ^ output256/X (sky130_fd_sc_hd__buf_12)
                                                         wbs_dat_o[6] (net)
                      0.343343    0.004147    8.396549 ^ wbs_dat_o[6] (out)
                                              8.396549   data arrival time

                                  0.000000    0.000000   clock clk (rise edge)
                                  5.570000    5.570000   clock network delay (propagated)
                                  0.087500    5.657500   clock uncertainty
                                  0.000000    5.657500   clock reconvergence pessimism
                                 -1.130000    4.527500   output external delay
                                              4.527500   data required time
---------------------------------------------------------------------------------------------
                                              4.527500   data required time
                                             -8.396549   data arrival time
---------------------------------------------------------------------------------------------
                                              3.869050   slack (MET)


Startpoint: _132_ (rising edge-triggered flip-flop clocked by clk)
Endpoint: wbs_dat_o[3] (output port clocked by clk)
Path Group: clk
Path Type: min

Fanout         Cap        Slew       Delay        Time   Description
---------------------------------------------------------------------------------------------
                                  0.000000    0.000000   clock clk (rise edge)
                                  4.650000    4.650000   clock source latency
     2    0.031153    0.610000    0.000000    4.650000 ^ clk (in)
                                                         clk (net)
                      0.616650    0.003242    4.653242 ^ wire3/A (sky130_fd_sc_hd__buf_4)
     3    0.045449    0.214376    0.527777    5.181019 ^ wire3/X (sky130_fd_sc_hd__buf_4)
                                                         net274 (net)
                      0.214630    0.006600    5.187620 ^ wire2/A (sky130_fd_sc_hd__buf_6)
     3    0.077803    0.252653    0.366513    5.554133 ^ wire2/X (sky130_fd_sc_hd__buf_6)
                                                         net273 (net)
                      0.254622    0.017485    5.571618 ^ wire1/A (sky130_fd_sc_hd__buf_6)
     3    0.080158    0.259864    0.385400    5.957017 ^ wire1/X (sky130_fd_sc_hd__buf_6)
                                                         net272 (net)
                      0.261982    0.018397    5.975414 ^ clkbuf_0_clk/A (sky130_fd_sc_hd__clkbuf_16)
     9    0.099761    0.176755    0.388535    6.363950 ^ clkbuf_0_clk/X (sky130_fd_sc_hd__clkbuf_16)
                                                         clknet_0_clk (net)
                      0.177484    0.007958    6.371907 ^ clkbuf_2_1__f_clk/A (sky130_fd_sc_hd__clkbuf_16)
    21    0.085197    0.156039    0.335008    6.706916 ^ clkbuf_2_1__f_clk/X (sky130_fd_sc_hd__clkbuf_16)
                                                         clknet_2_1__leaf_clk (net)
                      0.157848    0.012935    6.719850 ^ _132_/CLK (sky130_fd_sc_hd__dfrtp_4)
     3    0.096091    0.449640    1.132889    7.852739 ^ _132_/Q (sky130_fd_sc_hd__dfrtp_4)
                                                         net253 (net)
                      0.455065    0.038404    7.891143 ^ output253/A (sky130_fd_sc_hd__buf_12)
     1    0.190951    0.343293    0.518342    8.409485 ^ output253/X (sky130_fd_sc_hd__buf_12)
                                                         wbs_dat_o[3] (net)
                      0.343347    0.004147    8.413631 ^ wbs_dat_o[3] (out)
                                              8.413631   data arrival time

                                  0.000000    0.000000   clock clk (rise edge)
                                  5.570000    5.570000   clock network delay (propagated)
                                  0.087500    5.657500   clock uncertainty
                                  0.000000    5.657500   clock reconvergence pessimism
                                 -1.130000    4.527500   output external delay
                                              4.527500   data required time
---------------------------------------------------------------------------------------------
                                              4.527500   data required time
                                             -8.413631   data arrival time
---------------------------------------------------------------------------------------------
                                              3.886132   slack (MET)


Startpoint: _131_ (rising edge-triggered flip-flop clocked by clk)
Endpoint: wbs_dat_o[2] (output port clocked by clk)
Path Group: clk
Path Type: min

Fanout         Cap        Slew       Delay        Time   Description
---------------------------------------------------------------------------------------------
                                  0.000000    0.000000   clock clk (rise edge)
                                  4.650000    4.650000   clock source latency
     2    0.031153    0.610000    0.000000    4.650000 ^ clk (in)
                                                         clk (net)
                      0.616650    0.003242    4.653242 ^ wire3/A (sky130_fd_sc_hd__buf_4)
     3    0.045449    0.214376    0.527777    5.181019 ^ wire3/X (sky130_fd_sc_hd__buf_4)
                                                         net274 (net)
                      0.214630    0.006600    5.187620 ^ wire2/A (sky130_fd_sc_hd__buf_6)
     3    0.077803    0.252653    0.366513    5.554133 ^ wire2/X (sky130_fd_sc_hd__buf_6)
                                                         net273 (net)
                      0.254622    0.017485    5.571618 ^ wire1/A (sky130_fd_sc_hd__buf_6)
     3    0.080158    0.259864    0.385400    5.957017 ^ wire1/X (sky130_fd_sc_hd__buf_6)
                                                         net272 (net)
                      0.261982    0.018397    5.975414 ^ clkbuf_0_clk/A (sky130_fd_sc_hd__clkbuf_16)
     9    0.099761    0.176755    0.388535    6.363950 ^ clkbuf_0_clk/X (sky130_fd_sc_hd__clkbuf_16)
                                                         clknet_0_clk (net)
                      0.177484    0.007958    6.371907 ^ clkbuf_2_1__f_clk/A (sky130_fd_sc_hd__clkbuf_16)
    21    0.085197    0.156039    0.335008    6.706916 ^ clkbuf_2_1__f_clk/X (sky130_fd_sc_hd__clkbuf_16)
                                                         clknet_2_1__leaf_clk (net)
                      0.157835    0.012889    6.719804 ^ _131_/CLK (sky130_fd_sc_hd__dfrtp_4)
     3    0.096865    0.452868    1.138063    7.857867 ^ _131_/Q (sky130_fd_sc_hd__dfrtp_4)
                                                         net250 (net)
                      0.457816    0.036764    7.894632 ^ output250/A (sky130_fd_sc_hd__buf_12)
     1    0.190951    0.343298    0.519244    8.413876 ^ output250/X (sky130_fd_sc_hd__buf_12)
                                                         wbs_dat_o[2] (net)
                      0.343352    0.004147    8.418023 ^ wbs_dat_o[2] (out)
                                              8.418023   data arrival time

                                  0.000000    0.000000   clock clk (rise edge)
                                  5.570000    5.570000   clock network delay (propagated)
                                  0.087500    5.657500   clock uncertainty
                                  0.000000    5.657500   clock reconvergence pessimism
                                 -1.130000    4.527500   output external delay
                                              4.527500   data required time
---------------------------------------------------------------------------------------------
                                              4.527500   data required time
                                             -8.418023   data arrival time
---------------------------------------------------------------------------------------------
                                              3.890523   slack (MET)


Startpoint: _156_ (rising edge-triggered flip-flop clocked by clk)
Endpoint: wbs_dat_o[27] (output port clocked by clk)
Path Group: clk
Path Type: min

Fanout         Cap        Slew       Delay        Time   Description
---------------------------------------------------------------------------------------------
                                  0.000000    0.000000   clock clk (rise edge)
                                  4.650000    4.650000   clock source latency
     2    0.031153    0.610000    0.000000    4.650000 ^ clk (in)
                                                         clk (net)
                      0.616650    0.003242    4.653242 ^ wire3/A (sky130_fd_sc_hd__buf_4)
     3    0.045449    0.214376    0.527777    5.181019 ^ wire3/X (sky130_fd_sc_hd__buf_4)
                                                         net274 (net)
                      0.214630    0.006600    5.187620 ^ wire2/A (sky130_fd_sc_hd__buf_6)
     3    0.077803    0.252653    0.366513    5.554133 ^ wire2/X (sky130_fd_sc_hd__buf_6)
                                                         net273 (net)
                      0.254622    0.017485    5.571618 ^ wire1/A (sky130_fd_sc_hd__buf_6)
     3    0.080158    0.259864    0.385400    5.957017 ^ wire1/X (sky130_fd_sc_hd__buf_6)
                                                         net272 (net)
                      0.261982    0.018397    5.975414 ^ clkbuf_0_clk/A (sky130_fd_sc_hd__clkbuf_16)
     9    0.099761    0.176755    0.388535    6.363950 ^ clkbuf_0_clk/X (sky130_fd_sc_hd__clkbuf_16)
                                                         clknet_0_clk (net)
                      0.177373    0.007189    6.371139 ^ clkbuf_2_3__f_clk/A (sky130_fd_sc_hd__clkbuf_16)
    21    0.072325    0.137895    0.321500    6.692639 ^ clkbuf_2_3__f_clk/X (sky130_fd_sc_hd__clkbuf_16)
                                                         clknet_2_3__leaf_clk (net)
                      0.139297    0.010583    6.703222 ^ _156_/CLK (sky130_fd_sc_hd__dfrtp_4)
     3    0.103720    0.481077    1.144574    7.847796 ^ _156_/Q (sky130_fd_sc_hd__dfrtp_4)
                                                         net247 (net)
                      0.488239    0.045557    7.893354 ^ output247/A (sky130_fd_sc_hd__buf_12)
     1    0.191201    0.343842    0.529268    8.422622 ^ output247/X (sky130_fd_sc_hd__buf_12)
                                                         wbs_dat_o[27] (net)
                      0.343907    0.004492    8.427114 ^ wbs_dat_o[27] (out)
                                              8.427114   data arrival time

                                  0.000000    0.000000   clock clk (rise edge)
                                  5.570000    5.570000   clock network delay (propagated)
                                  0.087500    5.657500   clock uncertainty
                                  0.000000    5.657500   clock reconvergence pessimism
                                 -1.130000    4.527500   output external delay
                                              4.527500   data required time
---------------------------------------------------------------------------------------------
                                              4.527500   data required time
                                             -8.427114   data arrival time
---------------------------------------------------------------------------------------------
                                              3.899614   slack (MET)


Startpoint: _157_ (rising edge-triggered flip-flop clocked by clk)
Endpoint: wbs_dat_o[28] (output port clocked by clk)
Path Group: clk
Path Type: min

Fanout         Cap        Slew       Delay        Time   Description
---------------------------------------------------------------------------------------------
                                  0.000000    0.000000   clock clk (rise edge)
                                  4.650000    4.650000   clock source latency
     2    0.031153    0.610000    0.000000    4.650000 ^ clk (in)
                                                         clk (net)
                      0.616650    0.003242    4.653242 ^ wire3/A (sky130_fd_sc_hd__buf_4)
     3    0.045449    0.214376    0.527777    5.181019 ^ wire3/X (sky130_fd_sc_hd__buf_4)
                                                         net274 (net)
                      0.214630    0.006600    5.187620 ^ wire2/A (sky130_fd_sc_hd__buf_6)
     3    0.077803    0.252653    0.366513    5.554133 ^ wire2/X (sky130_fd_sc_hd__buf_6)
                                                         net273 (net)
                      0.254622    0.017485    5.571618 ^ wire1/A (sky130_fd_sc_hd__buf_6)
     3    0.080158    0.259864    0.385400    5.957017 ^ wire1/X (sky130_fd_sc_hd__buf_6)
                                                         net272 (net)
                      0.261982    0.018397    5.975414 ^ clkbuf_0_clk/A (sky130_fd_sc_hd__clkbuf_16)
     9    0.099761    0.176755    0.388535    6.363950 ^ clkbuf_0_clk/X (sky130_fd_sc_hd__clkbuf_16)
                                                         clknet_0_clk (net)
                      0.177373    0.007189    6.371139 ^ clkbuf_2_3__f_clk/A (sky130_fd_sc_hd__clkbuf_16)
    21    0.072325    0.137895    0.321500    6.692639 ^ clkbuf_2_3__f_clk/X (sky130_fd_sc_hd__clkbuf_16)
                                                         clknet_2_3__leaf_clk (net)
                      0.139207    0.010232    6.702871 ^ _157_/CLK (sky130_fd_sc_hd__dfrtp_4)
     3    0.114197    0.527668    1.169871    7.872742 ^ _157_/Q (sky130_fd_sc_hd__dfrtp_4)
                                                         net248 (net)
                      0.537210    0.054909    7.927651 ^ output248/A (sky130_fd_sc_hd__buf_12)
     1    0.191221    0.343971    0.545349    8.473000 ^ output248/X (sky130_fd_sc_hd__buf_12)
                                                         wbs_dat_o[28] (net)
                      0.344035    0.004492    8.477491 ^ wbs_dat_o[28] (out)
                                              8.477491   data arrival time

                                  0.000000    0.000000   clock clk (rise edge)
                                  5.570000    5.570000   clock network delay (propagated)
                                  0.087500    5.657500   clock uncertainty
                                  0.000000    5.657500   clock reconvergence pessimism
                                 -1.130000    4.527500   output external delay
                                              4.527500   data required time
---------------------------------------------------------------------------------------------
                                              4.527500   data required time
                                             -8.477491   data arrival time
---------------------------------------------------------------------------------------------
                                              3.949992   slack (MET)


Startpoint: _130_ (rising edge-triggered flip-flop clocked by clk)
Endpoint: wbs_dat_o[1] (output port clocked by clk)
Path Group: clk
Path Type: min

Fanout         Cap        Slew       Delay        Time   Description
---------------------------------------------------------------------------------------------
                                  0.000000    0.000000   clock clk (rise edge)
                                  4.650000    4.650000   clock source latency
     2    0.031153    0.610000    0.000000    4.650000 ^ clk (in)
                                                         clk (net)
                      0.616650    0.003242    4.653242 ^ wire3/A (sky130_fd_sc_hd__buf_4)
     3    0.045449    0.214376    0.527777    5.181019 ^ wire3/X (sky130_fd_sc_hd__buf_4)
                                                         net274 (net)
                      0.214630    0.006600    5.187620 ^ wire2/A (sky130_fd_sc_hd__buf_6)
     3    0.077803    0.252653    0.366513    5.554133 ^ wire2/X (sky130_fd_sc_hd__buf_6)
                                                         net273 (net)
                      0.254622    0.017485    5.571618 ^ wire1/A (sky130_fd_sc_hd__buf_6)
     3    0.080158    0.259864    0.385400    5.957017 ^ wire1/X (sky130_fd_sc_hd__buf_6)
                                                         net272 (net)
                      0.261982    0.018397    5.975414 ^ clkbuf_0_clk/A (sky130_fd_sc_hd__clkbuf_16)
     9    0.099761    0.176755    0.388535    6.363950 ^ clkbuf_0_clk/X (sky130_fd_sc_hd__clkbuf_16)
                                                         clknet_0_clk (net)
                      0.177484    0.007958    6.371907 ^ clkbuf_2_1__f_clk/A (sky130_fd_sc_hd__clkbuf_16)
    21    0.085197    0.156039    0.335008    6.706916 ^ clkbuf_2_1__f_clk/X (sky130_fd_sc_hd__clkbuf_16)
                                                         clknet_2_1__leaf_clk (net)
                      0.157839    0.012905    6.719820 ^ _130_/CLK (sky130_fd_sc_hd__dfrtp_4)
     3    0.110934    0.510819    1.175961    7.895781 ^ _130_/Q (sky130_fd_sc_hd__dfrtp_4)
                                                         net239 (net)
                      0.517735    0.046114    7.941895 ^ output239/A (sky130_fd_sc_hd__buf_12)
     1    0.190951    0.343417    0.538892    8.480787 ^ output239/X (sky130_fd_sc_hd__buf_12)
                                                         wbs_dat_o[1] (net)
                      0.343470    0.004147    8.484934 ^ wbs_dat_o[1] (out)
                                              8.484934   data arrival time

                                  0.000000    0.000000   clock clk (rise edge)
                                  5.570000    5.570000   clock network delay (propagated)
                                  0.087500    5.657500   clock uncertainty
                                  0.000000    5.657500   clock reconvergence pessimism
                                 -1.130000    4.527500   output external delay
                                              4.527500   data required time
---------------------------------------------------------------------------------------------
                                              4.527500   data required time
                                             -8.484934   data arrival time
---------------------------------------------------------------------------------------------
                                              3.957434   slack (MET)


Startpoint: _158_ (rising edge-triggered flip-flop clocked by clk)
Endpoint: wbs_dat_o[29] (output port clocked by clk)
Path Group: clk
Path Type: min

Fanout         Cap        Slew       Delay        Time   Description
---------------------------------------------------------------------------------------------
                                  0.000000    0.000000   clock clk (rise edge)
                                  4.650000    4.650000   clock source latency
     2    0.031153    0.610000    0.000000    4.650000 ^ clk (in)
                                                         clk (net)
                      0.616650    0.003242    4.653242 ^ wire3/A (sky130_fd_sc_hd__buf_4)
     3    0.045449    0.214376    0.527777    5.181019 ^ wire3/X (sky130_fd_sc_hd__buf_4)
                                                         net274 (net)
                      0.214630    0.006600    5.187620 ^ wire2/A (sky130_fd_sc_hd__buf_6)
     3    0.077803    0.252653    0.366513    5.554133 ^ wire2/X (sky130_fd_sc_hd__buf_6)
                                                         net273 (net)
                      0.254622    0.017485    5.571618 ^ wire1/A (sky130_fd_sc_hd__buf_6)
     3    0.080158    0.259864    0.385400    5.957017 ^ wire1/X (sky130_fd_sc_hd__buf_6)
                                                         net272 (net)
                      0.261982    0.018397    5.975414 ^ clkbuf_0_clk/A (sky130_fd_sc_hd__clkbuf_16)
     9    0.099761    0.176755    0.388535    6.363950 ^ clkbuf_0_clk/X (sky130_fd_sc_hd__clkbuf_16)
                                                         clknet_0_clk (net)
                      0.177373    0.007189    6.371139 ^ clkbuf_2_3__f_clk/A (sky130_fd_sc_hd__clkbuf_16)
    21    0.072325    0.137895    0.321500    6.692639 ^ clkbuf_2_3__f_clk/X (sky130_fd_sc_hd__clkbuf_16)
                                                         clknet_2_3__leaf_clk (net)
                      0.139390    0.010933    6.703572 ^ _158_/CLK (sky130_fd_sc_hd__dfrtp_4)
     3    0.120682    0.554865    1.185852    7.889423 ^ _158_/Q (sky130_fd_sc_hd__dfrtp_4)
                                                         net249 (net)
                      0.566084    0.060968    7.950392 ^ output249/A (sky130_fd_sc_hd__buf_12)
     1    0.191329    0.344206    0.554942    8.505334 ^ output249/X (sky130_fd_sc_hd__buf_12)
                                                         wbs_dat_o[29] (net)
                      0.344271    0.004495    8.509829 ^ wbs_dat_o[29] (out)
                                              8.509829   data arrival time

                                  0.000000    0.000000   clock clk (rise edge)
                                  5.570000    5.570000   clock network delay (propagated)
                                  0.087500    5.657500   clock uncertainty
                                  0.000000    5.657500   clock reconvergence pessimism
                                 -1.130000    4.527500   output external delay
                                              4.527500   data required time
---------------------------------------------------------------------------------------------
                                              4.527500   data required time
                                             -8.509829   data arrival time
---------------------------------------------------------------------------------------------
                                              3.982329   slack (MET)


Startpoint: _129_ (rising edge-triggered flip-flop clocked by clk)
Endpoint: wbs_dat_o[0] (output port clocked by clk)
Path Group: clk
Path Type: min

Fanout         Cap        Slew       Delay        Time   Description
---------------------------------------------------------------------------------------------
                                  0.000000    0.000000   clock clk (rise edge)
                                  4.650000    4.650000   clock source latency
     2    0.031153    0.610000    0.000000    4.650000 ^ clk (in)
                                                         clk (net)
                      0.616650    0.003242    4.653242 ^ wire3/A (sky130_fd_sc_hd__buf_4)
     3    0.045449    0.214376    0.527777    5.181019 ^ wire3/X (sky130_fd_sc_hd__buf_4)
                                                         net274 (net)
                      0.214630    0.006600    5.187620 ^ wire2/A (sky130_fd_sc_hd__buf_6)
     3    0.077803    0.252653    0.366513    5.554133 ^ wire2/X (sky130_fd_sc_hd__buf_6)
                                                         net273 (net)
                      0.254622    0.017485    5.571618 ^ wire1/A (sky130_fd_sc_hd__buf_6)
     3    0.080158    0.259864    0.385400    5.957017 ^ wire1/X (sky130_fd_sc_hd__buf_6)
                                                         net272 (net)
                      0.261982    0.018397    5.975414 ^ clkbuf_0_clk/A (sky130_fd_sc_hd__clkbuf_16)
     9    0.099761    0.176755    0.388535    6.363950 ^ clkbuf_0_clk/X (sky130_fd_sc_hd__clkbuf_16)
                                                         clknet_0_clk (net)
                      0.177484    0.007958    6.371907 ^ clkbuf_2_1__f_clk/A (sky130_fd_sc_hd__clkbuf_16)
    21    0.085197    0.156039    0.335008    6.706916 ^ clkbuf_2_1__f_clk/X (sky130_fd_sc_hd__clkbuf_16)
                                                         clknet_2_1__leaf_clk (net)
                      0.157395    0.011199    6.718114 ^ _129_/CLK (sky130_fd_sc_hd__dfrtp_4)
     3    0.121490    0.554097    1.201826    7.919940 ^ _129_/Q (sky130_fd_sc_hd__dfrtp_4)
                                                         net228 (net)
                      0.564214    0.057934    7.977875 ^ output228/A (sky130_fd_sc_hd__buf_12)
     1    0.190951    0.343509    0.554132    8.532006 ^ output228/X (sky130_fd_sc_hd__buf_12)
                                                         wbs_dat_o[0] (net)
                      0.343562    0.004147    8.536154 ^ wbs_dat_o[0] (out)
                                              8.536154   data arrival time

                                  0.000000    0.000000   clock clk (rise edge)
                                  5.570000    5.570000   clock network delay (propagated)
                                  0.087500    5.657500   clock uncertainty
                                  0.000000    5.657500   clock reconvergence pessimism
                                 -1.130000    4.527500   output external delay
                                              4.527500   data required time
---------------------------------------------------------------------------------------------
                                              4.527500   data required time
                                             -8.536154   data arrival time
---------------------------------------------------------------------------------------------
                                              4.008654   slack (MET)


Startpoint: _159_ (rising edge-triggered flip-flop clocked by clk)
Endpoint: wbs_dat_o[30] (output port clocked by clk)
Path Group: clk
Path Type: min

Fanout         Cap        Slew       Delay        Time   Description
---------------------------------------------------------------------------------------------
                                  0.000000    0.000000   clock clk (rise edge)
                                  4.650000    4.650000   clock source latency
     2    0.031153    0.610000    0.000000    4.650000 ^ clk (in)
                                                         clk (net)
                      0.616650    0.003242    4.653242 ^ wire3/A (sky130_fd_sc_hd__buf_4)
     3    0.045449    0.214376    0.527777    5.181019 ^ wire3/X (sky130_fd_sc_hd__buf_4)
                                                         net274 (net)
                      0.214630    0.006600    5.187620 ^ wire2/A (sky130_fd_sc_hd__buf_6)
     3    0.077803    0.252653    0.366513    5.554133 ^ wire2/X (sky130_fd_sc_hd__buf_6)
                                                         net273 (net)
                      0.254622    0.017485    5.571618 ^ wire1/A (sky130_fd_sc_hd__buf_6)
     3    0.080158    0.259864    0.385400    5.957017 ^ wire1/X (sky130_fd_sc_hd__buf_6)
                                                         net272 (net)
                      0.261982    0.018397    5.975414 ^ clkbuf_0_clk/A (sky130_fd_sc_hd__clkbuf_16)
     9    0.099761    0.176755    0.388535    6.363950 ^ clkbuf_0_clk/X (sky130_fd_sc_hd__clkbuf_16)
                                                         clknet_0_clk (net)
                      0.177372    0.007187    6.371137 ^ clkbuf_2_2__f_clk/A (sky130_fd_sc_hd__clkbuf_16)
    17    0.095466    0.170507    0.347508    6.718645 ^ clkbuf_2_2__f_clk/X (sky130_fd_sc_hd__clkbuf_16)
                                                         clknet_2_2__leaf_clk (net)
                      0.171432    0.009742    6.728386 ^ _159_/CLK (sky130_fd_sc_hd__dfrtp_4)
     3    0.152336    0.430223    1.336898    8.065285 v _159_/Q (sky130_fd_sc_hd__dfrtp_4)
                                                         net251 (net)
                      0.448423    0.066766    8.132051 v output251/A (sky130_fd_sc_hd__buf_12)
     1    0.191174    0.175314    0.509296    8.641347 v output251/X (sky130_fd_sc_hd__buf_12)
                                                         wbs_dat_o[30] (net)
                      0.175463    0.004482    8.645828 v wbs_dat_o[30] (out)
                                              8.645828   data arrival time

                                  0.000000    0.000000   clock clk (rise edge)
                                  5.570000    5.570000   clock network delay (propagated)
                                  0.087500    5.657500   clock uncertainty
                                  0.000000    5.657500   clock reconvergence pessimism
                                 -1.130000    4.527500   output external delay
                                              4.527500   data required time
---------------------------------------------------------------------------------------------
                                              4.527500   data required time
                                             -8.645828   data arrival time
---------------------------------------------------------------------------------------------
                                              4.118329   slack (MET)


Startpoint: _160_ (rising edge-triggered flip-flop clocked by clk)
Endpoint: wbs_dat_o[31] (output port clocked by clk)
Path Group: clk
Path Type: min

Fanout         Cap        Slew       Delay        Time   Description
---------------------------------------------------------------------------------------------
                                  0.000000    0.000000   clock clk (rise edge)
                                  4.650000    4.650000   clock source latency
     2    0.031153    0.610000    0.000000    4.650000 ^ clk (in)
                                                         clk (net)
                      0.616650    0.003242    4.653242 ^ wire3/A (sky130_fd_sc_hd__buf_4)
     3    0.045449    0.214376    0.527777    5.181019 ^ wire3/X (sky130_fd_sc_hd__buf_4)
                                                         net274 (net)
                      0.214630    0.006600    5.187620 ^ wire2/A (sky130_fd_sc_hd__buf_6)
     3    0.077803    0.252653    0.366513    5.554133 ^ wire2/X (sky130_fd_sc_hd__buf_6)
                                                         net273 (net)
                      0.254622    0.017485    5.571618 ^ wire1/A (sky130_fd_sc_hd__buf_6)
     3    0.080158    0.259864    0.385400    5.957017 ^ wire1/X (sky130_fd_sc_hd__buf_6)
                                                         net272 (net)
                      0.261982    0.018397    5.975414 ^ clkbuf_0_clk/A (sky130_fd_sc_hd__clkbuf_16)
     9    0.099761    0.176755    0.388535    6.363950 ^ clkbuf_0_clk/X (sky130_fd_sc_hd__clkbuf_16)
                                                         clknet_0_clk (net)
                      0.177373    0.007189    6.371139 ^ clkbuf_2_3__f_clk/A (sky130_fd_sc_hd__clkbuf_16)
    21    0.072325    0.137895    0.321500    6.692639 ^ clkbuf_2_3__f_clk/X (sky130_fd_sc_hd__clkbuf_16)
                                                         clknet_2_3__leaf_clk (net)
                      0.139297    0.010584    6.703223 ^ _160_/CLK (sky130_fd_sc_hd__dfrtp_4)
     3    0.169387    0.466760    1.345815    8.049037 v _160_/Q (sky130_fd_sc_hd__dfrtp_4)
                                                         net252 (net)
                      0.491459    0.080880    8.129917 v output252/A (sky130_fd_sc_hd__buf_12)
     1    0.191174    0.175605    0.529283    8.659201 v output252/X (sky130_fd_sc_hd__buf_12)
                                                         wbs_dat_o[31] (net)
                      0.175754    0.004482    8.663683 v wbs_dat_o[31] (out)
                                              8.663683   data arrival time

                                  0.000000    0.000000   clock clk (rise edge)
                                  5.570000    5.570000   clock network delay (propagated)
                                  0.087500    5.657500   clock uncertainty
                                  0.000000    5.657500   clock reconvergence pessimism
                                 -1.130000    4.527500   output external delay
                                              4.527500   data required time
---------------------------------------------------------------------------------------------
                                              4.527500   data required time
                                             -8.663683   data arrival time
---------------------------------------------------------------------------------------------
                                              4.136183   slack (MET)


Startpoint: _128_ (rising edge-triggered flip-flop clocked by clk)
Endpoint: wbs_ack_o (output port clocked by clk)
Path Group: clk
Path Type: min

Fanout         Cap        Slew       Delay        Time   Description
---------------------------------------------------------------------------------------------
                                  0.000000    0.000000   clock clk (rise edge)
                                  4.650000    4.650000   clock source latency
     2    0.031153    0.610000    0.000000    4.650000 ^ clk (in)
                                                         clk (net)
                      0.616650    0.003242    4.653242 ^ wire3/A (sky130_fd_sc_hd__buf_4)
     3    0.045449    0.214376    0.527777    5.181019 ^ wire3/X (sky130_fd_sc_hd__buf_4)
                                                         net274 (net)
                      0.214630    0.006600    5.187620 ^ wire2/A (sky130_fd_sc_hd__buf_6)
     3    0.077803    0.252653    0.366513    5.554133 ^ wire2/X (sky130_fd_sc_hd__buf_6)
                                                         net273 (net)
                      0.254622    0.017485    5.571618 ^ wire1/A (sky130_fd_sc_hd__buf_6)
     3    0.080158    0.259864    0.385400    5.957017 ^ wire1/X (sky130_fd_sc_hd__buf_6)
                                                         net272 (net)
                      0.261982    0.018397    5.975414 ^ clkbuf_0_clk/A (sky130_fd_sc_hd__clkbuf_16)
     9    0.099761    0.176755    0.388535    6.363950 ^ clkbuf_0_clk/X (sky130_fd_sc_hd__clkbuf_16)
                                                         clknet_0_clk (net)
                      0.177484    0.007958    6.371907 ^ clkbuf_2_1__f_clk/A (sky130_fd_sc_hd__clkbuf_16)
    21    0.085197    0.156039    0.335008    6.706916 ^ clkbuf_2_1__f_clk/X (sky130_fd_sc_hd__clkbuf_16)
                                                         clknet_2_1__leaf_clk (net)
                      0.156738    0.008100    6.715015 ^ _128_/CLK (sky130_fd_sc_hd__dfrtp_4)
     3    0.172103    0.478275    1.350835    8.065850 v _128_/Q (sky130_fd_sc_hd__dfrtp_4)
                                                         net227 (net)
                      0.504515    0.084967    8.150817 v output227/A (sky130_fd_sc_hd__buf_12)
     1    0.190938    0.175441    0.535481    8.686298 v output227/X (sky130_fd_sc_hd__buf_12)
                                                         wbs_ack_o (net)
                      0.175566    0.004139    8.690437 v wbs_ack_o (out)
                                              8.690437   data arrival time

                                  0.000000    0.000000   clock clk (rise edge)
                                  5.570000    5.570000   clock network delay (propagated)
                                  0.087500    5.657500   clock uncertainty
                                  0.000000    5.657500   clock reconvergence pessimism
                                 -1.370000    4.287500   output external delay
                                              4.287500   data required time
---------------------------------------------------------------------------------------------
                                              4.287500   data required time
                                             -8.690437   data arrival time
---------------------------------------------------------------------------------------------
                                              4.402937   slack (MET)



